date,usa_stocks,usa_bonds,europe_stocks,europe_bonds,germany_stocks,germany_bonds
2008-01-02,0.0,0.0,0.0,0.0,0.0,0.0
2008-01-03,0.0,0.0,-0.30250222465376675,0.0,-0.5120033278097069,0.0
2008-01-04,-2.4553347780100876,0.0,-2.227116794876627,0.0,-1.766486113415433,0.0
2008-01-07,-2.13995294401661,0.0,-2.4195663722953675,0.0,-1.6598077479808238,0.0
2008-01-08,-3.903387143765813,0.0,-1.8422097203034449,-0.25084162366991736,-1.2469273995583618,-0.21336826545126364
2008-01-09,-2.5868548447806505,-0.15841624596738546,-3.1069519123152256,0.0,-2.09331491457162,0.0
2008-01-10,-1.8104923309314236,-0.42986947671791453,-4.041781674428535,-0.05497324413092919,-2.9691377222181847,0.0
2008-01-11,-3.139771777728828,0.0,-4.509220314692286,-0.030463202392094768,-2.907994378547074,-0.017737270991124987
2008-01-14,-2.0862903512467446,0.0,-4.206718090038509,0.0,-2.7309956395594415,0.0
2008-01-15,-4.526236196809519,0.0,-6.626331980748068,0.0,-4.814752683651625,0.0
2008-01-16,-5.050995571574268,-0.19061937783024785,-7.50619877712947,0.0,-6.007465581377436,0.0
2008-01-17,-7.80984563064393,0.0,-7.946108416113051,0.0,-6.7376107178863665,0.0
2008-01-18,-8.364964050787993,-0.14479499716140154,-8.935956582108172,0.0,-7.98756027186367,0.0
2008-01-21,,,-14.077551952674195,0.0,-14.579241472410832,0.0
2008-01-22,-9.38062285334863,0.0,-12.207813231090602,-0.6359688866230395,-14.839896148454612,-0.11368064194798855
2008-01-23,-7.435517634610466,-0.4634846952384031,-14.847381941291948,0.0,-18.994578365539038,0.0
2008-01-24,-6.501238685563948,-1.3684674247797513,-10.420677352818842,-0.8203748784025411,-14.19077177777066,-0.6714759468496645
2008-01-25,-7.984922927007165,-0.4524679675942389,-10.36569062787983,-0.6397300098551661,-14.245238125804793,-1.0290441545572349
2008-01-28,-6.3679681679986055,-0.8167152102369957,-11.328025632066197,-0.37236485765733685,-14.218695993194498,-0.3749905300338918
2008-01-29,-5.786893676867,-1.2140326905349053,-9.788254778530925,-0.6912546947366427,-13.286392067901176,-0.6104173089000908
2008-01-30,-6.229403342201212,-1.2581397105568715,-10.36569062787983,-0.8053791850621828,-13.507924586436292,-0.8458923936507601
2008-01-31,-4.641046438815244,-0.7504410367756842,-10.36569062787983,-0.1323740600576051,-13.804814402556008,-0.27903089056646735
2008-02-01,-3.47407566264496,-0.4282619173518132,-8.660975438998875,-0.01499569334035833,-12.333958874252392,-0.16568918367643182
2008-02-04,-4.4822494087396025,-0.9818324267484524,-8.441028539242767,-0.10759683615747528,-11.93365855072831,-0.42726554799362715
2008-02-05,-7.52965537489877,-0.28438933703766045,-11.30052038999313,0.0,-14.892986556265486,0.0
2008-02-06,-8.197371810890742,-0.46146585315798294,-10.833081749729379,-0.3469062553645985,-13.858156656568454,0.0
2008-02-07,-7.450917306019711,-1.579663709040735,-12.537796938610324,-0.048630793334958344,-15.289632038571533,0.0
2008-02-08,-7.838443486266533,-0.7493848213826149,-12.152881944301452,-0.03241393264807879,-14.867451808461507,0.0
2008-02-11,-7.291250420027651,-0.5278403002325627,-12.97772241706532,0.0,-15.166098405401996,0.0
2008-02-12,-6.613407142934613,-0.7382878748478316,-10.090733243977612,-0.7322594463355481,-12.344401277732487,-0.57151148591148
2008-02-13,-5.307001685050516,-1.158982476851833,-10.008272955908282,-0.6157238838232493,-12.27105874976051,-0.5368872658258361
2008-02-14,-6.574703924134817,-1.701435984991051,-9.89827574682316,-0.9342702281473048,-12.414346953278288,-0.8745913306740905
2008-02-15,-6.490682285985649,-1.4910819990814894,-11.657938061964646,-0.7050717667802964,-14.047858272260116,-2.874913509401744
2008-02-18,,,-9.95326247176218,-1.0417465238891976,-12.348049976360242,-3.178033326711216
2008-02-19,-6.566778570229648,-2.199668829679924,-9.788254778530925,-0.8216073292925952,-11.91101696294734,-3.2559877875874887
2008-02-20,-5.7825014414371605,-2.2881168414881414,-10.805592347127712,-1.0637574795756555,-13.201851597844371,-3.247329733938742
2008-02-21,-6.962230104381639,-1.280754752802149,-10.228219855664399,-1.097425943210939,-13.136813851934214,-3.6283080780120325
2008-02-22,-6.219287240062088,-1.5574831857862792,-10.915589556212858,-0.9977147332722702,-14.376701843028927,-3.195341439499355
2008-02-25,-4.922117289438754,-2.2106788724165383,-9.430852946030798,-1.3195014696363416,-13.417223098326225,-3.403182694125695
2008-02-26,-4.263636360707556,-1.9670875261630583,-8.138581752738883,-1.4904222705031889,-12.116320757956334,-3.6542982279770264
2008-02-27,-4.3287359479340815,-1.73465997551987,-8.276060444689993,-1.5830105455002408,-11.966871536385293,-3.541735536033852
2008-02-28,-5.172839833644893,-0.5831980196629893,-9.95326247176218,-0.917435996329663,-13.669327288696886,-3.2559877875874887
2008-02-29,-7.738592618230866,0.0,-11.135560215176055,-0.15344441818760934,-15.10835805674734,-2.364016393540913
2008-03-03,-7.6875718100960615,-0.2542511861473806,-12.372820924321859,0.0,-15.840259974077043,-2.2427796589302496
2008-03-04,-8.005155131285424,-0.6299862183030136,-13.527621345398344,0.0,-17.663233347729513,-2.043620441480787
2008-03-05,-7.47731367444644,-1.0609877514876964,-11.905437722207978,-0.6361700683600646,-15.918762277886234,-2.0176862530813855
2008-03-06,-9.499825330784194,-0.26521533610475156,-13.060222303813095,-0.4066524401119431,-17.081155349978072,-2.0263123286926588
2008-03-07,-10.259472650387613,0.0,-13.995028306719314,-0.45384629954369204,-18.053840663787955,-1.6193118566168785
2008-03-10,-11.643300654314215,0.0,-15.03988695686057,0.0,-18.882992070468774,-1.3508722209586654
2008-03-11,-8.359680481517874,-1.0854890621413094,-14.022533548792381,-0.33625018021843367,-17.920749160138982,-1.7318745485600529
2008-03-12,-9.15804712836399,0.0,-12.97772241706532,-0.12842779405543014,-16.979759612186328,-1.8011469722594486
2008-03-13,-8.688711536125815,-0.5259155678647209,-14.132530757877525,-0.14391870119823125,-18.222792609505646,-1.4028285373605454
2008-03-14,-10.584095361122836,0.0,-14.984876472714447,-0.005160353046929078,-18.834938586689486,-1.480759014708699
2008-03-17,-11.371900238909681,0.0,-19.57657291494742,0.0,-22.22651452780956,-1.1776551864179696
2008-03-18,-7.611035228412888,-0.683509937429605,-16.71709690366845,-0.4952453615152619,-19.5709928950501,-1.4634509019205488
2008-03-19,-9.853480825100213,0.0,-17.541953215903717,-0.4083069383288507,-19.975691313216394,-1.740548591227542
2008-03-20,-7.695486425039311,0.0,-17.706905470985102,-0.36193388316702046,-20.494365494072795,-1.7751888003319172
2008-03-24,-6.280864447775192,-1.761472287462662,,,,
2008-03-25,-6.064452886939032,-1.4156925489804184,-15.012365875316114,-1.1759731167960252,-17.91898623672794,-2.7277425863916682
2008-03-26,-6.883051738063406,-1.3400192800292143,-15.534775401047495,-1.2732199389789978,-18.364950576411452,-2.7104184845847867
2008-03-27,-7.930809297836195,-1.469715144008854,-14.517421992979319,-1.4213405281831015,-17.247840679881556,-2.874913509401744
2008-03-28,-8.658792788185677,-1.0806926081814772,-14.957371230641392,-1.4612671488914097,-17.47629589766494,-3.0134983293474082
2008-03-31,-8.137115495495163,-0.9077084075786224,-15.149812888324421,-1.1830582985658311,-17.789911987123652,-2.693126360815412
2008-04-01,-4.839867580008217,-1.7741387123808128,-12.345315682248803,-1.5507900419883036,-15.458080291886066,-3.108760903011809
2008-04-02,-5.0048180352703975,-2.0994843262262086,-11.35549127546076,-1.6383770393727737,-14.739636789865118,-3.2386636857806073
2008-04-03,-4.880331988564723,-2.0994843262262086,-11.822929915724512,-1.5855673766392187,-15.188991839384535,-3.195341439499355
2008-04-04,-4.803355109442375,-1.3512674817156567,-11.465512243752995,-1.3079972736299128,-14.91638368265118,-2.9702160556130064
2008-04-07,-4.653793586627497,-2.0019196757395274,-10.668105735440914,-1.666069192253905,-14.191275470173824,-3.316570179600664
2008-04-08,-5.108180543857543,-1.991107350000454,-11.547996291029383,-1.801955313630832,-14.808323234403032,-3.377184549651302
2008-04-09,-5.868713827820294,-1.4055242787456623,-12.152881944301452,-1.7813483425195065,-15.445125568980455,-3.411856736793173
2008-04-10,-5.4429247262128495,-1.7959455209712982,-12.42782348873227,-1.483161441517078,-15.659489684656002,-2.978882103771141
2008-04-11,-7.363384027319064,-1.3729702005276567,-13.665131716292278,-1.0336405609655763,-16.92692719316733,-3.1000948548536855
2008-04-14,-7.675254220761052,-1.6223367816975864,-14.352493497105023,-1.0136821640523208,-17.544349655403757,-2.632440040180417
2008-04-15,-7.249894677630864,-2.0669953041197564,-13.995028306719314,-1.4123292775826801,-17.159909499988846,-3.0221723720149196
2008-04-16,-5.135017209723447,-2.7284663294938505,-12.455312891333936,-1.854116402166317,-15.678107875801983,-3.247329733938742
2008-04-17,-5.072988965609227,-2.956214764796783,-12.922735692126274,-2.213475642304652,-15.94266309667509,-3.732260683362665
2008-04-18,-3.3504702108176354,-3.0537664040611645,-10.805592347127712,-2.542568086533159,-13.913882235610476,-4.156561273717207
2008-04-21,-3.4987001023530473,-3.042986606377862,-11.795448432858535,-2.348074442167225,-14.625034482966193,-3.992018281844012
2008-04-22,-4.346766665016444,-2.9670726298139383,-12.207813231090602,-2.6179206160904522,-15.357820933296573,-4.191185493802852
2008-04-23,-4.068777896467168,-3.064695830801023,-11.63046449883437,-2.4974921797674687,-14.518356117531583,-4.026666485457775
2008-04-24,-3.450761376292477,-3.8237250010506596,-11.49299372661895,-2.737061730899093,-14.18762677154607,-3.95737007823026
2008-04-25,-2.822188456539476,-3.9538372241441966,-10.310680143733697,-2.644325447457241,-13.240850903547386,-4.295082137587903
2008-04-28,-2.9202781348184326,-3.7803911251493516,-9.76078913513635,-2.691337249935344,-12.879175187719094,-4.329730341201666
2008-04-29,-3.2950464282910596,-3.6068279251537216,-10.55813228556286,-2.3094351429732707,-13.38225333184846,-4.130563129242826
2008-04-30,-3.663220999137984,-3.3032435806207183,-9.843281102148438,-2.1638891967978524,-12.583673597003198,-3.8707815472333595
2008-05-01,-1.9934735032759776,-3.314088434415563,,,,
2008-05-02,-1.6763304795257894,-4.097305466938284,-8.056081865991105,-2.6166332945761095,-11.395991480718681,-4.3210802820622956
2008-05-05,-2.1131162781507173,-3.955886491657923,-8.331063009100426,-2.6166332945761095,-11.28465703185001,-4.130563129242826
2008-05-06,-1.3609486455323228,-4.260498722753359,-8.743483245482341,-2.1027070307801488,-11.724706057091572,-3.7495847851695463
2008-05-07,-3.1072219841155713,-3.8797187962589574,-7.973605738450429,-2.3815644553038084,-10.980598812870712,-4.069948759192188
2008-05-08,-2.7474130646130024,-3.2597405588293937,-8.001071381844993,-1.7272513582715976,-11.035323149696708,-3.6283080780120325
2008-05-09,-3.381258814674193,-3.150966740323191,-9.100908837189547,-1.3279556705431794,-11.899948015258444,-3.04814653296116
2008-05-12,-2.3136986091003897,-3.314088434415563,-8.770972648084008,-1.4722142952042439,-11.487571359239135,-3.074088715869938
2008-05-13,-2.329098280509634,-4.119164320418001,-8.853448775624706,-1.9391287565221016,-11.182634749849463,-3.5676937079613724
2008-05-14,-1.9208995985453892,-4.1517053874136955,-8.35856033143777,-2.371904630505317,-10.892661490387734,-4.009326394632162
2008-05-15,-0.8643360899890595,-3.6187071711221597,-8.02860038312514,-2.724178688873846,-10.92021715039463,-5.594014031163397
2008-05-16,-0.737659295049431,-3.781841876436842,-7.533704019202503,-2.355159623937031,-9.970425270567285,-5.576713912884634
2008-05-19,-0.6452827445178388,-3.5643267674802193,-6.543840013735991,-2.577993995382155,-9.097495622943729,-5.472769302043357
2008-05-20,-1.5668038067901846,-3.2705919182353993,-8.386033894568056,-2.3809257079875246,-10.449092760914358,-5.568055859235876
2008-05-21,-3.140212075168003,-3.4989974202649488,-9.100908837189547,-2.8355958745964083,-11.426182311956733,-5.879785763137879
2008-05-22,-2.8683767318052666,-4.130015679824006,-8.68847276133623,-3.05584577613105,-11.055071577454656,-6.018346599555424
2008-05-23,-4.150587308458531,-3.7057197203159697,-10.17323313072539,-2.8349571272801355,-12.64368056147206,-5.697934658476555
2008-05-26,,,-10.338177466071063,-2.8761710695027864,-12.520521626309744,-5.940416122207271
2008-05-27,-3.4938675694840327,-4.173447139892628,-10.64064009204635,-3.0977082925517707,-12.459881975041798,-6.009704534925408
2008-05-28,-3.092702907584677,-4.8914584318120236,-9.788254778530925,-3.355319998647821,-11.514119634439712,-6.234829918811757
2008-05-29,-2.5639808558673427,-5.337411570853979,-9.540818476173163,-3.945237539317359,-11.247549643953969,-6.7890412864444745
2008-05-30,-2.415310666892756,-5.021947980352537,-9.183392884465945,-3.67990190413523,-10.722204610050866,-6.5985401226437705
2008-06-02,-3.4371228946399324,-4.457618740740077,-10.200754212269825,-3.372065005216107,-11.829498647309478,-6.356082642441175
2008-06-03,-3.9922413147839952,-3.955444110099404,-9.458310669689684,-3.873108226986821,-11.699171309287593,-6.6678045518338
2008-06-04,-3.9764013459355763,-4.304684833715933,-10.475671997493563,-3.520824341736495,-12.374714960776178,-6.373366771701194
2008-06-05,-2.0968467508250432,-4.806931026079308,-10.585661286843006,-4.168710658078756,-12.671604776895895,-6.7457350291819544
2008-06-06,-5.109941733614254,-3.977231401856418,-12.345315682248803,-4.0115689913924335,-14.407900059073286,-7.022840712998313
2008-06-09,-5.031203664735195,-4.665011118740026,-12.785288679117969,-4.595040097608449,-14.259206376106992,-6.953576283808283
2008-06-10,-5.262574599541425,-5.232697253708296,-13.335163848243914,-4.745096582524977,-14.819392182091928,-7.308596455954053
2008-06-11,-6.8430168879841435,-5.134410480383433,-14.76490581375126,-4.864237697333618,-16.339566567773012,-7.36919483698596
2008-06-12,-6.530717136064901,-5.9641231158286345,-14.022533548792381,-5.193978715760195,-15.531170973656462,-7.68094872441607
2008-06-13,-5.1222593229492634,-6.18243841495728,-13.582615990073087,-5.611945478887536,-14.8921081658551,-8.148627522617469
2008-06-16,-5.114344708006014,-6.171502482606261,-15.09483408312111,-5.544316878416311,-15.337943511142694,-8.036040847146175
2008-06-17,-5.756105073010442,-5.8549784774866165,-14.682421766474874,-5.396196289212208,-14.504136021027803,-7.958078391760537
2008-06-18,-6.669711520339538,-5.3418093639945425,-15.947227316372203,-5.278991070115979,-15.350142695443559,-8.00136066549494
2008-06-19,-6.294943226866911,-5.887695195983489,-16.359639633018453,-5.6306165542864495,-15.447515036600311,-8.417003202200723
2008-06-20,-8.031540760750211,-5.450986530392332,-17.789397437997177,-5.266746775407006,-17.243061744641828,-7.932096236304909
2008-06-23,-8.026267930442021,-5.494626170017902,-17.84436040372912,-5.104455822663301,-17.104429624558126,-7.698272826222952
2008-06-24,-8.28402449471305,-4.992503584266461,-18.476767138545636,-5.062603133124377,-17.776201725613316,-7.629024386051664
2008-06-25,-7.743425151099881,-5.003459033450941,-17.4869189725505,-5.14052047882857,-16.7474099921639,-7.68094872441607
2008-06-26,-10.425303700528154,-4.468463594534922,-19.57657291494742,-4.625955467716336,-18.738069937935887,-7.351918702235305
2008-06-27,-10.755644908491691,-3.999064232891514,-19.879035540922697,-4.532570610076403,-19.212210339244816,-7.014190653858932
2008-06-30,-10.642160928284461,-3.933559234175066,-19.32912077311826,-5.16886120590776,-19.257376805591374,-7.655014536016669
2008-07-01,-10.281906341861745,-4.194219556309509,-21.061317444865157,-5.15855280691121,-20.545318280465384,-7.299938402305295
2008-07-02,-11.910298095326976,-3.9642852356586045,-21.693708340210303,-5.392334324669168,-20.677660388099905,-7.776219292589848
2008-07-03,-11.81220841704802,-3.931386360049405,-21.006330719926147,-4.843630726222292,-20.069789653752622,-7.698272826222952
2008-07-04,,,-21.99616304644988,-4.338725539908539,-21.09544252356774,-6.944926224668901
2008-07-07,-12.550308009536625,-3.4823235388755203,-21.006330719926147,-3.8756828700155066,-19.54130575621521,-6.485985425209961
2008-07-08,-11.022207421546248,-3.241368712928583,-22.161139060738357,-3.821585885767609,-20.690363264803935,-6.503285543488735
2008-07-09,-13.039440878094844,-2.7813504425702185,-20.786352141227262,-3.7700635445483965,-19.65817467892834,-6.382040814368695
2008-07-10,-12.43198075749845,-2.7484515669610188,-22.408575363096116,-3.6592949330239044,-20.682943015742783,-6.252154020618638
2008-07-11,-13.396173085004149,-3.6575521753267393,-24.498213466021646,-3.8009789146562833,-22.591335249862453,-6.104959114080454
2008-07-14,-14.17825946556267,-3.142776175879458,-23.92080929561554,-3.6399752834269217,-22.000700623847614,-6.3041183315299065
2008-07-15,-15.112098117170024,-2.7922928805323877,-25.5430325174844,-3.4995786233088966,-23.492060118513912,-6.009704534925408
2008-07-16,-12.97346069598998,-3.679469579306849,-24.99312566941566,-3.648986534027343,-22.565290667065028,-6.0962770769035775
2008-07-17,-11.925252099816074,-4.1394748384429025,-22.87599816388848,-3.9413657478925224,-21.107267009861374,-6.468637339874972
2008-07-18,-11.899741695748666,-4.468086269087957,-21.66621101787294,-4.739298722269525,-19.70610531090199,-7.014190653858932
2008-07-21,-11.944609078696944,-4.249003307843047,-21.19878821708059,-5.148892982112718,-19.17535479755036,-7.516405732542886
2008-07-22,-10.754764313613341,-4.577543176765397,-21.611216373198218,-5.083210104235702,-18.949540893588413,-7.533745823368509
2008-07-23,-10.392313609475712,-4.730932476570382,-19.961503748727694,-5.181095673734948,-17.775827027606095,-7.698272826222952
2008-07-24,-12.462334433396794,-3.909514495347377,-21.226277619682254,-4.53128328856206,-18.975831179997126,-7.092129125716462
2008-07-25,-12.096361349745766,-4.468086269087957,-21.363740472161975,-4.65493494211181,-19.02602842778498,-6.875621822932009
2008-07-28,-13.731792492756833,-3.9204829557541676,-22.18859678439723,-4.16934940539504,-20.102376095200814,-6.875621822932009
2008-07-29,-11.70928083641909,-4.194219556309509,-21.94117632151086,-3.860863932277847,-19.50293913731128,-6.494635484349354
2008-07-30,-10.231320461685156,-4.008087515563052,-20.731365416288238,-3.5124518384523573,-18.73152807928512,-6.087595039726712
2008-07-31,-11.393453335505466,-3.241368712928583,-20.786352141227262,-3.1827206469075553,-18.48697313237153,-5.671952503020927
2008-08-01,-11.887424106413658,-3.193019010827025,-21.748695065149327,-3.10157025709481,-19.53237442994459,-5.697934658476555
2008-08-04,-12.676109579078865,-3.25894687426852,-22.463570007770862,-2.8806816082438846,-20.119231362935743,-5.542081698289614
2008-08-05,-10.159627151832918,-3.7535294566916955,-20.428934469255744,-2.748657451409997,-17.99458923792384,-5.4121789155208155
2008-08-06,-9.816968354534373,-3.720546008137482,-19.6590728016952,-2.7357744093847502,-17.457548712123028,-5.32557439550515
2008-08-07,-11.425562831679548,-2.8193627285470035,-19.851522379113952,-2.207039034732916,-17.68272992928589,-5.32557439550515
2008-08-08,-9.309359101973635,-2.8632430757852934,-19.191657920638562,-2.0634191573881244,-17.454280854092787,-4.7107566523311935
2008-08-11,-8.657471895868152,-3.3358106700610346,-18.17432827177745,-2.1291118621469263,-16.850691505172332,-4.658792341419915
2008-08-12,-9.754070254503732,-2.665433463016187,-18.504248621411612,-1.8998408831300773,-17.149589948314404,-4.468307166637942
2008-08-13,-9.987637307024876,-2.874283097914787,-20.483913274459077,-1.7201661765018028,-19.208690635012992,-4.2691079766416395
2008-08-14,-9.487507741449186,-2.57752964509419,-20.071469278870048,-1.765242083267493,-18.956838290843912,-4.338380400341046
2008-08-15,-9.107455878706428,-2.2147767671093943,-19.714035767427152,-1.4528946456072611,-18.908907658870266,-4.182519445644727
2008-08-18,-10.473688093508871,-1.9729436836565917,-19.79651981470353,-1.353721754593673,-19.0742109059602,-4.044022565302163
2008-08-19,-11.29976126213731,-2.115943522447561,-21.77618446775099,-1.4039567742985426,-20.966871966366618,-3.8967716971983646
2008-08-20,-10.744207914035043,-1.8301390132002715,-21.418735116836697,-1.2970501273170787,-20.521921154079692,-3.7755269680783243
2008-08-21,-10.515478763863861,-2.0390016593211824,-22.051141851653234,-1.548215398959607,-21.538888401235468,-4.0785988183315585
2008-08-22,-9.491030120962595,-2.3247736405126784,-20.566421080942554,-1.8393072913104436,-20.212199466860014,-4.364386539324771
2008-08-25,-11.266771171084876,-1.6762617925586976,-21.033804283056423,-1.1308873831485489,-20.784209759138594,-3.8707815472333595
2008-08-26,-10.93907174775639,-1.643278344004484,-20.868852027975038,-1.1463450682024923,-20.236100285648874,-3.7149046035182876
2008-08-27,-10.212409149724433,-1.500389100603161,-20.731365416288238,-1.6119722080059962,-20.481287919361545,-4.260465912011635
2008-08-28,-8.865528544321899,-1.643278344004484,-19.6590728016952,-1.6377284651747148,-19.22944644757726,-4.373044592973541
2008-08-29,-10.111677686810417,-1.7642436778145476,-19.384131257264382,-1.5874934454698453,-19.207308552199454,-4.182519445644727
2008-09-01,,,-19.6590728016952,-1.2519643936696023,-19.21359856464865,-3.8534654399358548
2008-09-02,-10.47632987814392,-1.2293978679550954,-18.861705892061607,-1.4561178628340277,-17.99748239794685,-4.0785988183315585
2008-09-03,-10.613128144703643,-0.9868686841087326,-20.071469278870048,-1.3021994133744608,-18.638811821562417,-3.922753852653993
2008-09-04,-13.285765817390182,-0.4904905530068726,-22.106128576592244,-0.9209458806104576,-21.00285526024097,-3.7841770272176944
2008-09-05,-12.89823963714336,-0.7111153440954254,-23.7283517984611,-0.4141047985843027,-22.91665297380916,-2.909561713015496
2008-09-08,-11.09698281347271,-0.7000427939101717,-21.226277619682254,-0.9383296344950276,-21.20199189460642,-3.351194399686308
2008-09-09,-14.131630892857693,-0.24798088599398138,-21.693708340210303,-0.7270909835608075,-21.583545032588592,-3.229989643113129
2008-09-10,-13.598951533668735,-0.5015435863586659,-22.298593993482374,-0.7638042139241463,-21.874021984453474,-3.2559877875874887
2008-09-11,-12.378318164728586,-0.6780278057627487,-22.766000954803335,-0.900977656815416,-22.26928538394598,-3.126077010309325
2008-09-12,-12.190934017992273,-1.1742823302526628,-21.446256198381143,-1.4896078759706,-21.56492684144261,-3.5503855951732333
2008-09-15,-16.32964940403594,0.0,-24.938146864212328,-0.8243378057437689,-23.712714246638633,-2.7104184845847867
2008-09-16,-14.864011988117987,-0.2847361982162844,-26.89031419492244,-0.5216501928820394,-24.958013859772155,-2.6065058517809936
2008-09-17,-18.87472431742353,0.0,-28.40251644849907,-0.7212931233053554,-26.268725916823065,-3.0914368012049276
2008-09-18,-15.332032057519596,-1.175253358696715,-28.75992620073489,-0.9428401732361369,-26.23803139318186,-3.0914368012049276
2008-09-19,-11.924376874418686,-2.9379696972303804,-22.87599816388848,-1.9475012598062502,-22.13556119349792,-4.121905075594102
2008-09-22,-15.287604972010504,-3.144712550719575,-24.443202981875523,-2.1999538529631213,-23.16435292694734,-4.58086186407175
2008-09-23,-16.61072562414041,-3.144712550719575,-25.845479303988284,-2.0911113102692447,-23.657744206201347,-4.286432078448521
2008-09-24,-16.77479548452424,-2.89452834062236,-26.28539686270758,-1.5501414677902337,-23.85474321914852,-3.818841219850222
2008-09-25,-15.138929413554958,-3.1882502011578273,-24.80064441305412,-1.9236710714681582,-22.34313160432112,-4.121905075594102
2008-09-26,-14.850813803904616,-3.2535309984604632,-26.2028969759598,-1.5578752237580984,-23.721019028700454,-3.584993826240135
2008-09-29,-22.331649857864466,-1.9042425906070526,-30.189707764920705,-0.7148565157336195,-26.94678803032744,-3.169375273062458
2008-09-30,-18.1212357924876,-3.1992212782145812,-28.924965572908935,-0.9995118005127313,-26.645622971371164,-2.7190845327429103
2008-10-01,-18.48104471199017,-2.5167483858907325,-28.457526932645184,-0.6601109572876518,-26.956223049001228,-2.5372094445534787
2008-10-02,-21.751901628531357,-1.9708779211214944,-29.41983817762447,-0.2968897526062886,-28.789135133730635,-2.3726904362084134
2008-10-03,-22.80714424477015,-1.599511135482734,-27.440205203519785,-0.09918271789538524,-27.07322096611029,-1.9310817330657426
2008-10-06,-25.77933452156368,-0.8025320398461377,-32.911720923719955,0.0,-32.2312830206458,-1.2296194973292374
2008-10-07,-30.038573277360435,-0.8788994668018191,-33.13169158268315,-0.13245233887548835,-32.990863449788044,-1.1950192607717125
2008-10-08,-30.793828361534025,-2.1454457961387896,-37.09102484864594,-0.3069403917833502,-36.928534094785206,-0.8139689661140537
2008-10-09,-36.06432294549966,-3.1281949490419625,-38.328289517659584,-0.9144662615781618,-38.52141832163917,-1.8704593685057058
2008-10-10,-36.81033715293152,-4.263755990920659,-42.919974080289,-1.5952193946526805,-42.83246631695262,-2.199489390686471
2008-10-13,-29.49225543651893,-4.91890069422718,-37.28347442606468,-2.1014844748193373,-36.314250496183085,-2.874913509401744
2008-10-14,-29.867023729991573,-5.366628487232927,-35.46880558664491,-2.1658012550274552,-34.59406108572617,-2.900903659366749
2008-10-15,-36.19716390458776,-4.591354020928639,-39.593071308349835,-1.9683908143705353,-38.84057502753262,-3.178033326711216
2008-10-16,-33.48274093102719,-4.569456803935889,-42.56255244844965,-1.5047833358225016,-41.84493436243015,-2.6757782754804005
2008-10-17,-33.894896920463054,-3.9689428003093274,-40.39042633837989,-1.21821947948203,-39.85074856983606,-2.545899476239699
2008-10-20,-30.74280218391825,-3.8706588975948586,-38.27329883285271,-1.1462651423554182,-39.17545676454905,-2.5372094445534787
2008-10-21,-32.875280810430795,-2.8552532970686606,-38.575749579224436,-0.8386834289987544,-39.81200111033461,-2.467953009872814
2008-10-22,-36.957256891111335,-2.112808607281802,-41.68269753167182,0.0,-42.495827799115425,-1.368188328256159
2008-10-23,-36.15889561374617,-1.981778382702759,-41.902668190635005,-0.217112502806438,-43.14205900977637,-1.0564264463166717
2008-10-24,-38.361752027274385,-2.396625042481637,-44.624669469830714,0.0,-45.96036542760997,-1.0477763871772905
2008-10-27,-40.31960439382479,-2.4512429029842298,-45.669492481161335,-0.08850095699552973,-45.47011915458056,-0.5628214542252485
2008-10-28,-33.88081814137135,-3.2374820267565996,-44.45970533514579,-0.17507840252177775,-39.320876446894815,-0.3983344239176567
2008-10-29,-34.603523431931684,-3.09547430553212,-40.5279129500667,-0.7372586308833973,-39.50656080854179,-0.5888275932089848
2008-10-30,-32.90387329657244,-3.8379318344963442,-39.84051553044331,-0.7722704255059942,-38.74408721937653,-0.640775915101488
2008-10-31,-31.872820192083516,-4.034461122393196,-38.218312107913675,-1.8622408286876002,-37.25121050491048,-0.943895732410982
2008-11-03,-32.044369739452385,-3.8810522116702773,-37.86088255633862,-1.3879203868317536,-36.762229605479234,-0.7620046552028081
2008-11-04,-29.269244783576088,-2.730321681737091,-35.0838549535254,-1.0931471115172342,-33.60212489397121,-0.6148097486646353
2008-11-05,-32.9548994741882,-2.2152331446958717,-36.51363255784338,-0.5876424685685611,-35.000645279109165,-0.44165667019890886
2008-11-06,-36.30669057732337,-2.511233959213288,-40.00550342433532,0.0,-39.44517176125938,0.0
2008-11-07,-34.44604729417357,-2.8618783125880176,-38.960696252476104,0.0,-37.874050731776,0.0
2008-11-10,-35.26728256045203,-2.7631835561979234,-38.49326157208021,0.0,-36.77871017520694,-0.060436432024990605
2008-11-11,-36.693336162691836,-2.4015873845324776,-40.91285566345052,0.0,-40.09920406157897,0.0
2008-11-12,-39.95143519245884,-1.7989292382862843,-42.782519147544996,0.0,-41.87022340662283,0.0
2008-11-13,-35.78720940234778,-2.511233959213288,-43.08495405444533,-0.16895528625237022,-41.508922388801764,0.0
2008-11-14,-38.453688280366805,-1.5468705082940515,-42.645032535858185,0.0,-40.74506057423268,0.0
2008-11-17,-40.039849066037846,-1.1304061121674258,-44.07478242110122,-0.10436532757224226,-42.669429685676896,-0.11976404469360435
2008-11-18,-39.43811281215075,-0.36324600595661893,-43.662366144587125,0.0,-42.390150675896855,0.0
2008-11-19,-43.13563942517773,0.0,-45.8344605757141,0.0,-45.22544135586133,0.0
2008-11-20,-46.95017239792536,0.0,-47.75914642355824,0.0,-46.909776466839816,0.0
2008-11-21,-43.58298699286192,-0.9173734656965471,-49.05141365698231,-0.13254910885415194,-48.07707746856729,-0.18542697843109135
2008-11-24,-39.93032239330224,-1.8454443626724104,-44.78966132359058,-0.4261323899554137,-42.70641422176729,-0.5224756979633871
2008-11-25,-39.52740191112715,-0.15999908022086284,-44.43223177201552,-0.0625556186456766,-42.62980383576507,-0.1263825719647116
2008-11-26,-37.36721139335132,0.0,-44.404738409546006,0.0,-42.62879645095876,0.0
2008-11-27,,,-43.08495405444533,-0.20928142440609365,-41.31078699665235,-0.2605288645172954
2008-11-28,-36.76107216507245,0.0,-42.37010683089875,-0.12655605783390422,-41.25832927564057,0.0
2008-12-01,-42.404138924795795,0.0,-45.779505529717845,0.0,-44.71343188546133,0.0
2008-12-02,-40.09923015603605,0.0,-44.84466784786885,0.0,-42.989968474383886,0.0
2008-12-03,-38.51878786759333,0.0,-44.54219334229003,0.0,-42.54400413470037,0.0
2008-12-04,-40.31828350150727,0.0,-44.78966132359058,-0.6270723762423103,-42.58187320379143,0.0
2008-12-05,-38.138741374331545,-1.0562450616232621,-46.8793073462518,-0.408907687845772,-44.88099560577518,-0.4129417805310287
2008-12-08,-35.75289841897781,-1.4290057841847559,-43.35990747847971,-1.3650496300954607,-40.674113656470844,-1.1232110977474563
2008-12-09,-37.23613162401992,-0.5902382337326761,-42.61753917338867,-1.846468111569921,-39.878678927850174,-1.742623768544005
2008-12-10,-36.48307802704222,-0.6834843390617795,-42.590049770787,-1.462545869028098,-39.55449144051543,-1.8499956462617262
2008-12-11,-38.277741128087136,-0.0829317789534656,-43.029975249242,-1.5052080287060177,-40.028502847428435,-1.511387656092178
2008-12-12,-37.84359174461631,0.0,-44.56970650409878,-2.296206127041178,-41.33468781544121,-1.0406044422159977
2008-12-15,-38.6291951352073,0.0,-44.76217984072461,-1.904361443338598,-41.44225071387648,-1.3792353066671037
2008-12-16,-35.477100398662486,0.0,-44.34973980500344,-1.4796088731712898,-40.497612467296086,-1.2140601194068013
2008-12-17,-36.09247513420212,0.0,-44.76217984072461,-0.2504588646304984,-40.76846384320866,-0.09909901254776532
2008-12-18,-37.44243245219793,0.0,-44.81715468606009,-0.3601549190595299,-40.16437080188506,-0.10733375391513977
2008-12-19,-37.2576847206157,-0.33045509058365896,-45.0371174252876,-0.4607011118662685,-40.91539460276391,-0.03301521307469413
2008-12-22,-38.40002031811597,-0.5907658051429454,-45.889467099992366,-0.01767671437395979,-41.64101265023471,0.0
2008-12-23,-38.986807936994936,-0.6408889788075856,-45.97197490647584,0.0,-41.76228581018032,0.0
2008-12-24,-38.60500025397645,-0.7410651583715677,,,,
2008-12-26,-38.27686053320879,-0.2103161817976651,,,,
2008-12-29,-38.49547358124084,0.0,-45.86196581778715,0.0,-40.81274577655456,0.0
2008-12-30,-36.982326997739555,0.0,-44.927128135938155,-0.36629177636124943,-39.487561776798294,-0.08208969193099769
2008-12-31,-36.088077529291326,-1.1040638892755306,,,,
2009-01-02,-34.05632499621183,-2.519344180211247,-42.4525869183073,-0.3170827313513369,-37.4386577899685,-0.057444596089073485
2009-01-05,-34.3624766924255,-2.6900099208109873,-41.38027846424287,-0.3170827313513369,-37.3012787583024,-0.22165429372210665
2009-01-06,-33.849589240075616,-2.7501641791463083,-40.72037044722114,-0.3170827313513369,-36.768894315935654,-1.1163804023592294
2009-01-07,-35.797765801926076,-2.7301263829115463,-41.4077243082982,-1.1189241451237675,-37.886501762278435,-1.20669270468029
2009-01-08,-35.576951266698146,-2.4691562733248795,-41.35275738269842,-0.8698664997260575,-38.61060873253977,-0.8126818873626651
2009-01-09,-36.94889660924794,-2.0175234965347233,-42.15010449299278,-0.420357769870916,-39.81854296898538,-0.21339379111826595
2009-01-12,-38.3714332014553,-1.405156299481447,-42.67252193845985,-0.420357769870916,-40.62706141490759,0.0
2009-01-13,-38.258824446645455,-1.3349539504351804,-43.579870217707196,-0.420357769870916,-41.667180084837774,0.0
2009-01-14,-40.31916409638562,-0.7829920680220148,-46.16442052402674,-0.420357769870916,-44.366725662151275,0.0
2009-01-15,-40.23778961235247,-0.8632016381482255,-46.27439397390478,-0.420357769870916,-45.44382886817184,0.0
2009-01-16,-39.785604142318306,-1.7766495683699923,-45.61452159569369,-0.420357769870916,-45.07209158946096,-0.47209282613672743
2009-01-19,,,-46.98928079612985,-0.8273496623818266,-45.702849615200506,-0.8057949608565429
2009-01-20,-42.9654107701264,-1.9271432268044952,-47.70413197954427,-1.0399523870743277,-46.662580206104785,-0.9441706236921421
2009-01-21,-40.471362034354584,-2.800363763070113,-48.25405862695226,-1.4044274422410075,-46.39462813280551,-0.6185613800325451
2009-01-22,-41.37265089234867,-3.4427234307696453,-48.30906911109837,-2.0179508738197183,-46.9195923261111,-0.7976870412149673
2009-01-23,-41.05682339143506,-3.4226797960161703,-49.29887371854716,-2.273079704842129,-47.42883148829373,-1.46507628207323
2009-01-26,-40.72912396810657,-3.663582916774488,-47.34670242796922,-3.4393869047955605,-45.56786619374454,-2.5557680596959287
2009-01-27,-40.08207466435106,-3.03121295459875,-47.45668775745081,-3.573027140424301,-45.61126973668005,-2.2139279481718233
2009-01-28,-38.063525684965896,-3.6535231490260833,-45.642010998295355,-2.2001884014030693,-43.154387188473166,-2.0755597996269026
2009-01-29,-40.11022685305352,-4.90822665970404,-46.5493592775427,-2.2001884014030693,-44.294267667179966,-2.083675233559168
2009-01-30,-41.475138175538426,-4.9483372832858645,-46.76929825756311,-2.0786998060093986,-45.42344775361481,-2.2139279481718233
2009-02-02,-41.50592677939498,-4.177296663076369,-47.53917576459504,-2.0786998060093986,-46.27020996663529,-2.108081649681348
2009-02-03,-40.57868721989431,-5.002693892535759,-46.494368592735825,-2.0786998060093986,-44.96289476201056,-2.3278521091411375
2009-02-04,-40.979846512312704,-5.48577293113256,-45.22957888230987,-2.236634053122599,-43.480589445420534,-2.6045884062309566
2009-02-05,-40.00994105705965,-5.264382139924539,-45.72449108570389,-1.635262261778958,-43.257920547683185,-2.1650625158927017
2009-02-06,-38.371868129413514,-5.8381567282622555,-44.04728509876386,-1.635262261778958,-41.57044043048009,-2.3929859807381493
2009-02-09,-38.27818142552631,-6.029339023631519,-43.85482364174157,-2.024031328430098,-41.291290415095986,-2.6127489259072822
2009-02-10,-41.30842653051954,-4.77120246394831,-45.8344605757141,-1.5380676778697477,-43.320194127966246,-2.3034607216003145
2009-02-11,-40.81577665192887,-4.036430722005235,-45.559507151679725,-0.8880893255858169,-43.01135697374725,-1.4325394034374606
2009-02-12,-40.69921058964741,-4.066621702287854,-46.63185124455478,-0.705851798002477,-44.55278472180546,-0.659281321216687
2009-02-13,-41.28511761364801,-4.821512979727727,-45.91695650259404,-0.705851798002477,-44.479442193833485,-0.8546679074263319
2009-02-16,,,-46.8793073462518,-0.6329604945634171,-45.06755835783254,-0.40698901170245216
2009-02-17,-43.94939500447117,-3.2211341299252627,-48.47402532604759,-0.6997806123777872,-46.95506578499202,0.0
2009-02-18,-43.99206090022355,-3.925644829361119,-48.80395359541745,-0.33530555721109634,-47.10149899473439,-0.13822192884069828
2009-02-19,-44.62855380440076,-4.459227054854987,-48.25405862695226,-0.33530555721109634,-46.972553739526035,-0.8293165603442398
2009-02-20,-45.248766442290375,-4.1873389152686125,-49.87626996921757,-0.33530555721109634,-49.49547834715426,-0.3008244824709738
2009-02-23,-47.14723234936162,-4.096801005533046,-50.42614909821137,-0.27456589400710607,-50.47936160304898,-0.3414788740535246
2009-02-24,-45.0270713121841,-4.459227054854987,-50.97606386601581,-0.055882714704236225,-50.991368002153834,-0.17883878867329672
2009-02-25,-45.599780151971345,-5.324810808639513,-51.7734307756494,-0.07410554056399565,-51.61458292702659,-0.024395637489549316
2009-02-26,-46.44652582231722,-5.5663503279379185,-50.0412341039025,-0.6997806123777872,-50.401740760945316,-0.9919416330244735
2009-02-27,-47.706748374416485,-5.646845985481241,-51.55347595615761,-0.6997806123777872,-51.64565521997015,-0.3008244824709738
2009-03-02,-50.1440524353442,-4.7002411074689165,-53.45065260206084,-0.2927887198668766,-53.32722616532155,-0.2357744533988626
2009-03-03,-50.46295664885109,-4.821349501203665,-54.60545302313735,-0.4142773152605361,-53.57065087562317,-0.39836199432909947
2009-03-04,-49.267839053459305,-5.305730529474239,-52.79076438437835,-0.742306718707697,-51.05187865902585,-0.6992390212500421
2009-03-05,-51.42187077656764,-4.19566464295823,-54.19301694728402,-0.8030463819116873,-53.51064391115431,-0.21138632225933263
2009-03-06,-51.350612394673604,-4.6498021442777375,-54.90789584977338,0.0,-53.87647201801351,-0.04876124957907679
2009-03-09,-51.83270587368597,-4.609370402166513,-55.40279617356385,0.0,-53.55417030589547,0.0
2009-03-10,-48.76287158553363,-5.305730529474239,-53.285672627904525,-0.7687677336088772,-51.1016950662162,-0.48657918608137063
2009-03-11,-48.62035482174558,-4.629635900631213,-52.92822723685807,-0.8958812075539835,-50.76052331675059,-0.8352801691673295
2009-03-12,-46.517784204211246,-4.357181424729351,-52.65329757203079,-0.3995179626523626,-50.23065426510449,-0.44604527040927877
2009-03-13,-46.102111204742926,-4.427687376748867,-52.32334158358599,-0.7082313502172033,-50.26361233326476,-0.5838710653127466
2009-03-16,-46.2908108743158,-4.972736453001792,-51.88342798473455,-0.8898312638369377,-49.11958560611733,-1.1921044065023145
2009-03-17,-44.56388914513245,-5.154372770269699,-52.21336813370796,-0.986676546086207,-49.83375386530172,-1.354270016671777
2009-03-18,-43.40571894826473,-1.9047583460457318,-53.03821256633966,-1.289339989934002,-49.72619403816157,-1.6056940942668962
2009-03-19,-44.13985586380075,-2.2376765217748673,-52.130884086431564,-0.4418860417823023,-49.13317301582202,-0.6811779182847033
2009-03-20,-45.24260764762287,-2.2376765217748673,-51.80092809798678,0.0,-48.81514961783567,-0.3243536809497072
2009-03-23,-41.35637599554204,-2.570793207140365,-50.3986834548168,0.0,-47.46115994095005,-0.5352138953916508
2009-03-24,-42.55193388837301,-2.7120853600777983,-50.78361824846491,-0.9535869744570213,-47.32290866146385,-1.2326532959149428
2009-03-25,-41.99858202746661,-3.297408538436608,-50.0412341039025,-0.9101835819102733,-46.87090615553272,-1.1191074213152574
2009-03-26,-40.64554799687754,-3.0451086291438334,-50.53615818690007,-0.6238628338745444,-46.41701787438489,-1.0542112297663553
2009-03-27,-41.84111125918947,-3.105694937864145,-50.508656904694845,-0.2471298483447404,-47.11923879546999,-0.7785222056080232
2009-03-30,-43.86318261808804,-2.691878246800272,-52.48831759787447,0.0,-49.81538752035731,-0.3162603741817871
2009-03-31,-43.12596362047778,-2.5203775980240595,-50.92110486015172,-0.22276785197513638,-48.613617373260084,-0.2919280457861051
2009-04-01,-42.17364858486792,-2.2814946047416296,-50.453658300152284,-0.13064919263190422,-48.031038754400626,-0.1621805839099988
2009-04-02,-40.50919002775699,-2.919171780430596,-47.594170409269765,-0.35522689559842613,-44.875338280125085,-0.8190486344098469
2009-04-03,-39.929001500984704,-4.0324897218716576,-47.97910124305004,-0.9729648684954961,-44.8367136724293,-1.5083872412949395
2009-04-06,-40.42605435396713,-4.255118279047576,-48.47402532604759,-0.9151598815016149,-45.27928115968665,-1.6705678252049494
2009-04-07,-41.80943669097359,-4.012171676738497,-48.63898946073252,-0.7947450746788598,-45.62284237677211,-1.475924171779952
2009-04-08,-41.12236327610075,-3.53650755691155,-49.02390841490926,-0.8128068363492336,-45.1772588776861,-1.4597076107630058
2009-04-09,-38.88079827429177,-4.103281761308275,-47.319224904971094,-0.9392483551026842,-43.501597104186374,-1.6949301010817375
2009-04-13,-38.72068572137957,-3.53650755691155,,,,
2009-04-14,-39.94923907474393,-3.040519553432719,-46.57685264001222,-0.6321892196455403,-42.67270368629742,-1.2569931111809263
2009-04-15,-39.19442428800951,-2.94942698441909,-46.82432062131278,-0.6321892196455403,-42.76352802621314,-0.9082247462624982
2009-04-16,-38.247387452188796,-3.3340685974570183,-45.91695650259404,-0.6321892196455403,-42.01287892334151,-1.1596862582089806
2009-04-17,-37.941241125456095,-4.113353206094105,-45.422052218935704,-0.427473942279899,-41.16523831991065,-1.6786611319728695
2009-04-20,-40.59496211670094,-3.4453974723417713,-46.82432062131278,-0.24685632557620574,-43.56223675545433,-1.3299601488868995
2009-04-21,-39.33254344688676,-3.8198567087382562,-46.82432062131278,0.0,-43.36938399094778,-0.6974244267827556
2009-04-22,-39.785604142318306,-4.0526618040368945,-46.60433808274605,0.0,-42.2020829892203,-1.3380459687845403
2009-04-23,-39.18738489846365,-4.072874755833144,-46.38437930338638,-0.318432330883589,-42.90920569735077,-1.3380459687845403
2009-04-24,-38.16601296815565,-4.4473573463045035,-45.532029628681606,-0.0360475593088716,-41.19694022835817,-1.20832845438954
2009-04-27,-38.78886739068032,-4.0526618040368945,-45.00962010295023,0.0,-40.94848473661526,-0.35681675046472794
2009-04-28,-38.95425814338168,-4.518207770928273,-46.16442052402674,0.0,-42.03854266554142,-0.8433884496758082
2009-04-29,-37.62717481429918,-5.034367856572352,-44.734682518387245,0.0,-40.816517326987956,-0.8109777882527425
2009-04-30,-37.682598596825756,-5.196363396878212,-43.607375459780265,-0.39549595086172395,-40.00019779140709,-1.094767606049274
2009-05-01,-37.344777701877184,-5.500883017570668,,,,
2009-05-04,-35.223295772382116,-5.409481007065075,-42.61753917338867,-0.4853772380714827,-38.32705447992316,-0.9731359115518923
2009-05-05,-35.46038520441668,-5.429793213679512,-42.727524502870274,-0.4853772380714827,-38.94876447017671,-1.2569931111809263
2009-05-06,-34.314086929963814,-5.389180477488075,-41.82016830388723,-0.04793973436834076,-38.600547169657176,-1.265078931078556
2009-05-07,-35.17842838943385,-6.181023739884184,-42.37010683089875,-0.8868713704601294,-39.56430115719643,-2.124706402382137
2009-05-08,-33.6177780078302,-6.069344553876455,-40.967826548918154,-1.0906083838485015,-38.18301688039093,-2.367992251987694
2009-05-11,-35.0227188109134,-5.186169343199342,-42.122626969994656,-1.0906083838485015,-38.77414905621864,-2.1328071960203365
2009-05-12,-35.082980495789954,-5.247088447486492,-41.985148278043546,-0.7670174627545823,-38.935177060472014,-2.205811668077695
2009-05-13,-36.80242253798828,-4.810559918615731,-43.8273263194042,-0.7670174627545823,-40.52655021011652,-1.7111316883581251
2009-05-14,-36.16769082356777,-4.800465119755026,-42.919974080289,-0.5872548883350759,-40.38992671705516,-1.4515993302545271
2009-05-15,-36.857846320514845,-5.033883259518889,-42.782519147544996,-0.8928604084176395,-40.4021320439463,-4.922527363762175
2009-05-18,-34.932984045016866,-5.592244158445259,-41.8751589886941,-0.6831252135023447,-38.962222885485474,-5.092823715050921
2009-05-19,-35.03415580537006,-5.724223874029988,-40.692877084751636,-0.9767526576698771,-37.60785543929748,-5.628104992275063
2009-05-20,-35.3627358235769,-5.429793213679512,-40.39042633837989,-1.1205718607748882,-36.61001007569084,-5.676732214715052
2009-05-21,-36.42677364963729,-6.4652778621119396,-41.38027846424287,-1.1205718607748882,-38.34945036409283,-5.052274825638259
2009-05-22,-36.52090602044462,-7.013351291059966,-41.46273875231217,-1.1625134136163062,-38.122002531115754,-5.6524073731896385
2009-05-25,,,-41.38027846424287,-1.6838431665716969,-38.125774081549146,-6.179527961813358
2009-05-26,-34.85116926354455,-7.632602101679908,-40.995339710726896,-1.6419016137302789,-37.2810266381413,-6.293058862672519
2009-05-27,-36.07487934507796,-8.678210741566605,-40.55540631253621,-1.9295308763708996,-37.09018864324739,-6.382264922006264
2009-05-28,-35.07814259343998,-8.201168731322571,-41.6277028869971,-2.0733500794759108,-37.94424825352337,-6.414713017780704
2009-05-29,-34.19708593972414,-7.1657366295585945,-41.325244220889665,-1.8396495891611409,-37.84436359294111,-6.090329389349902
2009-06-01,-32.495674614608184,-8.680692112021093,-39.40058609212046,-2.3070505697906696,-35.30646642149951,-6.503919077114451
2009-06-02,-32.361958430122705,-8.375261682408874,-39.31812976391901,-2.2531217974648188,-35.28759638415194,-6.455246933452807
2009-06-03,-33.27732069772754,-7.8153302219477805,-40.30793041149997,-1.7976988927503212,-36.413889453154056,-5.838912798625051
2009-06-04,-32.498316399243244,-8.884427222630665,-40.857861018775786,-2.1033135564022865,-36.28469235174413,-6.357940080480862
2009-06-05,-32.664582377341986,-9.79055948890074,-40.472922265259825,-2.864332837629957,-36.13083889294061,-7.0715960420211115
2009-06-08,-32.71825033959283,-10.248737245172002,-40.58289571513788,-2.456858810853202,-37.04049508786269,-6.755328180969045
2009-06-09,-32.478959420362386,-9.861789417241095,-40.55540631253621,-2.211171101053999,-37.126798481330546,-6.633651565250032
2009-06-10,-32.71077065260779,-10.401350285900579,-39.593071308349835,-2.5107875831790527,-36.45602762249139,-6.779660509364738
2009-06-11,-32.28233976636529,-9.79055948890074,-39.0431723800168,-2.606667051915723,-35.75054498596633,-7.209459271275964
2009-06-12,-32.18557098040387,-9.311964432678144,-39.37311648885804,-2.1632313666856584,-36.2288316357159,-6.601225930086418
2009-06-15,-33.79724217014232,-8.904733590726376,-41.95765491557404,-1.5639984024355513,-38.484433785548774,-6.090329389349902
2009-06-16,-34.63914993813822,-8.395597243098173,-41.65520020933445,-1.605949098846371,-38.47461792627749,-6.025463145282128
2009-06-17,-34.728004109156394,-8.63998012101147,-42.89250051715874,-1.246405662868555,-39.61613233399941,-5.619996711766573
2009-06-18,-34.16981434590003,-9.749841659372416,-42.53507096558368,-1.605949098846371,-39.14438140031034,-5.944350392716302
2009-06-19,-33.96483441003956,-9.332352540035894,-41.600201604791884,-1.5759856219199841,-39.11947319671516,-5.765915813437972
2009-06-22,-35.97546877448148,-8.843598461246716,-43.55238873484123,-1.2224403674690798,-40.95691237048271,-5.441539671877416
2009-06-23,-35.82679321602592,-8.54838543938824,-43.909838085755524,-1.1085846412904554,-40.783937028130055,-5.425360545211866
2009-06-24,-35.40628231420764,-8.894562891122371,-42.3425857493543,-1.0965974218060226,-39.16287673965068,-5.295583135854642
2009-06-25,-34.020698490005294,-7.754235962099143,-43.167457901060956,-0.6591599181028807,-39.60883493674391,-4.963083740045082
2009-06-26,-34.10427446123433,-7.6320007342521095,-43.05746465184367,-0.3895069129042139,-39.91188577091689,-4.8820159087008985
2009-06-29,-33.50517462250132,-7.438564770658318,-41.930153633368825,-0.3175927395670075,-38.54544813482396,-4.71168212306079
2009-06-30,-34.06644646783192,-7.682895101903187,-42.645032535858185,-0.13183198362057835,-39.50718735275059,-4.946874665898426
2009-07-01,-33.77173176607491,-7.742150228356149,-41.902668190635005,-0.2097351949152948,-38.28944339962397,-4.84956032605619
2009-07-02,-35.70011105160533,-7.435867375011329,-42.864991315217836,0.0,-40.641275368821084,-4.565725587038017
2009-07-03,,,-43.08495405444533,-0.1553411689197315,-40.77060146462694,-4.362981139974831
2009-07-06,-35.53384507350658,-7.374609636638619,-43.96480501135531,0.0,-41.479990788571605,-4.13591185138621
2009-07-07,-36.80242253798828,-7.007092398995962,-43.79982899706686,-0.029836334589905533,-42.154656049649816,-4.176445767058312
2009-07-08,-36.87016390984985,-5.935023592286425,-44.76217984072461,-0.06565632968822399,-42.47595037696155,-3.957499732718728
2009-07-09,-36.64582699510851,-6.486360753196941,-44.267247837991356,-0.2029344344725903,-41.75360633011128,-4.0953479882330335
2009-07-10,-36.90095251370641,-5.904324660875481,-44.707169356578504,0.0,-42.4299055202046,-3.7952817144573436
2009-07-13,-35.32050485578272,-6.241283091556382,-44.1572664683776,0.0,-40.592847187034565,-3.8196365034638635
2009-07-14,-34.97697083308678,-6.864072044518476,-43.22245254573568,-0.5663171077449736,-39.84622148079793,-4.087269655205661
2009-07-15,-33.048151250117186,-8.06884454313358,-41.76520137828745,-0.41728581117268515,-38.000102826961324,-4.500806934878298
2009-07-16,-32.46708212846655,-7.517530736297928,-41.35275738269842,-0.32190359829079584,-37.63842711113303,-4.306185742064161
2009-07-17,-32.49303819945409,-8.140360558891036,-41.13279068360308,-0.25037148670361553,-37.371605274445706,-4.573818893805937
2009-07-20,-31.721067921034695,-7.803390451172698,-40.610393037475234,-0.44709388971684305,-36.720588985954784,-4.695465562043843
2009-07-21,-31.47254149454348,-6.772179598440697,-40.0604941091422,-0.08941513948398372,-35.91772786568268,-4.435955664551095
2009-07-22,-31.49629607833514,-7.323452535645325,-40.0604941091422,0.0,-35.57064694436539,-4.435955664551095
2009-07-23,-29.90045411848318,-8.222035597215072,-38.575749579224436,-0.09520852756039755,-33.98908965399219,-4.890109215468819
2009-07-24,-29.68711927024028,-8.027980750637331,-38.713228271175545,-0.3689568804801091,-34.21452271735663,-5.011740909966189
2009-07-27,-29.47774172946901,-8.45686665850831,-38.30079219532223,-0.5831919582800493,-33.93537270197251,-5.060413053627855
2009-07-28,-29.661168568733707,-8.273058412277889,-38.76823083558597,-0.02379986177737381,-34.90163900893728,-4.83330633068787
2009-07-29,-29.973033392694738,-8.211771481311603,-38.76823083558597,0.0,-33.69924538892639,-4.638707598484526
2009-07-30,-29.13112562469884,-7.844219212556647,-37.31097570826988,0.0,-32.56276176264576,-4.606252015839818
2009-07-31,-29.079659149643888,-6.915112375137433,-37.503437165292176,0.0,-32.92154431845105,-4.054821559431221
2009-08-03,-27.99098614491349,-7.904297570148633,-36.018692635374414,-0.31762443596284884,-31.730090651733136,-4.249442752245369
2009-08-04,-27.77237309688144,-8.170481476949066,-36.431136630963444,-0.45879583818556613,-31.8537532792986,-4.306185742064161
2009-08-05,-27.957996053861045,-8.692736976133064,-36.6235703689108,-0.5882007130820766,-32.65900386719056,-4.176445767058312
2009-08-06,-28.353442218532077,-8.692736976133064,-36.4036076296833,-0.4705533902811698,-32.44551814192541,-4.298122382777326
2009-08-07,-27.389690188465565,-9.29686018475876,-35.578790916126515,-0.5352558277294195,-31.326147772171574,-5.3604568667926955
2009-08-10,-27.63029663053257,-8.713265207940013,-36.12867796485602,-0.9587610591669682,-31.839914023392335,-5.141510832453122
2009-08-11,-28.525426693859146,-8.07831462049161,-36.81605558514016,-0.9587610591669682,-33.504377854807224,-4.914404109513148
2009-08-12,-27.67560431092001,-8.33436869731905,-36.10117272278296,-0.7823080254268255,-32.69573655707938,-4.906318289615486
2009-08-13,-27.172832960709247,-7.617538723391537,-35.77122861394171,-0.8411227115966757,-32.05390344106065,-4.573818893805937
2009-08-14,-27.793926193477215,-7.33084993885903,-36.21117389173594,0.0,-33.211265731711194,-4.006141928899288
2009-08-17,-29.530523727360524,-6.695946059560365,-37.66842901905203,-0.04700183767055721,-34.56361840828656,-3.8196365034638635
2009-08-18,-28.802985903931177,-7.023667953631884,-36.926060713961014,0.0,-33.94555711666075,-3.925029176333461
2009-08-19,-28.3050524560704,-6.675546275165178,-36.761033221390505,0.0,-34.18156157790122,-3.4709280335076476
2009-08-20,-27.516372352886155,-6.429732960166357,-35.74371941200081,-0.1696849445367854,-33.18673222612325,-3.487114647043499
2009-08-21,-26.153222220157957,-7.382065425039497,-34.42397861544646,-0.590960004671115,-31.27859183820515,-3.9169583301763677
2009-08-24,-26.192811403317073,-6.80861195523117,-33.76410227736751,-0.38617029311766027,-30.5614075671921,-3.868278699644434
2009-08-25,-26.017739476434798,-6.562862863938223,-33.57163686047738,0.0,-30.09167140311566,-3.535786790705142
2009-08-26,-26.001464579628163,-6.4399853990323885,-33.95654789491842,0.0,-30.533477209177985,-3.3817070004333427
2009-08-27,-25.78724913650692,-6.695946059560365,-34.204043595293896,-0.15764831302941262,-31.18311141485538,-3.373568772443747
2009-08-28,-25.92404740306664,-6.4809718004216865,-33.57163686047738,-0.07590639316250591,-30.591598398430154,-3.487114647043499
2009-08-31,-26.519189934328026,-6.204465392530622,-34.204043595293896,0.0,-31.255071860013807,-3.4952229275519553
2009-09-01,-28.14186319056492,-5.96108673983654,-34.89138953663527,-0.23935338863342315,-32.982558667726224,-3.3573671851673814
2009-09-02,-28.360476238596966,-5.447805043919674,-35.496259350435956,-0.361956413969744,-33.07628231025524,-3.2033023686361184
2009-09-03,-27.743780610739798,-5.786561738365236,-35.331318974958116,-0.4028181503075823,-33.308005386068864,-3.2600827928062515
2009-09-04,-26.79103064717173,-6.351304138248648,-34.64394927440966,-0.4553673944010961,-32.26373432510778,-3.219533903393623
2009-09-07,,,-33.73658911555876,-0.5370997752381812,-31.268911115920073,-3.178992500851252
2009-09-08,-26.13210942100135,-6.566955665558439,-33.48911717439036,-0.6538590466966698,-31.039700359531953,-3.3005942478675165
2009-09-09,-25.5532417865466,-6.484831061293239,-32.911720923719955,-1.0858781500706294,-29.875673358424994,-3.8925885674293115
2009-09-10,-24.776433605777214,-5.786561738365236,-32.77425807124024,-0.6538590466966698,-29.617653853612367,-3.479006366535009
2009-09-11,-24.86264599216035,-5.509337192672048,-32.334332592785245,-0.2160050976062755,-29.249688125334885,-3.2033023686361184
2009-09-14,-24.38495011805878,-6.063827153689427,-32.82925271591496,-0.03502689062140352,-29.297237916711016,-3.089756494036422
2009-09-15,-24.146985460626837,-6.2589154180799795,-32.664284621362185,-0.33859921478121,-29.187291693246166,-3.3573671851673814
2009-09-16,-22.983091397049815,-6.330781744960423,-31.591984087033463,-0.4436887948068291,-28.290590221229685,-3.673664993700543
2009-09-17,-23.20786323974936,-5.868715535224012,-31.262016218985124,-0.5779615115760195,-27.902114383999244,-3.787195894559714
2009-09-18,-23.004204196206423,-6.37185572413046,-31.42696847406651,-0.37363501356401096,-28.245675601084706,-3.7709718466724884
2009-09-21,-23.266369104350172,-6.433422903995134,-32.27932210863913,-0.3444429686590422,-28.68824308834206,-3.7790651534404085
2009-09-22,-22.759640446667795,-6.187066606755676,-31.701933777704426,-0.7998103630601383,-28.17585891993484,-3.925029176333461
2009-09-23,-23.536888924876344,-5.981690872386791,-31.811930986789562,-0.32692952334834047,-28.268071485254374,-3.787195894559714
2009-09-24,-24.25387034872738,-5.725006235537988,-33.02170229333371,0.0,-29.486319130784167,-3.519562742817939
2009-09-25,-24.715291326022314,-5.3450004063609,-33.24168879176829,0.0,-29.78572126632939,-3.138421150827808
2009-09-28,-23.36094177259668,-5.180716166718213,-32.49930068733802,0.0,-27.837076638089087,-2.9681247995390514
2009-09-29,-23.529849535330484,-5.221766791813365,-31.94939383926928,-0.2731841317456851,-28.12377589693028,-3.0005579215729328
2009-09-30,-23.777055069504172,-5.1499471730826585,-32.41681664006163,0.0,-28.606343932106682,-2.765387839346134
2009-10-01,-25.739745338404564,-4.436363415561473,-33.35167016138204,-0.25545891045836155,-30.123625157764756,-2.6193639214908804
2009-10-02,-26.071407438685622,-4.477501618437385,-34.56145334752973,0.0,-31.213683086690924,-2.262562144766722
2009-10-05,-24.970416844620214,-4.4878533121216035,-34.31400120570057,0.0,-30.698528610066344,-2.205811668077695
2009-10-06,-23.94068463244883,-4.796757660370099,-32.69178194369955,-0.057900707971758614,-28.826746214029843,-2.424780163028095
2009-10-07,-23.694359693153487,-4.189230595332738,-32.74675282916718,0.0,-29.039224554488673,-2.1328071960203365
2009-10-08,-23.124292638001297,-4.539354885719171,-32.2243433034358,0.0,-28.085783976033575,-2.0841500260992185
2009-10-09,-22.688822362212946,-5.455716236780428,-32.36183783485831,-0.46758504795424427,-28.144408857688894,-2.6599652189954304
2009-10-12,-22.349680574946838,-5.177738522172826,-31.674452294838453,-0.3636723659650176,-27.246822852671748,-2.522072042259471
2009-10-13,-22.560819305474823,-4.961433080766797,-32.85672627904523,-0.38676798791769107,-28.113837185853342,-2.343667410462258
2009-10-14,-21.198990065064148,-5.610226796091833,-31.097071883639437,-0.7042667267751823,-26.354771321499058,-2.6599652189954304
2009-10-15,-20.87172556969388,-5.919055243597016,-30.87708538520486,-1.1198998379342684,-26.648767977595767,-3.1141112830429307
2009-10-16,-21.512175781342712,-5.486631193383884,-31.564478844960398,-1.206486399259532,-27.74800907899414,-3.081618266046837
2009-10-19,-20.774516486293273,-5.342431458125674,-30.40964674494111,-1.1718517747294266,-26.37464874365294,-3.2033023686361184
2009-10-20,-21.266726067444765,-5.126196078944245,-30.712133130123476,-0.6580842912687346,-26.887788450664896,-2.765387839346134
2009-10-21,-21.952924256920213,-5.342431458125674,-30.464649309351532,-1.0390827778977152,-26.614547607132454,-3.2519370779464096
2009-10-22,-21.11673498615264,-5.620432526808139,-31.234526816383468,-0.8428052248956042,-27.502194901072663,-3.1141112830429307
2009-10-23,-22.07740493414493,-6.08388246548034,-31.536989442358742,-1.0852564050052527,-27.787512077100317,-3.406046815699304
2009-10-26,-22.990130786595675,-6.619216246589133,-32.41681664006163,-1.1198998379342684,-29.02148475375308,-3.42225588984596
2009-10-27,-23.245256305193564,-5.816116320107767,-32.27932210863913,-0.5657194202558502,-29.11130785145276,-2.9437774974027997
2009-10-28,-24.734648304903185,-5.527781073297233,-33.709095753089244,-0.38098967823007035,-30.856786306102347,-2.7896977071310225
2009-10-29,-23.033677277226406,-5.980885156803928,-32.49930068733802,-0.8485835345832249,-29.709737424535977,-3.2033023686361184
2009-10-30,-25.192987200123884,-5.280648253068487,-33.819104841777936,-0.30017261819351715,-31.879668867700094,-2.700491647797254
2009-11-02,-24.710013126233164,-5.529953002259735,-33.57163686047738,-0.3463550536999649,-31.680151392737134,-2.6923758804185294
2009-11-03,-24.52702658440765,-5.747904905943802,-34.36901960958239,-0.42140261244779653,-32.65472248176372,-2.8464556706903066
2009-11-04,-24.42146258862462,-6.007543833263118,-33.15919682475621,-0.6984884170875505,-31.511451293221025,-3.138421150827808
2009-11-05,-22.959342182739118,-5.986782060707519,-32.801763313313295,-0.8601225371606569,-31.049890916810476,-3.2843627131100006
2009-11-06,-22.756123436635345,-5.706363845276452,-32.74675282916718,-0.8947659700896726,-30.957678351490937,-3.3168257826250214
2009-11-09,-21.0190802358319,-5.664904523871139,-31.372005508334567,-0.6234496667386291,-29.303779775361782,-3.0492076046237715
2009-11-10,-21.004126231342802,-5.592255835482685,-31.4820264766268,-0.3117204291698594,-29.38580178340281,-2.7896977071310225
2009-11-11,-20.60692424639603,-5.32223018336685,-31.234526816383468,-0.2944031169048067,-28.692014638775454,-2.805929241888505
2009-11-12,-21.410563723550336,-5.291105040089605,-31.097071883639437,-0.35790286467630716,-28.747242668004603,-2.895127814351961
2009-11-13,-20.95881855095535,-5.2183862894765625,-30.712133130123476,-0.663853792557445,-28.459536024357092,-3.0492076046237715
2009-11-16,-19.7993274617701,-4.709635284083635,-29.639824676059046,-0.42140261244779653,-26.97522208074472,-2.6923758804185294
2009-11-17,-19.716191787980243,-4.501871595559736,-29.969745025693207,-0.10390387359031639,-27.30720451514784,-2.4085785757517186
2009-11-18,-19.741267264089434,-4.740696203655004,-30.162218362319038,-0.19626874460320076,-27.191723817838533,-2.416649421908801
2009-11-19,-20.818503274363188,-4.626518131636647,-31.2070215743104,-0.14431680780804257,-28.266431413648974,-2.2950327011519778
2009-11-20,-21.059109716430193,-4.636893179395729,-31.756936342114837,-0.2713163033510435,-28.757433225283123,-2.270707859626575
2009-11-23,-19.980552813838916,-4.771809669894822,-30.382212780489315,-0.32903774143491216,-27.017237398276407,-2.3842237867451987
2009-11-24,-20.01838080724132,-4.283826275576219,-30.87708538520486,-0.20203824589192232,-27.421935816442698,-2.1977033875692165
2009-11-25,-19.647575190721277,-3.9619837698521287,-30.547157115835,-0.20203824589192232,-26.997863668525678,-2.246353070620055
2009-11-26,,,-32.88423944085399,0.0,-29.373602599101943,-1.6219181421540885
2009-11-27,-21.01292681064536,-3.525898968403818,-32.05938312861873,-0.06913754256477889,-28.47488635747283,-1.6138173485159113
2009-11-30,-20.705894519553336,-3.37005138830635,-33.104194260345785,-0.00575853133010229,-29.225406465948524,-1.5610723474243193
2009-12-01,-19.74434397668271,-3.902909637479368,-31.372005508334567,0.0,-27.330104091720663,-1.5002714739161926
2009-12-02,-19.706515983280294,-4.100607719736161,-30.904590627277916,-0.057474772135412966,-27.266319434228127,-1.609751977956242
2009-12-03,-20.37819509622486,-4.548206080093264,-31.124569205976805,-0.1436781609195359,-27.408852099141157,-1.7476152072111173
2009-12-04,-19.939207810404056,-5.2557936788926956,-30.189707764920705,-0.38505641893408216,-26.813819378484116,-1.9746770089294374
2009-12-07,-20.133191049247056,-4.99573437822578,-30.643381904544377,-0.10344406654094751,-27.227700969122616,-1.8367988059340368
2009-12-08,-20.942103356709552,-4.662670239528732,-31.715682438873106,-0.028737386067712034,-28.437520980784935,-1.4962135902268248
2009-12-09,-20.643436716961883,-4.849993274026454,-32.444313962398994,-0.38505641893408216,-28.950034143588088,-1.3988992503845998
2009-12-10,-20.17233456548603,-5.172583110146222,-31.660727392876865,-0.7528721601113508,-28.180386008972967,-1.690864730522068
2009-12-11,-19.87806553064916,-5.64094908157765,-31.317026703131244,-0.6321874158135787,-27.58572798632315,-1.869254388578745
2009-12-14,-19.304035798544373,-5.64094908157765,-30.75337119389382,-0.8419519183279434,-27.0074276815954,-1.7232828788154242
2009-12-15,-19.751823663667743,-5.942613666617779,-31.454473716139564,-0.7126468351517645,-26.893200072703692,-2.0517019303247896
2009-12-16,-19.660333077495462,-5.942613666617779,-30.602135921038332,-0.41953777444774243,-25.734701402850913,-1.7273557362453507
2009-12-17,-20.605608723559467,-5.110151829511523,-31.42696847406651,-0.08620338878412293,-26.476800020049417,-1.3299601488868995
2009-12-18,-20.14858535117533,-5.578406869087327,-31.729454859248875,-0.1896562247440725,-26.643233503751308,-1.3056353073614968
2009-12-21,-19.302279978268633,-6.546334017452038,-30.73959085378235,-0.49425322433998,-25.393787642177166,-1.5083872412949395
2009-12-22,-19.012843476300777,-6.962550339708374,-30.492162471160277,-0.6781567102191133,-25.203072499088897,-1.9949664273763101
2009-12-23,-18.80918443275783,-7.004295748530797,-30.162218362319038,-1.05172519026131,-25.05525720653299,-2.400440347762134
2009-12-24,-18.382514736272036,-7.337213924259933,,,,
2009-12-28,-18.27738566844722,-7.586950723836194,-29.74979020620141,-1.2126440289376816,-24.483117919858486,-2.6112706147229603
2009-12-29,-18.377676833922063,-7.3430874740886605,-29.584798352441545,-1.28160673996498,-24.374553779207176,-2.6518494516166946
2009-12-30,-18.35436254756957,-7.176187578061,-30.052236992705296,-1.224140737248558,-25.05538005833864,-2.6275171232209904
2009-12-31,-19.17427692153051,-7.624474883626641,,,,
2010-01-04,-17.874024888832952,-7.39514370696428,-28.67746591266559,-1.367818898168105,-23.912237864191876,-2.7491637914589195
2010-01-05,-17.617143549959312,-6.988520070959026,-28.62248710746226,-1.0114910958827217,-24.119052736410328,-2.60317730795504
2010-01-06,-17.536649660804514,-7.36384924664425,-28.512489898377126,-1.4137969619926416,-24.087977372171622,-2.724816489322679
2010-01-07,-17.20191084793018,-7.36384924664425,-28.457526932645184,-1.0747098374640829,-24.276303047640024,-2.546396883784907
2010-01-08,-16.963060226138914,-7.249180739053706,-28.127574904068243,-0.9942504181258971,-24.046717593244672,-2.6193639214908804
2010-01-11,-16.818341975154983,-7.186574302857506,-28.237564193417686,-0.7988502239358874,-24.010359601363085,-2.3842237867451987
2010-01-12,-17.598672535437764,-6.51934254542601,-28.897436571628788,-0.6436753547054641,-25.236912028954695,-2.173356085432976
2010-01-13,-16.904559731019077,-6.967670720622676,-28.67746591266559,-0.8045941933818246,-24.983548607576132,-2.1084823544949227
2010-01-14,-16.7013409849153,-6.529770139853541,-28.26503775654796,-0.9367844154094862,-24.6597419608389,-2.0192837820314558
2010-01-15,-17.599547760835154,-6.112765617570481,-28.9524470557749,-0.8275876100035884,-26.08014839515308,-1.8084535150706182
2010-01-18,,,-28.457526932645184,-0.7298875129085891,-25.544496094756084,-1.7435722972622747
2010-01-19,-16.569380620705555,-6.279601289892267,-27.93510948717811,-0.7356314823545262,-24.815733041060696,-1.873289811657286
2010-01-20,-17.441196397679658,-5.9562641233767755,-29.00740210177114,-0.8218348711386492,-26.38760960914882,-1.5246112891821761
2010-01-21,-19.003167671600828,-5.612223569492847,-29.914766220489874,-0.6494280935704033,-27.702971607043516,-1.419143747609819
2010-01-22,-20.796950177767403,-5.528837845184908,-30.712133130123476,-0.7356314823545262,-28.352734807116832,-1.419143747609819
2010-01-25,-20.430977094116365,-5.737395572254234,-31.179532171708736,-0.40229709669091784,-29.157223713813774,-1.4029421603334091
2010-01-26,-20.76484068159332,-5.549611294777934,-30.904590627277916,-0.38505641893408216,-28.68471724151995,-1.3056353073614968
2010-01-27,-20.37467808619241,-5.768660839980678,-31.4820264766268,-0.7471281906654137,-29.00840103645155,-1.2975120531124595
2010-01-28,-21.30895703523894,-5.799896915113544,-32.55431117148414,-1.0977032540858467,-30.30250967196909,-1.2002126870107932
2010-01-29,-22.08180253905573,-5.435036203486854,-31.61946556989943,-1.0287317736395463,-29.441281658833528,-1.2164591955088344
2010-02-01,-20.97025554541201,-5.759354241146708,-31.15201109016429,-0.6609160324622887,-28.86650105833759,-1.1596862582089806
2010-02-02,-19.94448601019321,-5.602333118787229,-30.547157115835,-0.7471281906654137,-28.172333073112732,-1.1921044065023145
2010-02-03,-20.355761404750726,-6.05221433996247,-30.904590627277916,-0.9137909987877113,-28.644968539802484,-1.3380459687845403
2010-02-04,-22.833975541155084,-5.278096820389411,-32.71927134630121,-1.0000031569908363,-30.39170008286969,-0.9406878157774523
2010-02-05,-22.61052459077306,-4.974768257515105,-34.12155954801751,-0.6954061573949399,-31.63586945939124,-0.5514604038897031
2010-02-08,-23.270766709260972,-5.0584459077588795,-33.819104841777936,-0.873565673828125,-31.000449207627355,-0.7136110403185958
2010-02-09,-22.26742549603533,-5.571050335504635,-33.48911717439036,-0.6091939991918149,-30.83175525070153,-0.8596050106927433
2010-02-10,-22.420944326321834,-5.83255175029449,-33.18669414709356,-0.30459699959590747,-30.352326079159443,-1.062349457755929
2010-02-11,-21.65909015004155,-5.947634792713908,-32.911720923719955,-0.3908003883800304,-30.760421349751898,-1.2569931111809263
2010-02-12,-21.857470993795346,-5.727861271190315,-33.04921545514246,-0.15517486923042334,-30.804955129299373,-0.9569343242755157
2010-02-15,,,-32.77425807124024,-0.32759041621767127,-30.670223554044995,-1.0217855946027643
2010-02-16,-20.44021797085811,-5.518690499655765,-32.11438569302915,-0.36207177173132044,-29.650989691075004,-1.0380321031007944
2010-02-17,-20.08920426117714,-6.020773916674527,-31.069558721830692,-0.13793419147359876,-28.943744131138892,-0.9326019958798226
2010-02-18,-19.55651953250721,-6.355677188767251,-30.76714361426959,-0.4999971937859171,-28.540298801390218,-1.2894262332148076
2010-02-19,-19.368260160373506,-6.303183066987894,-30.492162471160277,-0.6436753547054641,-28.01647098728687,-1.475924171779952
2010-02-22,-19.45095553672419,-6.376409768729263,-30.657138485448755,-0.4597718688263308,-28.43928390419599,-1.354270016671777
2010-02-23,-20.425698894327216,-5.665126387582353,-31.28952938079388,0.0,-29.500662079093587,-0.7379808030656632
2010-02-24,-19.636578493703805,-5.6128599680329465,-31.28952938079388,0.0,-29.356747331367007,-0.5595537106576343
2010-02-25,-19.783933159841826,-5.267657548924454,-32.38931931772427,-0.005731123843633057,-30.4031498711561,-0.3243536809497072
2010-02-26,-19.66824769243871,-5.121227499516568,-31.811930986789562,0.0,-29.571234298848193,-0.35681675046472794
2010-03-01,-18.85009450823447,-5.022574048765172,-30.82210658000153,0.0,-28.123904891326212,-0.3162603741817871
2010-03-02,-18.660949171741446,-4.970173343285278,-30.27220765166848,-0.011424484159705539,-27.330730635929466,-0.38113410511984025
2010-03-03,-18.61388567107827,-5.064558836854971,-29.722316643071135,0.0,-26.810926218461095,-0.4946724928492907
2010-03-04,-18.307739344345563,-4.896707262276534,-29.639824676059046,0.0,-27.09473231727928,-0.30003632629459487
2010-03-05,-17.160560475014353,-5.3477269946014765,-28.512489898377126,-0.11411443256343912,-26.06266658320934,-0.5190048212449838
2010-03-08,-17.160120177575177,-5.5994955986910515,-28.567492462787534,-0.11411443256343912,-26.080903933757817,-0.5676470174255543
2010-03-09,-17.014526701193866,-5.35828303644077,-28.75992620073489,-0.039936133529294704,-25.955355530975645,-0.39737312674761327
2010-03-10,-16.62832141326457,-5.515613600292202,-28.182553709271573,-0.01711672956585808,-25.31591188257677,-0.4946724928492907
2010-03-11,-16.26322892449189,-5.5994955986910515,-28.347537643295738,-0.18829273159758353,-25.417688460966016,-0.6649763310083157
2010-03-12,-16.280384416176872,-5.4526743685291645,-28.100109260673666,-0.10270037739515958,-25.210369896344396,-0.6001026000702514
2010-03-15,-16.240800602498716,-5.4526743685291645,-28.595013544331994,0.0,-25.733067473835792,-0.5027657996172108
2010-03-16,-15.588473098954058,-5.085559988677946,-27.93510948717811,0.0,-24.88479418360583,-0.39737312674761327
2010-03-17,-15.09582322036339,-4.970173343285278,-27.302686912890195,0.0,-24.21441030795446,-0.1621805839099988
2010-03-18,-15.121773921869973,-5.221895239225127,-27.385202639109362,-0.2273942055289746,-24.364989766137455,-0.20272198645235884
2010-03-19,-15.554162115584091,-5.3477269946014765,-27.632662700674228,-0.2615011678078205,-24.740879435879247,-0.15404235592042514
2010-03-22,-15.1213336244308,-5.033024997267576,-27.60518121780825,-0.04547884110579492,-24.67710092097699,0.0
2010-03-23,-14.502882176297883,-5.232381218839821,-27.082755852605477,0.0,-24.302593334048737,0.0
2010-03-24,-14.971777471096892,-6.176452179729219,-27.055274369739514,-0.14198091628819798,-24.02922963871066,-0.16192360548799023
2010-03-25,-15.116495722080824,-6.522524538126461,-26.230378458825765,-0.5054517153528781,-22.84733384247216,-0.5101105634502057
2010-03-26,-15.053592252569214,-6.302278096586845,-26.670319776752148,-0.3521098993299443,-23.009621077733435,-0.558692877843181
2010-03-29,-14.555223876750222,-6.4386717323211995,-26.450380796731743,-0.2158137658228254,-22.54667247591905,-0.45341749184589775
2010-03-30,-14.542025692536864,-6.34420449948948,-26.532872763743832,-0.17037883271131538,-22.7278236059376,-0.267176565428473
2010-03-31,-14.820465497487245,-6.123934703875,-26.587867408418553,-0.09654598317668794,-22.58819024363786,-0.18621850036062426
2010-04-01,-14.185733783066745,-6.318515017137216,-25.515527275411344,-0.0056761169536567735,-21.556499207575143,-0.12145204830632528
2010-04-05,-13.502623045146489,-7.160102458997253,,,,
2010-04-06,-13.356583901845031,-6.886579534170279,-24.938146864212328,-0.5792845648875056,-21.34704302153525,-0.4776974360139574
2010-04-07,-13.82812098127909,-6.3079881678915095,-25.13058852189538,-0.4373036485993076,-21.721925306470723,-0.275294797992065
2010-04-08,-13.534292243881396,-6.413227467755034,-25.73550585411023,-0.460016782241357,-22.358223948644994,-0.0971422027291613
2010-04-09,-12.956305204304996,-6.3079881678915095,-24.910673301082042,-0.692867564752575,-21.37861593558683,-0.4858081932253011
2010-04-12,-12.800590256303579,-6.055577326743123,-24.883152219537607,-0.39754483244146543,-21.366164905084382,-0.6234668052497283
2010-04-13,-12.73416977675953,-5.876772691052679,-25.07560179695635,-0.3180358659531701,-21.61600247964085,-0.38056270863707775
2010-04-14,-11.75986134711472,-6.129201047757215,-24.635676318501375,-0.42594274886458283,-21.017572906557625,-0.29958969286468795
2010-04-15,-11.685966550066595,-5.971432595002046,-24.14077995457873,-0.42026663191092606,-20.85339989607966,-0.18621850036062426
2010-04-16,-13.110258962549693,-5.40344981723101,-25.213104248114547,-0.3009988492647775,-22.244125334149235,0.0
2010-04-19,-12.716139059677168,-5.6347894443318225,-25.708016451508563,-0.42026663191092606,-22.476352102366025,0.0
2010-04-20,-12.011910153119343,-5.592763786611011,-24.66319740004581,-0.5168126150876029,-21.195830876553156,-0.0808458435725079
2010-04-21,-12.100758954656554,-5.287730376271504,-24.965612507606906,-0.5735997821064376,-21.62166594788123,0.0
2010-04-22,-11.897540208552792,-5.508624893388648,-25.762979417240505,-1.0336252301752058,-22.39734610615367,0.0
2010-04-23,-11.270293550598288,-5.771539229707878,-25.433066987342045,-1.0165882134868132,-21.254959450611643,-0.06451794004529443
2010-04-26,-11.650334674379103,-5.708407326827203,-24.718199964456222,-1.436846179570328,-20.342023112478746,0.0
2010-04-27,-13.71551759595021,-4.824870127989667,-27.055274369739514,-1.5958641125469186,-22.513213786650766,0.0
2010-04-28,-13.142368458723775,-5.308702335500904,-27.880099003031987,-2.589730526564271,-23.4588532754472,-0.12823084125956896
2010-04-29,-12.011469855680168,-5.15101562200776,-27.027769127666456,-1.715131895193056,-22.696877236094814,-0.3846555334016122
2010-04-30,-13.475786379280585,-4.5723425164669536,-27.55017073366214,-1.2267171965285706,-22.81273877400163,-0.1362281607888871
2010-05-03,-12.340049873887004,-4.82245881975979,-27.27524502870271,-1.2210410795749138,-22.41999383652491,-0.3606043902103062
2010-05-04,-14.429422307207984,-4.178884740167232,-29.00740210177114,-1.1472082300402864,-24.43355335886972,0.0
2010-05-05,-14.962541963836118,-3.8095517232037635,-29.777303368010156,-1.306226163016866,-25.04254818723868,0.0
2010-05-06,-17.70292100838423,-2.7545255526274737,-30.794601337928473,-2.1240376273692463,-25.673945042367595,0.0
2010-05-07,-18.96226296560515,-3.0183156667541566,-33.819104841777936,-2.640850242456849,-28.104027469172333,-0.0079131932897325
2010-05-10,-15.396251049867772,-3.7567948680821583,-28.75992620073489,-0.19877674913443277,-24.294540398188502,-0.9707870552399189
2010-05-11,-15.666330572954767,-3.640690084887388,-28.897436571628788,0.0,-24.045458362236783,-0.8366489564640256
2010-05-12,-14.47868729506705,-3.8834148234852317,-27.907596325369354,0.0,-22.211538892701043,-0.8129166631448359
2010-05-13,-15.511936517270886,-3.6196772560269874,-27.82514395703575,0.0,-21.350059033363912,-0.7418946603870213
2010-05-14,-17.099418195259453,-2.9972327756691675,-30.107231637380018,0.0,-23.806437889167643,-0.2920376370709299
2010-05-17,-16.99209300971972,-3.208195972449668,-30.024723830896537,-0.16392998638775635,-23.67799632636246,-3.5990602099284175
2010-05-18,-18.155981703815783,-2.501291480340073,-29.19988335813266,0.0,-22.55824511601111,-3.354385147796013
2010-05-19,-18.56813769325165,-2.4169132078503353,-31.262016218985124,0.0,-24.66238327466034,-2.8571145436914636
2010-05-20,-21.7343058394072,-1.4673832319610836,-32.664284621362185,-0.022505790606019982,-26.181924973542326,-2.501982670252423
2010-05-21,-20.557659258536965,-1.4145913457271897,-33.04921545514246,0.0,-26.6678898611449,-2.3678081387265904
2010-05-24,-21.581672973480025,-1.4145913457271897,-32.71927134630121,0.0,-26.964398836667115,-2.257293035020047
2010-05-25,-21.553961082216745,-1.07699651650619,-34.36901960958239,0.0,-28.670755133808036,-1.6416669994191113
2010-05-26,-21.98283226589841,-1.277374478853821,-32.93922616579301,-0.4931848120525495,-27.56396478895258,-2.091538595835185
2010-05-27,-19.389372959530114,-2.216435990684529,-31.069558721830692,-0.8014306643948754,-25.310629254933904,-2.446728761674155
2010-05-28,-20.384794188331533,-1.7732982586267654,-31.097071883639437,-0.6220845133247388,-25.19690533844536,-2.34411227815734
2010-05-31,,,-30.849611822074586,-0.6613196907570229,-24.9685791150579,-2.2178582264712254
2010-06-01,-21.74794432105974,-1.6464038928440283,-30.73959085378235,-0.9135177329661404,-24.755474230390263,-2.336228231067572
2010-06-02,-19.713115075386977,-2.2071118762943986,-30.629633243375697,-1.1993495922722808,-24.756352620800637,-2.194176939001957
2010-06-03,-19.38453505718014,-2.3447257624404805,-29.694787641790988,-1.524399525620368,-23.832605323770718,-2.296756989768811
2010-06-04,-22.15570270558481,-0.9903295446796134,-30.904590627277916,-1.4963841722489324,-25.28874320575767,-1.602203044670325
2010-06-07,-23.204786527156095,-0.5883241769790493,-31.4820264766268,-1.8550679226940425,-25.71557951930177,-1.5311518957125791
2010-06-08,-22.35056116982519,-0.895150012564494,-32.16940409691096,-1.7317695817571144,-26.173497339674867,-1.223353451012077
2010-06-09,-22.80714424477015,-0.8845239085006007,-30.904590627277916,-1.4571489948166483,-24.711695989447524,-1.5706449966612857
2010-06-10,-20.529512439315468,-1.8050364463692348,-29.804792770611822,-1.176927047540921,-23.807948966377126,-1.80742872515397
2010-06-11,-20.152542658646954,-1.180782025209326,-29.47482490256349,-0.9695655430993488,-23.918147036043557,-1.5706449966612857
2010-06-14,-20.295059422435003,-1.2654872547471774,-28.73246055734031,-1.4907742602185081,-22.947347497450366,-1.9494654441195913
2010-06-15,-18.42166362199198,-1.5722897362577593,-29.172393955531007,-1.8494580106636183,-22.31771970832278,-2.0757705016556383
2010-06-16,-18.46521011262272,-1.297213765452221,-29.14488079372225,-2.219353033474414,-22.118196090769548,-2.1230966438442245
2010-06-17,-18.349524645219596,-0.8316269289298184,-29.00740210177114,-1.8999044604615767,-21.707711352557226,-2.067857308365917
2010-06-18,-18.24175916224069,-1.0326237742613764,-28.8149525243524,-1.8942945484311524,-21.790237053001405,-2.4940913366126694
2010-06-21,-18.556260401355818,-1.1067379308476455,-28.045090856791855,-1.8942945484311524,-20.834278012530515,-2.833462402422171
2010-06-22,-19.853870649418315,-0.5142216974302061,-28.40251644849907,-1.7373709420923644,-21.13532021968114,-2.352010898347101
2010-06-23,-20.091400378892054,-0.14401290265928512,-29.19988335813266,-1.950342358564372,-21.946983671827937,-2.059995120926128
2010-06-24,-21.43387800990283,-0.22865974700997382,-30.40964674494111,-1.714956949056179,-23.067109580186507,-1.7284643829064694
2010-06-25,-21.209106167203274,-0.06992210014787892,-30.87708538520486,-1.9167170931625122,-23.631699623403936,-1.7758779636949051
2010-06-28,-21.354264715626382,0.0,-30.024723830896537,-2.0512181547699515,-22.54201639248499,-1.657435093598647
2010-06-29,-23.790688181675744,0.0,-32.05938312861873,-1.7373709420923644,-25.123317106862086,-1.4206586516559816
2010-06-30,-24.55254235795602,0.0,-32.25184062577316,-1.793418752225584,-24.953609622539673,-1.5548623293817898
2010-07-01,-24.79270850258385,-0.04394137903944717,-33.95654789491842,-1.6252838735211106,-26.31338254817618,-1.4759052736842748
2010-07-02,-25.140645499671542,-0.2220833520315879,-33.874083646981276,-1.36747591928158,-26.606248967660918,-1.618007571599811
2010-07-05,,,-34.06652530466431,-1.014402080866883,-26.832056729032594,-1.3338394085186778
2010-07-06,-24.739926504692335,0.0,-32.471819204472055,-1.3842885519825043,-25.262323924953023,-1.681116381067893
2010-07-07,-22.344842672596865,-0.31425587413156375,-31.536989442358742,-1.5916586081192508,-24.609673707446976,-1.7679647704051837
2010-07-08,-21.61114605450002,-0.5553630015207589,-30.904590627277916,-1.3842885519825043,-24.07124495624233,-1.9652408248491127
2010-07-09,-21.046357199136978,-0.8172313626116701,-30.464649309351532,-1.5131968049498568,-23.69912683693395,-1.9810307786786274
2010-07-12,-20.986530442218644,-0.6495728664516309,-30.134744799188763,-0.9975894481659475,-23.548799224952532,-1.6653264272384227
2010-07-13,-19.765021847881105,-1.1420754659311028,-28.86994716902712,-1.3114366608435346,-22.11543192514246,-1.9889293988683665
2010-07-14,-19.776018544898577,-0.6495728664516309,-28.787478961222124,-1.6196825131858605,-21.88106753550739,-2.1389157438736928
2010-07-15,-19.680124984334533,-0.13618215906450182,-29.52981162750252,-1.7037456766905046,-22.640899810851224,-2.1230966438442245
2010-07-16,-21.99250807059836,0.0,-30.959561512745548,-1.2722014834112505,-24.013252761386106,-1.8153200587937013
2010-07-19,-21.524928298635928,-0.26087017434102133,-31.34451610573291,-1.1601144148399967,-24.40524830284837,-2.1783724120724712
2010-07-20,-20.626721522716075,-0.15646239051795297,-31.372005508334567,-0.9135177329661404,-24.928824270750148,-2.044190593996642
2010-07-21,-21.633139448534976,0.0,-30.574622759229587,-0.8967051002652049,-24.640871923491336,-2.0284006401671384
2010-07-22,-19.8666285361925,-0.5502659386321107,-29.14488079372225,-1.0424174342383186,-22.73160129896128,-2.1546838380532063
2010-07-23,-19.207267012582953,-0.8720963123107772,-28.73246055734031,-1.171325687205671,-22.427291233780412,-2.3993734732856153
2010-07-26,-18.30202084711724,-0.9032736297609034,-28.26503775654796,-1.1320905097733869,-22.076684465641016,-2.786092540933649
2010-07-27,-18.387352638622012,-1.2458355481076433,-28.100109260673666,-0.9079163726308792,-21.91188491095425,-2.888694451350471
2010-07-28,-18.947303591635077,-0.8202103074634315,-28.29256675782811,-0.6949449561588827,-22.268781691542827,-2.6913673910566094
2010-07-29,-19.271486004931116,-0.6125862876260713,-28.73246055734031,-0.5604438945514434,-22.825318798900007,-2.4703954760434077
2010-07-30,-19.26664810258114,-0.03124588926269878,-28.787478961222124,-0.5436227101553448,-22.658381622794955,-2.1783724120724712
2010-08-02,-17.48738467294545,-0.34035619170895703,-27.440205203519785,-0.4539581863154396,-20.84484941040654,-2.415148854015148
2010-08-03,-17.882385170696335,0.0,-26.86280895284938,0.0,-20.646333177659614,-1.7679647704051837
2010-08-04,-17.35718012901144,-0.4158011988826149,-26.86280895284938,0.0,-20.351709977354115,-1.6890368609076334
2010-08-05,-17.458351889364632,0.0,-27.082755852605477,0.0,-20.323404921332767,-1.4048759843764858
2010-08-06,-17.754822411397384,0.0,-27.797646634698392,0.0,-21.253700219603743,-1.1286210145850628
2010-08-09,-17.30219664392405,-0.020716200295289866,-26.80782222791035,0.0,-20.096712626960432,-1.1839040693632952
2010-08-10,-17.793971297117327,0.0,-27.46771836532854,-0.35579240175437343,-20.91881848258732,-1.1444328280645233
2010-08-11,-20.070287579735446,0.0,-28.73246055734031,0.0,-22.581648384987098,-0.4183062618570377
2010-08-12,-20.489042661278,-0.2554023186502219,-28.8149525243524,-0.04443065208231678,-22.819409627048326,-0.3472623994492552
2010-08-13,-20.806625982467352,0.0,-28.67746591266559,-0.11662304672074297,-23.130888095088775,-0.20518924773366143
2010-08-16,-20.79299287029578,0.0,-28.73246055734031,0.0,-23.128879468066422,0.0
2010-08-17,-19.804165364120074,-0.5062096937867078,-28.045090856791855,0.0,-21.92333469924066,-0.2679115759393169
2010-08-18,-19.673966189667034,-0.6074538554919351,-28.127574904068243,0.0,-22.176065433820135,0.0
2010-08-19,-21.03315901492361,-0.16201955705095195,-29.08990990825462,0.0,-23.574714813354014,0.0
2010-08-20,-21.32214984997133,-0.48584749110320846,-29.804792770611822,0.0,-24.45493571564279,0.0
2010-08-23,-21.638857945763302,-0.35440458229586413,-29.117407230591972,-0.033066734016440336,-24.38260057247713,-0.10187326089239335
2010-08-24,-22.774594451156894,0.0,-29.8322742534778,0.0,-25.332017754297254,0.0
2010-08-25,-22.51199461505493,-0.4535633970077946,-30.87708538520486,0.0,-25.78414311203403,0.0
2010-08-26,-23.10493565912043,0.0,-30.437175746221257,-0.049372579818585116,-25.619595403548836,-0.007753866549242705
2010-08-27,-21.80908660081463,-1.1490088281353783,-29.914766220489874,-0.4498530123551947,-25.134134208349412,-0.3502462481418278
2010-08-30,-22.94438280876905,-0.39309565512051226,-29.859771575815152,-0.17554974082325536,-25.621733024967106,0.0
2010-08-31,-22.910952420277443,0.0,-30.052236992705296,0.0,-25.460582168908086,0.0
2010-09-01,-20.627602117594424,-0.7200926557119347,-28.07259609886491,-0.3949107019411091,-23.46438774929165,-0.6371411521479797
2010-09-02,-19.900939519562467,-1.134216170041058,-27.742667829495062,-0.5210685436962792,-23.465014293500452,-0.9712598919139004
2010-09-03,-18.839978406095348,-1.6998088992532856,-27.46771836532854,-0.8337013006794791,-22.826326183706325,-1.4296778614162564
2010-09-06,,,-27.302686912890195,-0.9214610942740675,-22.56944305809594,-1.3053499384134915
2010-09-07,-19.765897073278495,-0.9221548448082095,-27.66015210327589,-0.6965797616508951,-23.036789754552533,-0.683782056565474
2010-09-08,-19.23102159637461,-1.1947972193995238,-27.055274369739514,-0.7678856401008183,-22.45119205256927,-0.9479466130217329
2010-09-09,-18.840418703534525,-1.9724623348359005,-26.395394071792722,-0.9982488213606922,-21.733123248555554,-1.3131186402720152
2010-09-10,-18.444097313466113,-2.2553029434072114,-26.230378458825765,-1.2999178810705003,-21.81803841661959,-1.7171700433978532
2010-09-13,-17.506736282345347,-1.7907191867605254,-25.625508645025096,-1.4150952870831568,-21.2279074830079,-1.8181631675587062
2010-09-14,-17.565682444385335,-1.2958061919650543,-25.73550585411023,-1.2779737480545728,-21.055183986856818,-1.4607670154835328
2010-09-15,-17.272288634945852,-1.6391725449383165,-26.395394071792722,-1.48640116553308,-21.225518015388044,-1.7016469863139427
2010-09-16,-17.288563531752477,-1.9825831418767925,-26.422875554658688,-2.0403691702841287,-21.379248622385916,-2.167840830991441
2010-09-17,-17.219941565012554,-1.7603899486117403,-26.670319776752148,-1.8977657826188432,-21.88106753550739,-1.7871170533909186
2010-09-20,-15.958843787515898,-1.4574404578542532,-25.81796614217953,-2.3091303997045953,-20.814025892369415,-2.167840830991441
2010-09-21,-16.172618933197967,-0.538272080697455,-25.927971271000374,-2.07328536980802,-21.04801558399725,-2.0202068024130715
2010-09-22,-16.56717913350968,-0.3868139268056625,-27.027769127666456,-1.458975183880451,-21.899053039854287,-1.3286847372553923
2010-09-23,-17.26217253280672,-0.24547657995476202,-27.082755852605477,-1.349279626504496,-22.196194702175585,-0.9790142471392649
2010-09-24,-15.508419507238436,-0.7403895747502331,-26.395394071792722,-1.6893383651403249,-20.767231639598016,-1.39081283217386
2010-09-27,-15.986115381340005,0.0,-26.532872763743832,-1.26701005078117,-21.01140574591409,-0.8935585266954593
2010-09-28,-15.563402992325825,0.0,-26.86280895284938,-1.4480114866070481,-21.04663350118371,-0.8080956329350797
2010-09-29,-15.772340235657934,-0.2414757729594319,-27.165247819617566,-1.4480114866070481,-21.413591844654878,-0.8080956329350797
2010-09-30,-16.031423061727445,-0.36225774447300463,-27.60518121780825,-1.376705608157125,-21.63877306181774,-1.0100962278899561
2010-10-01,-15.658850885969732,-0.3088156621781524,-27.66015210327589,-1.2450659177652423,-21.861190113353523,-1.0955662949669098
2010-10-04,-16.33052999891429,0.0,-28.01760145419019,-0.9708228397080632,-22.831485959543553,-0.8547006707696592
2010-10-05,-14.585577552648566,0.0,-27.027769127666456,-1.0585826333026627,-21.804702853116474,-1.0334166800986977
2010-10-06,-14.599650962259314,0.0,-26.780301146365904,-0.58688420427494,-21.114060714713723,-0.543895209895906
2010-10-07,-14.739966238851476,0.0,-26.725338180633962,-0.9050071791294023,-21.044618731571074,-0.8391560937360265
2010-10-08,-14.217843279240828,0.0,-26.725338180633962,-0.6965797616508951,-20.85063573045257,-0.6915292384742644
2010-10-11,-14.205090761947602,0.0,-26.587867408418553,-0.6088199680563067,-20.626210051894446,-0.7925295359517026
2010-10-12,-13.877385969138157,-0.28981102347419574,-26.642854133357574,-0.477188646898985,-20.68835463778158,-0.5749700173300343
2010-10-13,-13.25453691609445,-0.28981102347419574,-25.515527275411344,-0.7020699795221574,-19.05357794520158,-0.8313730452443435
2010-10-14,-13.570359047527102,-0.8593127201339978,-25.708016451508563,-0.6636719313615647,-18.79254242856029,-0.9401779111632202
2010-10-15,-13.395732787564974,-1.2889636215438816,-25.845479303988284,-0.7624037914641169,-18.326706809313176,-1.3986030539821503
2010-10-18,-12.766719570372798,-0.8193771846910392,-25.46054847020801,-0.7514317249561531,-18.020633820721255,-1.499624871409333
2010-10-19,-14.152303394575128,-0.4796085313133691,-25.81796614217953,-1.1518242755339525,-18.346958929474276,-1.6938424178725042
2010-10-20,-13.235620234652757,-0.5395991729916116,-25.68047953049273,-1.190222323694523,-17.921001006340564,-1.9269536868444126
2010-10-21,-13.076828574058085,-1.0891221846157095,-25.13058852189538,-1.7661260922269606,-16.833332545034253,-2.214431522192839
2010-10-22,-12.869652520482688,-1.0592087436332998,-25.26807513358218,-1.6454584683430307,-16.8983702909444,-2.152289080641201
2010-10-25,-12.681387778868025,-1.0891221846157095,-25.213104248114547,-1.2231301539838757,-16.47857338586395,-1.9891176483458062
2010-10-26,-12.680507183989665,-1.7486262197642266,-25.323046019049812,-1.5467349774750394,-16.798233784160555,-2.362087070720953
2010-10-27,-12.903958134371695,-2.3181715856809393,-25.927971271000374,-2.0952211335893867,-17.374396467470042,-2.696191463853681
2010-10-28,-12.798394138588664,-1.7486262197642266,-25.652998047626753,-2.1171568973707533,-17.03121609098208,-2.6418033775274297
2010-10-29,-12.836222131991082,-1.309007810464946,-25.81796614217953,-1.991007424850133,-16.954599562389582,-2.323243561428312
2010-11-01,-12.753526755640399,-1.4742850305499156,-25.570529839821766,-1.9416456794161374,-16.910698469641193,-2.128990148382204
2010-11-02,-12.076569442906681,-1.143741507694196,-25.213104248114547,-2.100702982226088,-16.288613781380423,-2.0745805421061747
2010-11-03,-11.736992727682372,-0.8232309966132334,-25.515527275411344,-1.9197015464002098,-16.747913684567052,-1.7249315719397806
2010-11-04,-10.01974680319897,-0.02195471891082157,-24.305740129395815,-1.8100059890242548,-15.277432854270668,-1.4296778614162564
2010-11-05,-9.661253406532966,-0.4425660841406165,-24.195790438724853,-2.1445828790233823,-15.031993374356423,-1.64724455335451
2010-11-08,-9.84072293832603,-0.41256530464437446,-24.030774825757895,-2.1610367941680475,-15.07854192351652,-1.4296778614162564
2010-11-09,-10.537472157898819,-1.2538426216751053,-23.508396978969305,-2.3804362781545185,-14.609180457447302,-1.5540057844190214
2010-11-10,-10.12795258361705,-0.8833089768052971,-24.00329334289193,-2.928922434268866,-15.4642474525296,-1.763796601182177
2010-11-11,-10.509760266635537,-0.9934100907862065,-24.085769470432627,-3.329314984846665,-15.419332832384624,-1.577326236627774
2010-11-12,-11.561485872841882,-1.8147742266665934,-24.553192271224965,-3.2086473609627464,-15.278440239076986,-2.1600434358665654
2010-11-15,-11.663532858592463,-3.0767284128124683,-23.81082792600179,-3.214129209599448,-14.579493318612414,-2.4941693489490713
2010-11-16,-13.070669779390576,-2.3556725600512363,-25.295596215126636,-3.7406796019324173,-16.176271947705423,-2.944840136542637
2010-11-17,-13.03811998577732,-2.636105610604289,-25.185599006041492,-3.5487060995985753,-15.712954790474098,-2.773878482438963
2010-11-18,-11.701801149434054,-2.8664172715404668,-24.085769470432627,-4.190442267178773,-14.051887811485376,-3.4421303086039745
2010-11-19,-11.4726317018237,-2.6661173074147615,-24.47073198315567,-4.08622855843952,-13.907973063758794,-3.434375953378621
2010-11-22,-11.607668778626712,-2.145263162951172,-25.048120314090383,-3.724225686787752,-14.178443599073864,-3.0847054632624715
2010-11-23,-12.867010735847629,-1.9448976949401064,-26.175423412829524,-3.696799705135123,-15.650933056392603,-2.4397812626227977
2010-11-24,-11.561920800800095,-2.996660830270481,-25.4055459057976,-4.557926987467242,-14.15642855550171,-3.1856842407901653
2010-11-25,,,-25.048120314090383,-4.903467574739773,-13.453703942013462,-3.3721761252943128
2010-11-26,-12.201050120131395,-2.575962126526865,-25.46054847020801,-5.013171501350289,-13.839661317228114,-3.3566674148435838
2010-11-29,-12.297824275573788,-2.365607315997953,-26.532872763743832,-5.665862996969329,-15.739367928688463,-3.496468181714152
2010-11-30,-12.825225434973596,-2.1953845525680693,-26.697848778032295,-5.654899299695925,-15.858626319021452,-2.8904592235329596
2010-12-01,-10.928075050738906,-3.481487837784436,-25.295596215126636,-5.468407645998785,-13.617625106289843,-3.550884961306777
2010-12-02,-9.784858858360291,-3.722509383977446,-24.085769470432627,-4.974773453189696,-12.47309468673926,-3.8072951625376716
2010-12-03,-9.54557330861081,-3.712509124145369,-23.893304053542487,-4.9199214898844374,-12.597506710319184,-4.0481894800012626
2010-12-06,-9.65993251421543,-3.110004386576859,-23.893304053542487,-4.991227368334361,-12.513727921457395,-3.737398365760669
2010-12-07,-9.61199378815486,-4.716454423160776,-23.288410480534715,-5.424536118436052,-11.915795898187053,-4.436689132776861
2010-12-08,-9.25393531944707,-5.529794333084204,-23.095968822851663,-5.638445384551261,-12.243380237947976,-4.980577169356193
2010-12-09,-8.898078337935155,-5.329014007132504,-22.821027278420846,-5.4190459005647895,-12.390691838100732,-4.62313797738153
2010-12-10,-8.350444974257098,-6.132157145567751,-22.73851947193737,-5.676835063477292,-11.86220794056332,-4.662003006623916
2010-12-13,-8.331533662296376,-5.831003032611548,-22.381093880230154,-5.775566923579845,-11.570097059683315,-4.8406974960032105
2010-12-14,-8.246642168230778,-6.825013575680239,-22.353580718421394,-6.093681529199757,-11.595134257674411,-5.174844929035471
2010-12-15,-8.714656868151426,-7.206551873291033,-23.288410480534715,-5.956559990171173,-11.733889229563776,-5.081591813466801
2010-12-16,-8.147231597634297,-6.654288615795911,-23.150971387262086,-6.307590795314965,-11.632874332369536,-5.29916567872164
2010-12-17,-8.069814421072763,-5.851123642732203,-23.453394414558883,-6.011411953476431,-12.160602691302225,-4.96506128558889
2010-12-20,-7.833600214435588,-5.86111298525005,-22.93097696909182,-5.73168702678255,-11.705836019744009,-4.45221218986076
2010-12-21,-7.2644137541617475,-5.660310824669901,-22.106128576592244,-5.94559629289777,-10.95870662110421,-4.553219660654772
2010-12-22,-6.937594925711621,-5.921365642469745,-22.051141851653234,-5.890744329592512,-11.085391403088629,-4.304592507915572
2010-12-23,-7.0836233300511475,-6.252684294635602,-22.051141851653234,-6.049810001637024,-11.214084812095404,-4.444457834635395
2010-12-27,-7.026449096729803,-5.891212020574333,-22.79350619687639,-6.307590795314965,-12.3080432858509,-4.7474659003842845
2010-12-28,-6.9538644530372835,-6.879818493100586,-22.573519698441814,-6.208867304446974,-12.29080717751846,-4.436689132776861
2010-12-29,-6.843457185423318,-5.832815306773254,-22.243599348807653,-6.307590795314965,-11.996810521421764,-4.522137679904093
2010-12-30,-6.981141416342362,-6.02414123860423,-22.98596369403083,-6.208867304446974,-13.01931838501228,-4.2113250457137426
2010-12-31,-6.999172133424725,-5.550984839999118,,,,
2011-01-03,-5.943048922307581,-5.842957491690282,-22.408575363096116,-5.709742893766623,-12.06889381838584,-3.8694662973556504
2011-01-04,-6.064893184378207,-5.621467020649662,-22.298593993482374,-5.457443948725382,-12.249922096598741,-3.8150710377127806
2011-01-05,-5.5823594079266625,-6.638196494625081,-22.353580718421394,-5.852354650666481,-12.696893821088583,-4.219115267522044
2011-01-06,-5.746869565749668,-6.154985249616751,-21.9136710794378,-6.027865868621096,-12.173938254805329,-4.040420778142728
2011-01-07,-5.920615230833448,-5.5307878086788715,-22.216109946205975,-5.923652159881843,-12.596001775699994,-3.636362201700305
2011-01-10,-6.050374107847311,-5.208672452406516,-22.79350619687639,-6.099171747071019,-13.7380137332348,-3.682981586168066
2011-01-11,-5.700240993044692,-5.581193048465671,-21.94117632151086,-6.011411953476431,-12.67487877751643,-3.954936364432604
2011-01-12,-4.840737435924636,-5.852935916893909,-20.868852027975038,-6.099171747071019,-11.074574301601302,-4.693084987374608
2011-01-13,-5.003497142952873,-5.218781885380864,-21.336219390617515,-5.863318347939883,-10.994941761180144,-4.778540707818402
2011-01-14,-4.298827938955874,-5.4805026593485735,-21.446256198381143,-5.824928669013851,-10.987515369528712,-4.79410680480179
2011-01-17,,,-21.226277619682254,-5.868808565811145,-10.957828230693822,-4.786323756310107
2011-01-18,-4.165106384989425,-5.712015224849731,-20.538876240191005,-6.428258419198896,-10.135218682663771,-5.159278832052072
2011-01-19,-5.121819025510077,-5.470425978316906,-21.52871648645044,-6.181441322794345,-10.898705799225628,-5.058235494675156
2011-01-20,-5.244543882459052,-6.205270398947049,-22.573519698441814,-6.362442758620224,-11.634508261384656,-5.43121926368344
2011-01-21,-5.013613245091997,-5.893275392963271,-21.968657804376825,-6.148533492505015,-11.154581540029696,-5.547756964877937
2011-01-24,-4.459375419826294,-5.883122290732013,-21.693708340210303,-5.951078141534472,-11.087277178305332,-5.400144456249323
2011-01-25,-4.431228600604797,-5.41005323064071,-22.298593993482374,-6.137561425997051,-11.197481390562046,-5.392397274340555
2011-01-26,-4.024350810958078,-5.98386726642024,-21.693708340210303,-6.455684400851524,-10.337758312045676,-5.617725494820758
2011-01-27,-3.803976573169332,-5.631423611224829,-21.556213808787817,-6.724445630271991,-9.98262445486815,-5.819740436408816
2011-01-28,-5.518580713017673,-5.198661275260208,-22.271104590880707,-6.5489260430828145,-10.646601608854967,-5.64880747557146
2011-01-31,-4.7950001970599505,-5.5710836154913235,-22.161139060738357,-6.406322655417518,-10.965125627949323,-5.578853292261787
2011-02-01,-3.2053116623945277,-6.010145241765019,-21.143793572405865,-6.340506994838857,-9.621704277644593,-5.998456445737855
2011-02-02,-3.451641971170827,-6.232181578516993,-21.006330719926147,-5.994958038331766,-9.629253521101667,-6.107225445073805
2011-02-03,-3.210595231664648,-6.7670535544482435,-20.951359834458515,-6.033347717257797,-9.50332427772198,-5.8042030326917455
2011-02-04,-2.9299539395183816,-7.342265006448856,-20.538876240191005,-6.159505559012979,-9.219899019501309,-6.122762848790863
2011-02-07,-2.322934116361164,-7.3826481517751175,-19.961503748727694,-6.274682965025635,-8.37187757547293,-6.052844532064105
2011-02-08,-1.8835065331011869,-8.018483449679149,-19.90654078299575,-6.505046146285521,-7.8734555147776275,-6.130545897282569
2011-02-09,-2.14523651328673,-7.493633568208436,-20.208971730028257,-6.702501497256064,-7.902896950001215,-6.348091069271056
2011-02-10,-2.062976064894262,-7.796414360984494,-20.37393190484532,-6.751871611924621,-7.659097541692372,-6.3403223674125435
2011-02-11,-1.5100591319460843,-7.37260422268613,-20.04397195653269,-6.691537799982661,-7.270118012058768,-6.16938940657521
2011-02-14,-1.2545040548709419,-7.342265006448856,-19.714035767427152,-6.8780210844452405,-6.950211910150861,-6.16938940657521
2011-02-15,-1.56197127392117,-7.13039268924236,-19.604070237284787,-6.834141187647946,-6.9073120596185085,-6.146068954366446
2011-02-16,-0.9285550823372346,-7.261498715796333,-19.24662880610618,-6.428258419198896,-6.727923853011008,-5.796405637566904
2011-02-17,-0.6153747355396422,-6.918476702778964,-19.191657920638562,-6.219839370954938,-6.838502763274956,-5.439002312175145
2011-02-18,-0.42314731697238317,-6.938619147528069,-19.136671195699517,-6.570870176098742,-6.570544547385381,-5.850793723893144
2011-02-21,,,-20.153961245882137,-6.335016776967595,-7.8914471617148045,-5.446756667400498
2011-02-22,-2.4658911775883863,-6.040364367545791,-20.813873222771704,-6.137561425997051,-7.93497355645596,-5.252524774304145
2011-02-23,-3.0579623657374655,-6.272477385329445,-21.556213808787817,-6.148533492505015,-9.49175163762993,-5.182606457577399
2011-02-24,-3.13097656790724,-6.030342273085266,-21.99616304644988,-6.247265352607567,-10.298132462133847,-5.1126737942174705
2011-02-25,-2.0832082691725096,-5.727561480309207,-21.061317444865157,-6.329534928330894,-9.610383483754104,-5.174844929035471
2011-02-28,-1.533373418298567,-5.767846369807428,-20.538876240191005,-6.422776570562183,-8.514035542378739,-5.2836211016880075
2011-03-01,-3.083027102884728,-5.660714765296304,-20.868852027975038,-6.3734148251281875,-9.130708608600724,-5.361308120273279
2011-03-02,-2.9106023301184836,-6.156328079266693,-21.501235003584483,-6.406322655417518,-9.661330127556411,-5.470055599659496
2011-03-03,-1.235141706509113,-6.793571710706026,-21.25376702228392,-6.516018212793484,-9.097243776742147,-6.3558525978130165
2011-03-04,-1.963125196858595,-6.125967028400958,-21.556213808787817,-6.483110382504154,-9.689260485570529,-6.107225445073805
2011-03-07,-2.777761371030385,-6.358625911895965,-21.99616304644988,-6.883502933081942,-9.902740068245407,-6.122762848790863
2011-03-08,-1.8918721844455422,-6.581229948987755,-21.693708340210303,-7.1632362290103835,-9.867266609364489,-6.216008791042937
2011-03-09,-2.010634364441921,-6.0350039662602555,-21.85867643476308,-7.18517199279175,-10.281780886802071,-6.146068954366446
2011-03-10,-3.8602809505742464,-5.235823812889462,-22.683524827262648,-6.949326962895164,-11.146153906162226,-5.881875704643857
2011-03-11,-3.149447582428777,-5.458329594153211,-23.370926206753882,-6.609259855024774,-12.17267902379744,-5.563308715228155
2011-03-14,-3.7322725243551624,-5.24596599780649,-24.58067375409094,-6.302108946678264,-13.617625106289843,-5.672113581147031
2011-03-15,-4.809948832068089,-4.901994178451363,-25.845479303988284,-5.709742893766623,-16.37226971843656,-5.081591813466801
2011-03-16,-6.66267750027465,-4.092748261363122,-26.835303710776326,-5.440990033580717,-18.055732581594942,-4.638696901048334
2011-03-17,-5.409494337721233,-4.386118329275368,-25.73550585411023,-6.027865868621096,-16.256285328724097,-5.2836211016880075
2011-03-18,-5.002176250635348,-4.446818596378376,-25.59802716215912,-5.868808565811145,-16.1616832957847,-5.42347208177466
2011-03-21,-3.576997873792931,-4.942431910348766,-24.33322161226178,-6.07174576541839,-14.25303921546346,-5.695426860039198
2011-03-22,-3.9077793791956417,-4.891851993534335,-24.498213466021646,-6.307590795314965,-14.695225862123296,-5.7653308301327755
2011-03-23,-3.626708528572131,-5.0132743623688025,-24.05828006783095,-6.362442758620224,-14.39984712321305,-5.664352052605071
2011-03-24,-2.72674056289558,-5.4987782433648436,-23.370926206753882,-6.417294721925481,-12.775389982307495,-5.703174041947978
2011-03-25,-2.418833046406166,-5.751612323551636,-23.178429110920963,-6.477628533867453,-12.614619966845986,-5.866359820876543
2011-03-28,-2.6871460102554923,-5.721393197770864,-23.233439595067086,-6.664111818330031,-12.71186331360682,-6.045047136939264
2011-03-29,-1.9794054631461888,-5.994555317048633,-23.095968822851663,-6.856076951429313,-12.764572880820168,-6.231531848126826
2011-03-30,-1.3134394779489966,-5.670856950213333,-22.546069894518627,-6.84511325415591,-11.22087851694774,-6.239314896618509
2011-03-31,-1.4942299020595962,-5.913548845483108,-23.150971387262086,-7.1906538414284515,-11.420144145709122,-6.3558525978130165
2011-04-01,-1.004211069142058,-5.712713932960267,-21.99616304644988,-7.27841363502304,-9.677810697284118,-6.519052723374729
2011-04-04,-0.9575932353990124,-5.499651628503011,-21.99616304644988,-7.026114689981789,-9.734168963125233,-6.425799607806093
2011-04-05,-0.9743030601638503,-5.976519913945366,-21.748695065149327,-7.0754764354157835,-9.734420809326815,-6.550098837542528
2011-04-06,-0.7169760543700776,-6.3821308894270405,-21.446256198381143,-7.009660774837123,-9.233738275407577,-6.7598968276222475
2011-04-07,-0.8643360899890595,-6.372032373766912,-21.748695065149327,-6.751871611924621,-9.690771562780009,-6.658882183511661
2011-04-08,-1.2610977774966559,-6.645805862641407,-21.52871648645044,-7.18517199279175,-9.2097084622228,-7.109552971105238
2011-04-11,-1.5351346080552775,-6.524121478265488,-21.638697856064194,-7.09193035056045,-9.362683530615934,-7.12511189477204
2011-04-12,-2.300060127447856,-5.996815201093653,-22.903479646754445,-6.7408995454166565,-10.645213383451136,-6.837619712790444
2011-04-13,-2.271473010787184,-5.63154370168133,-22.32608339608404,-6.784779442213951,-9.70095597746824,-6.790985981689534
2011-04-14,-2.261797206087235,-5.94600602068045,-22.656043344396682,-6.976744575313232,-10.096096525155108,-6.666686751953099
2011-04-15,-1.8786740002321722,-5.25630469437961,-22.518564652445573,-6.993198490457897,-9.696932580833263,-6.386963271830027
2011-04-18,-2.9585517951409845,-5.023056275916337,-23.78333060366441,-6.729927478908692,-11.60205081433241,-5.563308715228155
2011-04-19,-2.399470698044337,-4.9013282222835075,-23.288410480534715,-6.702501497256064,-11.445304195505868,-5.726494494156742
2011-04-20,-1.0781166051521018,-5.276643650784818,-22.216109946205975,-6.867049017937276,-8.805010044056505,-5.89744897494382
2011-04-21,-0.5529061939862467,-5.205637439051369,-21.58371113112516,-6.949326962895164,-8.222551205707552,-5.672113581147031
2011-04-25,-0.7112629266227133,-4.870956254103542,,,,
2011-04-26,0.0,-4.4651924362226865,-21.25376702228392,-6.987716641821196,-7.454923983295347,-5.532233907794026
2011-04-27,0.0,-4.739042346296774,-21.033804283056423,-7.2235700409523425,-6.845542171738595,-5.835277840125852
2011-04-28,0.0,-4.373923689283632,-20.758862738625595,-6.713473563764028,-5.961543576426143,-5.42347208177466
2011-04-29,0.0,-4.181178506603123,-20.511394757325043,-6.56537995822748,-5.4679065935608335,-5.2836211016880075
2011-05-02,-0.1752150720538581,-4.2106880069591295,-20.291455777304634,-6.532472127938149,-5.302099654067738,-5.361308120273279
2011-05-03,-0.5121980840907425,-3.956489262493934,-20.92383875291407,-6.532472127938149,-5.641004787719139,-5.5244508593023545
2011-05-04,-1.1766240561992714,-3.712421785631548,-21.9136710794378,-6.587324091243407,-7.235774789789806,-5.687665331497249
2011-05-05,-2.067861852000441,-3.234483603394933,-22.051141851653234,-6.280173182896897,-7.197660017087459,-5.1359870731096375
2011-05-06,-1.6823103401139683,-3.18354341521101,-21.061317444865157,-6.077227614055092,-5.747308455146527,-4.871772303437316
2011-05-09,-1.23429848800235,-3.0412798935168794,-21.143793572405865,-5.940106075026508,-6.775473644387143,-4.37451082464232
2011-05-10,-0.4354329600642415,-3.508988552322645,-20.428934469255744,-5.956559990171173,-5.630691378634978,-4.506600276187034
2011-05-11,-1.4871469241061863,-3.1633136319480837,-20.37393190484532,-5.929142377753105,-5.7120868424671905,-4.553219660654772
2011-05-12,-0.9940289439458905,-3.3768017116601934,-20.813873222771704,-5.693288978621958,-6.354921200701947,-4.32790578680774
2011-05-13,-1.788563860059611,-3.000591063392255,-20.92383875291407,-5.572621354738039,-6.86617513249721,-4.188047633404501
2011-05-16,-2.39183185197821,-2.7666657714468967,-21.088806847466856,-5.6165012515353325,-7.064562370848204,-7.412589730120467
2011-05-17,-2.403108383990371,-2.482018637602157,-21.77618446775099,-5.523259609304043,-8.711163549721846,-7.226112192249479
2011-05-18,-1.5261753719905569,-3.0412798935168794,-21.72120566254766,-5.742650724055953,-8.121413456707671,-7.3348596716356855
2011-05-19,-1.3032600401105765,-2.9396178634335746,-21.143793572405865,-5.830410517650552,-7.433283637730415,-7.443650190921403
2011-05-20,-2.0622288801408373,-2.7058344965731673,-21.226277619682254,-5.764594857071881,-8.583225679319806,-7.008538326994628
2011-05-23,-3.2288681760701876,-2.573483896197304,-22.353580718421394,-5.753622790563917,-10.411100840017651,-6.682202635720403
2011-05-24,-3.3078039001553594,-2.471854618056668,-22.243599348807653,-5.896226178229213,-10.044517194553704,-6.954164587301525
2011-05-25,-2.9929398321310807,-2.4616141773115885,-21.611216373198218,-5.589075269882704,-9.789396992354382,-6.78321727983101
2011-05-26,-2.5861376162554905,-1.9227246297447431,-21.66621101787294,-5.259988597754839,-10.504572636345078,-6.48795639599089
2011-05-27,-2.169350640109957,-1.9328777319760015,-21.19878821708059,-5.3422581734781645,-9.883366338494682,-6.3403223674125435
2011-05-30,,,-21.30875374722294,-5.424536118436052,-9.923250177198373,-6.32479213701208
2011-05-31,-1.1319520481623324,-1.7803082656514424,-20.676378691349207,-5.501323845522677,-8.24519893607879,-6.596746915276608
2011-06-01,-3.3741607321931655,-0.9708876715355697,-21.281296023564046,-5.704261045129922,-9.204548686385571,-6.3170306084701195
2011-06-02,-3.486915464021878,-1.562223996649692,-22.298593993482374,,-11.00739279168259,-6.301478858119902
2011-06-03,-4.421533496117746,-1.1748012666704666,-22.601056619457648,-5.0844690105656625,-10.568228299441696,-6.705523087929144
2011-06-06,-5.4481002643579135,-1.2359818955994695,-23.26094483714014,-5.073496944057698,-10.875935217048738,-6.573426463067856
2011-06-07,-5.534405440349632,-1.0524400088124608,-23.12346614518903,-5.397110136783423,-10.640938140614576,-6.907538029517191
2011-06-08,-5.90954866024741,-0.8383733114463054,-23.563383703908325,-5.430017967072754,-11.182131057446298,-6.658882183511661
2011-06-09,-5.214766052196262,-1.2359818955994695,-23.178429110920963,-5.495833627651415,-9.931296970468328,-6.410233510822705
2011-06-10,-6.53840855627249,-0.9198928967805053,-24.223232322912335,-5.314832191825536,-11.060483199493454,-5.975114473579346
2011-06-13,-6.445168048385963,-1.1339705114608911,-24.030774825757895,-5.391619918912161,-10.868760671598876,-5.967331425087652
2011-06-14,-5.25987218024494,-1.9189690736506004,-23.39840768961986,-5.501323845522677,-9.363561921026308,-6.2470907717936175
2011-06-15,-6.909221164345869,-0.8587341024799522,-25.4055459057976,-5.446471882217418,-10.49211546325235,-5.889665926452126
2011-06-16,-6.730099012186386,-0.5834540242421138,-25.652998047626753,-5.627473318043297,-10.553504510534761,-5.60215939783737
2011-06-17,-6.4456021683976905,-0.6548860112304267,-25.652998047626753,-5.556167439593374,-9.87607508382946,-5.843060888617546
2011-06-20,-5.9399052961900285,-0.8078157489244786,-26.06542620374439,-5.676835063477292,-10.050180662794094,-5.835277840125852
2011-06-21,-4.6670124803150355,-0.9403737782706534,-25.240569891509125,-5.676835063477292,-8.348105751080004,-5.967331425087652
2011-06-22,-5.279386404187115,-0.9810735257095082,-25.323046019049812,-5.665862996969329,-8.440189322003611,-5.718740138931377
2011-06-23,-5.5474078641157725,-0.4612019395263789,-26.422875554658688,-5.627473318043297,-10.059867527669454,-5.081591813466801
2011-06-24,-6.655070368206828,-0.04318889508264645,-26.532872763743832,-5.649409081824663,-10.412863763428703,-4.933964958205028
2011-06-27,-5.797651580149199,-0.4305461211765116,-26.450380796731743,-6.011411953476431,-10.582442253355195,-5.252524774304145
2011-06-28,-4.557286000275507,-1.3481027127124068,-26.14792609049217,-5.989476189695065,-9.795809856609218,-5.578853292261787
2011-06-29,-3.7540792722200345,-1.9393626166269384,-24.910673301082042,-6.011411953476431,-8.23953546783841,-5.944075532728155
2011-06-30,-2.7799986722280567,-2.275746902594189,-24.195790438724853,-5.868808565811145,-7.206714195163732,-6.223770319584887
2011-07-01,-1.366143912054485,-2.5199890564842176,-23.508396978969305,-5.835900735521815,-6.663260805108084,-6.3558525978130165
2011-07-04,,,-23.315907802872072,-5.704261045129922,-6.367378373794674,-6.216008791042937
2011-07-05,-1.494950496024472,-1.9068836068011352,-23.233439595067086,-5.923652159881843,-6.411660307140565,-6.138307425824497
2011-07-06,-1.3592085801596765,-1.733156385504342,-23.508396978969305,-6.291136880170301,-6.515445512552165,-5.508927802218466
2011-07-07,-0.3231017599542918,-2.1112011425624355,-23.205934352994028,-6.56537995822748,-6.0090995103925575,-5.749793426415706
2011-07-08,-1.0165820079702348,-1.0689142359812442,-23.673365073522078,-6.406322655417518,-6.873472529752711,-4.8406974960032105
2011-07-11,-2.8055799880415844,-0.31271554872277507,-24.938146864212328,-7.283903852894302,-9.043274978520898,-3.783974710328941
2011-07-12,-3.2358140962579607,-0.16963322846160755,-25.323046019049812,-7.053532302399857,-9.749138455643468,-3.9083169799648543
2011-07-13,-2.926148880081547,-0.006102778652983254,-24.635676318501375,-7.124838180849791,-8.570012967622343,-4.164727181195738
2011-07-14,-3.5766936001074945,-0.5783228865553491,-25.323046019049812,-7.355201362109664,-9.23838821625137,-4.15696565265381
2011-07-15,-3.0406506802501787,-0.16963322846160755,-25.73550585411023,-7.596536609877502,-9.170709156519774,-3.8228540862044524
2011-07-18,-3.8256349561057057,-0.2310212863609329,-27.082755852605477,-7.931113499876641,-10.582190407153613,-3.597518692407664
2011-07-19,-2.2573922961486304,0.0,-26.450380796731743,-7.7226860823981225,-9.51603329701629,-3.8150710377127806
2011-07-20,-2.3089996360803666,-0.48972887330200887,-25.5430325174844,-7.1906538414284515,-9.155113119792734,-4.304592507915572
2011-07-21,-0.9771194400741257,-1.040766516603353,-24.553192271224965,-6.960290660168567,-8.289855567431914,-5.066025716483402
2011-07-22,-0.8856048239415659,-0.6632226632272364,-24.278242807058447,-6.356960909983522,-7.8338296648657995,-4.70864391104141
2011-07-25,-1.443777276104452,-0.9795667593529345,-24.498213466021646,-6.642167685314105,-7.605503441478345,-4.351197545750162
2011-07-26,-1.8479853602026086,-0.561252137876278,-24.828149655127184,-6.494082449012117,-7.543733553598431,-4.2113250457137426
2011-07-27,-3.8369114881178668,-0.7243897166529734,-25.708016451508563,-6.313081013186228,-8.761102808717835,-3.620839144616428
2011-07-28,-4.13876254408303,-0.5305105426774537,-25.652998047626753,-6.280173182896897,-9.54886544207577,-3.527593202364354
2011-07-29,-4.756780028107688,0.0,-26.14792609049217,-5.962050208042435,-9.942494912553169,-2.9215196843338953
2011-08-01,-5.150579820217138,0.0,-27.110253174942844,-5.726196808911288,-12.51875870289869,-2.393154704838485
2011-08-02,-7.574938908196637,0.0,-28.62248710746226,-6.033347717257797,-14.49671577196665,-2.0435057346720797
2011-08-03,-7.077924436223693,0.0,-29.88729265735961,-5.962050208042435,-16.461214425725856,-1.9969150434706595
2011-08-04,-11.517246264529657,0.0,-31.674452294838453,-5.770076705708593,-19.30216243134043,-1.3131186402720152
2011-08-05,-11.567551244426188,-1.157425637253029,-33.32415699957328,-5.764594857071881,-21.54894996411806,-1.6627676104384093
2011-08-08,-17.44717738874272,0.0,-35.853720580953784,-3.395130645425326,-25.48511567449603,-0.9634696701056211
2011-08-09,-13.531330176539669,0.0,-35.30380581314936,-3.9052271226136415,-25.562985291506145,-1.631721496270644
2011-08-10,-17.314463724667117,0.0,-37.91586136154196,-2.2871946359232287,-29.38303761777572,-0.30305110564838866
2011-08-11,-13.47147985053142,-1.4693507770425773,-35.79872197641123,-2.534011732327779,-27.06529088205569,-1.0644627942664964
2011-08-12,-13.014796186478051,-0.7829765595349425,-33.54411181906508,-2.4462519387331905,-24.548278517574285,-1.1965522458112
2011-08-15,-11.113472300443238,-1.1503580375167743,-33.62661566568072,-2.320102466212559,-24.24006790756409,-1.14220002606783
2011-08-16,-11.963082222436105,-0.6959963341177988,-33.709095753089244,-2.2323426726179707,-24.584009965247066,-1.0800360645664364
2011-08-17,-11.85509222244352,0.0,-33.434146288922726,-1.6125506380537002,-25.16218741816918,-0.4583964495526005
2011-08-18,-15.77961124658832,0.0,-36.761033221390505,-1.212158087475912,-29.51663895641814,0.0
2011-08-19,-17.04383754466804,0.0,-37.64091189737543,-1.1134345966079207,-31.061463556902535,-0.16234776418224683
2011-08-22,-17.022152720667172,-0.18243646665405677,-37.063503767101494,-1.190222323694523,-31.139714014510144,-0.21643989835815614
2011-08-23,-14.176236630559524,-0.5858851915644281,-36.70607817539426,-1.2779737480545728,-30.402523326947296,-0.31693138034561974
2011-08-24,-13.038217490525861,-1.6521761742479102,-35.74371941200081,-1.48640116553308,-28.53187116752275,-0.6802478361718989
2011-08-25,-14.390051324632513,-1.0470542755654733,-36.37613802642087,-1.3657335416491612,-29.751378044060427,-0.4715364050053461
2011-08-26,-13.08245537855106,-0.730012047768458,-36.65109541032309,-1.212158087475912,-30.338363971447524,-0.2705534410304411
2011-08-29,-10.612984868376396,-1.3831898821677457,-35.79872197641123,-1.513827147185709,-28.670380435800812,-0.7961605717153097
2011-08-30,-10.382255376285165,-0.7012235323795024,-35.386317579500684,-1.1024625300999569,-28.999346858375276,-0.23962529993302173
2011-08-31,-9.930781152372624,-1.0565548951532944,-33.57163686047738,-1.5247992136936728,-27.226441738114715,-0.7497969047310482
2011-09-01,-10.992469288391538,-0.2681058467304376,-33.15919682475621,-1.2560379842732061,-27.908533390844358,-0.2859961030827529
2011-09-02,-13.239019172539724,0.0,-34.80891340909458,-0.8556454336954289,-30.327669721765847,0.0
2011-09-05,,,-37.063503767101494,-1.0037306699973825,-34.00292276730818,0.0
2011-09-06,-13.882189146512648,0.0,-37.77837078998731,-0.9653409910713617,-34.65972537584514,0.0
2011-09-07,-11.393638532407536,-0.5348994026265874,-35.96372570977464,-0.477188646898985,-31.99830071382428,-0.3644942385682248
2011-09-08,-12.331724230450813,-0.047764680020323524,-35.44133202351465,-0.36749308952300774,-31.96143902953953,-0.15947367797491951
2011-09-09,-14.671519916632015,0.0,-37.00852496189816,-0.16454752068120193,-34.7105491678418,0.0
2011-09-12,-14.071714296514347,-0.3043179284413444,-38.685762627780974,-0.6581900827248632,-36.189961324408806,0.0
2011-09-13,-13.25723633059319,-0.599138880086969,-38.10834261790349,-1.2176399361126133,-35.00706428595428,-0.2639362069696505
2011-09-14,-12.087987020446944,-0.5421165636074421,-37.47593588308696,-1.4973732320410438,-32.820277575055236,-0.8822843263789348
2011-09-15,-10.560943408432921,-1.2840337412718061,-36.65109541032309,-1.6948285830115872,-30.706200705329067,-1.3648980021480073
2011-09-16,-10.048745324342178,-1.093730104010604,-36.29366189888018,-0.8501552158241332,-29.885108377098778,-0.8672189657574214
2011-09-19,-10.930019536459357,-0.28533408877620126,-37.66842901905203,-0.9763130575793255,-31.86771538701052,-0.46002259664857936
2011-09-20,-11.075312092582335,-0.15222470474162142,-36.56860740317885,-1.190222323694523,-29.90812466288697,-0.41475689666659044
2011-09-21,-13.685728664616137,0.0,-37.44845044035314,-1.2724918994178713,-31.64266316424359,-0.2563896030353896
2011-09-22,-16.437096592655553,0.0,-40.36294485551394,-0.8062753190268723,-35.03411011096773,0.0
2011-09-23,-15.917963176670014,-0.8269689842410943,-40.142962316947184,-0.8940351126214385,-34.62714507698723,-0.2859090491346472
2011-09-26,-13.955920724603477,-1.2404384865307372,-39.23561007783199,-0.9927669727240129,-32.75272136712929,-0.7900462137890973
2011-09-27,-13.035618064601929,-1.8982522256900891,-36.321147341614,-1.3821874567938264,-29.19408539809851,-1.6102199251751825
2011-09-28,-14.813339512661106,-1.8795249302872907,-36.87103835021135,-1.5083369293144466,-29.823338489218866,-1.8961359209313522
2011-09-29,-14.118122784598231,-1.8795249302872907,-36.51363255784338,-1.3547614751411974,-29.053942200805327,-1.9638724275184316
2011-09-30,-16.262315640613433,-1.2592157480365351,-36.926060713961014,-0.7540010799660268,-30.784451162936687,-1.1963610539886815
2011-10-03,-18.640710948813755,-0.3448160767735131,,,,
2011-10-04,-16.80010033466418,-0.8533510866228333,-39.703048718095744,-0.09325001146583967,-34.37365880380302,-0.10532467571261472
2011-10-05,-15.270017882567998,-1.2676999923252108,-38.02585461075925,-0.7514317249561531,-31.14914903318393,-0.8728013161347192
2011-10-06,-13.71131527457614,-1.9551036576786363,-36.29366189888018,-0.9763130575793255,-28.982614442445986,-1.5274300897218929
2011-10-07,-14.413467334533836,-2.463568714983755,-35.82623117835212,-1.118916445244622,-28.599550227254344,-1.9111684099329285
2011-10-10,-11.49295672045837,-3.49001237560439,-34.53394018572098,-1.650948686214293,-26.440945720570987,-2.460479454429032
2011-10-11,-11.443514686438816,-3.1697496418429782,-34.47895742064979,-1.9142196977635084,-26.218031119222328,-2.452970156549772
2011-10-12,-10.562245768468125,-3.499415996188182,-33.68160635048759,-2.5669195626171093,-24.589415444695582,-3.1301615568823937
2011-10-13,-10.820727176431566,-3.113307931899001,-34.28650388336321,-2.561437713980408,-25.591167495721844,-2.543234556774643
2011-10-14,-9.271130500393198,-3.5935921071145294,-33.84658236477605,-3.1867115971813798,-24.932472969377894,-3.1301615568823937
2011-10-17,-11.025430644404565,-2.962620158484486,-34.47895742064979,-2.835680792037576,-26.288222498379433,-2.41534725431658
2011-10-18,-9.208680748461017,-3.06630981542122,-34.56145334752973,-2.934404282905567,-26.062033896410252,-1.835950391952712
2011-10-19,-10.342792808389067,-2.9156020555655027,-34.28650388336321,-3.3731948816439594,-25.60764806544954,-2.1895820544313827
2011-10-20,-9.932083512407841,-3.113307931899001,-35.16633900080179,-3.3183429183387014,-27.45753826971954,-1.835950391952712
2011-10-21,-8.23589192021128,-3.2922865128297008,-33.65410902815022,-3.460954675238548,-24.885175024203342,-2.4830490277960027
2011-10-24,-7.053211360433642,-3.3393146089692793,-32.88423944085399,-3.696799705135123,-23.82455238791047,-2.5206719300291947
2011-10-25,-8.916369744461083,-2.5106967433293215,-33.26917027463426,-3.2799532394126696,-23.931734445748244,-2.152000831927403
2011-10-26,-7.955725688246984,-3.2262712975517416,-33.21415979048814,-2.863098404455644,-24.317691820962906,-1.8735732941858818
2011-10-27,-4.79408258423808,-4.394009104223695,-30.68463580778611,-3.1263777852394203,-20.26981696370902,-2.972132863584276
2011-10-28,-4.7546200163419705,-3.819558811302415,-30.987090514025695,-3.4828904390199145,-20.164772527289532,-2.9044241434833085
2011-10-31,-7.110451672224993,-2.5295139777175124,-32.30682735071218,-3.1428317003840855,-22.7417918562398,-1.8509828809542994
2011-11-01,-9.705695220433963,-1.3603871133822776,-34.69893599934868,-2.5449837988357427,-26.601721878622786,-0.19562380904516452
2011-11-02,-8.242837840399064,-1.5963570313899056,-34.094042426340906,-2.8027645925136846,-24.952227539726124,-0.46650036917821325
2011-11-03,-6.50067188013036,-2.058713368850573,-32.74675282916718,-2.961830264558196,-22.844440682449154,-0.9104520048540343
2011-11-04,-7.087464488188921,-1.7662018086929798,-33.48911717439036,-2.9673121131948976,-24.945556686679428,-0.4138171914573108
2011-11-07,-6.495038908270756,-1.6529486396428705,-33.68160635048759,-3.4390105422226203,-25.41705577416693,-0.16551715131277733
2011-11-08,-5.340967916095829,-2.096427783391752,-33.21415979048814,-3.5925859963958695,-25.004937106939483,-0.2407768490222284
2011-11-09,-8.805775024398077,-1.2283167099439773,-34.34148664843438,-3.7406796019324173,-26.664241162517154,0.0
2011-11-10,-8.006909496459969,-1.7095402478958244,-34.53394018572098,-4.9967092169710625,-26.18280336395271,-0.285336889714205
2011-11-11,-6.214004436282982,-2.1624629851109023,-33.07671277747982,-4.645678411827269,-23.802414492532662,-0.8936779672720774
2011-11-14,-7.098306900189355,-1.5491190776177444,-33.68160635048759,-4.826679847653148,-24.70829913702135,-0.27031988847208144
2011-11-15,-6.633819664217699,-1.6812594336002462,-34.06652530466431,-4.83217006552441,-25.360949354527396,-0.06756263947577112
2011-11-16,-8.158703264466016,-1.3227626378265023,-34.06652530466431,-6.159505559012979,-25.609785686867824,-0.4656171682456023
2011-11-17,-9.700051660281394,-1.1245670936836483,-34.918890818840474,-6.060773698910427,-26.40471672308533,-0.9386943057139718
2011-11-18,-9.729550644493512,-1.4925674422471835,-35.331318974958116,-5.430017967072754,-27.032833435003447,-1.3817929051532896
2011-11-21,-11.408388024513593,-1.2189030961395786,-37.42095311801579,-5.424536118436052,-29.476380419707226,-0.9537182400130018
2011-11-22,-11.768352926440063,-0.9169379492951935,-37.833373354397715,-5.199654785812879,-30.33949420805948,-1.013807044152204
2011-11-23,-13.714348820511812,-0.57730835401264,-38.658237586368685,-7.015142623473825,-31.3411172646898,-2.027634887475105
2011-11-24,,,-38.713228271175545,-7.71172238512472,-31.714242768804514,-2.4631833879519505
2011-11-25,-13.932933540567404,-1.2095094687763819,-38.43825504780193,-8.068235038905225,-30.899557162238768,-2.8762341187932305
2011-11-28,-11.404480944407968,-1.2000658753101856,-36.04618995771178,-7.7226860823981225,-27.72360456780213,-3.1841450417688932
2011-11-29,-11.176356172387148,-1.3887578666632594,-35.41381094197019,-7.55814693095147,-27.036985826034353,-3.356854422167155
2011-11-30,-7.315589260209732,-1.9643373935122388,-33.296659677235915,-6.587324091243407,-23.402243163404513,-2.8687394842859537
2011-12-01,-7.4895019722283855,-1.992718140013816,-33.62661566568072,-4.980255301826397,-24.068480790615254,-2.252938437505303
2011-12-02,-7.508158544440069,-1.5578231727595981,-32.99422081046773,-4.930893556392402,-23.504891989613864,-1.9449928492451196
2011-12-05,-6.552289808355072,-1.6145446928803486,-32.36183783485831,-3.515798269309245,-23.185237733907538,-2.410679348059719
2011-12-06,-6.447328060151669,-1.8698015266443213,-32.636787299024824,-3.356740966499294,-24.15729650350862,-2.335552743507674
2011-12-07,-6.231782180178225,-1.4255029388063112,-32.664284621362185,-3.5212884871805072,-24.58614758666534,-1.8548839087354607
2011-12-08,-8.212047084444707,-0.92441287830336,-33.68160635048759,-4.371435333770091,-26.099399273098157,-1.2766738964584023
2011-12-09,-6.662016288394601,-1.6051310790759499,-32.96673140786607,-4.371435333770091,-24.68703963205393,-1.9975731527632545
2011-12-12,-8.049845024449953,-1.2647719786896605,-34.12155954801751,-4.333045654844058,-27.219144340859213,-1.2616568952162788
2011-12-13,-8.830498688481093,-0.8110198041648586,-33.73658911555876,-4.311101521828132,-27.3596683787499,-1.359253537176297
2011-12-14,-9.855752508393078,-0.3949820441812246,-35.13885355806797,-4.003950613481633,-28.606595778308264,-0.6758829178629688
2011-12-15,-9.55520381246312,-0.4800843108035524,-34.50644286338361,-3.268981172904706,-27.90865624265001,-0.7660057244864182
2011-12-16,-9.262892808463185,0.0,-34.72642936181819,-2.901496452616237,-28.27146833768055,-0.2327843184236511
2011-12-19,-10.32588330451729,0.0,-34.72642936181819,-2.846644489310979,-28.662327499940567,-0.3379379924030368
2011-12-20,-7.636965128410056,-0.9044973999720707,-33.379159563983706,-2.5011039020384485,-26.44421972119151,-0.7734864928798935
2011-12-21,-7.455238256180152,-1.2248524705493868,-33.73658911555876,-2.797282743876983,-27.142411103051344,-0.6308111149659013
2011-12-22,-6.666781020230738,-1.1023253951829348,-33.04921545514246,-2.9563484159214948,-26.379427678892654,-0.6984084197261597
2011-12-23,-5.822809364243953,-1.5074126739385463,-32.526829688618164,-2.863098404455644,-26.04291201286111,-0.7509817901873994
2011-12-27,-5.813703432290462,-1.4517909787486238,-32.55431117148414,-2.7643749135876527,-25.906675502987543,-0.47309100358217115
2011-12-28,-6.968197956184163,-0.8288180334997008,-32.96673140786607,-2.550465647472444,-27.397279459049106,-0.34546035913789463
2011-12-29,-5.96939369210917,-0.7061515304282007,-32.25184062577316,-2.577891629125073,-26.422204677619355,-0.02252550186319091
2011-12-30,-6.367534684335984,-0.3568154154457659,-31.89443087353734,-2.550465647472444,-25.798608912149103,0.0
2012-01-02,,,-30.35469169894487,-2.7753469800956165,-23.56980688371837,-0.3678684168302193
2012-01-03,-4.916387956324986,-0.989319240246489,-29.88729265735961,-2.97280233106616,-22.424398073757402,-0.34534967980630604
2012-01-04,-4.878217160171117,-1.3007708559446884,-30.35469169894487,-3.1537953976574884,-23.116551289369625,-0.44294473552614066
2012-01-05,-4.598485048218559,-1.2818485245461475,-30.959561512745548,-3.5761320812512043,-23.3122910713089,-0.05255065069724729
2012-01-06,-4.804490876226774,-0.8949266839331282,-30.987090514025695,-3.8229491776557545,-23.791216550447835,0.0
2012-01-09,-4.586774396194649,-0.8760342298999579,-31.317026703131244,-3.4554644573672855,-24.3030970264519,0.0
2012-01-10,-3.7375933000670325,-1.0742705491041504,-30.134744799188763,-3.3347968334833666,-22.46955839751368,-0.30729933316175906
2012-01-11,-3.698564852182662,-0.4984938820118967,-30.437175746221257,-2.715013168153657,-22.60341158235767,0.0
2012-01-12,-3.470440080161852,-0.7061515304282007,-30.574622759229587,-1.6125506380537002,-22.265384839116653,-0.11221999567337937
2012-01-13,-3.9479403281926118,-0.26250253210671204,-30.657138485448755,-1.650948686214293,-22.719899664473285,0.0
2012-01-16,,,-30.052236992705296,-1.458975183880451,-21.752122280299048,0.0
2012-01-17,-3.6070502360501133,-0.16808009842799176,-29.41983817762447,-1.404131589809754,-20.331580708998654,-0.11936877708045301
2012-01-18,-2.5206490242411506,-0.4795815097351386,-29.28238324488045,-1.2999178810705003,-20.05935339286281,-0.044738329662052934
2012-01-19,-2.036636976034356,-1.0742705491041504,-28.704994913945736,-1.404131589809754,-19.283292393992866,-0.5295745699539167
2012-01-20,-1.9685436639496068,-1.4140060706822721,-28.704994913945736,-1.2450659177652423,-19.432612621167966,-0.9547298647045843
2012-01-23,-1.9208434041234845,-1.6310153344581857,-28.40251644849907,-1.129888511752597,-19.027158664396936,-1.350055015681817
2012-01-24,-2.0184251121273755,-1.5177900788423848,-28.67746591266559,-1.1957041723312467,-19.246049869110614,-1.3873220374043038
2012-01-25,-1.167941655964555,-1.0459368476152808,-28.897436571628788,-1.0695546998106265,-19.212965877849552,-1.1039012415660854
2012-01-26,-1.7313129599752952,-0.5173265813143368,-28.01760145419019,-0.28521514456513186,-17.728522939841252,-0.6041981313742228
2012-01-27,-1.8826726079696154,-0.21528633570645495,-28.8149525243524,0.0,-18.079129707980645,-0.49229377623520865
2012-01-30,-2.1268492321317,0.0,-29.50236182357934,-0.2516639994256442,-18.928656086628216,-0.08202600937885496
2012-01-31,-2.171521240168639,0.0,-29.034923183315588,0.0,-18.746749418004928,0.0
2012-02-01,-1.2802728560744936,-0.3472737646933566,-27.577683895470894,0.0,-16.762502336487785,-0.23862216131467218
2012-02-02,-1.1640451641518945,-0.20607519505102534,-27.27524502870271,0.0,-16.272010359847066,-0.3653994355020673
2012-02-03,0.0,-0.9964562121920539,-26.2028969759598,-0.40623985474809166,-14.87512390372423,-0.9321416980953567
2012-02-06,-0.04064629080425819,-0.7235225183427341,-26.257931219313,-0.13541328491603055,-14.898269183908353,-0.5667560315071318
2012-02-07,0.0,-1.3633802515433335,-26.367872990248276,-0.3412358578080976,-15.031993374356423,-1.0664023769551334
2012-02-08,0.0,-1.3162810304393924,-26.587867408418553,-0.3304087457939753,-15.100434115283024,-1.155893432462174
2012-02-09,0.0,-1.5421254125517203,-26.395394071792722,-0.2004090168850059,-14.596729426944854,-1.498883960688635
2012-02-10,-0.6862846168398162,-0.9869927667566891,-27.1377584170159,-0.35748479080035533,-15.802397047576267,-0.8500996249760973
2012-02-13,0.0,-1.0528999663279692,-26.587867408418553,-0.19499546087794473,-15.229876920304253,-0.9097878664751313
2012-02-14,-0.07782486738596717,-0.8458338345821437,-26.780301146365904,-0.24374225985465126,-15.359203016110111,-0.7905077658739379
2012-02-15,-0.5817340606504962,-0.7706217394466752,-26.230378458825765,-0.617484248618283,-14.984947275383442,-0.4474070863367263
2012-02-16,0.0,-1.2222015006348896,-26.257931219313,-0.6337331816105074,-15.06017557857211,-0.6114912325752675
2012-02-17,0.0,-1.3257543852417064,-25.73550585411023,-0.48207096370224134,-13.851614797917689,-0.8500996249760973
2012-02-20,,,-25.103075360086624,-0.2924890588313911,-12.590841999862779,-1.04402789196415
2012-02-21,0.0,-1.6832645259923673,-25.515527275411344,-0.1083289749386207,-13.094921386208181,-1.0961638842216126
2012-02-22,-0.3300058635555936,-1.297453233238155,-26.14792609049217,0.0,-13.903943524533535,-0.6264442730061659
2012-02-23,0.0,-1.1563438478983556,-26.2028969759598,0.0,-14.336824146915529,-0.4548767220952654
2012-02-24,0.0,-1.0811416621298253,-26.01044739854106,0.0,-13.645297475512109,-0.4399787573197256
2012-02-27,0.0,-0.7517741235115394,-26.28539686270758,0.0,-13.831860227569459,-0.02238136944792135
2012-02-28,0.0,-0.7047739960770794,-26.092923526081748,0.0,-13.353444583423958,0.0
2012-02-29,-0.456849054127173,-1.0999000937624293,-26.092923526081748,0.0,-13.750341911931596,-0.05214561608285484
2012-03-01,0.0,-1.4202798365588687,-25.323046019049812,0.0,-12.672360315500642,-0.49154668957847036
2012-03-02,-0.320544941867007,-1.0245889049574797,-25.323046019049812,0.0,-12.928991594909434,0.0
2012-03-05,-0.7006333569651302,-1.2223897786069027,-25.790484659313563,-0.26592915042988885,-13.619762727708128,-0.20847225354526655
2012-03-06,-2.2239461475424327,-0.8077025905661617,-27.687673184820337,-0.6329126765053372,-16.555312766262098,0.0
2012-03-07,-1.5195185051835258,-0.996228296752244,-27.247763545836733,-0.3510284262907448,-16.07727182012383,0.0
2012-03-08,-0.5431086497746707,-1.2884357093154608,-26.120436687890503,-0.005323776937349312,-14.02131613964982,-0.10417396344537533
2012-03-09,-0.1820225933198305,-1.3637964449551565,-25.790484659313563,-0.021278876722052864,-13.446787385355464,-0.07441684144597893
2012-03-12,-0.15921563872464128,-1.392008412656165,-25.87294494738286,-0.0957387142218491,-13.180843939078525,0.0
2012-03-13,0.0,-2.098774191489794,-24.66319740004581,-0.23933461228419217,-11.991276047577315,-0.39344009285375847
2012-03-14,-0.11670696149420623,-3.220137974061632,-24.360750613541924,-0.5850473771512266,-10.940721116757313,-1.313952433285348
2012-03-15,0.0,-3.248458944799082,-24.690678882911776,-0.7020568525814674,-10.122638657765393,-1.4624219445394049
2012-03-16,0.0,-3.2766411843992427,-24.443202981875523,-0.8988418269352261,-9.954448393242732,-2.0414694863081007
2012-03-19,0.0,-3.8704500893923965,-24.47073198315567,-0.7765166900812859,-9.999731568804659,-2.01914834532978
2012-03-20,-0.29896491755423416,-3.8233013214537204,-25.378056503195936,-0.9733016644350556,-11.248679880565927,-1.9523356946089643
2012-03-21,-0.48154856960075376,-3.333263307140233,-25.433066987342045,-1.0903111398652965,-11.04262054695221,-1.5514803501314622
2012-03-22,-1.1933898814561639,-3.2107637129288102,-26.2028969759598,-1.1541315390041218,-12.17557832641074,-1.0838260614980721
2012-03-23,-0.8870256374113206,-2.8526986476290594,-26.312910024516334,-0.8775710657268343,-11.99492474620506,-0.8091465004261389
2012-03-26,0.0,-2.9657347964051173,-25.515527275411344,-0.8988418269352261,-10.94311058437717,-1.269392390718238
2012-03-27,-0.2713117768553541,-2.428657017189384,-25.927971271000374,-0.9839411027960598,-10.947262975408078,-0.8833744027707091
2012-03-28,-0.7402827153437319,-2.5982855606055844,-26.75281966349994,-0.7286513907271641,-11.95492419828601,-0.4973769746705381
2012-03-29,-0.8978385674946021,-2.1930717273671574,-27.55017073366214,-1.1381764392194071,-13.510443048452082,-0.3266274421329429
2012-03-30,-0.5307644036470993,-2.673636386878331,-26.917787758052704,-0.6541915532273568,-12.608704652404024,-0.2821085192606043
2012-04-02,0.0,-2.4404392544905784,-25.900466028927305,-0.5797317157275272,-11.227168529396936,-0.2821085192606043
2012-04-03,-0.3752505125888317,-3.157817965325538,-26.532872763743832,-0.7711929131439699,-12.16274645531078,-0.274686414354397
2012-04-04,-1.3895025156926755,-2.667007020390111,-28.100109260673666,-1.2605096915869418,-14.656355550816203,-0.24499799472955663
2012-04-05,-1.4160490745488752,-2.2328380169295614,-27.93510948717811,-1.4466552275797073,-14.767063455476082,0.0
2012-04-09,-2.5336063684626486,-1.232160414417649,,,,
2012-04-10,-4.197905144549652,-0.769630802751875,-29.639824676059046,-1.8295938534398482,-16.890943899292964,0.0
2012-04-11,-3.4702822089607954,-1.1566708570076356,-29.08990990825462,-1.4572946659407227,-16.031730655770037,-0.30922362300204176
2012-04-12,-2.1391761415518795,-1.35490774280278,-28.347537643295738,-1.1541315390041218,-15.169869955835392,-0.35337221209237324
2012-04-13,-3.3579951496456317,-0.7602268135181944,-29.33737788955517,-1.494520526933818,-17.17437530010393,-0.00736036360603487
2012-04-16,-3.406592398772179,-0.7885279655217459,-29.117407230591972,-1.7444945775789922,-16.654945580642778,0.0
2012-04-17,-1.9105148696616836,-0.8923880405039442,-27.742667829495062,-1.5264388420168418,-14.443250666148554,-0.2281345827566228
2012-04-18,-2.307397388528376,-0.6941214266079632,-28.155088065877,-1.345600851934159,-15.310897686129243,0.0
2012-04-19,-2.882719037521264,-0.580837543658197,-28.457526932645184,-1.7125843780096073,-16.075883594719997,0.0
2012-04-20,-2.7667535402722154,-0.5713840075897814,-28.045090856791855,-1.8987380295159784,-15.083320858756233,-0.12491670354222162
2012-04-23,-3.5821605529499645,-0.3731372124276988,-29.639824676059046,-1.9785135284394961,-17.94049758789693,0.0
2012-04-24,-3.2273358379940165,-0.6280655865324558,-29.034923183315588,-1.6328088790860895,-17.092476143868552,-0.3588826048031346
2012-04-25,-1.8933687633031826,-0.7507831868167392,-28.182553709271573,-1.494520526933818,-15.657223068841786,-0.6371765431397391
2012-04-26,-1.2327153291773252,-0.4203256178341608,-28.100109260673666,-1.319014429302079,-15.211891415957357,-0.20505548838705145
2012-04-27,-0.9922112814999884,-0.3166042739892405,-27.577683895470894,-1.4253844663713044,-14.439227269513577,-0.314936830061896
2012-04-30,-1.3743999859641143,-0.23153235874048272,-28.045090856791855,-0.9520309032266638,-14.944062194463726,-0.02927915135088055
2012-05-01,-0.8158157280037437,-0.413101689329054,,,,
2012-05-02,-1.053050053073179,-0.22396160239219753,-27.962606809515467,-0.9360758034419603,-15.578346067025361,0.0
2012-05-03,-1.7929244797751709,-0.2334944133961958,-27.907596325369354,-0.6382283379290254,-15.783778856430287,-0.03647799191485168
2012-05-04,-3.3763773706485756,0.0,-29.08990990825462,-0.30316312693663416,-17.45654132731671,0.0
2012-05-07,-3.340849043287142,-0.028294501438519415,-28.485024254982537,-0.14891967499964798,-17.355778276324052,-0.14576436568581874
2012-05-08,-3.7414100000877193,0.0,-29.639824676059046,-0.20742441271478507,-18.92500738800046,0.0
2012-05-09,-4.359596914976849,0.0,-29.8322742534778,-0.7126962909424717,-18.540438238189626,0.0
2012-05-10,-4.0892965231683736,-0.1413096536078573,-29.47482490256349,-0.3988937256448333,-18.003397712388814,-0.11613443854472383
2012-05-11,-4.403698295517533,0.0,-29.172393955531007,-0.33507332650604127,-17.224314559099916,-0.007236625526674256
2012-05-14,-5.456339633264717,0.0,-30.437175746221257,-0.7339670521508745,-18.83405405368882,0.0
2012-05-15,-5.982655317805074,0.0,-30.82210658000153,-1.2711410144343516,-19.474505086894002,-2.64607332596567
2012-05-16,-6.364435306943217,0.0,-31.2070215743104,-1.1860498540871345,-19.685853190740875,-2.703873792614331
2012-05-17,-7.7641457371190885,0.0,-32.11438569302915,-1.0956268012889847,-20.633126608552445,-2.4147045989014737
2012-05-18,-8.445215000211338,-0.06520517188338681,-32.664284621362185,-0.9786254413723716,-21.107893554070177,-2.4147045989014737
2012-05-21,-6.975684029957041,-0.32583072198799634,-32.14185133642372,-0.994580541157053,-20.35535867598186,-2.4508599254414065
2012-05-22,-6.928322895474947,-0.5399940502597955,-30.93210378908666,-0.5212269780124124,-19.039990535496898,-2.761727654613244
2012-05-23,-6.766621156381259,-0.2793099589264991,-32.334332592785245,-0.4414433635752668,-20.925108495036515,-2.1255354051886277
2012-05-24,-6.623301638290524,-0.49341474596961143,-31.701933777704426,0.0,-20.5459448246742,-2.2411897338361797
2012-05-25,-6.825426319991001,-0.20482600229657644,-31.564478844960398,-0.1115314725088079,-20.243397682904373,-2.1182936608105774
2012-05-28,,,-31.564478844960398,-0.38240982864415907,-20.454113099952163,-2.053244775365093
2012-05-29,-5.7780883128151554,-0.288657041773166,-31.01457199689166,-0.3770934032724216,-19.527595494704876,-2.0966351718642806
2012-05-30,-7.10022258038533,0.0,-31.89443087353734,-0.5576816754649827,-20.987382075319584,-1.4676446203049864
2012-05-31,-7.301928578093342,0.0,-32.25184062577316,0.0,-21.193945101336464,-1.16397191457972
2012-06-01,-9.58197194578002,0.0,-33.40666480605676,0.0,-23.88720066620077,-0.9543350950684037
2012-06-04,-9.57012916999288,-0.5762988574827266,-33.90156116997939,0.0,-24.79371799748854,-1.2218658230913282
2012-06-05,-9.049525531349856,-0.9057082210372269,-33.57163686047738,-0.15796285522862163,-24.904800600155642,-1.2001472643759947
2012-06-06,-6.9275054648229695,-1.5552219234041376,-32.08689629042748,-0.41069860299968175,-23.33745112110566,-1.9520005168669807
2012-06-07,-6.9332175107203025,-1.3173981274499313,-31.372005508334567,-0.7582152776377526,-22.705556716163866,-2.2556531993359386
2012-06-08,-6.176196977659821,-1.2441737094950223,-31.591984087033463,-0.7687402428149692,-22.87413396387432,-1.9881558434069246
2012-06-11,-7.355420442465244,-0.9789039197799609,-31.536989442358742,-1.368992665224078,-22.745440554867546,-1.7784923262204932
2012-06-12,-6.275016368550368,-1.5094530722807975,-31.2070215743104,-2.3430902438634438,-22.4914444466899,-2.5376073463458715
2012-06-13,-6.898516582677328,-0.988036629249045,-31.4820264766268,-2.685336401588323,-22.601519664550686,-2.956927706299939
2012-06-14,-5.889966656804335,-1.2533159920348202,-31.61946556989943,-2.811708292636128,-22.77613507850875,-2.8846437508952105
2012-06-15,-4.916955026959258,-0.7958572344987758,-32.14185133642372,-1.9165961587733538,-21.633865132182095,-2.5809843940075017
2012-06-18,-4.777712693461911,-0.8232745090474558,-31.811930986789562,-2.2535798339096247,-21.397485972934394,-2.320728782456527
2012-06-19,-3.841036852963764,-1.1618835935660932,-30.87708538520486,-2.3114992796826273,-19.948774482598875,-3.1087707335813675
2012-06-20,-3.999060154123557,-1.3631191132196574,-30.464649309351532,-2.032435050319381,-19.586846920569002,-3.5714547923595075
2012-06-21,-6.121488935976438,-1.1526742995312311,-30.82210658000153,-1.6269989299083076,-20.203268140589394,-3.072602058203877
2012-06-22,-5.4481752954114615,-1.5826679171649816,-31.262016218985124,-1.5006270388605025,-21.208159055249954,-3.463028859252404
2012-06-25,-6.9454690018334375,-1.04288075141713,-32.334332592785245,-1.716509339862149,-22.85437939352609,-2.64607332596567
2012-06-26,-6.501215379818159,-1.2625348591403962,-32.25184062577316,-2.3114992796826273,-22.800287743499194,-2.870186959814247
2012-06-27,-5.6388559479843,-1.125257024982551,-31.317026703131244,-2.548439545363279,-21.63914775982496,-3.33289104184874
2012-06-28,-5.833215038491013,-0.8050569554629128,-31.646970811972487,-2.4168051717268546,-22.633977111602942,-2.870186959814247
2012-06-29,-3.482533700073931,-1.2625348591403962,-29.859771575815152,-1.2900152547720478,-19.283040547791288,-3.3184008786738883
2012-07-02,-3.2391786137811684,-0.804367694370911,-28.897436571628788,-0.9319736149567492,-18.27915087534676,-2.9497059851782526
2012-07-03,-2.6140435383502525,-1.0516975495523662,-28.29256675782811,-0.400165603497904,-17.24595490466485,-3.021996615001765
2012-07-04,,,-28.26503775654796,-0.44755204976910656,-17.414655004180958,-2.4508599254414065
2012-07-05,-3.0693225055007156,-0.78605441007914,-28.347537643295738,-0.689762832362939,-17.7824917380625,-1.9592622845013619
2012-07-06,-3.950054189671026,-0.43789140097965085,-29.034923183315588,-0.40543612041105126,-19.36065831859982,-1.539888529197042
2012-07-09,-4.1060339142008795,-0.16301982133012372,-29.28238324488045,-0.7108207970419556,-19.644212571216425,-1.5037532259134623
2012-07-10,-4.88428770687973,-0.11725097020678366,-28.649976510063922,-0.28432671195186554,-19.005647313227936,-1.460416224764538
2012-07-11,-4.874079792396535,-0.2088939762314057,-28.73246055734031,0.0,-18.810405081101543,-1.2074023575916026
2012-07-12,-5.348538473868936,0.0,-29.50236182357934,0.0,-19.244415940095493,-1.0555726791477316
2012-07-13,-3.784285234650442,-0.08244575415851108,-28.40251644849907,-0.1678162773866787,-17.511517510344277,-1.0844795868908408
2012-07-16,-4.007224491976813,0.0,-28.29256675782811,-0.02621554168703577,-17.403076221498615,-0.8820311164073336
2012-07-17,-3.2959302320944794,-0.25615449403944,-28.29256675782811,0.0,-17.25312330752442,-0.8458824642861851
2012-07-18,-2.635276797968622,-0.15547048507632555,-27.632662700674228,-0.10985689865722348,-15.90983095161561,-0.6579041337211766
2012-07-19,-2.3604805375742943,-0.3018799828261809,-26.86280895284938,0.0,-14.979283807143062,-0.7880686487999555
2012-07-20,-3.340849043287142,0.0,-27.82514395703575,-0.3191214385713903,-16.59418307756918,-0.433803848710157
2012-07-23,-4.199948721179592,0.0,-29.804792770611822,-1.1927799383198656,-19.244667786297075,-0.54226315391116
2012-07-24,-5.0655778756213525,0.0,-30.052236992705296,-1.9879612421157877,-19.60848112354364,-0.9543350950684037
2012-07-25,-5.093749327115016,0.0,-29.88729265735961,-1.7839333048406791,-19.4058186423561,-1.1205815180805323
2012-07-26,-3.5209130660507904,-0.30948890726250067,-28.430029610307816,-0.8265689891265637,-17.18619978639756,-1.4676446203049864
2012-07-27,-1.6745066905701989,-1.028504020607357,-27.247763545836733,-0.5911533665208357,-15.847182673325321,-1.8941933757995466
2012-07-30,-1.718608071110883,-0.7100089985067171,-26.3403915073823,-0.3295786785976085,-14.782155799799956,-1.713423417518667
2012-07-31,-2.142027180167294,-0.5370383367579445,-27.082755852605477,-0.10985689865722348,-14.804803530171206,-1.1423134256334122
2012-08-01,-2.4233628857774248,-0.8998696918843585,-26.75281966349994,-0.07324059331349497,-15.02872551632618,-1.691784951828701
2012-08-02,-3.134647176993277,-0.6628576602094594,-27.687673184820337,-0.3191214385713903,-16.895225284719807,-0.8675543020700394
2012-08-03,-1.2784416023554734,-1.1823117241736125,-25.927971271000374,-0.2406442426188371,-13.629824290590708,-2.0171027976627287
2012-08-06,-1.0461118611978848,-1.1186222299064297,-25.652998047626753,0.0,-12.962327432372078,-1.9013883992461067
2012-08-07,-0.5389858596459574,-1.638209436011795,-25.13058852189538,-0.2876585044646607,-12.343013052328667,-2.3785826444554514
2012-08-08,-0.4458884833192345,-1.774898864278518,-24.828149655127184,-0.052296467741919095,-12.365660782699905,-2.132757126310303
2012-08-09,-0.361364160171751,-1.8478607576662753,-24.58067375409094,-0.17782235529149037,-12.380249434620637,-2.1978527326872555
2012-08-10,-0.1404684794753086,-1.5652190121651977,-24.690678882911776,0.0,-12.637261554626944,-1.7423436740993559
2012-08-13,-0.24621609357468044,-1.6290987094912612,-24.99312566941566,-0.04179387306443294,-13.076051348860618,-1.8074259316387287
2012-08-14,-0.24173019365529846,-2.1121383978321417,-24.52567118968052,-0.13060286406405552,-12.261998429093957,-2.342413969077961
2012-08-15,-0.09227994567475584,-2.604383914222985,-24.498213466021646,-0.23508356104204875,-12.609085493001537,-3.477458952658219
2012-08-16,0.0,-2.8414054560508273,-24.223232322912335,-0.17239673712847736,-11.986497112337592,-3.311179157552191
2012-08-17,0.0,-2.722889930060435,-23.78333060366441,0.0,-11.42555576774792,-3.014774893880079
2012-08-20,-0.00040541780579328446,-2.6681780201725513,-24.168245597973304,0.0,-11.516128261462056,-3.15934947910832
2012-08-21,-0.34791769504354253,-2.586143440876043,-23.975803940290263,0.0,-10.816180098781448,-3.4341219515092947
2012-08-22,-0.319152807310652,-1.8295537132487327,-24.828149655127184,-0.10382979613332566,-11.716530269425684,-2.855710145476953
2012-08-23,-1.1223151453017444,-1.65643088905284,-25.378056503195936,0.0,-12.574238578329421,-2.32794382915944
2012-08-24,-0.46982979571689176,-1.7019464810436924,-25.323046019049812,0.0,-12.303768043014351,-2.2918552468073172
2012-08-27,-0.5176196556044954,-1.4466844658689193,-24.883152219537607,0.0,-11.342901072907818,-2.212289500511866
2012-08-28,-0.591741896390241,-1.4102891105515325,-25.48804579254538,-0.2333120052048221,-11.906109033311695,-2.103816846473283
2012-08-29,-0.4839996424412685,-1.4741022368069956,-25.5430325174844,-0.3162591222050981,-11.80685705952852,-2.4002478078205325
2012-08-30,-1.2474705884214288,-1.29177358456114,-26.092923526081748,-0.3214487558486412,-13.254561165057732,-1.966477331204286
2012-08-31,-0.7452370329586899,-0.6537469336889368,-25.762979417240505,-0.5651242062866713,-12.307287747246164,-2.0821583575269864
2012-09-03,,,-25.13058852189538,-0.5703059289032808,-11.753262959314492,-2.320728782456527
2012-09-04,-0.8586452479495743,-0.8809730179842656,-25.955460673602026,-0.20219793642444195,-12.787970007205873,-2.3713275512398435
2012-09-05,-0.9392442853888183,-0.9175300459017044,-25.955460673602026,0.0,-12.384027127644314,-2.7183572813703982
2012-09-06,0.0,-1.5929791486092637,-24.278242807058447,0.0,-9.83480916231223,-3.2605803887688745
2012-09-07,0.0,-1.4652007336512396,-24.14077995457873,0.0,-9.24141037067031,-3.014774893880079
2012-09-10,-0.6088490147954984,-1.419580529978004,-24.305740129395815,-0.38463509865703793,-9.251471933552901,-3.2316401089318547
2012-09-11,-0.29605228552402885,-1.602137425894512,-23.893304053542487,0.0,-8.03863591006191,-3.1883031077829083
2012-09-12,-0.06104562476159092,-2.0859284163179725,-23.838325248339153,0.0,-7.618212460772655,-3.6654372832232163
2012-09-13,0.0,-1.8029062646991334,-23.86581465094082,0.0,-8.035994596240482,-3.267808784309345
2012-09-14,0.0,-2.724820491108104,-22.87599816388848,-0.5728875279731427,-6.755221524226041,-4.193196925121967
2012-09-17,-0.3078823615260018,-2.523994591385814,-23.64585191171331,-0.8132973595348592,-6.861396197257497,-3.9907417802196754
2012-09-18,-0.433461306441274,-2.2775960387550143,-23.92080929561554,-0.5370859599784228,-7.565877591566517,-3.759413099668163
2012-09-19,-0.3137467874598343,-2.049380898553488,-23.673365073522078,-0.1432218819932829,-7.02405813052599,-3.60036837452139
2012-09-20,-0.3528684301714935,-1.994564376983221,-23.673365073522078,-0.18925581441815442,-7.0400288652602505,-3.3184008786738883
2012-09-21,-0.36030880118526065,-1.7846657913521913,-23.453394414558883,-0.24552211127316648,-6.258433392545859,-3.419638462753205
2012-09-24,-0.5829086559308805,-1.5655613776711874,-23.700846556388043,-0.05115401714352874,-6.742260658730148,-3.2027332011887233
2012-09-25,-1.6157162030459138,-1.2004666061440572,-23.343420964680828,-0.2557544757033292,-6.591933046748732,-3.419638462753205
2012-09-26,-2.1599043659218387,-0.7897421207907374,-24.828149655127184,-0.2148328229899299,-8.46132597516538,-2.5303989740617427
2012-09-27,-1.2088549393175163,-0.9996977673394358,-24.47073198315567,-0.020456923853096054,-8.291366644641386,-2.552110858358292
2012-09-28,-1.6509314121957885,-0.9996977673394358,-25.46054847020801,0.0,-9.220654558106045,-2.5014520198059387
2012-10-01,-1.3856855284688274,-0.8159711226107924,-24.360750613541924,0.0,-7.829554422029251,-2.653308395924925
2012-10-02,-1.2929626506746783,-0.8798603300897989,-24.58067375409094,0.0,-8.092101015880004,-2.64607332596567
2012-10-03,-0.9130930281335825,-0.7793950743874678,,,,
2012-10-04,-0.20147263949215066,-1.1723641041940014,-24.498213466021646,-0.030575120980502746,-8.100276803545892,-2.4870019031437707
2012-10-05,-0.1995146471201137,-1.6202257367943451,-23.86581465094082,0.0,-6.934609730833541,-2.993069684002314
2012-10-08,-0.5445702101680383,-1.300370762822678,-24.60821067510678,0.0,-8.276397152123149,-2.6605167682090536
2012-10-09,-1.5253524672805163,-1.5013963757567916,-24.883152219537607,-0.01526189441873882,-8.98943517469557,-2.653308395924925
2012-10-10,-2.127430346092818,-1.2638327552111361,-25.295596215126636,0.0,-9.358027447181861,-2.7472842123698604
2012-10-11,-2.091833089650841,-1.1723641041940014,-24.718199964456222,0.0,-8.39603024046337,-2.834004935599199
2012-10-12,-2.3805462282954104,-1.1632628878264106,-25.185599006041492,0.0,-9.0150927743052,-2.4725718097379557
2012-10-15,-1.5918573496538801,-1.1358356067353914,-24.66319740004581,-0.07079615152891794,-8.653294206671259,-2.588206115129188
2012-10-16,-0.5809506635588435,-1.60197575329446,-23.78333060366441,-0.26801455337389646,-7.2063394971565,-3.0364734293390594
2012-10-17,-0.15960980745962638,-2.223473758349681,-23.480875897424845,-0.09102031645069619,-6.976379344753925,-3.614811816764796
2012-10-18,-0.3982556484736999,-2.39711964095749,-23.178429110920963,-0.030340105483561697,-6.439461670758762,-3.6292619334269416
2012-10-19,-2.0472290682974514,-1.9858911174981286,-23.838325248339153,0.0,-7.1513633141289334,-3.477458952658219
2012-10-22,-2.0018514011775457,-2.314885348449147,-24.113266792769984,-0.11625523337500665,-7.812951000495893,-3.564206373562673
2012-10-23,-3.4172697601545288,-1.8487642221959755,-25.46054847020801,-0.24766513927103606,-9.75480192388385,-3.2894872965119837
2012-10-24,-3.7145980652361077,-2.058986153027109,-25.020630911488716,-0.09603357874391483,-9.513766681202085,-3.1955448521609586
2012-10-25,-3.4243089815115813,-2.41541717522209,-24.883152219537607,-0.29315229373870766,-9.420927571673744,-3.2822455521339555
2012-10-26,-3.4947298486290412,-1.793900149860994,-24.745681447322198,-0.17185321515824636,-9.023145710165437,-2.993069684002314
2012-10-29,,,-25.048120314090383,-0.22239192713293665,-9.384065887388992,-2.436376436685317
2012-10-30,,,-24.41570565953817,-0.15163156052713234,-8.36206785879192,-2.5809843940075017
2012-10-31,-3.4669550104929336,-1.391810883380984,-24.855654897200264,-0.030332481946648837,-8.661095296329924,-2.465323390941132
2012-11-01,-2.4044146328697447,-1.5885283970313857,-23.92080929561554,0.0,-7.7170897365485995,-2.4436248554821516
2012-11-02,-3.318682456426547,-1.5061799826877165,-23.64585191171331,-0.02525024090596073,-7.362582423579878,-2.335198922375059
2012-11-05,-3.0980405940529754,-1.2681884052595738,-24.113266792769984,-0.08079768878234139,-7.832822280059492,-2.1616974061473226
2012-11-06,-2.3343853642266987,-1.7166681978012854,-23.673365073522078,0.0,-7.187598454204869,-2.1978527326872555
2012-11-07,-4.563535801842766,-0.8929272802351007,-24.60821067510678,0.0,-9.01081753146864,-1.7929557917202188
2012-11-08,-5.727796270989205,-0.4537008665080777,-24.828149655127184,-0.1509525226254249,-9.361424299608034,-1.7062283940721068
2012-11-09,-5.563487281836665,-0.44452356891694356,-24.80064441305412,0.0,-9.88299164048746,-1.5760638789933168
2012-11-12,-5.550965681837894,-0.38045366853198814,-25.048120314090383,-0.03520550590471183,-9.816823657965335,-1.5905473677493842
2012-11-13,-5.8975876387834525,-0.2614341044355539,-24.80064441305412,0.0,-9.812290426336922,-1.6050175076679052
2012-11-14,-7.166691436066108,-0.2340353538033635,-25.35056710059427,-0.10041015945199128,-10.657670556543863,-1.5543920412094736
2012-11-15,-7.3083068160675335,-0.27978869961782227,-26.120436687890503,0.0,-11.393602013098825,-2.147213917391244
2012-11-16,-6.850585506577522,-0.215699778926981,-26.89031419492244,0.0,-12.562162245834207,-2.0098410300283476
2012-11-19,-4.994265470145487,-0.4170772675200274,-25.26807513358218,-0.07516984140081284,-10.381917393585915,-2.2194978727959724
2012-11-20,-4.92306140607921,-0.828904930614871,-25.020630911488716,-0.2856530443059335,-9.76360425575854,-2.609897976169384
2012-11-21,-4.700853149808005,-0.9753232453434957,-24.855654897200264,-0.3006870125860872,-9.616169803800133,-2.7472842123698604
2012-11-22,,,-24.443202981875523,-0.15033968280160348,-8.857842463075505,-2.732840770126488
2012-11-23,-3.4454361967650504,-1.0302633989020316,-23.9483066179529,0.0,-8.050964088758706,-2.732840770126488
2012-11-26,-3.6386948194769286,-0.8655380397558643,-24.305740129395815,0.0,-8.266083743038987,-2.5737626728858043
2012-11-27,-4.13319773201446,-0.6367618005306275,-24.195790438724853,0.0,-7.759105054080284,-2.7183572813703982
2012-11-28,-3.351156476255568,-0.5085649388430591,-24.00329334289193,0.0,-7.619717395391845,-2.3062920146319277
2012-11-29,-2.9227763987992983,-0.407938010540676,-23.178429110920963,0.0,-6.895739419526448,-2.335198922375059
2012-11-30,-2.9071220110052587,-0.42621652449938985,-23.178429110920963,0.0,-6.838625615080596,-2.364079132443042
2012-12-03,-3.366801312867318,-0.4656646389118557,-23.04093457949846,0.0,-6.46487356675709,-2.5376073463458715
2012-12-04,-3.529945057778927,-0.29153373850389075,-23.04093457949846,0.0,-6.466003803369047,-2.4436248554821516
2012-12-05,-3.346457294562666,-0.20903316171311248,-22.84849292181542,0.0,-6.221577850851401,-2.0604731709055524
2012-12-06,-3.001802881171445,-0.1540169269310221,-22.271104590880707,-0.10395102261684386,-5.215298710787009,-1.713423417518667
2012-12-07,-2.7107306004981124,-0.4380947055266704,-22.243599348807653,0.0,-5.425891276029149,-1.698999998531614
2012-12-10,-2.6739585486329043,-0.3464738920624266,-22.078615414783485,-0.55896560266252,-5.2608398751408,-1.7351419762339892
2012-12-11,-2.036273862196303,-0.5389308571938312,-21.831187032161413,-0.4056229270698153,-4.520756027554917,-1.872514863596908
2012-12-12,-1.970552176771756,-0.9604493661387936,-21.72120566254766,-0.2176505903421111,-4.205751712692374,-1.9375704234611546
2012-12-13,-2.565199235752602,-1.152915841423141,-22.106128576592244,-0.2869023647348534,-4.618503066718915,-2.0387879842841516
2012-12-14,-2.964238081175119,-0.9330030647418885,-22.18859678439723,-0.19291619637098467,-4.436215557498113,-2.031539565487328
2012-12-17,-1.810932818129829,-1.4552055629069027,-22.271104590880707,-0.2473288439565402,-4.329666186459436,-2.1978527326872555
2012-12-18,-0.6811043611844481,-1.8401860642403234,-21.831187032161413,-0.13850354878546245,-3.7177720554771754,-2.4436248554821516
2012-12-19,-1.4314547940631361,-1.702764354196895,-21.47374560098281,0.0,-3.5300790668078563,-2.4725718097379557
2012-12-20,-0.8692817549113108,-1.6385518015177847,-21.446256198381143,0.0,-3.484789748655648,-2.4219196456043868
2012-12-21,-1.7921551937228108,-1.3728856790220623,-21.803681790088337,0.0,-3.9360367159820386,-2.1616974061473226
2012-12-24,-2.0194542301613327,-1.4736267291597827,,,,
2012-12-26,-2.4877391472780896,-1.2708417379309944,,,,
2012-12-27,-2.5882844433781083,-1.0689316807730775,-21.803681790088337,-0.009859919150156937,-3.688840455247022,-1.8001841872607005
2012-12-28,-3.6547408057453823,-0.8395372816064728,-22.18859678439723,-0.03946225656816793,-4.235942543930427,-1.691784951828701
2012-12-31,-2.022195419482198,-1.3625861833835184,,,,
2013-01-02,0.0,-1.8122547450432624,-20.263966374702967,-0.07398702690544212,-2.142756623754738,-2.559305881804841
2013-01-03,-0.2086822261579302,-2.316911011026257,-20.181474407690892,-0.1874363103791188,-2.4237924143555523,-2.8123197489777763
2013-01-04,0.0,-2.271034033223529,-19.879035540922697,-0.5425890928369981,-2.1730703067984303,-3.2822455521339555
2013-01-07,-0.31176589964855284,-2.215970247676713,-20.208971730028257,-0.3946150390260694,-2.722942703699194,-3.1304625946215636
2013-01-08,-0.6013988943784576,-1.9773795306130881,-20.291455777304634,-0.16277898584782236,-3.18626600352081,-2.935242519678527
2013-01-09,-0.3354438424694517,-1.922325255219215,-19.76902249236616,-0.07891698648052614,-2.876292470099562,-2.826783214477513
2013-01-10,0.0,-2.20676441962675,-19.879035540922697,0.0,-3.027252768880062,-3.33289104184874
2013-01-11,0.0,-1.8948314030575952,-19.98899315132937,0.0,-2.9384431985769788,-3.4846606505235522
2013-01-14,-0.09355283894924016,-1.9315120629633031,-20.346450421979355,-0.08876130762403012,-2.7624457018053716,-3.296729040890023
2013-01-15,0.0,-1.6929308560526102,-20.291455777304634,0.0,-3.4368591166820006,-3.0581853136355974
2013-01-16,0.0,-1.5644867303884924,-20.346450421979355,-0.1232437724810409,-3.245394577579286,-3.0364734293390594
2013-01-17,0.0,-2.0141172514364647,-19.93400642639034,-0.2760723690079736,-2.687721091019857,-3.3762347174164598
2013-01-18,0.0,-1.7388173440082921,-19.961503748727694,-0.0049345651090715315,-3.1057550726892647,-3.072602058203877
2013-01-21,,,-19.79651981470353,-0.1971945492914018,-2.5191499858996824,-3.3184008786738883
2013-01-22,0.0,-1.6562121555351306,-19.879035540922697,-0.12817833759012354,-3.181487068281097,-3.1883031077829083
2013-01-23,0.0,-1.6102971371206198,-19.741548929235897,0.0,-3.038954403368055,-2.906368984029317
2013-01-24,0.0,-1.7755170242198859,-19.52157035053701,-0.049261428136371244,-2.528333158371887,-3.0942939192440733
2013-01-25,0.0,-2.427048092272832,-19.356618095455623,-0.27588805319781473,-1.1465390465729364,-3.5786965367375356
2013-01-28,-0.18207684047467643,-2.6289105986660344,-19.411644419073127,-0.6847962453966017,-1.460664971025094,-4.005198571300617
2013-01-29,0.0,-2.7757283398183064,-19.05417130895174,-0.5123624534551507,-1.2647961946898878,-3.932934639152219
2013-01-30,-0.3644658549186941,-2.720702594883273,-19.57657291494742,-0.9311259382354775,-1.7335249739600211,-4.128134690838925
2013-01-31,-0.6138634089896011,-2.6380974064101115,-19.961503748727694,-0.6847962453966017,-2.177099846023689,-3.838945473869715
2013-02-01,0.0,-2.968917586726416,-19.79651981470353,-0.6207481196951026,-1.4557570413894494,-3.7088143308848576
2013-02-04,-1.1519488445230541,-2.40837015189046,-20.841354705637684,-0.9311259382354775,-3.9108766661852923,-3.397926578456656
2013-02-05,-0.11049503740379052,-2.757554437541976,-20.676378691349207,-0.9163467580560081,-3.578384396788725,-3.643738747764236
2013-02-06,-0.043218039044334855,-2.4634814882019906,-20.758862738625595,-1.0986283251933737,-4.628564629601495,-3.4341219515092947
2013-02-07,-0.18265356374023156,-2.4176520611639774,-21.033804283056423,-0.8473747447565683,-4.50691677164865,-3.1883031077829083
2013-02-08,0.0,-2.344062497681898,-20.016537992080895,-0.8325955645770766,-3.7358865542200026,-3.1810747122424488
2013-02-11,-0.0554123374444937,-2.445145913325608,-20.45641595212171,-0.886788397697047,-3.9673577838320484,-3.2027332011887233
2013-02-12,0.0,-2.5461912883575355,-20.071469278870048,-0.7981057992345164,-3.634619810824191,-3.4124167416315188
2013-02-13,0.0,-2.8862363170297,-19.824032976512285,-0.6946440205925164,-2.9842300665420707,-3.59316000223725
2013-02-14,0.0,-2.4727443771696223,-19.90654078299575,-0.4975832732756702,-3.9994405328770744,-3.33289104184874
2013-02-15,-0.09556843532980697,-2.5645744139986437,-20.04397195653269,-0.6108928271135627,-4.4734580823803665,-3.4333143468367022
2013-02-18,,,-20.016537992080895,-0.50743856585721,-4.030386902719862,-3.2369596207007856
2013-02-19,0.0,-2.7208167167185993,-19.32912077311826,-0.48772798069411927,-2.4739835195531246,-3.2005773639222856
2013-02-20,-1.2357883972129002,-2.5094060167694443,-19.46659946506937,-0.6306034122766424,-2.770246791464037,-3.360583205373602
2013-02-21,-1.8362476017262375,-2.3165210947555526,-20.538876240191005,-0.5320730386182082,-4.598502792759385,-2.836914982187966
2013-02-22,-0.9605862286998557,-2.1970640636236882,-19.604070237284787,-0.270964165599874,-3.6129794652592584,-2.7205264674744267
2013-02-25,-2.774214970262723,-1.4435746458561716,-19.686546364825475,-0.15764709437634528,-2.2130769973077613,-2.764190515143672
2013-02-26,-2.1648549092479374,-1.6274059022671983,-20.621368207203094,-0.645382592456123,-4.4281687642281575,-1.9568928658339035
2013-02-27,-0.895681509063706,-1.6732638597640404,-19.93400642639034,-0.41383207979673875,-3.437866501488318,-1.9059403528551622
2013-02-28,-0.9769120112757435,-1.5354807639087364,-19.191657920638562,-0.15272320677838236,-2.6092187872106654,-1.884135026695677
2013-03-01,-0.7447381948429199,-1.2898240032075847,-19.301607611309525,0.0,-3.0311533137094004,-1.6368277875810189
2013-03-04,-0.2863214480489207,-1.5198365623155574,-19.52157035053701,-0.06400592169355512,-3.2384718783310062,-1.6513513228497811
2013-03-05,0.0,-1.620996059182822,-18.11933362710273,0.0,-0.991303504955876,-1.8623030028610543
2013-03-06,0.0,-1.9337754793640194,-18.146838869175784,0.0,-0.3746304387338917,-1.8768465613861696
2013-03-07,0.0,-2.3109956958949796,-18.201809754643417,-0.07373631216733845,-0.11749546692193524,-2.1605160340229856
2013-03-08,0.0,-2.8077395146284267,-17.596924101371346,0.0,0.0,-2.3423138527962295
2013-03-11,0.0,-2.7617484149903615,-17.541953215903717,0.0,-0.02729836489213655,-2.2477506874985176
2013-03-12,-0.2353518385461495,-2.4949600944472294,-17.56944261850538,0.0,-0.25480715646353236,-2.0150337278404318
2013-03-13,-0.07067670858230679,-2.5777554859792717,-17.51444005409496,-0.05885864524522999,-0.1948302338225738,-1.9568928658339035
2013-03-14,0.0,-2.5501570221352576,-16.524615647306927,-0.07357330655654026,0.0,-1.9423159352148778
2013-03-15,-0.162418170229639,-2.2097506076512174,-16.914567593518615,0.0,-0.19259501990542827,-1.767733163144558
2013-03-18,-0.7113119254678502,-1.8878509507965657,-17.053028332696062,0.0,-0.5915578607307403,-1.4404530381887604
2013-03-19,-0.9502215304181827,-1.584191767288845,-17.44074691344141,0.0,-1.3722387594129803,-1.0113546547196317
2013-03-20,-0.2856878082017511,-1.9613834533609764,-17.16380959561514,0.0,-0.6998921807209624,-1.3095209649500728
2013-03-21,-1.1097453823009529,-1.703858021785476,-17.606895048612927,0.0,-1.561858660401505,-1.1495084490799945
2013-03-22,-0.4006108339380865,-1.667034709585602,-17.745411225940245,0.0,-1.8244386568653015,-1.236823195580905
2013-03-25,-0.7330591431383815,-1.593397595338808,-18.02235646350221,-0.06340648139429028,-2.3264036289906698,-0.982234165575524
2013-03-26,0.0,-1.4922285883186004,-17.883879884853382,-0.1414532432091331,-2.2175724459634227,-0.9894825843723143
2013-03-27,-0.05325363243106063,-1.0689982518436891,-18.160801363208268,-0.27315622340307044,-3.3416220590707146,-0.5312770605966466
2013-03-28,0.0,-1.2530577519253794,-17.828481333658154,-0.30242189834642774,-3.264432568475306,-0.5894980156285534
2013-04-01,-0.44114620630391066,-0.9904919392894618,,,,
2013-04-02,0.0,-1.1839950212447325,-16.94223915004128,-0.019507968979259882,-1.420882862600037,-0.7567789735518193
2013-04-03,-1.0364027219717742,-0.7694379442549026,-17.551544015831865,0.0,-2.278626006465767,-0.6113367138819603
2013-04-04,-0.6291303328890718,-0.3733495842826895,-18.382387648253506,0.0,-2.99043078146497,-0.34221079977022617
2013-04-05,-1.055152893158462,-0.06010416660723328,-19.71177072301802,0.0,-4.959068786567156,-0.15309781801234879
2013-04-08,-0.39897616491273435,-0.38251737172088074,-19.49017651823709,0.0,-4.910794301005206,-0.34221079977022617
2013-04-09,-0.04581418060739528,-0.34569405952100674,-19.54559090890372,-0.2836930011191896,-5.2226485684103485,-0.5022032923839959
2013-04-10,0.0,-0.760194075593168,-17.966965832042682,-0.4039026460355699,-3.0743218637550696,-0.7785642764549627
2013-04-11,0.0,-0.6497051186876601,-17.27461461774128,-0.4519894388079093,-2.3173449675227276,-0.7713292064957078
2013-04-12,-0.2813451350274554,-0.09701307018359362,-18.02235646350221,-0.23080046387539133,-3.891607025934185,-0.4294721509208732
2013-04-15,-2.5715673855422283,0.0,-18.520903825580813,-0.21637589344657426,-4.290448680652914,-0.36401612592973365
2013-04-16,-1.177963633626189,-0.2852833043205827,-19.185559724152434,-0.2115701489751487,-4.663350449255077,-0.5458606656344567
2013-04-17,-2.5935875858453916,-0.10126203786787746,-20.34876298480266,0.0,-6.89147214579755,-0.2258489827318133
2013-04-18,-3.2433179229513276,-0.04602906251831573,-20.23799756135498,0.0,-7.255066821413248,-0.2403524947442337
2013-04-19,-2.382934318746688,-0.10126203786787746,-19.794856670207317,-0.00479997443921798,-7.425945291016922,-0.37857303329240644
2013-04-22,-1.9260953857142882,-0.04602906251831573,-19.76716927421325,0.0,-7.200714852605583,-0.1967551912628096
2013-04-23,-0.9044326775956457,-0.11043745561296614,-17.883879884853382,0.0,-4.9657703782618245,-0.3567476838765793
2013-04-24,-0.8912934088050606,-0.06444638654287127,-17.10842688389129,-0.19518407449041764,-3.714651073084796,-0.2694462862132263
2013-04-25,-0.4880956490200372,-0.17481735362145923,-16.52685693250896,-0.33799460312766705,-2.7984598700085073,-0.31311700830123357
2013-04-26,-0.6671366159592074,0.0,-16.720708303145937,-0.24278516269794492,-3.023072259276216,-0.09490356065557926
2013-04-29,0.0,-0.03677647337227974,-16.194473545073272,0.0,-2.2941378281098657,-0.05852797829584144
2013-04-30,0.0,-0.055084122271964464,-16.36066919865895,0.0,-1.795154034206714,-0.1385676083248133
2013-05-01,-0.9258237634296229,0.0,,,,
2013-05-02,0.0,0.0,-16.000638013907686,0.0,-1.1995000830730795,0.0
2013-05-03,0.0,-0.8528456838905574,-15.252840729996887,-0.2600856143107455,0.0,-0.493642668527039
2013-05-06,0.0,-0.981238680869978,-14.97589549243491,-0.42558939390419104,-0.12570298386781475,-0.493642668527039
2013-05-07,0.0,-1.1187370947498554,-14.726653490338393,-0.49179956443867745,0.0,-0.9001883836353808
2013-05-08,0.0,-0.9995440672866618,-14.14504394027759,-0.3310147747677905,0.0,-0.7114050376067826
2013-05-09,-0.32241397721323173,-1.0179156405344059,-14.061973832559682,-0.5012519754456823,0.0,-0.6606018123681001
2013-05-10,0.0,-1.577307826063279,-13.784996916054915,-1.087626159020727,0.0,-1.4228900173461345
2013-05-13,0.0,-1.7515021101307315,-13.951184649904913,-1.1301836552949585,0.0,-1.241394729068801
2013-05-14,0.0,-2.145824339015756,-13.563458149423868,-1.2578633596985855,0.0,-1.3139821854287193
2013-05-15,0.0,-1.8890478003184885,-12.87107525617971,-1.24840373311067,0.0,-1.3350602610457285
2013-05-16,-0.4964309672506828,-1.4214094731509364,-12.704871682858299,-0.8842838730756308,0.0,-0.9773858363059662
2013-05-17,0.0,-1.9532584817005705,-12.483309157020162,-0.605286221169965,0.0,-0.8970972878432515
2013-05-20,-0.06875488581397082,-2.026574579983098,-12.095606415746207,-0.7613375897564167,0.0,-1.240182273391699
2013-05-21,0.0,-1.7698264070705738,-12.095606415746207,-0.9741322867085289,0.0,-1.4737531991842245
2013-05-22,-0.8157101644355569,-2.549337082155445,-11.818653258448542,-0.8275405447099815,0.0,-1.2912719579387222
2013-05-23,-1.0914544625840072,-2.448421075324203,-13.646520337406088,-1.2625895652020769,-2.097192521066882,-1.4664518177442076
2013-05-24,-1.1438973391662333,-2.411725205136628,-13.784996916054915,-1.5274013850163137,-2.64414785835162,-1.3861499455927406
2013-05-27,,,-13.314184468384571,-1.3287925201556527,-1.730063918679714,-1.5832472734070513
2013-05-28,-0.5156153228685456,-3.5579960216041373,-12.5386997884797,-1.565232675787076,-0.5863342899900426,-1.8752092651865837
2013-05-29,-1.2014118689570696,-3.1637210690270035,-13.895762339502593,-2.071218072317138,-2.277717545532776,-2.1087868528234854
2013-05-30,-0.8221447211937072,-3.1545116442491916,-13.757309520060845,-2.0002816962791603,-1.5319557339361078,-1.9847166630981516
2013-05-31,-2.2407621158408553,-3.4204314208932107,-14.421973338368177,-2.085403904408556,-2.134007262898352,-1.9044214527910497
2013-06-03,-1.6503770782420601,-3.2809474020817797,-15.114348311876658,-2.0948635309964714,-2.872969336731368,-1.9993194259781966
2013-06-04,-2.1879805783766137,-3.5287698080638585,-14.83741891378607,-2.0948635309964714,-2.753870899537769,-2.137985716739199
2013-06-05,-3.511872046319553,-3.0604979783705244,-16.166778229343503,-2.0192009494550023,-3.923505926475146,-1.9117228342310777
2013-06-06,-2.6792370978050983,-2.9411442114605,-17.16380959561514,-2.6339467972128716,-5.064883120635477,-2.0723132548452594
2013-06-07,-1.42876896108588,-3.6941234225550734,-16.028309570430366,-2.4306045112677754,-3.2377626756441513,-2.203684826010621
2013-06-10,-1.456853034228045,-3.9328404116367066,-16.028309570430366,-2.794724371302826,-2.6163650914284298,-2.437262413647523
2013-06-11,-2.4569516588848983,-3.6941234225550734,-17.1914969916092,-3.130465351574141,-3.6154457531459405,-2.597872819794844
2013-06-12,-3.2503349851724317,-4.125746658368734,-17.10842688389129,-3.106827108475707,-4.543718707898725,-2.488352098194535
2013-06-13,-1.8056654826751783,-3.400263347945498,-17.46845806864257,-2.813636408897724,-5.10497181027908,-2.2256089558638226
2013-06-14,-2.3835365876826886,-3.271700156257651,-17.10842688389129,-2.4306045112677754,-4.723184850642159,-1.8460303868040207
2013-06-17,-1.64326519971989,-3.50129281791568,-16.638564804504497,-2.369127761817713,-3.694329579626243,-1.8825039847822356
2013-06-18,-0.8755953204004574,-3.5563886271357315,-16.638564804504497,-2.600841711945645,-3.5328071893146573,-2.218294250735031
2013-06-19,-2.2478657343415143,-4.878631316847515,-16.80715221827045,-2.4873478396334248,-3.9129514513605246,-2.152581817774857
2013-06-20,-4.67741890186979,-5.310169455306967,-19.251523202766464,-3.797228322194157,-7.061510496494183,-2.9482192157170517
2013-06-21,-4.422655058362834,-6.311093990784144,-20.06632145066749,-4.251196595862106,-8.693693678224278,-3.408073009550827
2013-06-24,-5.583468921586454,-6.54072447348849,-21.499215470981923,-5.173311759708454,-9.82827685830594,-3.9482220136917046
2013-06-25,-4.67741890186979,-6.650840449835959,-20.26297640774094,-5.234788509158506,-8.435109037916089,-3.8095357373975514
2013-06-26,-3.743623469892965,-6.274417031119728,-19.05483656675022,-4.5112822101728405,-6.914863963461826,-3.502964320893598
2013-06-27,-3.1386925344108363,-5.769354778623015,-18.492923399365978,-4.062040142008405,-6.331574673884466,-3.2694000569454595
2013-06-28,-3.553486034699027,-5.879518031278385,-19.026761103707035,-4.024208851237665,-6.701170184500693,-3.2839628487592254
2013-07-01,-3.0206155268910795,-5.8436353135865815,-18.071482584026022,-3.6837416654628696,-6.4116375794719405,-3.2183170342428125
2013-07-02,-3.0520779488318106,-5.806844890783214,-18.38053443010057,-3.5040448381970957,-7.269108550944969,-3.0868921683224526
2013-07-03,-2.971889659989435,-5.990778094276905,-18.745800560147064,-3.702653703057779,-8.223876443499044,-2.882540091978769
2013-07-04,,,-16.77906091575587,-3.277064309153588,-6.28984328664981,-2.6270117271111504
2013-07-05,-1.981595680867787,-7.57227460121962,-17.87484346642396,-3.5040448381970957,-8.497233914756697,-3.006616943548479
2013-07-08,-1.4375658839965832,-7.029778968132172,-16.77906091575587,-3.2534188504742434,-6.591922209168399,-2.8241157167698483
2013-07-09,-0.7233466038838898,-6.873502404756682,-16.076667476591634,-3.130465351574141,-5.546193514813069,-2.4957001125452183
2013-07-10,-0.7010197657358774,-7.204502746848041,-16.076667476591634,-3.2676046825656724,-5.443859750944147,-2.5467631497147036
2013-07-11,0.0,-6.275816409833402,-15.627095760058618,-3.2534188504742434,-4.361676906911471,-2.393487434229291
2013-07-12,0.0,-6.349387800178552,-15.655234580987386,-2.9980594416670114,-3.7290380053827787,-2.0212235702982473
2013-07-15,0.0,-6.055149515105818,-15.31807559292685,-3.026431105849825,-3.4706823124740493,-2.159929832125518
2013-07-16,-0.37111073094557856,-6.009149667524638,-15.908080062825668,-2.813636408897724,-3.8664178924224246,-1.9190175538267185
2013-07-17,-0.08365820329956364,-5.595340144525562,-15.458571704178247,-2.903484822530622,-3.2372933334752774,-1.838702357986477
2013-07-18,0.0,-6.036759031334926,-14.61565839455552,-2.51572671939716,-2.2717420184071413,-1.7000360672254855
2013-07-19,0.0,-5.521834941011461,-14.531368647540399,-2.615027544037052,-2.336442553491558,-1.729228269296823
2013-07-22,0.0,-5.5310538210508575,-14.475170203039845,-2.51572671939716,-2.3424295279871554,-1.7365562981143334
2013-07-23,-0.18524310442350478,-5.641406178937802,-14.671840999584706,-2.652858834807792,-2.539702054722781,-2.0066208074182246
2013-07-24,-0.5643528109563145,-6.275816409833402,-14.081812770478763,-2.9696877774841868,-1.7791731358616225,-2.597872819794844
2013-07-25,-0.30840350934211447,-6.1378830539209,-14.531368647540399,-3.078448228711983,-2.71846418421291,-2.7438205064627352
2013-07-26,-0.2254104489073594,-6.055149515105818,-14.756146586071218,-3.0595361911170738,-3.3522821648487633,-2.6708400012844247
2013-07-29,-0.5925736934205506,-6.248188135499955,-14.728055283556628,-3.130465351574141,-3.186764642416784,-2.6781347208800654
2013-07-30,-0.5517417560699456,-6.275816409833402,-14.643741777334418,-3.083181649796396,-3.0462252812647472,-2.7438205064627352
2013-07-31,-0.5504125703364116,-6.211473354789209,-14.61565839455552,-3.01697869484282,-2.988198562874278,-2.751108564214
2013-08-01,0.0,-7.039262595495776,-13.323220886813992,-2.9318564867134356,-1.4085187435229352,-2.765731312627173
2013-08-02,0.0,-6.247384438265746,-13.267030362049137,-2.676504293487114,-1.4529459863861005,-2.6635319579999983
2013-08-05,-0.1382185831723448,-6.542000933801628,-13.154657232255119,-2.884572784935713,-1.5532936315647894,-2.8679240054099497
2013-08-06,-0.7065674837388514,-6.5144199357760835,-13.491832059787034,-2.8609273262563906,-2.7096726040740537,-2.962821978597119
2013-08-07,-1.0531062101706623,-6.173746861089535,-13.548014664816199,-2.7994505768063283,-3.169765298007665,-2.897142854858803
2013-08-08,-0.6460109842114425,-6.035643310468619,-13.23895489900595,-2.723787995264848,-2.4917604692780593,-2.802231557982904
2013-08-09,-0.9820163988639719,-5.971092239669707,-12.705148873607675,-2.567743842259318,-2.2574442533115247,-2.816854306396077
2013-08-12,-1.092925503212705,-6.155299645749168,-12.677002132943215,-2.690690125578532,-2.011978298991801,-2.9263283950857533
2013-08-13,-0.7964099645290101,-7.002415441122933,-12.199394552045495,-3.1446511836655366,-1.3495647881647033,-3.663534755974651
2013-08-14,-1.2903829176197035,-6.919549528645752,-11.806021280013024,-3.0027928627514244,-1.0874543579049933,-3.6416839064096207
2013-08-15,-2.683768929831587,-7.435182763587633,-12.84560538618057,-3.4473015098314463,-1.8122331403421232,-4.092957244682505
2013-08-16,-3.000362840854276,-7.794312508876122,-12.620827447649752,-3.277064309153588,-1.6287775891632772,-4.04888248226718
2013-08-19,-3.566076404835261,-8.190213766444831,-12.986093577696266,-3.5938932518299826,-1.9294542088602373,-4.18101350369181
2013-08-20,-3.193867250383009,-7.692989925797001,-13.660371955138828,-3.4993114171126716,-2.7061582614924973,-3.806704453536258
2013-08-21,-3.7483967030011,-8.273070223660428,-14.053745227171266,-3.740484993828519,-2.877536837350392,-4.0342264246320925
2013-08-22,-2.9180889181846914,-8.309917378033271,-13.210831917548582,-3.8445192395528016,-1.559040211290974,-4.320452568400823
2013-08-23,-2.519879918638801,-7.794312508876122,-13.0422920221968,-3.9674655228720157,-1.335141101999382,-4.430519561240287
2013-08-26,-2.9124968625032444,-7.610114558058234,-12.986093577696266,-3.7877686956062417,-1.1222658099912852,-4.188361518042482
2013-08-27,-4.453975935520383,-7.085271898338541,-14.503285264761512,-3.77831628459927,-3.3798359843725034,-3.872776626092922
2013-08-28,-4.1729269301510445,-7.462829948444238,-14.868503876393845,-3.8208737808734905,-4.372225658341112,-4.0342264246320925
2013-08-29,-3.9711951283553537,-7.370716790142929,-14.250392264509038,-3.773582863514824,-3.9426115869591993,-3.8801246404436163
2013-08-30,-4.267381249965851,-7.54569586092142,-15.093289734660342,-3.7452111993320103,-5.014011008477803,-3.8581005829247172
2013-09-02,,,-13.463701158593977,-3.7688566580113325,-3.3644736138694453,-4.203064208588215
2013-09-03,-3.863580194738514,-8.070377781194281,-13.74469338109673,-3.8965363624149707,-4.104843714209084,-4.496565086419457
2013-09-04,-3.060911305818914,-8.374629188279027,-13.576098047595075,-3.976925149459931,-3.9265509268878285,-4.3791900502956
2013-09-05,-2.9407945925464363,-9.075528818597212,-12.901772151738333,-4.690971821857692,-3.468679022728871,-5.0910480933201825
2013-09-06,-2.9233515567929524,-8.522206911001973,-12.480339256134076,-4.180260219824117,-2.9917129054558234,-4.423204856111484
2013-09-09,-1.9475860477567997,-8.337744212859876,-12.564660682091978,-4.648414325583461,-2.984088957054165,-4.467239647460519
2013-09-10,-1.2265322473604012,-8.761973434118852,-11.384596304144456,-4.530194247767749,-0.9887551340023393,-4.944261014260476
2013-09-11,-0.9112640391932381,-8.300811961132826,-11.131719143363373,-4.359957047089891,-0.4121396611189265,-4.746124438722954
2013-09-12,-1.2179754380202579,-8.291678178447636,-11.131719143363373,-4.132976518046394,-0.43242440071015187,-4.3791900502956
2013-09-13,-0.9491068297961425,-8.171842193197087,-11.103619921113095,-4.175534014320615,-0.25167042884480795,-4.2397310000534265
2013-09-16,-0.38471093410791246,-7.9688944586683075,-10.361334773246877,-3.655362785699112,0.0,-3.938815489427716
2013-09-17,0.0,-7.784479036834102,-10.815325702298406,-3.6269911215162987,-0.18634395318123387,-4.166337460523595
2013-09-18,0.0,-6.641044798840257,-10.446440253038725,-3.740484993828519,0.0,-4.3791900502956
2013-09-19,-0.1690046207874052,-6.963762331788537,-9.850559339253294,-3.191942101024192,0.0,-3.814045806042554
2013-09-20,-0.88858549504095,-6.871582986656167,-10.219460627984356,-3.2628712614812483,-0.2122019490409799,-3.946156841934023
2013-09-23,-1.3559488531506236,-6.521161537281817,-10.559945905037305,-2.9838736095756047,-0.6773456559929225,-3.7333442232282965
2013-09-24,-1.6019851119775663,-6.179911691638962,-10.38967950730374,-2.6433992082198765,-0.34022851135143695,-3.2269507845587797
2013-09-25,-1.8688186434972942,-5.92173577422802,-10.50320099877371,-2.5771962532663006,-0.328378360163728,-3.0875117198497337
2013-09-26,-1.5080601532348803,-6.124607866664167,-10.38967950730374,-2.813636408897724,-0.34597948519797805,-3.1021811011735623
2013-09-27,-1.9035971426245357,-5.995524635589488,-10.758580796034812,-2.775805118127006,-0.3757677325437747,-2.7719001805226684
2013-09-30,-2.4905706070185163,-5.838794219658205,-11.155850578029847,-2.652858834807792,-1.147656253510121,-2.7498894466925328
2013-10-01,-1.7040433040320102,-6.048379547815353,-10.474848344981158,-2.440064137855691,-0.0579702656680392,-2.9627420364645496
2013-10-02,-1.7505177894046375,-5.891422205606178,-11.070729258766598,-2.354941929726284,-0.7448634368358853,-2.918700583271139
2013-10-03,-2.6325966977961857,-5.762083682468866,,,,
2013-10-04,-1.9422716588796574,-6.020675631389272,-11.382838122819894,-2.369127761817713,-0.8190532459305122,-3.1315465111987684
2013-10-07,-2.7762573700979787,-5.937620613680517,-11.609849426817053,-2.2792865637657367,-1.1800953403632963,-2.9260219502442952
2013-10-08,-3.945649688231345,-5.983724469139062,-12.262491086337457,-2.354941929726284,-1.5906047957730318,-2.9627420364645496
2013-10-09,-3.880972629963908,-6.150042520311317,-12.63140029480424,-2.4826216341299334,-2.0414721594457452,-2.9921007846453795
2013-10-10,-1.7674190449695648,-6.353122628502206,-11.127466245294503,-2.9129444491185374,-0.09673317727826314,-3.3370311010869735
2013-10-11,-1.1498963627704528,-6.214640867418131,-10.730212302770859,-2.440064137855691,0.0,-3.2563028708952
2013-10-14,-0.7465514694015019,-6.528602828144381,-10.616698731036589,-2.3218440600399792,-0.011696592407672846,-3.234265489687549
2013-10-15,-1.4476044414277855,-6.510165068065588,-9.878935752252927,-2.5961155064421537,0.0,-3.586550482324191
2013-10-16,-0.07377834471483657,-6.0575984278547494,-9.6803404599339,-2.6103013385335494,0.0,-3.7553416333696688
2013-10-17,0.0,-5.522024046243034,-9.453305396729661,-2.265100731674341,-0.38457530239656146,-3.3296830867362903
2013-10-18,0.0,-5.51278625568048,-8.829048069944568,-2.0239271549584936,0.0,-3.094853072356052
2013-10-21,0.0,-5.577384602787294,-8.48854695342023,-2.080670483324143,0.0,-3.1902440220272665
2013-10-22,0.0,-4.921662212292932,-8.119629825217768,-1.5936043399699007,0.0,-2.8086136048985466
2013-10-23,-0.4716057342097124,-4.755504900567519,-8.545276020212434,-1.4139147282850484,-0.3084630665629473,-2.625166396218004
2013-10-24,-0.1458231510046648,-4.949366128719013,-8.318280555686675,-1.5037631419179243,0.0,-2.6765092308514427
2013-10-25,0.0,-4.7832088169936,-8.346680727893407,-1.5557802647800711,0.0,-2.5884463099977384
2013-10-28,0.0,-4.87552053578807,-8.460170540420586,-1.428100560376444,-0.07890105394854352,-2.5810783101139156
2013-10-29,0.0,-4.746248199481817,-8.176398490688452,-1.2389441065227658,0.0,-2.4710179791188724
2013-10-30,-0.4796097218120132,-4.995611813101252,-8.176398490688452,-1.1065381966156362,-0.1304639279091857,-2.118732986482197
2013-10-31,-0.8536833984982284,-5.106361291974504,-7.5805334163744025,-0.8228143392064902,0.0,-1.9645912312274305
2013-11-01,-0.5655457749289994,-5.632726248808395,-8.006140012690588,-0.780249627351326,-0.2887987050541052,-2.0526941231474027
2013-11-04,-0.20979165000230005,-5.447677324448408,-7.5805334163744025,-0.784983048435739,0.0,-1.979287259928808
2013-11-05,-0.47866096186826024,-5.873201916543702,-7.835897374164125,-1.1916604047450208,-0.3111585710327658,-2.4342845692098436
2013-11-06,0.0,-5.586480564426166,-7.381874766169805,-1.2389441065227658,0.0,-2.412273835379708
2013-11-07,-1.2956740210786966,-5.336738740343582,-7.3251456993776,-0.6714891761235298,0.0,-1.9572565405655218
2013-11-08,0.0,-6.40045566796601,-7.637246643695194,-1.177474572653625,-0.03028290752475904,-2.5150394467791215
2013-11-11,0.0,-6.446672986563506,-7.268384953642615,-1.0261494095706647,0.0,-2.456328612261882
2013-11-12,-0.23070924078313348,-6.529973841073311,-7.864289626635146,-1.2909612293848904,-0.34453627527475383,-2.6397891446311883
2013-11-13,0.0,-6.141428777012969,-8.4034097946856,-0.9788657077929197,-0.5822473269301076,-2.2801761231769913
2013-11-14,0.0,-5.688238089537922,-7.665638896166249,-0.6998608403063322,0.0,-2.0747115188219256
2013-11-15,0.0,-5.762216056130976,-7.523740991696637,-0.7897092539392414,0.0,-2.1306909971435584
2013-11-18,-0.364913291450808,-5.429220653846468,-7.126494968908704,-0.6242054743457848,0.0,-1.9757364968744695
2013-11-19,-0.5495440727638079,-5.780682181994501,-7.552125324431969,-0.7187800934821853,-0.34838104593705177,-2.2118722327531315
2013-11-20,-0.9063754989413475,-6.298679232331095,-7.381874766169805,-0.7944426750236544,-0.2532063631859982,-2.189754909412922
2013-11-21,-0.09449332054703996,-6.2154161988675956,-7.495404177375464,-0.8842838730756308,-0.3181381287287621,-2.3299334388480752
2013-11-22,0.0,-5.947227159444646,-7.410259098905147,-0.8086285071150834,-0.069261255615638,-2.4184826743414933
2013-11-25,-0.12412815557576451,-5.873201916543702,-7.21160044870055,-0.7187800934821853,0.0,-2.2561401886554533
2013-11-26,-0.09843343843983776,-5.669715232104922,-7.5805334163744025,-0.5059853965300731,-0.10623586798862439,-2.0273857763493774
2013-11-27,0.0,-5.882477528152563,-7.098134395380451,-0.5911003890785582,0.0,-2.0864297030856016
2013-11-28,,,-6.871099332176211,-0.5816407624906317,0.0,-2.0938443358800685
2013-11-29,-0.07477803665255633,-5.9379799136205165,-6.729256865856447,-0.5343570607128978,0.0,-2.0569177324840426
2013-12-02,-0.3423780909405649,-6.341880322484938,-7.069757982380809,-0.7235062989856766,-0.035510231671032066,-2.3373280861094137
2013-12-03,-0.6547906490336763,-6.175193516111099,-8.687166004946345,-0.6383913064372027,-1.9340097374869747,-2.2487655269272544
2013-12-04,-0.7586138270413878,-6.601370521255334,-9.08439618826289,-1.1491029084707893,-2.814050879516794,-2.8612621610303757
2013-12-05,-1.1859772471678909,-6.8329109667986,-9.964057071516152,-1.5179489740093421,-3.406054203772868,-3.141612558056317
2013-12-06,-0.06643415968143884,-6.74955338071932,-9.197909759997158,-1.603063966557805,-2.4761533738821395,-3.0530499988741577
2013-12-09,0.0,-6.638416236121336,-8.999274868999652,-1.215305863424332,-2.2341646430853124,-3.0604646316686357
2013-12-10,-0.3169768907374637,-6.249209303750469,-9.6803404599339,-1.0734403269293091,-3.092505087982833,-3.016170028388798
2013-12-11,-1.4342627860946977,-6.610570490771572,-10.16266820330658,-0.926848584930795,-3.489409800221721,-2.949791410990643
2013-12-12,-1.7796324150126108,-6.879213382750315,-10.957215687032317,-1.1018119911121338,-4.128521288539632,-3.0752072932806462
2013-12-13,-1.7876574325715766,-6.7403061348951905,-11.155850578029847,-1.0403352416620604,-4.240586180476913,-2.9866647196316154
2013-12-16,-1.1657449450489743,-6.786627461370054,-9.901697072643934,-0.9883181187999246,-2.570255487810391,-3.0604646316686357
2013-12-17,-1.4709894861720696,-6.490101002995241,-10.70029154131047,-0.9504868280291845,-3.4042475428632923,-2.9866647196316154
2013-12-18,0.0,-6.842205488930631,-9.901697072643934,-1.125457449791445,-2.376849322507346,-3.1194952347161076
2013-12-19,-0.04437361182018096,-7.231365144993596,-8.304523974782295,-1.2294916955157609,-0.7395784478643863,-3.31133636731491
2013-12-20,0.0,-6.944114298227644,-7.734128770467386,-1.2578633596985855,-0.05443863878691335,-3.2892057202859593
2013-12-23,0.0,-7.24055565924826,-7.078113303540345,-1.53213480610076,0.0,-3.3925309266132575
2013-12-24,0.0,-7.601973577838839,,,,
2013-12-26,0.0,-7.681709798733416,,,,
2013-12-27,-0.014834029603905119,-7.737401289432933,-5.965786425002795,-1.8631495808685505,0.0,-3.8426717513415976
2013-12-30,-0.02572857850083876,-7.4868746786393,-6.136947752870037,-1.7118244177856123,-0.3882363065053518,-3.8205277806238724
2013-12-31,0.0,-7.904428485223603,,,,
2014-01-02,-0.8716441332698444,-7.542518893030925,-6.422129515556108,-1.3287925201556527,-1.9745741524420435,-3.7835945153834816
2014-01-03,-0.9021065770234871,-7.598172562684125,-5.994321232716359,-1.049794868249987,-1.6084366520410565,-3.746707883053735
2014-01-06,-1.1494215633308436,-7.338332519235314,-6.193961930147296,-0.9315747904342753,-1.6830023010254602,-3.4958361474074384
2014-01-07,-0.547116387668134,-7.189903822970267,-5.423862670515867,-0.6620295495356143,-0.8675156206480295,-3.385162926729446
2014-01-08,-0.5383686518259045,-7.644626262821097,-5.224237812556332,-0.7282397200700896,-0.954698975053303,-3.503204147291261
2014-01-09,-0.5042834083800241,-7.403309076805275,-5.766121968364779,-0.8133547126185636,-1.7496347841318372,-3.5253281324758468
2014-01-10,-0.27446389375712643,-6.623817312243563,-5.309794717282856,-0.6620295495356143,-1.211228433932976,-3.089989925958936
2014-01-13,-1.5176806247297114,-6.354682746662721,-4.967559178641023,-0.4445086470800219,-0.8261185483834033,-2.8907408224100317
2014-01-14,-0.4518043567406149,-6.707326182508111,-4.93904021039887,-0.36411986003505037,-0.5097288211712625,-2.8686035135366827
2014-01-15,0.0,-6.790844508034233,-3.940749606151539,-0.3735794866229658,0.0,-2.971922058019616
2014-01-16,-0.13231535161254415,-6.53100446458541,-4.197467838745306,-0.11822007781571164,-0.16539885292293777,-2.610337130629059
2014-01-17,-0.5196289724775816,-6.3083425096646994,-3.8837591880813704,0.0,0.0,-2.4553826303599813
2014-01-20,,,-3.7411405876634163,0.0,-0.27773459421972513,-2.322585424497392
2014-01-21,-0.24142897341948855,-6.410355326839079,-3.7411405876634163,-0.05658197667283149,-0.13178586180666585,-2.322585424497392
2014-01-22,-0.17210341157410936,-6.670223736072634,-3.6555757632011687,-0.23573785271649994,-0.23452430746520037,-2.411101350768907
2014-01-23,-1.058250543949213,-6.03910393620648,-4.653826768770008,-0.17916307019200106,-1.1487260783552555,-2.160229615122611
2014-01-24,-3.1229027932145326,-5.658690397103971,-6.906983654615894,-0.02829458541057095,-3.6019898582620447,-1.7617314080247914
2014-01-27,-3.5921914442204828,-5.946376185902547,-7.819661915986808,0.0,-4.041279405371922,-1.8650566143520897
2014-01-28,-3.0002272341948633,-5.807185280200056,-7.1066401915182205,0.0,-3.4491551441741097,-1.8797926141197352
2014-01-29,-3.9801084719501167,-5.3616817203886225,-7.677051235304544,0.0,-4.169466915764797,-1.6362755546685093
2014-01-30,-2.8926221295493937,-5.454522933831507,-7.249242952464796,0.0,-3.792271482884624,-1.4739463926712215
2014-01-31,-3.5204596135370303,-5.083356640553127,-7.562983282071523,0.0,-4.479947510176363,-1.0902508037848424
2014-02-03,-5.72315222100821,-4.5673641056712455,-9.074631154149404,0.0,-5.7112051360001415,-1.053344185921945
2014-02-04,-4.997665845640875,-4.855513202287187,-8.846431889797824,-0.023339736032368386,-6.312761287672563,-1.0311935533598549
2014-02-05,-5.161932326595586,-5.19949561852634,-8.846431889797824,0.0,-6.431717372850654,-0.9869389211463075
2014-02-06,-3.9333885916660427,-5.376110449557981,-7.334799857191343,-0.2611685306295519,-4.992116202494367,-1.4001931135448897
2014-02-07,-2.655417004182048,-5.1251205309469805,-6.764380893669308,0.0,-4.52675614834469,-1.0902508037848424
2014-02-10,-2.500488612387919,-5.078619554502117,-6.393586788106842,-0.10256467165646876,-4.650533423021486,-1.2894532744231024
2014-02-11,-1.4169244146070348,-5.497005424105361,-5.395375381216483,-0.14918756373833997,-2.711603360238779,-1.2673292892385057
2014-02-12,-1.3949221399103262,-5.720073955273963,-4.824956417694459,-0.28438256892846514,-2.0831447706983086,-1.481341039932571
2014-02-13,-0.8116926121806922,-5.273861250844114,-4.93904021039887,-0.10722411540281529,-1.5004724465010888,-1.104993465396864
2014-02-14,-0.32642839650365296,-5.338970182076186,-4.368597487669767,-0.10256467165646876,-0.8268490339228274,-1.2525932894708602
2014-02-17,,,-3.969339852014986,0.0,-0.8847434009592869,-1.2258526461312202
2014-02-18,-0.1953125,-5.106550397206089,-4.026338189820855,0.0,-0.8537414485278894,-1.14421174325946
2014-02-19,-0.841531817496799,-5.2924408398465905,-3.7411405876634163,0.0,-0.8509750279423467,-1.0329656039648194
2014-02-20,-0.22545340874839948,-5.3946616727757135,-3.7981864438834334,-0.3485616054200613,-1.2738464702728547,-1.2703337810536897
2014-02-21,-0.4035835303481283,-5.273861250844114,-3.5129730022546046,-0.14407099559965442,-0.8827888646760318,-1.1071119319095546
2014-02-24,0.0,-5.366844293210682,-3.0281188631948064,-0.102245304910209,-0.34917038955711854,-1.2109434384097284
2014-02-25,-0.1326426574938755,-5.041479287020323,-2.8284781657638813,-0.08365138137887973,-0.4476088553924784,-1.0329656039648194
2014-02-26,-0.11098836182572569,-4.762643623059571,-3.199200993705076,0.0,-0.8337249923347057,-0.7658722772542648
2014-02-27,0.0,-4.651052625905794,-3.199200993705076,0.0,-1.5870934852699636,-0.42459265153265147
2014-02-28,0.0,-4.7439505709181535,-2.9140113112833155,-0.3184577686054402,-0.5222220250980514,-0.9216661699151474
2014-03-03,-0.732805537913428,-4.272823252227987,-5.281267829304969,-0.004612778382073746,-3.9420290552342974,-0.4542778300880679
2014-03-04,0.0,-5.008376416232718,-3.056645751172693,0.0,-1.578673944357456,-0.6916593308657237
2014-03-05,0.0,-4.906004299118338,-3.113659928449941,0.0,-2.0624166628327667,-0.6693887851047631
2014-03-06,0.0,-5.315691328069017,-2.9710492477676653,-0.42860756479551343,-2.0536864007675404,-1.0329656039648194
2014-03-07,0.0,-5.725359446496547,-4.311559551185429,-0.35486636041726083,-4.025572952264911,-1.0551828549707265
2014-03-10,-0.03991336850280858,-5.622940053074277,-4.7678947220030405,-0.12443037099644227,-4.900563718333883,-0.8771517257707973
2014-03-11,-0.5439694112027493,-5.529862458091916,-4.653826768770008,-0.2396483657068571,-4.466506314505336,-0.951358010314951
2014-03-12,-0.48779477339853106,-5.15740079397723,-5.623503367946803,-0.11060477421904746,-5.6889234223709835,-0.6323089592880193
2014-03-13,-1.6395805501938754,-4.598746118851505,-6.764380893669308,0.0,-7.443014492335265,-0.2984572900496585
2014-03-14,-1.9145208659945068,-4.589394865150009,-7.334799857191343,0.0,-7.046624510827182,-0.2688187444048862
2014-03-17,-0.9714538578002863,-4.971217238227776,-6.183492039556859,0.0,-5.768989247143697,-0.44688318282675166
2014-03-18,-0.25395151370186664,-4.73840033237135,-5.525251126899189,0.0,-5.136120421887158,-0.4542778300880679
2014-03-19,-0.8656148639982653,-5.622940053074277,-5.639715066917017,-0.22976885188989993,-4.78201858693843,-0.6545728432045816
2014-03-20,-0.2651821106983254,-5.604332098287069,-5.582455377833162,-0.5284655545512051,-4.58628430724869,-1.0255176619484496
2014-03-21,-0.557271461501252,-5.427433609408061,-5.467983518079644,-0.37222441814340756,-4.105728986404545,-0.943903406454194
2014-03-24,-1.0409233282956842,-5.3902082445720705,-6.441065603605822,-0.15164828368600114,-5.688111538068707,-0.5878211625211738
2014-03-25,-0.5951133767020056,-5.446079385241587,-5.181795948960155,-0.05514228061711535,-4.15232713605006,-0.4987722886993007
2014-03-26,-1.288075855898163,-5.045667967899769,-4.494917272024868,0.0,-3.021462512344897,-0.40973673856619097
2014-03-27,-1.458656787398227,-4.95259037291741,-4.294571718116968,0.0,-2.994469865109939,-0.17978319427177647
2014-03-28,-0.9974661145966901,-5.287760485365056,-3.6935271366575706,-0.050320497383438134,-1.5987906331805468,-0.3207211739662208
2014-03-31,-0.20871876860112382,-5.2784281421867085,-3.7221886601422782,-0.06862266746798795,-1.9198457700477012,-0.4172046661157114
2014-04-01,0.0,-5.474331706839242,-2.892200359175856,-0.1418173873407813,-1.4292371164235096,-0.5358987474267218
2014-04-02,0.0,-5.884869709332019,-2.892200359175856,-0.3385203442371365,-1.2275490185170712,-0.7881228374820415
2014-04-03,-0.11144491681941426,-5.819496030775739,-2.577351266571637,-0.10979207980917893,-1.1715089551339708,-0.6842446980712347
2014-04-04,-1.3604943414407322,-5.2410893142117665,-2.0049365296541777,0.0,-0.4843541375177618,-0.32814913044945104
2014-04-07,-2.4203773862118028,-5.01729272790159,-3.207001933365883,-0.06831640132185512,-2.3823391709819286,-0.29104931909956777
2014-04-08,-2.022404831661617,-4.886639923404812,-3.4932132616924627,-0.2231557924573857,-2.5882270160816234,-0.40973673856619097
2014-04-09,-0.9440419070119055,-4.914636952939844,-3.235631777907799,-0.2869135975767212,-2.4285263668448076,-0.49136431774919886
2014-04-10,-3.0124924990375224,-4.513535301502758,-3.579055276904053,0.0,-2.9602905383103617,-0.1500580446500921
2014-04-11,-3.9228109522608356,-4.317650647373394,-5.067316169470937,-0.03184932070403601,-4.389527654733872,-0.04620655261678985
2014-04-14,-3.1327370177053893,-4.46686413034948,-4.695262825932767,0.0,-4.144428804813094,-0.20205374003272603
2014-04-15,-2.478151175727761,-4.354970564825178,-5.467983518079644,0.0,-5.842680276654089,0.0
2014-04-16,-1.4525787021997805,-4.504193503062847,-4.265941873575052,0.0,-4.36355738032399,-0.1036114283571754
2014-04-17,-1.3138614636222345,-5.045251936390294,-3.7221886601422782,-0.19475188589004322,-3.420418449178697,-0.28872253590783714
2014-04-21,-0.9399392447994148,-5.06387880170066,,,,
2014-04-22,-0.5343413233097616,-5.101236540198761,-2.3770294718708396,-0.2400465580023159,-1.4663933523314299,-0.46638106654554035
2014-04-23,-0.7419804230696769,-4.858699625439266,-2.8349644292990916,-0.14493051096522436,-2.040134949203609,-0.32572614259606114
2014-04-24,-0.5692461719763009,-4.886639923404812,-2.66321704099034,-0.30345495236145936,-1.9940580092336346,-0.43677020341416073
2014-04-25,-1.3739837229561735,-4.756053305739094,-3.464583417150535,-0.07246179998428026,-3.5041728347321333,-0.11103741266741407
2014-04-28,-1.0487421330736102,-4.895991177106318,-3.121151998418592,-0.1675778470213607,-3.044245389123612,-0.21468872992866928
2014-04-29,-0.5759908627340105,-4.812000088501245,-1.9477560379272951,-0.1630511442087923,-1.6303037720244884,-0.22204823273208607
2014-04-30,-0.273918932397077,-4.560149741086573,-2.062219977945101,0.0,-1.4341585385521216,0.0
2014-05-01,-0.2815442993365336,-4.285370384343146,,,,
2014-05-02,-0.41615171573262666,-4.145186676174872,-1.8332604189666868,0.0,-1.918723164592706,0.0
2014-05-05,-0.2220091574570926,-4.201256377337559,-2.1480778326281036,-0.022565572717281324,-2.1909148943783596,-0.0738934942064895
2014-05-06,-1.1167833180742437,-4.08914534079694,-2.17664431928446,0.0,-2.8269610940030665,-0.051718144871737426
2014-05-07,-0.5190905894308373,-4.014354221708105,-2.0908260632799602,-0.09469311881301623,-2.2750802337144327,-0.18477687821925048
2014-05-08,-0.6308290649775006,-3.911547162561102,-1.1749799076305356,0.0,-1.3913592055802337,0.0
2014-05-09,-0.4619039173693773,-3.9862910053420353,-1.260853601784917,-0.08092104559100921,-1.6577073730420944,-0.059101631327074244
2014-05-12,0.0,-4.238623571097233,-0.5739194866997588,-0.17533579215501804,-0.41568476276589994,-0.10343946158422046
2014-05-13,0.0,-3.864771983530446,-0.48809331095956976,0.0,0.0,0.0
2014-05-14,-0.4508197217325205,-3.425499441099489,-0.23050390743919458,0.0,-0.000410470563450005,0.0
2014-05-15,-1.3641276246113554,-3.0796921593756243,-1.4039473863446617,-0.12085453046029038,-1.008566220314966,0.0
2014-05-16,-0.9940829733541268,-3.2853251881928003,-0.974626433986947,-0.17009383814017287,-1.2848529554281063,-0.19117006220202848
2014-05-19,-0.6059554136703782,-3.406815844219646,-0.9174142633172733,-0.43867312189506125,-0.9743269684366118,-0.22054547085982312
2014-05-20,-1.2486533038719605,-3.1264200620983784,-1.1749799076305356,-0.8057241907548418,-1.1825356588793356,-0.2573238503488451
2014-05-21,-0.43303582202801616,-3.2759361134449883,-0.45945554668193056,-0.6982979414567936,-0.5798347225259071,-0.39700155376993784
2014-05-22,-0.18400427212271753,-3.3787809936383084,-0.20188990236866822,-0.6848696602945514,-0.34363394195104924,-0.30146578822458636
2014-05-23,0.0,-3.182480307999469,-0.0015443484607691182,-0.47000350118869827,0.0,-0.2940890923563533
2014-05-26,,,0.0,-0.1253351776843159,0.0,-0.2940890923563533
2014-05-27,0.0,-3.1544832784644483,0.0,0.0,0.0,-0.1029190301543248
2014-05-28,-0.09571650631786666,-2.621754930587983,0.0,0.0,-0.01660215729807346,0.0
2014-05-29,0.0,-2.74322667609167,-0.028417543096592723,-0.14705284369030958,-0.019313515531371728,-0.09537793868690247
2014-05-30,0.0,-2.818017795180505,-0.08509566964831627,-0.2317241656930591,0.0,-0.15407155062625577
2014-06-02,0.0,-3.262679836711413,0.0,-0.22281640534742575,0.0,-0.2127192825785662
2014-06-03,-0.03272600622655775,-3.749559621191967,-0.4814502094716677,-0.4188891302068565,-0.3053217695334398,-0.49884654435541353
2014-06-04,0.0,-3.824416927111851,-0.3115233791826766,-0.6194293348732005,-0.2356775097819508,-0.6455707427779789
2014-06-05,0.0,-3.684006292665687,0.0,-0.24509260602855187,-0.023015190123631957,-0.3741447396923392
2014-06-06,0.0,-3.758948695939779,0.0,0.0,0.0,-0.029376300247019316
2014-06-09,0.0,-3.899359330385943,0.0,0.0,0.0,-0.1980770124420661
2014-06-10,-0.024058336593757446,-4.067804815413433,0.0,-0.42890042668742856,0.0,-0.40346860566852216
2014-06-11,-0.3665976294003004,-3.936745434668776,-0.5858911138007628,-0.4156360214826571,-0.7876339732904025,-0.3007891947649388
2014-06-12,-1.0445921026868699,-3.562288710360939,-0.5580029345900184,-0.45985520343183595,-0.8984086942575797,-0.22742709555365614
2014-06-13,-0.7329118943075308,-3.749559621191967,-0.8370468672741938,-0.30067559407466193,-1.1559677105710486,-0.10271873660673281
2014-06-16,-0.6491189403107889,-3.749559621191967,-1.3677175332025282,-0.21666319651113541,-1.4440345680228894,-0.029376300247019316
2014-06-17,-0.4314258963492801,-4.1520795618658735,-0.9720636418750095,-0.5880800360446248,-1.0816797054498561,-0.3301261693088198
2014-06-18,0.0,-3.646591822598111,-1.1133575730922107,-0.490803233276349,-0.9818695006402978,-0.16138613141063463
2014-06-19,0.0,-3.8899986214228632,-0.5764406344668904,-0.10612198853808819,-0.2472858684038015,0.0
2014-06-20,0.0,-3.7776417480811952,-0.46335916361405216,-0.26972081733023234,-0.41440223278835786,-0.13184608005771814
2014-06-23,-0.01294310567795387,-3.843128889776426,-1.0285889353417454,-0.06190280658888714,-1.0757008307422433,0.0
2014-06-24,-0.6477114597914335,-3.4499507475424407,-1.1981802577015976,0.0,-0.9045920581652989,-0.007321893469136587
2014-06-25,-0.1586268580223038,-3.3563342026500798,-2.1307665296141254,0.0,-1.6058731635287482,0.0
2014-06-26,-0.25931529391698405,-3.103585605385417,-2.4416826671105674,0.0,-2.2325643987613386,0.0
2014-06-27,-0.06328045725623177,-3.103585605385417,-2.1307665296141254,-0.08358736678850676,-2.1301639974172004,-0.10930659790930886
2014-06-30,-0.09619096416043638,-3.0286715678960574,-2.3003424100143,-0.043988757995916394,-1.9516741384748237,-0.05100019509267639
2014-07-01,0.0,-3.3456403018043868,-1.3394819098986321,0.0,-1.260266940201804,0.0
2014-07-02,0.0,-3.7395843202262635,-1.085129670768159,-0.5050034649217383,-1.1719276057596262,-0.26232792826951234
2014-07-03,0.0,-3.936546874175617,-0.15246618905714326,-0.37326809193708455,0.0,-0.28418316366936036
2014-07-04,,,-0.4916179498574813,-0.1361310192042997,-0.20289896842651256,-0.04373000184112463
2014-07-07,-0.3884698364318262,-3.70208475280448,-1.5938109860895722,-0.09222146176948165,-1.2299739750281757,-0.02187476644129882
2014-07-08,-1.0614842285805337,-3.2613277343056413,-2.6677606780379226,0.0,-2.56006346946136,0.0
2014-07-09,-0.5960422506909202,-3.242473942717383,-2.6677606780379226,-0.13173050167808453,-2.205803311660137,-0.014535054659792213
2014-07-10,-1.007021655724627,-3.036169590328097,-3.7416794860668734,-0.1932038424489635,-3.692132217139088,0.0
2014-07-11,-0.8516866369551179,-2.876687693277369,-3.8264712867568718,-0.0746457209295337,-3.620244172034337,-0.014579878560705417
2014-07-14,-0.37123827999759884,-3.0924662177686635,-3.0068892758987165,-0.07025716090720557,-2.4569684374189382,-0.02909487114649556
2014-07-15,-0.56325480492454,-3.1768733378832015,-3.1764728772787354,0.0,-3.0910983067799713,-0.06540506270223956
2014-07-16,-0.13393803885077826,-3.036169590328097,-1.9047116816263254,0.0,-1.6966084967131922,0.0
2014-07-17,-1.3060162961678556,-2.4734113316771444,-2.5829765983277575,0.0,-2.7474124977507564,0.0
2014-07-18,-0.2923258924216299,-2.6703644303649243,-2.7525061528488215,0.0,-3.085022437872298,0.0
2014-07-21,-0.5207389922578742,-2.6422917587372807,-3.402520004286691,0.0,-4.1615515120734585,0.0
2014-07-22,-0.021675127089515467,-2.5203188843698987,-1.9329473049302326,-0.10914647311465187,-2.9423368882359524,-0.14488464189135186
2014-07-23,0.0,-2.5296795933329785,-1.9329473049302326,0.0,-2.7506062237150464,0.0
2014-07-24,0.0,-2.9236236117548553,-1.3112154026753475,-0.1264755957532393,-2.346794628620308,-0.18111694652624966
2014-07-25,-0.4830749436752213,-2.548410466520712,-1.9612215331333505,0.0,-3.842889714410791,0.0
2014-07-28,-0.4539562614509718,-2.660956445093954,-2.215566051283968,0.0,-4.299943058202926,-0.05070649277417738
2014-07-29,-0.8998695109320609,-2.5296795933329785,-2.017723663660531,0.0,-3.74697082881863,0.0
2014-07-30,-0.8776835258939575,-3.21438236056657,-2.724293692484492,-0.28224452742509065,-4.344713643519427,-0.2315613227616531
2014-07-31,-2.8537798026428973,-3.242473942717383,-3.8264712867568718,-0.31263621848121037,-6.201242125712847,-0.23876993528864077
2014-08-01,-3.131365268784869,-2.6730119036070144,-5.409110015006502,-0.32566217545010323,-8.16945364696242,-0.043458559108910944
2014-08-04,-2.4344870271226893,-2.6166679998585463,-5.324302772356793,-0.15631810924060519,-8.727216465293154,-0.028944357204785387
2014-08-05,-3.370401147253066,-2.5695997077189503,-4.872108145602871,-0.49935264439182614,-8.372255245694893,-0.23876993528864077
2014-08-06,-3.3396237630653247,-2.485088579727046,-5.522152880960096,-0.38645218317624463,-8.967505396228448,0.0
2014-08-07,-3.853476090928276,-2.0434333113782177,-6.228668862925124,-0.34303453515124316,-9.875536214905045,0.0
2014-08-08,-2.742301490272625,-2.1279917156780126,-6.963513119952203,-0.13895237515340053,-10.171160342959428,0.0
2014-08-11,-2.4561178547689355,-2.1749843657249746,-5.861304641760445,-0.06947618757670027,-8.461991155715953,-0.007188255587342596
2014-08-12,-2.6105802437357606,-2.3160095921737622,-5.861304641760445,0.0,-9.571431186500357,-0.014382946497493165
2014-08-13,-1.9322862342766922,-1.9964595718544142,-5.578670453446966,0.0,-8.281126949049167,0.0
2014-08-14,-1.501071115255681,-1.799071531134,-5.296067149052897,0.0,-8.019699057539253,0.0
2014-08-15,-1.495526311549178,-1.4043994575705487,-5.154780938815562,0.0,-9.340811066182575,0.0
2014-08-18,-0.6489045187509812,-1.7145414926189373,-4.419936681788461,-0.27972367781673446,-7.81798799937995,-0.339841072647018
2014-08-19,-0.13227640392872164,-1.8178969569375258,-3.8264712867568718,-0.09467712068080836,-6.931096141277971,-0.21750263744260145
2014-08-20,0.0,-2.1092135661823885,-3.854730073000323,0.0,-7.127617394745311,-0.09520899141429728
2014-08-21,0.0,-1.902445905975747,-3.261210631109801,-0.01720955559098014,-6.260569480287314,-0.1599613431019664
2014-08-22,-0.18584791645513965,-1.8931230180589842,-3.4873349679162224,0.0,-6.882343135475521,-0.059230486123773574
2014-08-25,0.0,-1.8178969569375258,-1.9329473049302326,0.0,-5.177662691126972,0.0
2014-08-26,0.0,-1.8367034722178932,-1.7068692940028662,0.0,-4.3998443642810585,0.0
2014-08-27,0.0,-1.5642311992997038,-1.5090346273592625,0.0,-4.583707557524064,0.0
2014-08-28,-0.1556357592877422,-1.4326517791682036,-2.1590639207568096,-0.14054541577650514,-5.652067314395836,0.0
2014-08-29,0.0,-1.4232248833740746,-2.0460056128435156,-0.17036241233540084,-5.576187111835718,0.0
2014-09-01,,,-1.8199044389766272,-0.12776855979681478,-5.487843588439334,0.0
2014-09-02,-0.04968143305537076,-2.0530114913576036,-1.763394587469591,-0.42591252974794047,-5.208772308370602,-0.33622478035852943
2014-09-03,-0.10924018366181842,-1.9117498833693514,-1.141600917375929,-0.5536810895447553,-4.017570945506465,-0.4077418018612722
2014-09-04,-0.2596514928553617,-2.2600722646731963,-0.09595633755011823,-0.14480870037603122,-3.0427445167230505,-0.3648430388074053
2014-09-05,0.0,-2.2318293983371262,-0.46335916361405216,0.0,-2.815814707809128,-0.14310401429755704
2014-09-08,-0.2902339271548815,-2.335392878410447,-0.9155306274284403,-0.16981994900477915,-2.706030377786628,-0.2217581075895203
2014-09-09,-0.9410643572910771,-2.5613263538374453,-1.2546823882287894,-0.6198486442616669,-3.17794233688824,-0.6009134561346441
2014-09-10,-0.5697857912116522,-2.8060757998063957,-1.1981802577015976,-0.8321268196255449,-3.2829360779643046,-0.565126320763798
2014-09-11,-0.4545157686436263,-2.9284268846369255,-1.3959840404258128,-1.0528979359044066,-3.371571710442778,-0.5794449915280775
2014-09-12,-1.0459263872159674,-3.295546325959553,-1.3677175332025282,-1.277912283532845,-3.7718974704911368,-0.8226715637241644
2014-09-15,-1.115473436322767,-3.116700053195298,-1.3679800465173586,-1.1675299645013237,-3.6871468888045933,-0.7010741801924847
2014-09-16,-0.37401258598375176,-3.144914553746636,-1.7678727557813745,-1.2014887717296419,-3.9533653692609305,-0.6724241166108591
2014-09-17,-0.24259246050895023,-3.389645089192428,-1.3679800465173586,-0.9807241336665884,-3.668500592397217,-0.6080441668972925
2014-09-18,0.0,-3.4556144492281726,-0.22540628568057386,-1.1378079104067962,-2.3062109401472353,-0.8583950888295111
2014-09-19,-0.04642480961027928,-3.088495007905545,-0.025471512518338013,-0.734480672858584,-2.294945266547588,-0.5222084746302813
2014-09-22,-0.8474144588045962,-2.881377503020488,-0.625298994944623,-0.5816401274679639,-2.7906835897791415,-0.379142626492035
2014-09-23,-1.4099860745573234,-2.674288363920163,-1.8250002856762704,-0.6028692406475078,-4.3312474148346265,-0.3576741618854462
2014-09-24,-0.6360392269972537,-2.947261765702025,-1.082326955083357,-0.5052166156647608,-3.6638171101142203,-0.33622478035852943
2014-09-25,-2.2426523387823027,-2.4765788443060655,-2.11065337711025,-0.35237607027412965,-5.178957708057618,-0.14310401429755704
2014-09-26,-1.3859569184700882,-2.6836963491911336,-1.682177600449175,-0.35237607027412965,-5.372986297357696,-0.04291148510695564
2014-09-29,-1.6287354036544799,-2.3730531852790615,-2.0249582217780393,-0.43729252299233856,-6.047398009140292,-0.04291148510695564
2014-09-30,-1.8974632438587324,-2.457772329025709,-1.7393437352432817,-0.1528405453906201,-5.535009468229046,0.0
2014-10-01,-3.188383649879456,-1.6382186211543304,-2.3963064685442848,0.0,-6.454997285332931,0.0
2014-10-02,-3.1796427443216424,-1.9305942196960246,-4.681446269237998,-0.19499245760091766,-8.313034997783863,-0.057051047278833256
2014-10-03,-2.0970972592760595,-1.9588938176015702,,,,
2014-10-06,-2.24784621020071,-1.798551491747169,-3.5674555757982507,-0.19499245760091766,-8.175140037093954,-0.17827263579073271
2014-10-07,-3.7261060245841415,-1.223321743073691,-5.138435624477477,-0.2289044705773846,-9.404520056988531,-0.09982506839120164
2014-10-08,-2.0116150699879154,-0.87429021715143,-5.909707464427127,-0.0805402223122198,-10.310652166631485,-0.04993155332460031
2014-10-09,-4.031150960572849,-1.044144536154179,-6.281009385314262,-0.046628209335741744,-10.214041956211684,-0.04281205937035626
2014-10-10,-5.120530486958453,-0.6573959717938171,-7.652077823770808,-0.01695924051577924,-12.369797245138725,-0.021409199540023405
2014-10-13,-6.68317904401563,-0.13872759788512434,-7.766340604540368,-0.10173603892940086,-12.134289166180467,0.0
2014-10-14,-6.535163709626978,0.0,-7.680645449208157,0.0,-12.006861447599137,0.0
2014-10-15,-7.2834412311782115,0.0,-10.3942378636234,0.0,-14.532027618718967,0.0
2014-10-16,-7.26678617238079,-0.27178504062210784,-10.936968700074212,-0.7769926763481982,-14.422846980799475,-0.5093725749124922
2014-10-17,-6.071995725423818,-0.5622973522288688,-8.451894126218251,-0.857226806395539,-11.75700107574038,-0.7570220782640136
2014-10-20,-5.211746603614797,-0.421715966779157,-8.9374819908145,-1.1317058837932437,-13.078210454077722,-0.6579912167596902
2014-10-21,-3.354427518690939,-0.6935385934945582,-7.109377871239387,-0.9290135428922652,-11.391173398288013,-0.778286566662767
2014-10-22,-4.048906133342078,-0.7215872156165704,-6.195306509002196,-0.8698946749847614,-10.860936992460468,-0.6791865012021003
2014-10-23,-2.8683171576575295,-1.1339724347350422,-5.681166460928289,-0.8910099371245872,-9.792382496200636,-0.8348450727883927
2014-10-24,-2.182299419553202,-1.0496668274725063,-5.966811831382445,-0.9332340179309062,-10.385733937700536,-0.7923915912159907
2014-10-27,-2.328407889724038,-0.9465493805154046,-6.680909815558145,-0.8530063313569092,-11.235128726630295,-0.6791865012021003
2014-10-28,-1.162567108619117,-1.1902106268289137,-5.738301711802995,-0.8192232006278499,-9.58418661641871,-0.8348450727883927
2014-10-29,-1.2890068744455307,-1.5182432560682302,-5.595448142656534,-0.857226806395539,-9.438424184450922,-0.877273389285782
2014-10-30,-0.6671691187207007,-1.4151258091111285,-4.909902341958494,-0.6165244162535499,-9.119061324991218,-0.5235593859595711
2014-10-31,0.0,-1.5744438620688084,-3.1960918870723165,-0.18580399727312624,-7.004980265110417,-0.45983512471968746
2014-11-03,-0.011138946314059872,-1.6110715099855955,-4.024460372997451,-0.4518356811202273,-7.754473747962054,-0.5730465060023393
2014-11-04,-0.2937523912411977,-1.6204868263561933,-5.10985255708043,-0.287146945986938,-8.60427748960676,-0.27592875641434533
2014-11-05,0.0,-1.5922784633376819,-3.4817063736070852,-0.401164206763327,-7.118542539261408,-0.38203729527032104
2014-11-06,0.0,-1.8927886757611256,-3.3960266602345746,-0.287146945986938,-6.501062887580067,-0.346630034705786
2014-11-07,0.0,-1.2637760079321714,-3.7102550980857796,-0.19847186586233745,-7.354352464271163,-0.27592875641434533
2014-11-10,0.0,-1.6674600464526512,-3.1104198946796613,-0.12245821085363762,-6.755713848385259,-0.3395901049666694
2014-11-11,0.0,-1.658016540512075,-2.7961991778083006,-0.08867508012460057,-6.584615822030015,-0.3325124276150171
2014-11-12,-0.04136731705208785,-1.69558384076125,-3.5674555757982507,-0.10979034226441531,-8.160680637530016,-0.2971617884693023
2014-11-13,0.0,-1.536002685150506,-3.5388647874213475,-0.033783130729070354,-7.786284427002721,-0.12732898837343187
2014-11-14,0.0,-1.329457705966619,-3.5959768753565213,0.0,-7.74210779681983,-0.0636865136273701
2014-11-17,0.0,-1.4421126240975357,-3.1104198946796613,0.0,-7.209583203182513,-0.1416353335268905
2014-11-18,0.0,-1.329457705966619,-2.681897792139487,-0.03796836120083524,-5.712183363491974,-0.2127077966750046
2014-11-19,-0.14381714292265313,-1.5922784633376819,-2.4248586520219217,-0.261530500198881,-5.549965453232552,-0.49700394053618924
2014-11-20,0.0,-1.4139794332656108,-2.453410835499581,0.0,-5.438593997197305,-0.2056301193233412
2014-11-21,0.0,-1.2168121843590396,-0.5967313695072529,0.0,-2.9600873834582098,-0.006580667119859829
2014-11-24,0.0,-1.1041478697047968,-0.5396038396123903,0.0,-2.431739949694922,-0.070569161647549
2014-11-25,-0.10420699753410645,-0.8601013659350065,-0.16828647676556674,0.0,-1.6772611385087788,0.0
2014-11-26,0.0,-0.6910297217670669,-0.3682135289479582,0.0,-1.135359843336059,0.0
2014-11-27,,,-0.08258360045350077,0.0,-0.5439947435944337,0.0
2014-11-28,-0.24970729572180161,-0.30612933337117454,0.0,0.0,-0.48437527993786533,-0.007074643631255206
2014-12-01,-0.9267679931287298,-0.5506550598304849,-0.6278376428579757,-0.033331318069595994,-0.6572649086633353,-0.22656405237591049
2014-12-02,-0.28903741923244075,-0.9926581204660612,-0.1426728412623257,-0.13332527227835067,-0.9506982186019752,-0.35399536582643165
2014-12-03,0.0,-0.9550626306469079,0.0,-0.020832868455866738,-0.5747051450925245,-0.2902671765172449
2014-12-04,-0.11442683875838577,-0.6070999754374862,-1.2485642063891689,-0.25414573764408477,-1.775575318574163,-0.43184151093833556
2014-12-05,0.0,-1.1618989020538373,0.0,-0.13332527227835067,0.0,-0.5026819416306116
2014-12-08,-0.7109948916583675,-0.8327668795856225,-0.7633598286933996,0.0,-0.7150691374200768,-0.10621991514059292
2014-12-09,-0.9436847138157067,-0.46600178120496105,-3.053446956931094,-0.10391985384240465,-2.908760407740729,-0.014161819846469914
2014-12-10,-2.349866747165885,-0.01463978333872129,-3.2513482676375216,-0.21200056120780353,-2.8490753069135732,0.0
2014-12-11,-1.8805239062783752,-0.1838993579731496,-3.307900233162231,-0.22447043624773677,-2.2265011335328544,0.0
2014-12-12,-3.46748174693845,0.0,-5.626270986319771,-0.06651022872263823,-4.881369932321067,0.0
2014-12-15,-4.077022666589203,-0.36453739577942956,-8.005228764163785,0.0,-7.466059121069368,0.0
2014-12-16,-4.891581803754985,0.0,-5.960905779075909,0.0,-5.187114485317412,0.0
2014-12-17,-2.9509730065780726,-0.6906079795031217,-6.216474810302541,0.0,-5.380033382995075,0.0
2014-12-18,-0.6050565884636594,-1.2505276345292082,-3.2634916559103333,-0.008288006583856422,-2.7367627595176414,-0.014078808420514566
2014-12-19,-0.15047279455349116,-0.8865565482020887,-2.752422372874608,0.0,-2.975677425894385,0.0
2014-12-22,0.0,-0.8865565482020887,-2.298149604403721,0.0,-2.194485135408697,-0.0773805111735526
2014-12-23,0.0,-1.7077223130453456,-2.1562041709367263,0.0,-1.6358461454606732,-0.08443775331792303
2014-12-24,-0.01023771290262765,-1.6367463194723486,,,,
2014-12-26,0.0,-1.5059088074102944,,,,
2014-12-29,0.0,-1.169490803191453,-1.701877907363314,0.0,-1.586084358234141,0.0
2014-12-30,-0.47714263313094474,-1.0572924150327734,-2.752422372874608,0.0,-2.791384550088094,-0.0070369353394994505
2014-12-31,-1.5027635714967902,-0.9451686206666032,,,,
2015-01-02,-1.5226229837002947,-0.4404949932180213,-2.894413659286632,0.0,-3.1960524380806987,0.0
2015-01-05,-3.316477181420552,0.0,-4.796768284434993,-0.2624023803461495,-6.086573311359411,-0.09092637842724738
2015-01-06,-4.175911904591634,0.0,-5.989296394200827,-0.10250102757530799,-6.1212710244761155,0.0
2015-01-07,-3.0313960528828177,-0.01862257314769744,-5.1374633080912835,-0.3649034079214575,-5.640266231370427,-0.034881614224424595
2015-01-08,-1.2947660528706884,-0.42642363746381307,-2.4968915524354984,-0.35260378510570956,-2.473548076421328,-0.237402671611453
2015-01-09,-2.123885348225829,0.0,-3.5474742287343486,-0.36079936287203296,-4.348318569540311,-0.09077379140275399
2015-01-12,-2.91589503844516,0.0,-3.1215767910733327,-0.11480065039105591,-3.0258361456649507,-0.08378881460432419
2015-01-13,-3.1565620237895775,0.0,-1.6451119614285026,-0.03279482339781925,-1.4485811162149753,-0.09077379140275399
2015-01-14,-3.716536204639853,0.0,-3.0363667349111334,0.0,-2.6770776586904854,0.0
2015-01-15,-4.604449056971383,0.0,-0.6229428267270687,-0.02449479790794795,-0.5403897742044417,0.0
2015-01-16,-3.32274823898433,-0.7372009734793794,0.0,0.0,0.0,0.0
2015-01-19,,,0.0,0.0,0.0,0.0
2015-01-20,-3.1698888185512586,-0.5095939183961451,0.0,-0.09773977394197386,0.0,-0.055703837669773826
2015-01-21,-2.70005710298703,-0.9828862049168108,0.0,-0.43577099237874783,0.0,-0.44540894550779697
2015-01-22,-1.2134974849103863,-1.2285895962501292,0.0,0.0,0.0,-0.07659200681036094
2015-01-23,-1.7557047325814978,-0.5824423407415735,0.0,0.0,0.0,0.0
2015-01-26,-1.5025020116187449,-0.8099495163974346,0.0,-0.19411021105976145,0.0,-0.284322936251058
2015-01-27,-2.821044495354341,-0.6734597389206232,-0.5350855724331249,-0.29116840191582005,-1.572002326025168,-0.24270047925059046
2015-01-28,-4.124690825060018,0.0,-0.5350855724331249,-0.3639574170685944,-0.8090172362805625,-0.11094002180008777
2015-01-29,-3.203591765763303,-0.35468481874950664,-0.7223255603968859,-0.41248959782280714,-0.5599010263631299,-0.06932370289977063
2015-01-30,-4.459685233739153,0.0,-1.0700991405638516,-0.19006843376871974,-0.9632023180667582,0.0
2015-02-02,-3.218749479671279,-0.124968029230621,-1.0433711435125725,-0.23050471863614863,0.0,-0.06919257106917653
2015-02-03,-1.8189384279753695,-0.9676245533342787,-0.3745375793694383,-0.28307867668139197,0.0,-0.2075532202620467
2015-02-04,-2.197830239600973,-0.8046074729563868,0.0,-0.2385944438705767,0.0,-0.3735602817007022
2015-02-05,-1.171686181479048,-1.167003025332758,-0.05337812836395672,-0.28307867668139197,-0.054165362950886475,-0.35282700332546213
2015-02-06,-1.4829041592932857,-2.2723839156480685,0.0,-0.461015607924653,-0.5950761429679208,-0.401267926310267
2015-02-09,-1.8968067175211378,-2.317707050102913,-0.6664869927260786,-0.6227730886990468,-2.2711325465453402,-0.304428942995294
2015-02-10,-0.8447937495099755,-2.562345482135442,-0.02664972106051211,-0.8168894704111751,-1.443365512737993,-0.3735602817007022
2015-02-11,-0.8134384616910739,-2.598616624583483,-0.31991863583278324,-0.7885785174168491,-1.4591264519575042,-0.3182307177908572
2015-02-12,0.0,-2.562345482135442,0.0,-0.5216731205519465,0.0,-0.08302496204662946
2015-02-13,0.0,-2.88848794189831,0.0,-0.42057315240485726,0.0,-0.19373919899372538
2015-02-16,,,0.0,-0.5135895659698964,-0.36640020836372633,-0.20022370631780362
2015-02-17,0.0,-3.577044003872054,0.0,-0.6551258189844145,-0.618241339570702,-0.3531392883807216
2015-02-18,-0.02697168732596067,-3.1150133649999634,0.0,-0.610641586173577,-0.02189458142067835,-0.3600585454876515
2015-02-19,-0.11695961971187607,-3.359606672446225,0.0,-0.5054998407354683,0.0,-0.29752193236112223
2015-02-20,0.0,-3.414053998245914,0.0,-0.3396944120176659,0.0,-0.24890343552135263
2015-02-23,-0.029418327227292984,-2.9700190443803898,0.0,-0.020221227759897875,0.0,-0.24192906928703906
2015-02-24,0.0,-2.3267048926061906,0.0,0.0,0.0,-0.21414182260456327
2015-02-25,-0.059714468948413035,-2.236076673531018,-0.17967893567489845,0.0,0.0,0.0
2015-02-26,-0.1909757066484441,-2.8160178563402805,0.0,0.0,0.0,0.0
2015-02-27,-0.48516827817605135,-2.471708238143022,0.0,-0.14047443344488153,0.0,-0.11101778100550685
2015-03-02,0.0,-3.1977267316424585,-0.15194008405347015,-0.2889714280464917,0.0,-0.3122573817254892
2015-03-03,-0.4526647451221555,-3.406418918248144,-1.1398267363553538,-0.5057030611276048,-1.1393154641448078,-0.33309614564192014
2015-03-04,-0.8690816693652792,-3.3338224838485586,-0.40526900150951173,-0.5177430269551864,-0.17510813098259304,-0.4579575186388518
2015-03-05,-0.7462118485566549,-3.2793841829661163,0.0,-0.11639450178975164,0.0,-0.3191852923819738
2015-03-06,-2.140698652900197,-4.2685421888709385,0.0,-0.4053659298362544,0.0,-0.6384011580678361
2015-03-09,-1.745361443049842,-3.8239115904665777,-0.10072703623862367,0.0,0.0,-0.09022793437526433
2015-03-10,-3.4056321306809245,-3.4155070099239793,-1.0828241119960502,0.0,-0.7056612851126354,0.0
2015-03-11,-3.57605838961651,-3.2430769408490656,0.0,0.0,0.0,0.0
2015-03-12,-2.3363151391571746,-3.1523404227668306,0.0,-0.2067200421993043,-0.05590878703491953,-0.2555067902271557
2015-03-13,-2.927268835264507,-3.2975784161522914,0.0,-0.33392817638637773,0.0,-0.34532303175914825
2015-03-16,-1.6116913279661582,-2.961725145423,0.0,-0.45716920744254264,0.0,-0.5524742521500259
2015-03-17,-1.938404936481275,-2.7621300754104072,-0.5962021081256208,-0.7433950917471455,-1.535785844734383,-0.5455732684860104
2015-03-18,-0.7436451313233561,-1.6459102594717834,-0.22357412297951962,-0.5764249376470354,-2.0131150356608396,-0.13119171589855982
2015-03-19,-1.226118939668397,-2.1086899664760406,0.0,-0.40151451137815375,-2.2051735408710194,-0.06905243530480609
2015-03-20,-0.3357065322200481,-1.709391527443782,0.0,-0.25840156922585233,-1.0548369970653448,-0.013771539710494274
2015-03-23,-0.5097287055191524,-1.5823658170790011,-0.5656663727888533,-0.6320796337114243,-2.2344357769761736,-0.24859363551609226
2015-03-24,-1.112248318156961,-1.2829010127220597,-0.3198034205687317,-0.7513414298228382,-1.3316323889453585,-0.3383794494305259
2015-03-25,-2.549666449133725,-1.709391527443782,-1.4510767390866652,-0.7513414298228382,-2.4852595297897295,-0.2624199449381859
2015-03-26,-2.778951487851933,-2.262979951868316,-2.164326913273995,-0.7632670028432709,-2.6631122868084334,-0.22094710219542346
2015-03-27,-2.529873231153723,-1.8818667211049633,-2.0413591206274284,-0.7950705528667723,-2.460523871074405,-0.15882607817221395
2015-03-30,-1.328172620959056,-1.8909367629462936,-0.934576353735217,-0.806996125887216,-0.6715305971350172,-0.19332491096880622
2015-03-31,-2.186196696766707,-1.6368131428787014,-1.5740181197066994,-0.433311995494734,-1.6564303683582637,-0.020739464133168184
2015-04-01,-2.5617469642293167,-1.1686816599422056,-1.4264739363480716,-0.3617585573720494,-1.3670584751132586,-0.04831905669517855
2015-04-02,-2.215246413326444,-1.450484701231014,-1.2788835319429759,-0.5724517686091835,-1.6464060861598684,-0.08287874472689971
2015-04-06,-1.5682516783600775,-1.3232514177693777,,,,
2015-04-07,-1.7692651739584786,-1.2413863933488534,0.0,-0.3140562652902634,-0.36325783553354807,-0.10361212333654946
2015-04-08,-1.4682626669221266,-1.3323395094452128,0.0,-0.2544223342811014,-1.0836818891558408,0.0
2015-04-09,-1.0289649333083406,-1.7322787176025756,0.0,-0.32598183831071825,-0.010513858830973888,0.0
2015-04-10,-0.5143538170128914,-1.759515917878307,0.0,-0.19081523423408742,0.0,-0.013868961288954207
2015-04-13,-0.96110695422853,-1.5595508262582491,0.0,-0.2941782882872057,-0.2909154271352521,0.0
2015-04-14,-0.7994225953075751,-1.2687048178798732,-0.2641326200303995,-0.2822527152667398,-1.1889621333292966,0.0
2015-04-15,-0.2884073933756448,-1.2141943176594006,0.0,-0.007952403982602885,-1.1587373588629268,0.0
2015-04-16,-0.363727051649565,-1.141453484583732,-0.9808579449705479,-0.2265980192023731,-3.037400435804949,0.0
2015-04-17,-1.4906226021354163,-0.9414522932946534,-2.7751217192735433,-0.5048714995243397,-5.543799722910636,0.0
2015-04-20,-0.5783585824466253,-1.123241201563041,-1.674636769057325,-0.4730679495008383,-3.9016632622364544,-0.013730691064473
2015-04-21,-0.7241092126259119,-1.3323395094452128,-1.1004721043633037,-0.5565530265508878,-3.51644338213174,-0.20589987834124246
2015-04-22,-0.21566700351953738,-1.9049614843606344,-1.2918624669034595,-0.600282149594844,-4.09997092739709,-0.5628494559168251
2015-04-23,0.0,-1.6050003095546606,-1.507197499272117,-0.596302914650082,-5.261935944943241,-0.5697389964994026
2015-04-24,0.0,-1.259625751121296,-1.0765531262406314,-0.6519576107144931,-4.5567122516241625,-0.5285590208311541
2015-04-27,-0.4138179347562443,-1.4141142846931798,-0.1674649614910262,-0.4651155455182354,-2.7117383554124075,-0.5560264517226687
2015-04-28,-0.12896717405773694,-1.868600092740047,-1.5789415877872415,-0.44524363442211,-4.550162235225452,-0.5148343785292608
2015-04-29,-0.4958691757186662,-2.232241083697628,-3.8995128017595193,-1.2959688833532823,-7.612373817485296,-1.2561344281835418
2015-04-30,-1.4988811222867104,-2.259433159387081,-4.114815719495901,-1.6338702287775009,-7.437338439505147,-1.791619282172785
2015-05-01,-0.42279424537113863,-2.793834609727386,,,,
2015-05-04,-0.1302503983785508,-2.9941336232858773,-3.6363333902190487,-2.1029650092405094,-6.10018021225841,-2.2995762176446277
2015-05-05,-1.3032551394855485,-3.158008070802998,-5.215313515565034,-3.2240113345110455,-8.4612007016567,-2.642783006630589
2015-05-06,-1.7060498643444055,-3.6313379060784134,-5.861241537553519,-3.788510699137615,-8.279615307277844,-3.0477597591189287
2015-05-07,-1.3104349360512968,-3.221705936789121,-5.645964311522977,-3.4426569497307935,-7.812378173640777,-3.109553917671626
2015-05-08,0.0,-2.8484443840376628,-3.0383268225198323,-3.041148504259561,-5.373854417915036,-2.786949214044976
2015-05-11,-0.48910610527108656,-3.804300445271369,-2.4162856640217223,-3.470481264809533,-5.667847563599082,-3.0477597591189287
2015-05-12,-0.7772363640050406,-3.7315505872784427,-3.612407989169919,-4.034986695343024,-7.291636086770826,-3.562563893835269
2015-05-13,-0.7856914559824846,-3.858928269416162,-3.80385615804818,-4.13437051445138,-8.269032690421607,-3.706742198774804
2015-05-14,0.0,-3.5312064491336725,-2.870836169322988,-4.023061122322591,-6.5852760050645,-3.734197532141159
2015-05-15,0.0,-2.8393653172790856,-3.397105071433537,-3.510237218815637,-7.496730515910855,-3.247387070661112
2015-05-18,0.0,-3.4947818830923016,-2.870836169322988,-3.8719957761876866,-6.306805609086819,-3.2750238669049803
2015-05-19,-0.04429541330224218,-3.9226893098230575,-1.3397004231488152,-3.4347045457482017,-4.2134282596432815,-3.088734076859323
2015-05-20,-0.12652192066702206,-3.713302204588742,-0.8133544459207886,-3.6613025649505304,-4.252704683277509,-3.212933318985678
2015-05-21,0.0,-3.139768713030555,-0.3588745928105541,-3.6533501609679386,-4.1224382728032865,-3.2612145419269156
2015-05-22,-0.22222762977431865,-3.3582529348579637,-0.6458894844297625,-3.510237218815637,-4.523094095168112,-3.0818747800896773
2015-05-26,-1.2464090301926412,-2.757382968934252,-1.2679177970749578,-3.5499931728217526,-6.057510406634492,-2.736944093767435
2015-05-27,-0.3252001128798865,-2.8120468927480657,-0.33493634590849863,-3.2717136265928426,-4.877686729919306,-2.6679761027907367
2015-05-28,-0.4342809226900668,-2.721012552396418,-0.741584665699857,-3.3949546576490186,-5.633740128809627,-2.626572322906906
2015-05-29,-1.0607941147513733,-2.666411803003388,-2.5598380703165335,-3.1127019423822566,-7.765099681779686,-2.3092905303536915
2015-06-01,-0.8469530188977004,-3.0958624905847554,-2.3444580774626744,-3.5420407688391498,-7.585463509148404,-2.5368812713192357
2015-06-02,-0.9420479953080152,-3.7705472547374996,-3.277484489114324,-4.559730105963511,-8.452149052488833,-3.4888415754679714
2015-06-03,-0.7137182464781788,-4.591155905987076,-3.2535398192858223,-5.374678635833341,-7.718231552391764,-4.475297972630199
2015-06-04,-1.56805216014394,-4.1261199696690625,-4.114815719495901,-5.136155043610535,-8.356795018578367,-4.213156699787868
2015-06-05,-1.7053529427174308,-4.819062141428754,-5.071780378049596,-5.5774194430878605,-9.516005872602651,-4.32351637312326
2015-06-08,-2.325254988497849,-4.682370744683828,-5.861241537553519,-5.843767350389417,-10.584558186399896,-4.6063202189506764
2015-06-09,-2.2817766142712137,-4.992367627477412,-6.172239636559995,-6.16179678471751,-11.098750256871126,-4.992654685156772
2015-06-10,-1.0984248835351873,-5.357037459002056,-4.4976285592085,-6.201552738723615,-8.964565516104994,-5.144393943325632
2015-06-11,-0.8978060802433019,-4.609341114255994,-3.755941126685347,-5.573446274050031,-8.419982947860927,-4.633938868906807
2015-06-12,-1.5850859492470004,-4.66411333707687,-4.665080674846611,-5.827868608331121,-9.5213405847539,-4.330418011230974
2015-06-15,-2.037933950365378,-4.436152952131655,-6.331226335128903,-6.2532281998432415,-11.23063444247997,-4.25456047967171
2015-06-16,-1.479059302789132,-4.071428971103474,-5.7020942658232325,-6.094216515632656,-10.753532826314716,-4.12348984325055
2015-06-17,-1.2817491764622324,-4.016765047289661,-6.089242580893705,-6.062412965609154,-11.286877776062676,-4.151054054343428
2015-06-18,-0.29164156189913637,-4.089641254124166,-5.992474770905454,-5.7960650583076205,-10.298653916388966,-4.082067917078969
2015-06-19,-0.8202601278105237,-3.579092660088945,-5.55691043620855,-5.648978947117477,-10.785130736749004,-3.833742017977282
2015-06-22,-0.21587099710611568,-4.390504920655635,-3.4275176282033804,-5.553568297046974,-7.387881869901836,-4.516683606226279
2015-06-23,-0.14416644246707522,-4.682370744683828,-2.266027722506714,-5.434306500935571,-6.724917619733506,-4.406293689078
2015-06-24,-0.8754337129228018,-4.399683261504017,-2.822574299931524,-5.398529781874228,-7.300932375105395,-4.2476285977510635
2015-06-25,-1.166057220371175,-4.636776862711334,-2.9193934933314125,-5.39455661283641,-7.285819987872211,-4.32351637312326
2015-06-26,-1.1871632272772992,-5.092670557849988,-2.822574299931524,-5.629100970114431,-7.129858573308567,-4.6822140430854535
2015-06-29,-3.239337524655228,-3.9893834483378576,-5.677918370642299,-5.879550135357691,-10.4368355876438,-3.9441198376004016
2015-06-30,-2.9761704491320984,-4.253822548827957,-6.839382584633135,-5.5774194430878605,-11.553873805963576,-3.7648042708134932
2015-07-01,-2.2792314781442946,-4.754236160785763,-5.33911542300719,-5.720532385240185,-9.65055741428712,-4.054515803511272
2015-07-02,-2.309742073421839,-4.416352283674085,-5.677918370642299,-5.998805865562151,-10.306332429588904,-4.171771066191788
2015-07-03,,,-6.113444167780457,-5.589345016108305,-10.637329222132674,-3.8199750343373085
2015-07-06,-2.683765346394884,-3.740575504533483,-7.420156440650527,-5.951103573480365,-11.9929932186023,-3.654396207377475
2015-07-07,-2.0910776342252024,-3.4848725239462697,-8.920352950085453,-5.17591099761664,-13.721108508992142,-2.9370250625033734
2015-07-08,-3.6926945529989874,-3.101358665193077,-8.847761035278111,-5.116283132514409,-13.151241299131833,-3.219822859568233
2015-07-09,-3.4742784197659526,-3.7770903197474004,-6.91196165358755,-5.096405155511363,-11.138184512225802,-3.4543575799796056
2015-07-10,-2.283297488298275,-4.443751932460405,-4.806815392954322,-5.533690320043927,-8.55857498158893,-4.420103014056065
2015-07-13,-1.193265346332817,-4.699409788461351,-3.0161613033196866,-5.2156669516227545,-7.194908916892439,-4.12348984325055
2015-07-14,-0.7523670697127671,-4.398049751480848,-2.387003542308175,-5.108330728531795,-6.932111210755543,-4.068306982201564
2015-07-15,-0.8238171107391223,-4.032865499672667,-1.9998616501641364,-4.583581252004388,-6.7481899069140034,-3.6406050286871494
2015-07-16,-0.02669289108716555,-4.069344215217563,-0.6205831541925666,-4.583581252004388,-5.31705078172473,-3.8061536118340955
2015-07-17,0.0,-4.060247098624481,-0.6205831541925666,-4.114492537448333,-5.6672793694054535,-3.4750382992524864
2015-07-20,0.0,-4.2519724407906745,-0.2092460980882338,-3.9912575722991006,-5.163835639096936,-3.357801182859732
2015-07-21,-0.42266226843562515,-3.987181368527626,-1.515894141693741,-4.269531052621078,-6.221797444451916,-3.4543575799796056
2015-07-22,-0.649855865095128,-3.86843150728573,-1.9998616501641364,-4.007156314357374,-6.9016496887085,-3.233607989495957
2015-07-23,-1.2073072312624888,-3.4757573575186718,-2.4596147258948653,-3.895846922228585,-6.970819440196141,-3.2267184489134015
2015-07-24,-2.264337850184228,-3.384461294566621,-3.3549192904695935,-3.6056478688861637,-8.301435542630188,-2.9783562572362143
2015-07-27,-2.8283895377035795,-3.0648348250619017,-5.508494416582144,-3.6453977569853357,-10.653404382860609,-2.964589273596241
2015-07-28,-1.6241252714963128,-3.3387320388353015,-4.492188340500148,-3.565891914880037,-9.703809836767274,-2.957687635488504
2015-07-29,-0.8920287826069795,-3.4757573575186718,-3.5001159659371672,-3.752733980076284,-9.397221719791249,-3.0404770489684263
2015-07-30,-0.8811150118080646,-3.3661768122078994,-3.0403693131328846,-3.2955708385406735,-9.031146827377235,-2.688668919588777
2015-07-31,-1.1055135428058471,-2.8000076531298324,-2.870990319557931,-3.1802822114671003,-8.612229874956245,-2.7024842933294213
2015-08-03,-1.3778930014158752,-2.503674495060393,-2.096661574784675,-3.1643834694088047,-7.523482992527297,-2.557622478217969
2015-08-04,-1.5969678929382058,-3.0066963081048947,-2.24180686684059,-3.2240113345110455,-7.423678104100118,-2.5852048355985535
2015-08-05,-1.2530012869697016,-3.3816816200520683,-1.1045570855894082,-3.9395760452725304,-5.967246445708573,-3.233607989495957
2015-08-06,-1.990942004060836,-3.0432833226568534,-1.8063067614082606,-3.6175734419065964,-6.380994409284801,-2.92319154247499
2015-08-07,-2.26915949338784,-2.6591467446130723,-2.822574299931524,-3.2955708385406735,-7.142784991213514,-2.6197009286120676
2015-08-10,-1.0151418189047856,-3.06154975518107,-2.1692342208126325,-3.43073137671035,-6.221955276172364,-2.79213905234158
2015-08-11,-1.9429610764485794,-2.421358224777115,-3.5485127167841912,-3.0292229312391283,-8.736190908198438,-2.4196381061638905
2015-08-12,-1.827204454652942,-2.4579452393290735,-6.186042505514244,-3.041148504259561,-11.718397591361684,-2.2057962025505695
2015-08-13,-1.9373771426099529,-2.7140182415237524,-5.0487284949985,-3.148478661443599,-10.9909511918031,-2.412724370530983
2015-08-14,-1.55330661225771,-2.8146731436692773,-5.193950862171903,-3.3353207266398566,-11.22926130651204,-2.6059037011591957
2015-08-17,-1.021742140256765,-2.6408803120888558,-4.951941416230876,-3.0610204153557086,-11.591366731156704,-2.451248939425088
2015-08-18,-1.2628986702552636,-2.796361586558793,-4.637397861820625,-3.2836452655202186,-11.788624815376348,-2.5205314660561307
2015-08-19,-2.0716642440698485,-2.201827112548116,-6.452240692489097,-3.303517176616333,-13.677712677454146,-2.4581868701083143
2015-08-20,-4.137484259937885,-1.9366118691740764,-8.363819218513536,-3.188234615449703,-15.697635144199795,-2.1810991049222572
2015-08-21,-7.175807399028411,-1.5433330499509346,-11.5336875748552,-3.2160589305284426,-18.183918778534004,-2.056403864264078
2015-08-24,-10.831740889604324,-1.378646359880853,-16.082860118874244,-3.4506093537134075,-22.031193229903046,-2.2087842912667965
2015-08-25,-12.03650715208343,-1.918336411732613,-12.550019342643026,-4.241700671635417,-18.15482250086886,-3.1439411329586386
2015-08-26,-8.59583709985474,-2.521995077088135,-14.19547033388363,-4.094614560445276,-19.210929783508547,-2.9500178045326675
2015-08-27,-6.3652631470654475,-2.5768394992470522,-10.952932987617181,-4.019081887377829,-16.639637984539434,-3.1093482597437827
2015-08-28,-6.296725162247052,-2.558545991971073,-10.590011951139255,-3.955474787330826,-16.777740739934043,-3.1162801416644514
2015-08-31,-7.07223503242338,-2.723160482703113,-11.00134258431713,-4.24567990658018,-17.09346731352419,-3.434910808273761
2015-09-01,-9.8163449738212,-2.2862191138000587,-13.300088694191437,-4.464319455893007,-19.06433568155367,-3.5319087650622416
2015-09-02,-8.151093192942948,-2.551885603036852,-13.203320884203173,-4.309280940720262,-18.801869422029704,-3.4557004052731544
2015-09-03,-8.039148024322396,-2.3136909619244195,-11.04975218101708,-3.852117799184629,-16.621700409510186,-3.0469794687456475
2015-09-04,-9.441663632997843,-2.0114284332184096,-13.421090205698716,-3.5420407688391498,-18.882758178760838,-2.6798316774543363
2015-09-07,,,-12.912959647900312,-3.7129780260701795,-18.31248060642735,-2.7006394207414575
2015-09-08,-7.159303496906033,-2.44195308595313,-11.848282512677088,-3.418805803689906,-16.997300446253405,-2.72142296897826
2015-09-09,-8.441749034338898,-2.405284847145883,-10.638383010280483,-3.482412903736909,-16.740650285628067,-2.8114708975583436
2015-09-10,-7.950809075448051,-2.6251408563960577,-11.824055234084518,-3.530115195818695,-17.489593365512068,-2.728324607085997
2015-09-11,-7.509108133591491,-2.3687249073456873,-12.840361310166525,-3.359171872680755,-18.191676207594163,-2.4997176740064075
2015-09-14,-7.881502602509805,-2.277049797868924,-13.445311061364817,-3.3909754227042344,-18.12556839148327,-2.4859023002657743
2015-09-15,-6.698315982235037,-3.0465142430341596,-12.559897803532582,-3.693106114974065,-17.66988453978322,-2.9985470267398284
2015-09-16,-5.8824418933117855,-3.074040240662057,-11.166129185475949,-3.9674003603512698,-17.35407905033285,-3.1994143346116055
2015-09-17,-6.107863009307756,-2.2679256065240794,-11.337325867237979,-3.9395760452725304,-17.334926171056118,-3.268654519904568
2015-09-18,-7.62461065850879,-1.8098839810787193,-13.048971538535604,-3.041148504259561,-19.86766757230508,-2.5759139362703465
2015-09-21,-7.201954587558001,-2.3687249073456873,-12.144212426217438,-3.204133357507988,-19.60625089372212,-2.6521525398723877
2015-09-22,-8.342750411543975,-1.8831753341069457,-14.858393419275085,-2.750943385010207,-22.65964757439477,-2.1741672230016107
2015-09-23,-8.525774533766317,-1.9931168761079254,-14.882839077367171,-2.7867261699784818,-22.320569797763902,-2.194968917526152
2015-09-24,-8.833436273556483,-1.8465522198859774,-16.594478325738326,-2.8026249120367663,-23.815394022155157,-2.1810991049222572
2015-09-25,-8.875579170451775,-2.1030042686053685,-14.247091393811651,-3.1564310654262018,-21.70714103305912,-2.4720264388993107
2015-09-28,-11.188139650156936,-1.5441813921729053,-16.154328021551745,-2.8423808660428707,-23.363584939192172,-2.1672232435557715
2015-09-29,-11.0734056133595,-1.205295749245927,-16.863451216942238,-2.6833631159253635,-23.6314648267276,-2.125650098319598
2015-09-30,-9.371601066909408,-1.1869300426319063,-14.638318267181806,-2.6316876548057366,-21.934134613411715,-2.125650098319598
2015-10-01,-9.186290072782022,-1.1099113987773412,-14.833928492403636,-2.226199974389742,-23.155902069836753,-1.786260078523827
2015-10-02,-7.87718915306288,-0.6328362228410933,-14.344886872032891,-2.05525665125178,-22.801790821832924,-1.6130477131836574
2015-10-05,-6.187314764925067,-1.183293000978125,-11.924143697050592,-2.2142744013693094,-20.686837876203747,-1.9386405055265454
2015-10-06,-6.524426952663243,-0.9815229259070524,-11.508490434367747,-2.512425858694345,-19.97538772151287,-2.146494134182242
2015-10-07,-5.736732827296298,-1.2291847052200322,-11.288408859347998,-2.4607443316677746,-19.42935310144066,-2.0840890506086174
2015-10-08,-4.90512332437053,-1.486078974884919,-11.019442391070521,-2.4130420395859997,-19.2461578235132,-2.0771753149756877
2015-10-09,-4.833034180740226,-1.4309999048773725,-10.87272990495931,-2.504473454711731,-18.40953922291868,-2.271189374840421
2015-10-12,-4.7119477219843,-1.1007781825152385,-11.068359398960537,-2.321604558553325,-18.22181417461428,-2.0079109346324286
2015-10-13,-5.352916393822394,-1.009021848783176,-11.85079387692144,-2.281854670454142,-18.924938706051364,-2.0910330300544233
2015-10-14,-5.793848847559103,-0.46772536166002077,-12.486567252182779,-2.0791077972926786,-19.870177096660246,-1.7931314728186432
2015-10-15,-4.3895607582201235,-0.8071705494568149,-11.288408859347998,-2.174518447363183,-18.666512938570946,-1.862432145737436
2015-10-16,-3.952687657052012,-0.8896673180851966,-10.725978881289356,-2.0473103131760872,-18.346264486189877,-1.8208650492638423
2015-10-19,-3.9252699841307193,-0.9355590223271038,-10.457038104717709,-2.063209055234394,-17.86237610604524,-1.9247948879729804
2015-10-20,-4.059302988712277,-1.2750673845446814,-10.823806474142872,-2.492547881691276,-17.996761924423232,-2.29886246365979
2015-10-21,-4.605840584080722,-0.9355590223271038,-10.799360816050774,-2.0751346282548377,-17.266079974595407,-1.9593938099504271
2015-10-22,-3.017251690642875,-0.8346784972501964,-8.9410219274213,-1.2840372444259063,-15.214559597415478,-1.4329579047860697
2015-10-23,-1.947026626502002,-1.394259466732084,-7.131587200828915,-1.3476443444729203,-12.769493716877045,-1.4814447856551394
2015-10-26,-2.1338560044145916,-1.1374193465707227,-7.571724659162593,-1.3595699174933529,-12.714544603402034,-1.4329579047860697
2015-10-27,-2.3836456307917864,-0.8896673180851966,-8.52533012717972,-1.0057637641039063,-13.59657928155632,-1.1004634743354336
2015-10-28,-1.2187291958180912,-1.4034648823322282,-7.620635244126117,-0.862650821951616,-12.467103923665002,-1.0866299543070501
2015-10-29,-1.2517308025779994,-2.008955605890528,-7.547259732291145,-1.4907572866251995,-12.718585095445578,-1.6615406428153068
2015-10-30,-1.7266812505879914,-1.816327771998827,-7.498374839033439,-1.470879309622164,-12.320194158269226,-1.6061158312629886
2015-11-02,-0.5597382380724159,-2.098446685391564,-7.253834760068689,-1.844563440014657,-11.507810618349957,-1.8208650492638423
2015-11-03,-0.2868505857057002,-2.355710976663905,-6.887034276011262,-1.8405902709768052,-11.50392795802686,-1.8762656657658194
2015-11-04,-0.6049241000229411,-2.456762975168658,-6.544730833457568,-1.959852067088208,-12.359786245344361,-2.014873060365985
2015-11-05,-0.6970745020723812,-2.5210745355281228,-6.862569349139824,-2.067182224272246,-12.016344421643021,-2.063353892472475
2015-11-06,-0.720172528061902,-3.1826460949092805,-6.544730833457568,-2.6396339928814294,-11.205902211885299,-2.562062269954213
2015-11-09,-1.6748950672854757,-3.348009653773487,-7.693985064255282,-2.5243514317147775,-12.600519076962225,-2.32655369876692
2015-11-10,-1.5007581383201796,-3.1642984381297645,-7.35163023828993,-2.071161459216986,-12.462582044874082,-2.028712629156959
2015-11-11,-1.8185775557590822,-3.2102262420407035,-6.813690878808565,-1.9161229440442629,-11.85367515896022,-1.9871273863956151
2015-11-12,-3.1746368180922913,-3.1550930225296203,-8.305287089718727,-1.8246854630115883,-12.865739500008043,-1.9871273863956151
2015-11-13,-4.258570718693811,-2.787553267317866,-9.014397439256294,-1.5344864096691557,-13.465586845168032,-1.6961637598430723
2015-11-16,-2.8149347981212713,-2.658921121681701,-8.672081150849687,-1.4549805675638572,-13.426555060700506,-1.5260786047585517
2015-11-17,-2.9245992923216058,-2.6864200445578246,-6.373572689254258,-1.363549152438126,-11.343200025505606,-1.4773739684364573
2015-11-18,-1.3476864603176875,-2.732429072724052,-6.520285175365482,-1.200558233282767,-11.432816876377672,-1.3660948831884179
2015-11-19,-1.4543017919779522,-2.5210745355281228,-6.300229292051574,-1.0017905950660766,-10.418732289308064,-1.1852671257556513
2015-11-20,-1.0636309402737187,-2.649688631329783,-6.104612643903263,-0.9461358990016766,-10.140830087524,-1.1991369383595352
2015-11-23,-1.1816682364895748,-2.5210745355281228,-6.398031193199238,-1.2323617833062683,-10.363222873225464,-1.4703997451777306
2015-11-24,-1.0580470064350922,-2.4291828280372463,-7.571724659162593,-1.077323268133512,-11.642598907615099,-1.3799888908426428
2015-11-25,-1.060581777733649,-2.374067658360679,-6.3247006418494784,-0.6440112726388003,-9.739124684218181,-1.0252652578977672
2015-11-26,,,-5.346591709402137,-0.6519576107144931,-8.517041564352256,-1.0391774118397423
2015-11-27,-0.980113634602986,-2.2730246847731728,-5.566698976127715,-0.45716920744254264,-8.735307050563911,-0.9139619775993646
2015-11-30,-1.4345008279220028,-2.2362391220416056,-5.102051630437399,-0.6082284876705146,-8.020376706437105,-1.032215286106175
2015-12-01,-0.3736711507948409,-1.7163046140611482,-5.4688778062006556,-0.5326958146030791,-8.998096865114801,-0.9696408371801968
2015-12-02,-1.4461830868407688,-1.992349758141243,-5.39546375680694,-0.4174132534364383,-9.573630233739305,-0.9070119493909679
2015-12-03,-2.8585960788017672,-3.0230675080055502,-8.672081150849687,-1.9677984051638897,-12.812321354221412,-2.21466368849792
2015-12-04,-0.8641029159290103,-2.6641826484413933,-8.745379587567193,-2.1387417283018406,-13.112454153830999,-2.444117448339178
2015-12-07,-1.5494951590826145,-2.3512887672089366,-8.231905154957275,-1.3993258714994683,-12.029681202021125,-1.8529476860065563
2015-12-08,-2.1798041570001425,-2.2960382237735444,-9.943537980401985,-1.299942052391112,-13.746811404667591,-1.7764792294263754
2015-12-09,-2.9306914199169087,-2.148814748591976,-10.383681861662097,-1.5384656446139178,-14.402254973356431,-1.9294463863996691
2015-12-10,-2.701465048230689,-2.3604490582228133,-10.53034938728814,-1.3118676254115669,-14.350217855123738,-1.7416746495210855
2015-12-11,-4.575881942376037,-1.5782504548107035,-12.339841920218642,-1.1687546832592655,-16.44214315273912,-1.5190983327372232
2015-12-14,-4.115656718340055,-2.3052797390427093,-13.904762259552129,-1.522560836648701,-18.06415606905579,-1.6582198721569852
2015-12-15,-3.096703446260185,-2.5537176612396184,-11.416103060222582,-2.0751346282548377,-15.550646462943796,-2.1798349135423223
2015-12-16,-1.6812412917591169,-2.8114331983747243,-11.145794200315795,-2.230173143427583,-15.398078430369855,-2.4232673637139657
2015-12-17,-3.14493847075078,-2.406521260809824,-10.015455487931435,-1.7372332828306192,-13.225422207743797,-1.9433827353919852
2015-12-18,-4.868570558798702,-2.0568147420940375,-10.924659265357228,-1.3714954905138077,-14.275381944871901,-1.651275892711146
2015-12-21,-4.117435396488434,-2.010832788679573,-12.12870748175231,-1.5185876676108823,-15.167691468027556,-1.6721259773363917
2015-12-22,-3.261959379453283,-2.2868869576769257,-11.907553278014383,-1.8405902709768052,-15.240578156531814,-1.964244917542357
2015-12-23,-2.0531337644055903,-2.5076996081561442,-9.794346244678687,-2.0314055052108815,-13.310114708937792,-2.1242104928247296
2015-12-24,-2.2095025043416427,-2.3289159973336804,,,,
2015-12-28,-2.421977074511983,-2.3104239418780925,-10.408622085091313,-1.5662899596926572,-13.905921562054225,-1.783405062584431
2015-12-29,-1.3657087462252693,-2.8266401839494693,-8.78681388613577,-1.951899663105594,-12.239384317398327,-2.207671318951432
2015-12-30,-2.0676048915012513,-2.78974632221084,-9.327450874728715,-1.8684145860555446,-13.185909036528887,-2.103324115624028
2015-12-31,-2.9890717270865674,-2.679164011084767,,,,
2016-01-04,-4.451498421686539,-2.2643336894565658,-12.153288021299968,-1.5185876676108823,-16.899681527154474,-1.8390294833019905
2016-01-05,-4.259078912450487,-2.2920492103468137,-11.465251293464984,-1.2562129293471669,-16.6842491203249,-1.623427389776877
2016-01-06,-5.480857270808648,-1.70218964347425,-12.693873626481267,-1.1170731562326952,-17.46067070273942,-1.4565057375235058
2016-01-07,-7.7185335412217615,-1.4902033620704747,-14.757970964133293,-1.419203848502526,-19.352994115086474,-1.6582198721569852
2016-01-08,-8.71819404300236,-1.2412780943417911,-16.06029637823382,-1.1210523911774906,-20.407641454311975,-1.4078071499640021
2016-01-11,-8.64051476804859,-1.5546954207750319,-16.158592844718623,-1.5344864096691557,-20.60376315014437,-1.6373697875317728
2016-01-12,-7.9274507550953555,-1.1123210516844395,-15.54427846674724,-1.5782155327131009,-19.307901592553623,-1.6095152358349019
2016-01-13,-10.21564892190413,-0.7251701512774655,-14.954551051250009,-1.3396980063972275,-19.505641063520642,-1.4634134243938224
2016-01-14,-8.715144880462288,-0.9279419921638499,-16.527178902330864,-1.3754747254585586,-20.853224075903164,-1.4425693885312008
2016-01-15,-10.682982661048769,-0.4670665427004006,-18.812417597867892,-1.2323617833062683,-22.864828810981052,-1.2130369947763509
2016-01-18,,,-19.107287728542964,-1.18465342531755,-23.05408482697382,-1.1991369383595352
2016-01-19,-10.635007930921347,-0.5961138345303096,-17.903245935074363,-1.1170731562326952,-21.903673091364684,-1.2339294207396545
2016-01-20,-11.666901551342013,-0.10765823793544849,-20.55707711115009,-1.2045314023205966,-24.106309449290407,-0.9000800674703324
2016-01-21,-11.205151746035991,-0.3565203312433485,-18.959849451742205,-0.6877343297758243,-22.63136413008996,-0.5940429245597678
2016-01-22,-9.403840383034312,-0.5777030033300101,-16.82206187885885,-0.8586776529137752,-21.090161054644184,-0.753996402316981
2016-01-25,-10.820058630685558,-0.24590192044824377,-17.14152539493452,-0.7632670028432709,-21.322323623841555,-0.6913917095781041
2016-01-26,-9.558430444821997,-0.17217737139176847,-16.40432116507775,-0.4531899724977917,-20.62251355853395,-0.49665179820336247
2016-01-27,-10.535240820006575,-0.09843477250078836,-16.084896186560847,-0.4054876804159946,-20.15324828728908,-0.5453322394751048
2016-01-28,-10.0326247996818,0.0,-17.706646579178276,-0.2623747382636932,-22.102627866579162,-0.3019179355912005
2016-01-29,-7.803067234405859,0.0,-15.765439093411636,0.0,-20.82162616546889,0.0
2016-02-01,-7.841144581247727,-0.23034971462498888,-15.789993941253478,-0.30111910482737425,-21.14672794325382,-0.22921784484843943
2016-02-02,-9.565793056809003,0.0,-17.559240417009782,-0.1981061061092526,-22.575767906561094,0.0
2016-02-03,-9.083225899933678,-0.10961812645982061,-18.935281758047463,0.0,-23.75736719013135,0.0
2016-02-04,-8.926348966240937,0.0,-19.107287728542964,-0.316707455434484,-24.092404474718677,-0.24246123000049025
2016-02-05,-10.604541095459986,0.0,-19.77074391683029,-0.3760935012178446,-24.958119352978336,-0.1801243845087397
2016-02-08,-11.861601734998272,0.0,-22.71945806943403,-0.5859109067960944,-27.43793188677405,0.0
2016-02-09,-11.901711856866859,0.0,-24.0463640230822,-0.633414910868968,-28.245706740456157,-0.048359581341950175
2016-02-10,-11.888003020406213,0.0,-22.572019792633245,-0.49485351140005074,-27.131422685658247,-0.06911688144822792
2016-02-11,-12.955439216370191,0.0,-25.37330209136266,-0.5027728589762859,-29.26819586663977,0.0
2016-02-12,-11.247288445446458,-0.7628240670747521,-22.989754083487902,-0.6532102594634326,-27.53369628315768,-0.5783430452295568
2016-02-15,,,-20.778218469035103,-0.3602548060653743,-25.59967373026748,-0.3640396897980902
2016-02-16,-9.751612244693064,-1.0589036255465367,-20.974811402004732,-0.633414910868968,-26.179318615209734,-0.5092376523206044
2016-02-17,-8.254919656426319,-1.3012039819949806,-19.082713611921786,-0.5819482126618314,-24.22291552435959,-0.5645004123751463
2016-02-18,-8.678083921133783,-0.843558679216494,-19.009004107911075,-0.14648074704516345,-23.524478595019904,-0.21890758755300777
2016-02-19,-8.667170150334869,-0.843558679216494,-19.451325361239835,-0.15439405392911887,-24.135318919509295,-0.17743357467132626
2016-02-22,-7.347155459816812,-0.9422460156753742,-18.247277144844766,0.0,-22.635972816327122,-0.018452852273886933
2016-02-23,-8.495567992668128,-0.7448362445673484,-19.279312967817862,-0.0276768814894246,-23.903235266172153,-0.06686614347661823
2016-02-24,-8.084581785666433,-0.7448362445673484,-20.99937909569949,0.0,-25.915155664690925,0.0
2016-02-25,-7.019178364729173,-0.4487391370004312,-19.475886632008145,0.0,-24.592454823037503,0.0
2016-02-26,-7.182153623502052,-0.9332784280643769,-18.17353552620178,0.0,-23.123175662601238,-0.06205480797234486
2016-02-29,-7.9274507550953555,-0.7717828801381832,-17.534679146241494,0.0,-23.267820542808536,0.0
2016-03-01,-5.728105928402439,-1.547338815729149,-16.306005429813563,-0.09429501377341554,-21.47578340563604,-0.16522501959107538
2016-03-02,-5.324736430266086,-1.7181002858835392,-15.962012757601906,-0.48720689212133905,-20.995288407481095,-0.5231261067396242
2016-03-03,-4.983818986837663,-1.601240861418396,-16.207773192593322,-0.2711041599581021,-21.194890292749434,-0.24094197400580386
2016-03-04,-4.667778247547128,-1.9337874395685906,-15.519710773052509,-0.6129415709652308,-20.61103919245716,-0.715837948903475
2016-03-07,-4.5768983298893895,-2.1314867707462604,-15.740852130937522,-0.49113984793489607,-20.97662480653777,-0.5162812320512078
2016-03-08,-5.631896173784412,-1.5653529618792406,-16.62546894588922,-0.20430986008207475,-21.672473295662055,-0.32355746501853133
2016-03-09,-5.138669342988522,-1.9517226147906075,-16.256889311203437,-0.44005938523462573,-21.427865695307126,-0.7090049990838732
2016-03-10,-5.117851991419209,-2.3022482409006395,-17.75581408120005,-0.7308163335414952,-23.245597836569043,-1.1839128988503367
2016-03-11,-3.5356093224550134,-2.5809015479091646,-15.495136656431308,-0.2750371157716369,-20.554795858874453,-1.032532651930429
2016-03-14,-3.6508577504939743,-2.5089765815222598,-14.831699736923355,-0.2239566530713777,-19.268869808086098,-1.0807031594283978
2016-03-15,-3.8262651638509615,-2.526946854934531,-15.858796329451685,-0.5697210245325768,-19.724719383092626,-1.2940688743454554
2016-03-16,-3.281252149752556,-2.0146448953762386,-15.83414513771302,-0.46363313867798794,-19.32422139244826,-1.3147406344018342
2016-03-17,-2.642316252941168,-1.9067969312599353,-15.784874868867927,0.0,-20.06128763536832,-0.8397850351601788
2016-03-18,-2.2135680543950764,-1.7360705592957992,-15.53835010562824,0.0,-19.587745124499236,-0.715837948903475
2016-03-21,-2.1165960091420355,-2.0146448953762386,-15.735553216611219,0.0,-19.60520131278112,-0.8535522961841568
2016-03-22,-2.187420865865486,-2.2213556869027373,-15.83414513771302,0.0,-19.270968969968095,-0.6952198507567009
2016-03-23,-2.8118856355812016,-1.772028655215474,-15.90812440463486,-0.023539531326255414,-19.004864689287736,-0.6264610572839113
2016-03-24,-2.848444598637867,-1.8708563844353931,-17.21474033360808,0.0,-20.391400570277575,-0.5368933677636134
2016-03-28,-2.7946256403086345,-1.7270854225896692,,,,
2016-03-29,-1.9178302754323417,-1.0620449135746557,-16.72166511542288,0.0,-20.095710733598683,-0.24784051060381396
2016-03-30,-1.4809571742642302,-1.1968570623569375,-15.71092129365188,-0.011718730674314948,-18.813501619826944,-0.41302975558850097
2016-03-31,-1.681495388637455,-0.8373550740883307,-16.475159620962554,0.0,-19.46887416424158,-0.3717041227789264
2016-04-01,-1.0583011033134304,-0.8661443646477363,-17.584553170173443,0.0,-20.849672862193025,-0.37859073450811076
2016-04-04,-1.354286781669678,-0.749197194706952,-17.116122720800465,0.0,-20.627927186545413,-0.24784051060381396
2016-04-05,-2.3547033766004533,-0.35314921583184944,-18.71860433404946,-0.03904962949325963,-22.718637179913326,-0.0895080651763247
2016-04-06,-1.2931114088382878,-0.5691259295865336,-18.077609119579286,-0.08590441837560414,-22.22448973793937,-0.13767261023989175
2016-04-07,-2.471730482787793,-0.056086908032826344,-18.54601387724645,-0.24599955790624017,-22.983210492905304,0.0
2016-04-08,-2.1990969272994154,-0.20915011574944575,-17.83105866463377,-0.0702881414604728,-22.242671952135318,-0.020615839208848463
2016-04-11,-2.466908839584181,-0.2271028400665842,-17.43660748218264,-0.19914476902387346,-21.751910000565033,-0.09631052744850654
2016-04-12,-1.5213213930111436,-0.6231595934892531,-16.89426199515236,-0.47247430106585053,-21.11771847303492,-0.3714545225311894
2016-04-13,-0.5178556355402986,-0.5511030088888758,-14.749441317799528,-0.10933181281678195,-18.97924860105854,-0.23386464998477186
2016-04-14,-0.49043796261900585,-0.7851991633644362,-14.55221251511074,-0.37095360577509284,-18.433371812706778,-0.4195859529153134
2016-04-15,-0.5884263953853996,-0.48816317920811203,-14.798743701276884,-0.20694992841298054,-18.773420254418415,-0.2201068543971063
2016-04-18,0.0,-0.5871751739268904,-14.527522785813318,-0.3319039762818443,-18.217939405877214,-0.4126921592839339
2016-04-19,0.0,-0.749197194706952,-13.196274933880792,-0.5232376277797046,-16.365129164745063,-0.4952448911447971
2016-04-20,0.0,-1.2532335304593967,-12.752527790878766,-0.37095360577509284,-15.785721027383492,-0.3370153460493852
2016-04-21,-0.5167717776707326,-1.4151765803113725,-13.220932548545928,-0.8590441837560858,-15.669028144868058,-0.8804512509286044
2016-04-22,-0.5117189967780655,-1.523235133569234,-13.368871813610273,-0.8512330662300505,-16.1719904884292,-0.8392136141758821
2016-04-25,-0.6916448843894085,-1.6312059413514546,-13.83726372542452,-1.1440874130186462,-16.811524619696584,-1.031763169052513
2016-04-26,-0.5059073733337582,-1.8382677147805282,-13.516766118189427,-1.272944040582047,-17.092417732583186,-1.2587399837408975
2016-04-27,-0.3343225843388753,-1.2982294103705883,-13.196274933880792,-1.222180713868215,-16.76723703893803,-1.2174785136480404
2016-04-28,-1.2475865105186723,-0.9561887717555062,-13.073038243966772,-0.9449486021317011,-16.594947932893746,-0.962980149449344
2016-04-29,-1.746670470339251,-0.9921468676751699,-14.995966081039214,-1.1909422019010019,-18.875245388867366,-1.134967490132388
2016-05-02,-0.9784565216532926,-1.2797063404617504,-14.798743701276884,-1.0737992715581846,-18.194020008642863,-1.1762289602252562
2016-05-03,-1.8351157290416364,-0.6938297995744191,-16.302588432938904,-0.7262790183611756,-19.7819333817561,-0.6740545254388719
2016-05-04,-2.3968689786151964,-0.5135479453124536,-17.21474033360808,-0.8004697395162075,-20.57806814605495,-0.7153696205470128
2016-05-05,-2.3968689786151964,-0.24309884027682305,-16.746322730088014,-0.6638079525636886,-20.387273270787777,-0.43330799849278234
2016-05-06,-2.073916693647737,-0.4775108784647042,-17.042181991437346,-0.6013309286292623,-20.241089531306077,-0.3095295465492476
2016-05-09,-1.9991182619716996,-0.2882000147587882,-16.623034656762346,-0.4295220918780429,-19.347817234655686,-0.19259126322184184
2016-05-10,-0.7737726246130561,-0.306249259099145,-15.80951321475369,-0.4373332094041005,-18.822955739881962,-0.17886921764440622
2016-05-11,-1.6708602485943524,-0.15302810952635415,-16.15466201372746,-0.3592399085545095,-19.38959529105906,-0.19259126322184184
2016-05-12,-1.6779304401731032,-0.4234070181814764,-16.647743654839143,-0.5622812991360249,-20.30436426803488,-0.35769672694356824
2016-05-13,-2.503760897719376,-0.04481161441233228,-16.228622011869952,-0.3631424882490686,-19.570770322964737,-0.21321306076572677
2016-05-16,-1.538692086123572,-0.4053753229362522,,,,
2016-05-17,-2.4352799845220763,-0.5405647772638189,-16.05605724677276,-0.27723806987345334,-20.077528519402733,-0.2707586604995371
2016-05-18,-2.4006570219217926,-1.3428567592840612,-15.390410840563884,-0.5076153927276117,-19.64891280776002,-0.4502177533120544
2016-05-19,-2.7615144177617013,-1.2436868227091225,-16.302588432938904,-0.56618983696749,-20.83957163208415,-0.5468857808624494
2016-05-20,-2.16059131972961,-1.180553952981933,-15.11923488558551,-0.4763768807603985,-19.868803960692325,-0.4985338920821758
2016-05-23,-2.360981278428831,-1.1175088287303958,-15.612284412064902,-0.5349513250002991,-20.464610813808758,-0.615930967206979
2016-05-24,-1.0229320985217005,-1.2797063404617504,-13.541417309928105,-0.34752025319698676,-18.7270414033639,-0.533098193599657
2016-05-25,-0.3264873807568347,-1.3247987403961492,-12.506009450565525,-0.05076332671384298,-17.531860700248835,-0.3950376125857247
2016-05-26,-0.3335637417872239,-1.0183213430603244,-12.358083031354095,-0.054665906408390974,-16.98639427437024,-0.2914519580638042
2016-05-27,0.0,-1.2076146576711189,-12.086868538816987,-0.027335932272665175,-16.87649604742022,-0.3398157635141619
2016-05-30,,,-11.889646159054656,-0.14057032478399512,-16.497329013794804,-0.4502177533120544
2016-05-31,-0.09389905712701152,-1.0904305749460885,-12.629252563406002,-0.08590441837560414,-17.06695947607445,-0.38122023364776103
2016-06-01,0.0,-1.1238089538817664,-13.56605565581387,-0.05076332671384298,-17.5380792700346,-0.2638350751929974
2016-06-02,0.0,-0.8169279273579799,-13.46747015763854,0.0,-17.509314438982415,-0.16026729567618636
2016-06-03,-0.2900811437306139,0.0,-14.182412524398302,0.0,-18.3557186062449,0.0
2016-06-06,0.0,-0.2614995186894231,-13.8126189566123,-0.28807967004375046,-18.21171294450542,-0.13784022387670625
2016-06-07,0.0,-0.11720276420058573,-12.851145403686392,0.0,-16.86542415223059,0.0
2016-06-08,0.0,0.0,-13.344162815533489,0.0,-17.4363409430319,-0.061978004467599934
2016-06-09,-0.16741590923926575,0.0,-14.108433257476428,0.0,-18.472001126287154,0.0
2016-06-10,-1.0819656529879262,0.0,-16.17931320546614,-0.015543938243489652,-20.526591330429866,0.0
2016-06-13,-1.8553316199073855,0.0,-17.781781972862255,-0.24088954484597913,-21.958377565672993,-0.03444475961749127
2016-06-14,-2.0252487324694646,-0.02681770229477909,-19.28560743574488,-0.4040593984744878,-23.075494699852996,0.0
2016-06-15,-2.1979110681907277,0.0,-18.51235131968979,-0.2952755438718424,-22.36832967637237,0.0
2016-06-16,-1.8753229450022002,0.0,-19.012254108697878,-0.46622329489756087,-22.822806115410977,0.0
2016-06-17,-2.1946656043669743,-0.3389773486758396,-17.987411963355648,-0.41571438801938365,-22.16913026199119,-0.18502651703642403
2016-06-20,-1.625946873221329,-0.767186187995339,-14.862863776088563,-0.20980166835898872,-19.497078692686177,-0.4660032261033731
2016-06-21,-1.3503325685344958,-0.9902172250506491,-14.287966897778547,-0.20203562751269777,-19.06458032072037,-0.38381259921853594
2016-06-22,-1.512502051291753,-0.7939530339400536,-13.938026595668497,-0.23311164744878043,-18.615927872166406,-0.4386379000655638
2016-06-23,-0.19490474380662315,-1.2667559415114549,-12.68820860534694,-0.3457844507500196,-17.113101579548296,-0.712788066493597
2016-06-24,-3.7801295867341045,0.0,-19.137269949240256,-0.42349228541658235,-22.768740859570492,0.0
2016-06-27,-5.521266023715066,0.0,-22.086786967650994,0.0,-25.10010476869603,0.0
2016-06-28,-3.8213567380892433,-0.017742985723678828,-20.137069104329974,0.0,-23.656678444069644,0.0
2016-06-29,-2.1709224742879396,-0.42416556867986843,-17.71245290469463,0.0,-22.323402877146002,0.0
2016-06-30,-0.8438327951679203,-0.203254231908212,-16.96256981801344,0.0,-21.77534801105201,0.0
2016-07-01,-0.6321882905861442,0.0,-16.212693154258716,0.0,-20.999328899524638,-0.006875480696000302
2016-07-04,,,-16.86258412187066,-0.030620345783349823,-21.54099947252639,0.0
2016-07-05,-1.3058538528596952,0.0,-18.212362116629166,0.0,-22.96712744059135,0.0
2016-07-06,-0.7426316685283374,0.0,-19.512169743558882,0.0,-24.254836989820806,0.0
2016-07-07,-0.8193454045879345,-0.13187667022160898,-18.637328622673433,-0.099365518508987,-23.88698649055172,-0.10176871735939619
2016-07-08,0.0,0.0,-17.387497786498972,0.0,-22.182869513256442,0.0
2016-07-11,0.0,-0.5271994756152143,-16.03771336881401,-0.02289284251668633,-20.5363690055118,-0.10853311945913102
2016-07-12,0.0,-1.1159638406494587,-15.062867283006408,-0.3205114396092945,-19.480506362038817,-0.5018676336115746
2016-07-13,0.0,-0.8610896337196139,-15.412807585116461,-0.0877520148554245,-19.75009083215512,-0.21703111871996805
2016-07-14,0.0,-1.274098095266929,-14.53794719545164,-0.36247776943134635,-18.638229494266135,-0.48828782360482714
2016-07-15,-0.09256912168635889,-1.6519997287664845,-14.737905741884294,-0.6066836154435595,-18.649538137036448,-0.7120269001988144
2016-07-18,0.0,-1.678329849802307,-14.53794719545164,-0.553259219987523,-18.680007550669508,-0.6035523144035104
2016-07-19,-0.14120073797108113,-1.4147130532833119,-14.937896402949224,-0.43497565219274836,-19.341756496590357,-0.5832060128589056
2016-07-20,0.0,-1.61684172458455,-14.063010321578584,-0.5036541797428185,-18.04258047287015,-0.7052955288592622
2016-07-21,-0.3596266009705973,-1.3971084631252517,-14.112967843554468,-0.46931491596777786,-17.927828920516266,-0.7391865202123205
2016-07-22,0.0,-1.4762352959238667,-14.237983684096845,-0.40063638841770777,-17.998537531278302,-0.6781593223112892
2016-07-25,-0.30050084264544585,-1.5553280112996948,-14.08801477427235,-0.30906501835095135,-17.588182949691767,-0.5900193313278179
2016-07-26,-0.26552109270617796,-1.4938228273705279,-13.938026595668497,-0.3853706119480327,-17.188016405660356,-0.6645912190373027
2016-07-27,-0.3811476109862766,-1.0720291294555762,-13.513098627182973,-0.06867852755007009,-16.607882242384697,-0.3594669362649183
2016-07-28,-0.21255921292360203,-1.019309181894057,-14.48795113591702,-0.03814697461071992,-16.968456699340994,-0.37302333280614386
2016-07-29,-0.048347731689546425,-0.6414160777501898,-13.738055203382926,0.0,-16.462826999704227,-0.1492140158155575
2016-08-01,-0.17539693535163492,-0.9863773395489606,-14.312971350472314,-0.11036172702224567,-16.5192360565934,-0.3458988329909318
2016-08-02,-0.8077250091096833,-1.223962542481527,-15.437792769030857,-0.5403810922942509,-18.02375114862035,-0.7188519254004877
2016-08-03,-0.46642038898335736,-1.171157301363035,-15.412807585116461,-0.5213468009557798,-17.814695143296998,-0.6578130207666955
2016-08-04,-0.4200179536620885,-0.9336062158532554,-14.662898806729451,-0.05707964730236048,-17.348823254041832,-0.2848599283571396
2016-08-05,0.0,-1.5495792255600938,-13.788044839991098,-0.14840708298614613,-16.222741278140205,-0.4611282035913211
2016-08-08,-0.08151090175834153,-1.6023503492557878,-13.738055203382926,-0.06849557676283924,-15.696262008231876,-0.44079360877948837
2016-08-09,-0.03870055419619156,-1.2503950157857102,-12.988172116701746,0.0,-13.59084209851793,-0.37977811761121805
2016-08-10,-0.2880634476513322,-0.9863773395489606,-13.188143508987316,0.0,-13.930330237621968,-0.1492140158155575
2016-08-11,0.0,-1.4615903921925688,-12.288285089555185,-0.03415032000436691,-13.187282172496817,-0.244179032000702
2016-08-12,-0.07459668698304167,-1.1095924119439937,-12.4882629047672,0.0,-13.424945177151903,-0.15601562755169773
2016-08-15,0.0,-1.3999828559950522,-12.538239695522456,-0.17826710850888938,-13.216615197742632,-0.41369252242980936
2016-08-16,-0.5301399173741062,-1.567149698295367,-13.263099060730498,-0.5006665483698103,-13.722158089933146,-0.6431327778800844
2016-08-17,-0.31962934897674655,-1.4087595630069893,-14.038005868884806,-0.3716975123977284,-14.845257046318238,-0.54789850684136
2016-08-18,-0.09754593297321978,-1.2327648375605516,-13.28811635927718,-0.10999755419518475,-14.317081085415051,-0.3438033278260977
2016-08-19,-0.22785807878262787,-1.567149698295367,-14.01300141619105,-0.45893854848834126,-14.791191790477765,-0.6227396494044246
2016-08-22,-0.28228809780843633,-1.3471690855208607,-13.91304141175409,-0.1972270152511446,-15.195327802278523,-0.3165734674160037
2016-08-23,-0.08502044242384432,-1.3559884393112842,-13.188143508987316,-0.23515840377030806,-14.399106230533432,-0.3030053641420172
2016-08-24,-0.6031288322561612,-1.3911549728489292,-12.813192331257039,-0.1972270152511446,-14.155950682006646,-0.33017669088828416
2016-08-25,-0.737051612430506,-1.5495792255600938,-13.488094174489207,-0.29204969903173783,-14.910552029068814,-0.4254577888580746
2016-08-26,-0.8914385743474917,-1.9279499736229666,-13.063153360150759,-0.18205214483655308,-14.440402900189431,-0.3438033278260977
2016-08-29,-0.3598520510226133,-1.5231638109672985,-13.263099060730498,-0.2237801447180332,-14.790544680423912,-0.37782309323955987
2016-08-30,-0.5383373510951417,-1.5319149299121482,-12.788187878563273,-0.17826710850888938,-13.875783595034108,-0.35062835302775985
2016-08-31,-0.7563161697261567,-1.6463191778724684,-13.263099060730498,-0.4968699370075047,-14.4006371982218,-0.5071122498900404
2016-09-01,-0.7592093816277012,-1.4921766617210674,-13.069987353900103,-0.6030708798403728,-14.872411993821832,-0.5071122498900404
2016-09-02,-0.3369650983380379,-1.7476308648382899,-11.41556995732672,-0.6561655637394859,-13.664218065355593,-0.6295529678733258
2016-09-05,,,-11.240140567030076,-0.5082481960597907,-13.757962215717455,-0.5954980822615696
2016-09-06,-0.038058673631702344,-1.2894253474539652,-11.61611941299332,-0.08344442472830726,-13.637394564464945,-0.22129236944622432
2016-09-07,-0.02842639498387145,-1.2365859889126862,-11.315314498272777,0.0,-13.10533594323866,-0.12610492533855489
2016-09-08,-0.24640521361488643,-1.721258097023981,-11.61611941299332,-0.4776563648393184,-13.733151069262561,-0.54789850684136
2016-09-09,-2.691433893459938,-2.1882829681987293,-12.61876392450313,-1.0387128637158072,-14.556196141898292,-0.9561239850701675
2016-09-12,-1.2577944716365863,-2.100183253207144,-13.47104772767459,-1.1751795000179865,-15.701036417775516,-1.0853546080568321
2016-09-13,-2.6921571964353297,-2.46146970180946,-14.398505462088773,-1.281324073438861,-16.066053837662498,-1.16702077582157
2016-09-14,-2.7424943791126144,-2.2411649735184835,-14.473672970405005,-1.0879847697865874,-16.132311593907822,-0.9901320437508687
2016-09-15,-1.7431425291447034,-2.2147154415029013,-13.826916390903676,-1.148640464440065,-15.705637212426659,-1.02414010243157
2016-09-16,-2.1128738403189296,-2.1089429015076933,-14.4098226585045,-1.1069461818668969,-16.958434385092346,-0.8404380518919674
2016-09-19,-2.1135971432943212,-2.2763656244789043,-13.573467712944254,-1.0349182675215784,-16.168920661466423,-0.8948743592466113
2016-09-20,-2.083247820888068,-2.1266071971556277,-13.725517650940533,-0.7430235828368992,-16.00737989558485,-0.7520170993221442
2016-09-21,-1.0130828454762542,-1.9680123573305286,-13.320012612058385,-0.9136068782146345,-15.662888490942507,-0.8812360155760368
2016-09-22,-0.3680377237196719,-1.6771783867832513,-11.951338367665908,-0.24262277861388792,-13.742123802570195,-0.3165734674160037
2016-09-23,-0.939376508130807,-1.6331583820323958,-12.534276749899021,-0.4207952663800696,-14.12362674565829,-0.3710214815034196
2016-09-26,-1.7819245057517863,-1.3511096478527551,-13.852241989920245,-0.15922264457671753,-16.00859519983232,-0.1873194309638171
2016-09-27,-1.1443476342288594,-1.1837210423043198,-13.852241989920245,-0.030333631772150316,-16.26904121333451,0.0
2016-09-28,-0.5987890144038444,-1.2277836938336617,-13.269322876466505,0.0,-15.6479418270158,0.0
2016-09-29,-1.5227527005957309,-1.1661335108576587,-13.193256158446399,-0.2160018540216968,-15.912996526755164,-0.2310545825084942
2016-09-30,-0.7377690348938981,-1.412845124385731,-13.041238335082406,-0.15158755233517507,-15.060618428873607,-0.23782519859596452
2016-10-03,-1.0492127111735972,-1.6422506752051258,,,,
2016-10-04,-1.5299798498375927,-2.09225948176488,-12.356875521180344,-0.4168426399085545,-14.18309773792421,-0.3465760269440121
2016-10-05,-1.0667954420386705,-2.312862737505239,-12.889130590748021,-1.0913656155763674,-14.456478060917366,-0.8630372188601076
2016-10-06,-1.0164464983373978,-2.515750521463489,-13.243952316964736,-1.042100817518099,-14.593696958677448,-0.9174126330341315
2016-10-07,-1.3353584248507633,-2.3746493901723897,-14.13104838152851,-1.1557914817694859,-15.223524439137092,-1.0872861043687565
2016-10-10,-0.8808418917324867,-2.6304788849402683,-13.370676655944447,-1.3225285377329032,-14.146977948699014,-1.2775766667029176
2016-10-11,-2.1140793452779083,-2.656954005022938,-13.928289439160979,-1.1330556618205256,-14.5261370907384,-1.1077148890057509
2016-10-12,-1.993646459620113,-2.656954005022938,-14.181725271267487,-1.4400007956380523,-14.96323625735535,-1.3727161010512745
2016-10-13,-2.2940053707892205,-2.4539894568634257,-14.91672643734978,-1.2543210778860225,-15.844063522848195,-1.2504006532533585
2016-10-14,-2.2740116300061786,-2.7540095434960943,-13.877580434789728,-1.2505279197256747,-14.500118531622064,-1.2844057509776796
2016-10-17,-2.5681077959005982,-2.5422427002575465,-14.460531662875752,-1.299792717783943,-15.120815447053616,-1.2844057509776796
2016-10-18,-1.9678721755459816,-2.348157211378332,-13.269322876466505,-1.1671593917439549,-14.086615207212528,-1.1688375319923283
2016-10-19,-1.738808591804375,-2.304068971781903,-12.914494727323333,-1.0989519318970853,-13.972431849052269,-1.0872861043687565
2016-10-20,-1.8669508286876302,-2.3922454509747615,-12.686358802527575,-0.9890544258060574,-13.522240541223907,-0.9921115891080357
2016-10-21,-1.8748954003928842,-2.2863876174225695,-12.737061383972371,-1.0042154939408965,-13.44675752091823,-1.0261400741072624
2016-10-24,-1.4083414592208299,-2.4187291004131195,-12.711703670323516,-1.0913656155763674,-13.039157102853572,-1.141684905817686
2016-10-25,-1.7797545968256334,-2.436393396061054,-12.990503639005324,-1.1027335255508475,-13.070352542400698,-1.2028075488042744
2016-10-26,-1.949325040713723,-2.6481772980110008,-13.294667744262433,-1.5423119854083733,-13.455248867478486,-1.5629949697479772
2016-10-27,-2.2386050672842273,-2.983432153026877,-13.269322876466505,-2.1107306131455172,-13.39544642859961,-2.0726621583016747
2016-10-28,-2.5370351705189753,-2.965810504157418,-13.573467712944254,-2.197892299287585,-13.564255345207965,-2.031903984946082
2016-10-31,-2.5483610366213605,-2.886325438419546,-14.029675333271207,-2.2433639391854943,-13.816225795321934,-2.025109981583695
2016-11-01,-3.2088130998048747,-2.882819873228182,-14.992754617811133,-2.5427343211888997,-14.938267279180007,-2.0998557122074213
2016-11-02,-3.828078056975337,-2.59125237809098,-15.981255845264508,-2.095581109517264,-16.192682226980327,-1.794037858619013
2016-11-03,-4.218279430404204,-2.653132853670803,-16.006562175501713,-2.2812608272692936,-16.556728981786538,-1.9639113299536382
2016-11-04,-4.375806585726516,-2.3527033579646917,-16.665541584049105,-2.300203489057895,-17.096134669599817,-1.8076024780688704
2016-11-07,-2.249442850891037,-2.7591612743369187,-15.220884119680445,-2.2698929172948135,-15.49755187218409,-1.9163474595981889
2016-11-08,-1.8325027894208645,-3.1037898912635087,-14.967422595868118,-2.417675746963044,-15.292536358904286,-2.0998557122074213
2016-11-09,-0.7384982183812783,-4.5794110735772104,-13.598780466107918,-2.550309073003032,-13.969764492976644,-2.0590683047581715
2016-11-10,-0.5354441391935971,-5.153718180705491,-13.877580434789728,-3.463569722641502,-14.098168489149543,-2.6367281483043237
2016-11-11,-0.674424159683662,-5.348102197034088,-14.181725271267487,-4.1153568783603545,-13.792464229808033,-2.8746059682688396
2016-11-14,-0.6715309477821174,-5.895993889569584,-14.00429835084297,-4.395778816321871,-13.584457805425687,-2.9969097224292973
2016-11-15,0.0,-5.895993889569584,-13.801558677254821,-3.9220966265409163,-13.249507328284615,-2.8977184427021685
2016-11-16,-0.1301889031584902,-5.807604176484316,-13.877580434789728,-4.191144872274655,-13.825435276210241,-2.9113707644329745
2016-11-17,0.0,-6.222889976002655,-13.396060061299131,-4.2783007761634355,-13.650320982369879,-2.761364783137399
2016-11-18,-0.2227896505507032,-6.638184304876704,-13.826916390903676,-4.342726642356531,-13.819863816478328,-2.7545532393188132
2016-11-21,0.0,-6.558656592360346,-13.522745862720098,-4.323778198314643,-13.653635448499358,-2.706802270764075
2016-11-22,0.0,-6.470309526053553,-13.522745862720098,-3.9334645365154075,-13.421551795162202,-2.3387099508995868
2016-11-23,0.0,-6.8061187891897195,-13.446743373964553,-4.414721478110462,-13.836988558147256,-2.5977415610234145
2016-11-24,,,-13.142572845780965,-4.335146108289112,-13.620261931209987,-2.468216985733407
2016-11-25,0.0,-6.885586796216203,-12.965145925356481,-4.301042378365672,-13.539373174478865,-2.365926892080228
2016-11-28,-0.5124326042618921,-6.461473113551741,-13.674795800716378,-4.047143636260186,-14.481612762399177,-2.0591384665829326
2016-11-29,-0.35606998040059734,-6.364229929253263,-13.345325365222049,-3.8349349403988375,-14.175987418917902,-2.270471729520551
2016-11-30,-0.5991452053171864,-6.991666393016505,-13.09189595604201,-4.031988350378645,-14.015906596450488,-2.5636663014743655
2016-12-01,-0.9445611961804379,-7.346504648712093,-13.396060061299131,-4.46019890026168,-14.874511155703829,-2.959086652075349
2016-12-02,-0.9052305073346534,-6.93058767687218,-13.70020489777688,-3.9107229343131378,-15.041789104623804,-2.6454399082096236
2016-12-05,-0.318647986748799,-6.965975973657934,-13.117247246764407,-4.282093934323772,-13.656058165408268,-2.959086652075349
2016-12-06,0.0,-6.93058767687218,-12.331569190943126,-4.247990204400343,-12.924808021386823,-3.218100721743
2016-12-07,0.0,-6.620886771523726,-11.419121835656965,-3.9183034683805573,-11.216729467908237,-3.047689343085358
2016-12-08,0.0,-6.974803856804057,-10.354637388227427,-4.229041760358454,-9.659285508428061,-3.102251855458704
2016-12-09,0.0,-7.452643951002258,-9.492899037312519,-4.206305940409482,-9.463645199343041,-2.9181647677953504
2016-12-12,-0.10826018168105245,-7.434919949864449,-9.898429767900474,-4.410934102203412,-9.572091374464907,-3.170396527738073
2016-12-13,0.0,-7.381884416142148,-9.06200417014923,-3.819779654517308,-8.80891976498226,-2.8977184427021685
2016-12-14,-0.8052285827781058,-8.151675826483906,-9.6449618211617,-3.4370407445321827,-9.130628160777487,-2.5909417108423094
2016-12-15,-0.4154126712064721,-8.408281492620183,-8.599611271645035,-3.7326237506285276,-8.148299315862628,-2.9317995490699578
2016-12-16,-0.5869244682847219,-8.293211954915536,-8.344711012306515,-3.671991042595779,-7.844378554962217,-2.6931733363082078
2016-12-19,-0.38820626485757126,-7.868526805419385,-8.3702100303374,-3.251361026780164,-7.661017553728289,-2.31823439171277
2016-12-20,-0.011526421225183103,-8.06313258499609,-8.089804330041561,-3.2703094708220637,-7.353616603391933,-2.4886457703704012
2016-12-21,-0.25380639236860514,-7.912777102774049,-8.06432458079004,-3.186940942840355,-7.322105500403886,-2.3454981074432446
2016-12-22,-0.42716421784620984,-7.952651840656277,-8.344711012306515,-3.3650459087782525,-7.423441356519445,-2.427318488728314
2016-12-23,-0.29253921994268905,-7.863989188188714,-8.319205571349176,-3.1490440547565557,-7.473300397009908,-2.2295732325154693
2016-12-27,-0.0675376243663095,-7.996961843500827,-8.293719399171195,-3.065675526774836,-7.293009222738755,-2.0114401193967013
2016-12-28,-0.8854520242545627,-7.660171704459529,-7.9113947018692565,-3.016416510969855,-7.27078651649925,-1.9909996411222708
2016-12-29,-0.9098893880044367,-7.376562098187389,-8.140795943176894,-2.8345183868715984,-7.464248747842051,-1.936483903298758
2016-12-30,-1.3647215192993833,-7.1018656686183235,-7.9113947018692565,-2.9595769610974654,-7.221740309369107,-2.0114401193967013
2017-01-02,,,-7.223203823799329,-2.78525358881333,-6.274079201851301,-1.9023677160186159
2017-01-03,-0.5251387982602718,-7.146175671462862,-6.891896431338562,-3.486305542590462,-6.387939004984644,-2.37276182317373
2017-01-04,0.0,-7.039797547213178,-6.993834697124013,-3.6265136204445714,-6.3873787023770445,-2.4477823542777055
2017-01-05,-0.07601922910787096,-6.437130332393259,-6.789926050920836,-3.7591469464845484,-6.382280737806479,-2.3523330385367247
2017-01-06,0.0,-6.862557535835023,-6.891896431338562,-4.050936794420545,-6.268586657979613,-2.6863793329458097
2017-01-09,-0.3543755398339399,-6.508034866300216,-7.401639143677475,-3.702307396612159,-6.551578932748214,-2.543237516837371
2017-01-10,-0.3539157487854272,-6.552387515923241,-7.223203823799329,-3.6985142384518,-6.395538602324358,-2.5500432138372275
2017-01-11,-0.06269979883580801,-6.445992332962169,-7.070280367805026,-3.4143049245832224,-5.887486185778668,-2.365926892080228
2017-01-12,-0.274685901034577,-6.392803270837321,-7.758490514654326,-3.4370407445321827,-6.898658777605949,-2.28415913216371
2017-01-13,-0.09048912123165165,-6.596723106834867,-6.76445272459576,-3.671991042595779,-6.024783999398975,-2.4409240359092976
2017-01-16,,,-7.6055477898806405,-3.592409890521142,-6.626572674720499,-2.28415913216371
2017-01-17,-0.38698706103131864,-6.1269432537700785,-7.809443590230913,-3.4711502567089325,-6.745443634978166,-2.256907110070694
2017-01-18,-0.19476075950304317,-6.791644472572367,-7.6055477898806405,-3.762934322391609,-6.265516831016837,-2.515956260650709
2017-01-19,-0.5532744187736527,-7.146175671462862,-7.631040384985077,-3.9296713783550263,-6.285719291234559,-2.665903773758982
2017-01-20,-0.21542892785474388,-7.1018656686183235,-7.733004342476346,-4.308617130179792,-6.017105486199037,-2.9795212835310614
2017-01-23,-0.48115451065111614,-6.614378873127114,-8.268226804066781,-3.9334645365154075,-6.698977976477394,-2.611376342298022
2017-01-24,0.0,-6.968875954594833,-7.987878910109036,-4.229041760358454,-6.301470896935568,-2.8840895082462903
2017-01-25,0.0,-7.429759689667925,-6.789926050920836,-4.679988130190438,-4.595499396924996,-3.265863383935208
2017-01-26,-0.07141131752770313,-7.305640505569033,-6.509539619404359,-5.066508633829314,-4.2514104631698135,-3.4158342843183975
2017-01-27,-0.15284021023580507,-7.190434498173226,-6.840924086982614,-5.077876543803795,-4.529075917373204,-3.2999561839404445
2017-01-30,-0.748308423592392,-7.217071676014131,-7.758490514654326,-5.293878397825502,-5.59883564383189,-3.218100721743
2017-01-31,-0.8361010309106631,-6.897962891332165,-8.47212260441703,-5.100618146006064,-6.783346922644462,-3.115880789914549
2017-02-01,-0.7840140823562436,-7.07643112993066,-7.631040384985077,-5.41893118979806,-5.7797660365708765,-3.313596812033781
2017-02-02,-0.721465320254211,-7.040855187319572,-7.8604287804397766,-5.009669083956925,-6.03471950620137,-2.999961761805503
2017-02-03,0.0,-6.9698738892113425,-7.401639143677475,-5.180193515827414,-5.844492825127823,-2.9454518708007416
2017-02-06,-0.2110616000925658,-6.526082982954506,-7.962379892078131,-5.540190823610269,-6.9891673776985686,-2.5977415610234145
2017-02-07,-0.18376551396043217,-6.357440562118654,-7.733004342476346,-5.346930571790843,-6.6691556728981745,-2.5091037891010415
2017-02-08,-0.08278776326897663,-5.975794541468238,-7.47812335191721,-4.820196208044547,-6.718130855754123,-2.147782085324035
2017-02-09,0.0,-6.534936454167717,-6.6624566524722155,-4.626935956225109,-5.914230770809081,-2.195521360241326
2017-02-10,0.0,-6.597106927841223,-6.484079138932197,-4.964197444059016,-5.7194032950843905,-2.2500254044273693
2017-02-13,0.0,-6.739137758903258,-5.7704020886843015,-4.873248382009887,-4.851021060749117,-2.37276182317373
2017-02-14,0.0,-7.07643112993066,-5.7959139525681,-4.964197444059016,-4.872194186047619,-2.502298092101196
2017-02-15,0.0,-7.253867316489848,-5.464535907916302,-5.039985437973293,-4.693441871050852,-2.555141639768377
2017-02-16,-0.07619243051792957,-6.881066237696942,-5.7704020886843015,-4.59661960220874,-4.989928757918028,-2.4252019403486536
2017-02-17,0.0,-6.632597576895338,-5.7704020886843015,-4.679988130190438,-4.991712256359115,-2.097037545580349
2017-02-20,,,-5.591979614659093,-4.691356040164929,-4.421190044858935,-2.0149949851835602
2017-02-21,0.0,-6.677044049431025,-4.9547931955774,-4.956616909991595,-3.2909018536072865,-2.0423580968324417
2017-02-22,-0.09903575045188129,-6.526082982954506,-4.87834110196993,-4.6951434160719785,-3.039586405133188,-1.789337016361392
2017-02-23,-0.04565661187226899,-6.277554616663039,-4.87834110196993,-4.50945791606665,-3.449775263413246,-1.5569142782704493
2017-02-24,0.0,-5.842651299042201,-5.8213744330402495,-4.111569502453294,-4.611819196819633,-1.1808702849353536
2017-02-27,0.0,-6.179961728780992,-5.872340354469763,-3.9978846204551943,-4.4611924944072285,-1.3175922940800167
2017-02-28,-0.25480393795913603,-6.224322907759705,-5.7704020886843015,-3.8690444525755763,-4.366319847244149,-1.3859532986523426
2017-03-01,0.0,-6.877603319284065,-4.241116145329505,-4.236616512172564,-2.485226161807186,-1.9124593251438116
2017-03-02,-0.5779290495008804,-7.144239507719707,-4.1646833205013944,-4.357881928238072,-2.5468042075411312,-2.1107074077673094
2017-03-03,-0.5250500554873527,-7.055320974581236,-4.266628009213303,-4.426089388084953,-2.807092389322874,-2.4594116767284624
2017-03-06,-0.8488263190132184,-7.0730876224975425,-4.725391954269787,-4.501883164252551,-3.364356736305174,-2.370557572513121
2017-03-07,-1.131049489192315,-7.206444098816,-4.929307023399431,-4.517038450134081,-3.3018159170764783,-2.179085952795823
2017-03-08,-1.3284027770768425,-7.517535289143029,-5.005771962859818,-4.971772195873125,-3.292361797021459,-2.541477624400146
2017-03-09,-1.2483352466597375,-7.775300947654062,-4.7763642986257455,-5.119560807794665,-3.2028238620096183,-2.869671253262085
2017-03-10,-0.9236877600056537,-7.579782527017798,-4.929307023399431,-5.714508413641117,-3.325735314310818,-3.4029595894784825
2017-03-13,-0.8549248809107013,-7.81088541962085,-4.47053665541649,-5.661456239675788,-3.10875615662084,-3.286771607707928
2017-03-14,-1.185235317898159,-7.713113415269168,-4.7763642986257455,-5.604610907550112,-3.1187784708694766,-3.1431678929199625
2017-03-15,-0.35446031711459103,-6.90423196776927,-4.372914596209565,-5.191561425801893,-2.9484306949867256,-2.8970109776360387
2017-03-16,-0.5128635563646844,-7.162006155636003,-3.6058501812581967,-5.53640344770322,-2.3560172238599852,-3.1226514060020416
2017-03-17,-0.6432070360829822,-6.913153673828054,-3.3501920165978527,-5.5667198017196,-2.2585561364815043,-3.067925182704312
2017-03-20,-0.8401247124034006,-6.690955428572398,-3.529160439371848,-5.574300335787008,-2.60070374007515,-3.0610727111546443
2017-03-21,-2.0616964095513723,-6.379855708889681,-4.014939213102875,-5.430299099772551,-3.334218769285069,-3.23203953759148
2017-03-22,-1.8730447282766627,-6.202095406814012,-4.424053936653383,-5.009669083956925,-3.802994762196521,-2.9106632993668335
2017-03-23,-1.9759659288008824,-6.299824764387207,-3.6314134285536426,-5.085457077871225,-2.7075400316484144,-3.0542904014297156
2017-03-24,-2.058870246720823,-6.246516291282611,-3.7336921094412667,-4.835351493926088,-2.5088298956006283,-2.979041844395336
2017-03-27,-2.1585296728504066,-6.015498692236543,-4.091635377915681,-4.725459770088358,-3.0599466970713696,-2.9927292470384836
2017-03-28,-1.4483022039288973,-6.3353410015084215,-3.6058501812581967,-4.566303248192338,-1.8207309439504882,-2.862807088074959
2017-03-29,-1.3212311232775442,-6.068755989206953,-3.273450891299867,-4.270726024349303,-1.387751185237307,-2.5346134592129976
2017-03-30,-1.0285639002322045,-6.3353410015084215,-2.531968992423328,-4.2783007761634355,-0.9559867307715963,-2.4457301209040216
2017-03-31,-1.2515970210543848,-6.1487613456423285,-2.276291558983612,-4.354094552331,-0.49989251659837697,-2.4252019403486536
2017-04-03,-1.4089165437303541,-5.686743206261569,-2.813235364864297,-4.194932248181715,-0.949760269399802,-2.062851196475435
2017-04-04,-1.3377631133689727,-5.82028732840536,-2.5575129709394018,-4.020620440404166,-0.7466071704213206,-1.9398107431552236
2017-04-05,-1.6291235017219963,-5.6421943814575215,-2.6342412503844836,-3.959987732371417,-1.2702533609475708,-1.9261116468746065
2017-04-06,-1.410000260304467,-5.704578089023449,-2.4296903115356927,-3.959987732371417,-1.1623753800193204,-1.9808261765348667
2017-04-07,-1.4911621319679935,-5.989424451871617,-2.1484367849476382,-3.751566412417129,-1.209488148573945,-1.7346809548884012
2017-04-10,-1.4178412684583752,-5.82028732840536,-2.2506961970559014,-3.8690444525755763,-1.4077958137345803,-1.611605420655804
2017-04-11,-1.5453479606738374,-5.384053431295833,-2.199563279538541,-3.9978846204551943,-1.9021089790150048,-1.5774132247321826
2017-04-12,-1.9141728347316311,-5.090345067878744,-2.0972910215773743,-3.9220966265409163,-1.7780611383265588,-1.515892998072066
2017-04-13,-2.5819653625058447,-4.805456058252089,-2.4552342900517887,-4.024407816311215,-2.147363689423787,-1.4474852189499177
2017-04-17,-1.742488755112459,-4.9568691805805365,,,,
2017-04-18,-2.0251369121833673,-4.413805103369395,-3.5035715003705725,-3.815986496356949,-3.0246318496204627,-1.33809124054175
2017-04-19,-2.1796302720287986,-4.663066994250786,-3.2478876440044213,-3.9183034683805573,-2.8952571883667955,-1.618434504930566
2017-04-20,-1.4378581510626542,-4.876693237031226,-3.0688999524510763,-3.9562003564643455,-2.8074159443498004,-1.8714497385828865
2017-04-21,-1.7370489228972885,-4.832170000294267,-2.992223056417642,-4.035775726285696,-2.63569503249913,-1.8919369914071615
2017-04-24,-0.6701830790406538,-5.0279869483799144,-0.8188524709672462,-3.6795715766631987,0.0,-2.5824813641423305
2017-04-25,-0.06505486846389852,-5.5176231415067,-0.6143272238242736,-4.047143636260186,0.0,-2.8354673637010053
2017-04-26,-0.11249403026225568,-5.268386838692396,-0.20519323149440494,-4.077459990276566,0.0,-2.6850345646382667
2017-04-27,-0.04700355023424807,-5.206054307260654,-0.22998572761512293,-3.6795715766631987,-0.23258423192279443,-2.3158255023966734
2017-04-28,-0.2373976777653719,-5.108162891929224,-0.48828371504892054,-3.7743080146193875,-0.2789272625816186,-2.438912730266729
2017-05-01,-0.06419427000798894,-5.313131838677476,,,,
2017-05-02,0.0,-5.117050480565222,0.0,-3.7932506764079887,0.0,-2.5072912752952314
2017-05-03,-0.10700637429654769,-5.313131838677476,0.0,-3.66062313262131,0.0,-2.4935921790146143
2017-05-04,-0.04349490018047408,-5.527141902464261,0.0,-3.7932506764079887,0.0,-2.917509924097772
2017-05-05,0.0,-5.509307019702381,0.0,-3.7174626824936996,0.0,-3.1089523097214244
2017-05-08,0.0,-5.7410581433383845,-0.025323432367818643,-3.815986496356949,-0.17567065821589845,-3.1089523097214244
2017-05-09,-0.09792642876372826,-5.8481186160438074,0.0,-4.009252530429686,0.0,-3.191024104211826
2017-05-10,0.0,-5.883762793500457,0.0,-3.8652512944152173,0.0,-3.129492183914251
2017-05-11,-0.1840547943641302,-5.812431791808659,-0.3031324841662242,-4.0547241703276065,-0.36371182639078903,-3.204723200492443
2017-05-12,-0.32978246157004953,-5.33102642692922,0.0,-3.8008312104754083,0.0,-2.9585019702025095
2017-05-15,0.0,-5.393393075783748,0.0,-3.9334645365154075,0.0,-3.137426316928693
2017-05-16,-0.04864328720525224,-5.2686086019405165,-0.025226293772218078,-3.8463028503733176,-0.01959676566438695,-3.1717237555894173
2017-05-17,-1.8361151916955087,-4.510843583131152,-1.3360156122172007,-3.4597823467344524,-1.369791044339097,-2.828813683988096
2017-05-18,-1.4722617143971939,-4.53755752517333,-1.5881218259473528,-3.3119937348129014,-1.6942280814941757,-2.657303103409514
2017-05-19,-0.8033637339803334,-4.564348231416771,-1.0083182826059467,-3.3006258248384324,-1.3145083396438273,-2.787616999227882
2017-05-22,-0.2894740064545265,-4.671306351853833,-1.0335383074185023,-3.463569722641502,-1.4646637907968274,-2.959092498894067
2017-05-23,-0.10397924890880317,-4.9209264756744915,-0.7814446316077195,-3.49009870075081,-1.154752760875466,-2.986578393736228
2017-05-24,0.0,-4.72481100013945,-0.7310296578213693,-3.5090413625394223,-1.2818724808719928,-3.000271643198116
2017-05-25,0.0,-4.671306351853833,-0.7310296578213693,-3.2551484026872246,-1.4470190764982238,-2.732767992736851
2017-05-26,0.0,-4.6089311736436045,-0.9074695281542144,-3.0315717968514067,-1.599591716256521,-2.5201601233164173
2017-05-29,,,-0.7562371447145333,-3.027784420944324,-1.3905620909032246,-2.2663848032294043
2017-05-30,-0.10503660759131339,-4.368198638458953,-1.1343933308299303,-2.9671517129115865,-1.62692043537761,-2.2458273885803903
2017-05-31,-0.135535504733153,-4.323564520097934,-1.2351480508864032,-3.016416510969855,-1.4990229449150183,-2.2594914039486214
2017-06-01,0.0,-4.373614779326374,-0.655388390262801,-3.1111529489260548,-1.1097030754492976,-2.3075347134398183
2017-06-02,0.0,-3.9539875377583966,-0.4537535709561613,-2.9974680669279774,0.0,-2.0742934207269137
2017-06-05,-0.11823471735548097,-4.1146720697291865,,,,
2017-06-06,-0.39553131537913844,-3.8110867124152903,-1.3108520080418185,-2.7284140389409295,-1.0358023046921128,-2.012627023598579
2017-06-07,-0.21839209714040742,-3.9896487739264463,-1.3360156122172007,-2.906519004878838,-1.1732893569729064,-2.0742934207269137
2017-06-08,-0.18904887142278115,-4.141479834684025,-1.3108520080418185,-2.6071486228754215,-0.8528492521832964,-2.0606235585399313
2017-06-09,-0.27155462922612283,-4.230739542050365,-0.9831296025918368,-2.440411566912004,-0.056310821722938,-2.067516957820714
2017-06-12,-0.3619309337718368,-4.248617071590721,-1.9158316934779762,-2.2509386909996265,-1.0333043401904773,-2.012627023598579
2017-06-13,0.0,-4.212896129932798,-1.4620655846024344,-2.213053367422413,-0.45200210712444955,-2.115501799124586
2017-06-14,-0.09240035354621812,-3.712947945768652,-1.613304237001778,-1.9591546253169279,-0.13249873902294595,-1.8960531517919543
2017-06-15,-0.2977990067765779,-3.882554183798237,-2.008280041951882,-2.3077898053786017,-1.0226270650950497,-2.328150596276113
2017-06-16,-0.268696369886845,-3.8289386538885584,-1.395834025530951,-2.3759972652254824,-0.5475340178213051,-2.1978191600016017
2017-06-19,0.0,-4.096794540188831,-0.5282100051342775,-2.2926287372437737,0.0,-2.2458273885803903
2017-06-20,-0.6687145447991871,-3.855754948199086,-1.3192962967374489,-2.087994793196557,-0.575377785825959,-2.1635568022532192
2017-06-21,-0.7177130457606373,-3.8646595955464824,-1.3448109626551852,-2.0538910632731167,-0.8898353081479904,-2.2252699739313764
2017-06-22,-0.7620705605228428,-3.775382829468754,-1.4213486914486984,-2.0311552433241564,-0.7366790458002703,-2.142929225779455
2017-06-23,-0.6072472609157331,-3.7486006525810023,-1.6765580402228863,-2.0500979051127577,-1.2067704250968925,-2.142929225779455
2017-06-26,-0.574719104310295,-3.668254121917758,-1.2937690929003542,-2.0387299951382776,-0.9164448259754931,-2.115501799124586
2017-06-27,-1.3773415709119496,-4.141479834684025,-2.084880460342242,-2.815575725082997,-1.690833316601359,-2.8493535581809337
2017-06-28,-0.4889639926507372,-4.230739542050365,-2.008280041951882,-2.7397819489154096,-1.8750996815116494,-2.890550242941159
2017-06-29,-1.3416472303883542,-4.587931899918241,-3.5394358312421104,-3.4938860766578816,-3.6679462521077566,-3.473507304255219
2017-06-30,-1.185349128500146,-4.81109396236763,-3.743571965463044,-3.5734614464792314,-4.374522902028555,-3.6037744255237536
2017-07-03,-0.9477306350983317,-5.160712252376809,-2.646265800129266,-3.3764138187527326,-3.209265446230325,-3.5969804221613555
2017-07-04,,,-3.131107142163081,-3.3764138187527326,-3.5054857506107817,-3.5215038391965825
2017-07-05,-0.7844607406085724,-5.0891936048596875,-2.6717930039663718,-3.539357716555791,-3.3770827043059004,-3.5626595962257257
2017-07-06,-1.6783249958875701,-5.268071252531614,-3.3862851461388566,-4.2896686861379045,-3.9390345033464613,-4.152463282270724
2017-07-07,-1.0476355980142738,-5.420055841691751,-3.4373458227727527,-4.46019890026168,-3.881390650376171,-4.145616657539797
2017-07-10,-0.9553315391624517,-5.29491313490924,-3.0290484784921357,-4.46019890026168,-3.4372874960648336,-3.9741470046923077
2017-07-11,-1.031577785764859,-5.169685134569779,-3.718069837464677,-4.338933484196172,-3.5063419224543146,-4.056452671931854
2017-07-12,-0.2999314681037868,-4.8925322505600555,-2.2124412520115544,-4.001671996362266,-2.0356205370621994,-3.8232932346811355
2017-07-13,-0.11046578484491532,-4.990875721743415,-1.880694174443831,-4.255564956214474,-1.921181426223184,-3.967323767236264
2017-07-14,0.0,-4.856717485989471,-1.6765580402228863,-4.107776344292935,-1.995744144030831,-3.9536129773182105
2017-07-17,-0.0021066847779915854,-4.740487955910055,-1.7020852440600032,-3.8804123625500453,-2.341463303754998,-3.8643846767042467
2017-07-18,0.0,-4.391748189537637,-2.697307669884097,-3.656829974460929,-3.55778042374445,-3.734105861798287
2017-07-19,0.0,-4.391748189537637,-1.9827841829131998,-3.56209353650474,-3.389728286667548,-3.644936029371615
2017-07-20,-0.00858022592961083,-4.364923365871409,-2.391075258234121,-3.304413200745493,-3.426967973490491,-3.5626595962257257
2017-07-21,-0.045607986637730136,-4.19501860039243,-3.3608018250195437,-3.304413200745493,-5.034472281815406,-3.3843257781910996
2017-07-24,-0.1495717241514538,-4.257589953783691,-3.667009160830792,-3.088411346723785,-5.275836974273551,-3.3500400331678337
2017-07-25,0.0,-4.794163191309608,-3.1821552808775966,-3.4256728345577137,-4.846326625012265,-3.692961798406602
2017-07-26,0.0,-4.490108719432384,-2.7228411426808985,-3.4256728345577137,-4.529770345162265,-3.6586819002020654
2017-07-27,-0.08667575436458463,-4.642076249881121,-2.773876743476056,-3.2665163126616936,-5.251864162654463,-3.473507304255219
2017-07-28,-0.21698510319105857,-4.481152895950813,-3.8456494360130433,-3.3612527506178824,-5.634671474362007,-3.5215038391965825
2017-07-31,-0.2892420908883975,-4.454328072284586,-3.9476892928049234,-3.2778842226361737,-5.979542038984609,-3.5489371126701807
2017-08-01,-0.0446940978094057,-4.216998750022927,-3.207669946795344,-2.8534726131667965,-4.947339749065883,-3.1854520859636692
2017-08-02,0.0,-4.306556984838639,-3.667009160830792,-2.8610473649809176,-5.488963149378878,-3.151154647302934
2017-08-03,-0.1993887640486136,-3.975174457309083,-3.615961022116254,-2.7284140389409295,-5.696588609808018,-3.0071358083852417
2017-08-04,-0.008981567702570636,-4.234918926341768,-2.6207385962921603,-2.7284140389409295,-4.5871111284534365,-3.144325563028183
2017-08-07,0.0,-4.181201044163729,-2.7228411426808985,-2.686735557203368,-4.901720185615021,-3.0071358083852417
2017-08-08,-0.22950734905983206,-4.261769338075084,-2.569721802376046,-2.686735557203368,-4.631101692378969,-3.1237213738293357
2017-08-09,-0.2541090548730973,-4.145369220881734,-3.3097850311034405,-2.591999119247179,-5.702172668645966,-2.7739529838596177
2017-08-10,-1.6620350588049004,-3.7871192229074646,-4.253927973414595,-2.591999119247179,-6.786048338856143,-2.705346412900689
2017-08-11,-1.5300795295689729,-3.6796578704842875,-5.2491503992387,-2.4896763649702724,-6.787912217382786,-2.4790102131060143
2017-08-14,-0.5357308986635667,-3.91252633971656,-4.304988650048491,-2.538941163028552,-5.6158963077399875,-2.6367281483043237
2017-08-15,-0.5624192199885192,-4.199070044348385,-4.0753065051113975,-2.7473567007295308,-5.523414595153842,-2.828813683988096
2017-08-16,-0.39294532599143395,-4.020004750851125,-3.462835412851739,-2.7587361752105966,-4.849811926322245,-2.847722295755717
2017-08-17,-1.9261496895217944,-3.6796578704842875,-3.8711515640114103,-2.667781330908181,-5.318433417675095,-2.7995503562525226
2017-08-18,-2.103542543850989,-3.661763282232544,-4.611202254819425,-2.57683805111234,-5.615350782317552,-2.6756679610354106
2017-08-21,-1.986814218544164,-3.5990213417273598,-5.0450268029371355,-2.523780094893713,-6.385003809207035,-2.572506691391685
2017-08-22,-1.0089345822626328,-3.7871192229074646,-4.177365168782332,-2.6488386691195798,-5.117642178510318,-2.572506691391685
2017-08-23,-1.3418464531913088,-3.455753754089297,-4.738769315448421,-2.6298844428243817,-5.544674933144722,-2.4073866836832436
2017-08-24,-1.5446756595384525,-3.608028341343106,-4.560179191943636,-2.455572635046843,-5.494009259536369,-2.3592264378175076
2017-08-25,-1.368941919006339,-3.446789401252026,-4.585693857861384,-2.6639997372544078,-5.594014676906889,-2.4142391552329223
2017-08-28,-1.3166136734184097,-3.357231166436303,-5.351227869788689,-2.580631209272699,-5.939044353111034,-2.311048651495573
2017-08-29,-1.219682748941886,-3.1333099913299134,-6.14230162347249,-2.580631209272699,-7.316890035334134,-2.0908574581844253
2017-08-30,-0.7381427819083686,-3.2139379907311527,-5.42780321234032,-2.436629973258231,-6.877832991180288,-2.2284447965008947
2017-08-31,-0.1657179860760638,-3.0616804621887317,-4.6367419965759,-2.436629973258231,-6.463756465328641,-2.2147106193078914
2017-09-01,0.0,-3.3469191753989547,-4.0498231839920855,-2.4783084549957923,-5.790312908078588,-2.331682074788066
2017-09-04,,,-4.662219048735516,-2.322939309006855,-6.103990025976858,-2.24911914752447
2017-09-05,-0.7551637449772719,-2.674183303530342,-4.76431532616457,-2.322939309006855,-5.937180474584391,-2.0289747287631665
2017-09-06,-0.4438494751703548,-2.907452652480358,-4.713267187450043,-2.322939309006855,-5.232467703190224,-2.1252835268571912
2017-09-07,-0.4388435392699397,-2.485855129746428,-4.5346645260258995,-2.322939309006855,-4.595566772501125,-1.8432096041247625
2017-09-08,-0.5828354190721252,-2.557629657934457,-4.253927973414595,-1.9629477834772757,-4.538536635631074,-1.9464001078621118
2017-09-11,0.0,-3.113692473227414,-3.3608018250195437,-1.9629477834772757,-3.209803394910782,-2.056484010880233
2017-09-12,0.0,-3.3469191753989547,-2.9014626109840957,-2.447997883232711,-2.8255261952594646,-2.489920376853194
2017-09-13,0.0,-3.544211702020139,-2.9014626109840957,-2.4517794768864842,-2.602072920837817,-2.5243289050697726
2017-09-14,-0.0774307040568245,-3.5263341724797725,-2.697307669884097,-2.436629973258231,-2.7038664493151954,-2.6000159735087625
2017-09-15,0.0,-3.4097208213940133,-2.9611932588622714,-2.6261028491706195,-2.8717670515525318,-2.8064145214396374
2017-09-18,0.0,-3.78639422767324,-2.728157220493732,-2.7587361752105966,-2.556923115389609,-2.9164633435453946
2017-09-19,0.0,-3.89403469656604,-2.6245814685790347,-2.7587361752105966,-2.5382994836071537,-2.8958240734341723
2017-09-20,0.0,-4.082396987772741,-2.7022538790755335,-2.641252352798862,-2.4810420444777437,-2.7995503562525226
2017-09-21,-0.30135341539725413,-4.207991750407169,-2.365685971510101,-2.641252352798862,-2.2416094212240445,-2.923350896007426
2017-09-22,-0.2345443579118589,-4.037583752942098,-2.3397888990515647,-2.641252352798862,-2.301200496882738,-2.909610871995716
2017-09-25,-0.45635123175686854,-3.7505624043912555,-2.0549399088869436,-2.58820596108682,-2.282114683839609,-2.5518674212804737
2017-09-26,-0.4413452911107285,-3.831284226705156,-2.1067967434008184,-2.57683805111234,-2.20149814919135,-2.6068801386959106
2017-09-27,-0.034528719613846626,-4.324553925358754,-1.8737544360725944,-2.895151094904358,-1.7964227928098264,-2.9646469766860473
2017-09-28,0.0,-4.34254233652317,-1.6666342770416231,-2.895151094904358,-1.429905476355453,-3.1022635490961403
2017-09-29,0.0,-4.459113040830454,-1.0970616759060636,-2.78525358881333,-0.4662120874037834,-2.937108460475346
2017-10-02,0.0,-4.567785561762561,-0.605098795670167,-2.8648405231412766,0.0,-2.8545455332117275
2017-10-03,0.0,-4.4330473298212265,-0.605098795670167,-2.8648405231412766,,-2.8545455332117275
2017-10-04,0.0,-4.4600342112457,-0.5274389230930265,-3.023991262783998,0.0,-2.8545455332117275
2017-10-05,0.0,-4.5588126795695905,-0.42388824701706795,-3.023991262783998,-0.019041076624182196,-2.8958240734341723
2017-10-06,-0.07592101178328647,-4.675588088413596,-0.7086494717461145,-2.879990026769519,-0.11240183191871811,-2.937108460475346
2017-10-09,-0.2562149299098482,-4.567785561762561,-0.5533234576321711,-2.7322071971012885,0.0,-2.827065485188318
2017-10-10,-0.02180720400787317,-4.531851386212216,-0.605098795670167,-2.766310927024729,-0.20922898344455376,-2.827065485188318
2017-10-11,0.0,-4.42404885956117,-0.5533234576321711,-2.7397819489154096,-0.04408543935753295,-2.957782811498899
2017-10-12,-0.1600539701081649,-4.334251802785949,-0.5533234576321711,-2.5995738710613003,0.0,-2.827065485188318
2017-10-13,-0.07095683355942128,-4.010886869611308,-0.21674301214735792,-2.5995738710613003,0.0,-2.538115703631305
2017-10-16,0.0,-4.172518160064442,-0.26853088810471215,-2.061465815087238,0.0,-2.3385696272500978
2017-10-17,0.0,-4.208512041104672,-0.4756447781759987,-1.9250508953934875,-0.06644743319378366,-2.276616736004089
2017-10-18,0.0,-4.451027211629944,-0.16496140514969948,-2.213053367422413,0.0,-2.276616736004089
2017-10-19,0.0,-4.3522402139503535,-0.838097220280587,-2.205467051101706,-0.4058156958379078,-2.496813776133955
2017-10-20,0.0,-4.747447910158586,-0.605098795670167,-2.5010442749447526,-0.3967636271257513,-2.8751964969604193
2017-10-23,-0.394707307645481,-4.657633794671967,-0.4497665125965389,-2.3684109489047755,-0.3058386292427606,-2.7444967111059926
2017-10-24,-0.23094483031257385,-4.945038964229164,-0.7345778890030519,-2.3684109489047755,-0.22877999302638452,-3.0265530933822338
2017-10-25,-0.6962419377026907,-5.097765607334903,-1.3818291695947948,-2.569263299298219,-0.6871111644202288,-3.0265530933822338
2017-10-26,-0.5700687728202536,-5.2235736038617535,-0.2944028847244873,-2.1562022530434266,0.0,-2.737609158643939
2017-10-27,0.0,-4.918128847005965,0.0,-2.1562022530434266,0.0,-2.379842320653802
2017-10-30,-0.311208371776972,-4.576758443955519,0.0,-1.5953699416270006,0.0,-2.269758417635681
2017-10-31,-0.21385895653582843,-4.639645383507551,0.0,-1.5953699416270006,,-2.269758417635681
2017-11-01,-0.055054922447761445,-4.58208076191029,0.0,-1.5612662117035603,0.0,-2.3936174255778764
2017-11-02,-0.02533578437484696,-4.456136295692293,-0.4352273149927588,-1.519576165459413,-0.18254101443487825,-2.3523213448992886
2017-11-03,0.0,-4.303187889338433,-0.1280018348851275,-1.4475755474521734,0.0,-2.2903976877469034
2017-11-06,0.0,-4.1862248346691056,-0.07681101922909495,-1.3111606277584231,-0.07471189876102624,-2.0977625511026554
2017-11-07,-0.018273084851705423,-4.1502736004073615,-0.5120693289031752,-1.3111606277584231,-0.7388667714845476,-2.049590611599461
2017-11-08,0.0,-4.2671684202311155,-0.6400215722981883,-1.3111606277584231,-0.7154939451265996,-2.0220813294823836
2017-11-09,-0.3517433536663561,-4.303187889338433,-1.7153262500155142,-1.3111606277584231,-2.1982628614121036,-2.3936174255778764
2017-11-10,-0.40530110323733215,-4.789037048535871,-2.022545531186848,-1.8075786374883385,-2.6069757815931793,-2.5793474693039053
2017-11-13,-0.3051212793879876,-4.8339526356348745,-2.7393781227141423,-1.8075786374883385,-3.0005536012591483,-2.6068801386959106
2017-11-14,-0.5199722263014017,-4.699043816579618,-3.2770428594453227,-1.6181057615759609,-3.304284421648973,-2.4830328243911515
2017-11-15,-1.0470738618421183,-4.357161652187369,-3.6866623687375255,-1.52716248178012,-3.727987539515909,-2.3875308872816414
2017-11-16,-0.2035465711222484,-4.6000862317860935,-2.944172380019594,-1.52716248178012,-3.2023525264134323,-2.380649181638328
2017-11-17,-0.46203608953453434,-4.4741417655680955,-3.148972836261299,-1.4627366155870125,-3.5991906597375056,-2.339212777310229
2017-11-20,-0.33190499752214775,-4.6270560544991675,-2.4833806518801405,-1.3680001776308237,-3.1174756941805493,-2.3115982524560597
2017-11-21,0.0,-4.609042055267665,-2.073748744715409,-1.1747341435580871,-2.309693137104951,-2.22878391198712
2017-11-22,-0.06624739273397573,-4.303187889338433,-2.3553540212499557,-1.163366233583607,-3.441094427884872,-2.3115982524560597
2017-11-23,,,-2.252984787810408,-1.163366233583607,-3.489245638044469,-2.3046931595378184
2017-11-24,0.0,-4.384165592323241,-2.4321774383515793,-1.163366233583607,-3.1087235632938803,-2.4082403192175916
2017-11-27,-0.027247633259586124,-4.321150712435761,-2.8930001611723433,-1.2239989416163555,-3.5511915975486197,-2.2770961751398144
2017-11-28,0.0,-4.303187889338433,-2.3297648123582038,-1.1974699635070474,-3.111020273137488,-2.270179388584137
2017-11-29,-0.024056367727220973,-4.609042055267665,-2.12495195824397,-1.1974699635070474,-3.093660914193397,-2.5877201137229577
2017-11-30,0.0,-4.906008632560899,-2.4578162387334346,-1.2088378734815275,-3.3747651577959226,-2.4911014342363313
2017-12-01,-0.19843079514101358,-4.554573589788314,-3.251422655872249,-0.7465235936750525,-4.580284245736943,-2.021707133083772
2017-12-04,-0.3012310362016102,-4.599600058511378,-2.1505659628807683,-0.9947325985400046,-3.1182943951658104,-2.2563633559289475
2017-12-05,-0.6695843598913842,-4.5275611202967525,-2.3297648123582038,-0.8886282506093357,-3.1925570951561677,-2.142496561193563
2017-12-06,-0.678506216080732,-4.329347423260321,-2.3553540212499557,-0.8261105280029879,-3.5612116281912187,-1.973330554925079
2017-12-07,-0.36989712683082043,-4.500471886603918,-2.4065758315872987,-0.687787464722478,-3.217704981172409,-1.9388577117024908
2017-12-08,0.0,-4.572596118375516,-1.5873182161941002,-0.701051953777132,-2.41237128191113,-1.9975305376418673
2017-12-11,0.0,-4.635645115685783,-1.6897184443149582,-0.6915806228828258,-2.635311529852913,-1.973330554925079
2017-12-12,0.0,-4.71673370029465,-0.9729106485327099,-0.928421717773309,-2.1910611907984046,-2.1114265664709087
2017-12-13,-0.043926835147267695,-4.329347423260321,-1.2289081193667117,-1.076216111948125,-2.620553176693863,-2.1252601395822746
2017-12-14,-0.4337175198733889,-4.365332774944852,-1.63853382759519,-1.076216111948125,-3.0475890596335264,-2.1252601395822746
2017-12-15,0.0,-4.383372362243443,-1.8490125094533738,-1.0193649975691388,-2.7843658251603953,-2.080356571748243
2017-12-18,0.0,-4.599600058511378,-0.7435810015001376,-0.9890544258060574,-1.2357168375566108,-2.1459929587931525
2017-12-19,-0.3214175905435379,-5.0320980978257435,-1.1805874112002401,-1.5498983017290802,-1.9517251877270492,-2.6153112513022325
2017-12-20,-0.3908556378804384,-5.311417438182431,-1.7461659579216193,-1.6976811313973106,-3.0395034817614075,-2.8431500835101153
2017-12-21,-0.19303870302581627,-5.244624053721292,-1.2063067977535091,-1.6749453114483503,-2.738511324844395,-2.967348206938558
2017-12-22,-0.23825027670433263,-5.208527820412712,-1.6433504010711752,-1.6901063795831894,-3.0126457423600206,-2.967348206938558
2017-12-26,-0.3389750310841211,-5.172423057748432,,,,
2017-12-27,-0.2531345154225595,-4.76634896238256,-1.4633394909433495,-1.5574730535432013,-3.0332002086890575,-2.7602772748539173
2017-12-28,-0.051312434980421706,-4.883644661924058,-1.7976109299644216,-1.9098898272586484,-3.701499302329103,-3.036387442483379
2017-12-29,-0.5631141553115393,-4.730261258429669,-1.6433504010711752,-1.9098898272586484,-4.163710347069083,-3.112314230490254
2018-01-02,0.0,-5.046077711812691,-2.0426920740400867,-2.455572635046843,-4.506840246731847,-3.23243127444629
2018-01-03,0.0,-4.946864246348259,-1.4895361955888364,-2.2926287372437737,-3.7143376930006022,-3.1080635932747014
2018-01-04,0.0,-4.99193336184981,-0.46043218983623513,-2.091787951356905,-2.3070993764613856,-3.1150037671053066
2018-01-05,0.0,-5.1092972962368925,0.0,-2.091787951356905,-1.1812623543246525,-3.1253526362545525
2018-01-08,0.0,-5.154400529161229,0.0,-1.9326256472076087,-0.8241058607905472,-3.0389951236362456
2018-01-09,0.0,-5.6056034455185255,0.0,-2.1599954112037856,-0.691976215939416,-3.225526181528049
2018-01-10,-0.11047886182027344,-5.63268414985566,-0.3305667038966731,-2.326732467167214,-1.4654095573414239,-3.3567931087991276
2018-01-11,0.0,-5.569524270921333,-0.5594120922148282,-2.641252352798862,-2.04735380989024,-3.754096135030638
2018-01-12,0.0,-5.63268414985566,-0.3178285630047517,-2.3759972652254824,-1.7347911620576584,-3.6504378857950215
2018-01-15,,,-0.572119597847276,-2.5124121849192327,-2.065089916190377,-3.757551604899123
2018-01-16,-0.3506317029625339,-5.587572387575623,-0.39412261321459807,-2.322939309006855,-1.725147878771105,-3.6193503506161906
2018-01-17,0.0,-5.7951086703885935,-0.44498939805575066,-2.3684109489047755,-2.1878733285549234,-3.60553431796099
2018-01-18,-0.152712629408569,-6.0929367126072,-0.3305667038966731,-2.3570430389302954,-1.4647430043268739,-3.674637868511821
2018-01-19,0.0,-6.336620404862925,0.0,-2.235789187371373,-0.3294800531474573,-3.636651087233478
2018-01-22,0.0,-6.372716638171516,0.0,-2.114523771305865,-0.11254602747806652,-3.636651087233478
2018-01-23,0.0,-6.101986359001432,0.0,-2.0046262652148483,0.0,-3.622817514122112
2018-01-24,-0.05595712955878129,-6.282458996188655,-0.5557559129525824,-2.1599954112037856,-1.0683160209232545,-3.7782961177474483
2018-01-25,0.0,-6.07488006659721,-1.0862698372844481,-2.421468905123403,-1.9266000865680533,-3.9890096178998746
2018-01-26,0.0,-6.354668521517215,-0.6189065355568513,-2.5995738710613003,-1.6182608175855595,-4.137577281788252
2018-01-29,-0.667313982830442,-6.589234332533134,-0.7704984638420953,-2.5995738710613003,-1.7339681657151607,-4.62123782063808
2018-01-30,-1.743111291346977,-6.80590555529731,-1.5914930785396075,-2.9557838029371064,-2.668881522042088,-4.531413144513841
2018-01-31,-1.6922718881181242,-6.778773674825988,-1.793562897259271,-3.027784420944324,-2.729572784502443,-4.614367808632225
2018-02-01,-1.7370405248486875,-7.259624631585138,-2.374639927323552,-2.9595769610974654,-4.098197843288776,-4.707618720531315
2018-02-02,-3.8149672178609095,-7.6031188442040705,-3.7261545531598994,-3.3233616447873926,-5.71137404816554,-5.025440092969092
2018-02-05,-7.7562272825298155,-6.843852658792082,-5.267151480844068,-3.209676762789304,-6.431674976575497,-4.86999657025613
2018-02-06,-6.137266214520853,-7.250626161325091,-7.502829604403205,-2.910312163039186,-8.606002291676717,-4.565956149561156
2018-02-07,-6.6042623226108095,-7.521782908279995,-5.595552978807272,-2.9595769610974654,-7.147481856358972,-4.859630160650696
2018-02-08,-10.096538252100029,-7.44044697235593,-7.300765872490533,-3.2058893868822436,-9.582211921760342,-5.028895562837565
2018-02-09,-8.724275018090367,-7.6031188442040705,-8.47544049461395,-3.247567868619805,-10.70915943285683,-4.973596351304465
2018-02-12,-7.4510166661266535,-7.630242195319692,-7.464945317647642,-3.2703094708220637,-9.416429060650211,-4.984009535459732
2018-02-13,-7.2039617282157025,-7.476594381798696,-8.045949306027932,-3.3839885705668538,-10.052653829339942,-4.946005213725202
2018-02-14,-5.933734404575386,-8.036998639141302,-7.073381023466174,-3.3764138187527326,-9.00055671467761,-5.0047131205769535
2018-02-15,-4.775707388009598,-8.009858229314283,-6.441813929353479,-3.4294659927180504,-8.948860751471187,-5.053095545554365
2018-02-16,-4.731652959102373,-7.7929652433020085,-5.3934527260526055,-3.023991262783998,-8.168675184713326,-4.679957421127279
2018-02-19,,,-6.100818827711418,-3.3119937348129014,-8.658072758935342,-4.873434499668427
2018-02-20,-5.281584273213413,-7.89239194265885,-5.469239559984729,-3.395362262794621,-7.903619941764617,-4.873434499668427
2018-02-21,-5.800308189385617,-8.163548689613764,-5.443967137329031,-3.293045290771013,-8.0320172156632,-4.787071140231403
2018-02-22,-5.700772006397914,-8.036998639141302,-5.608158756100135,-3.228625206831204,-8.095293996483989,-4.648869885948459
2018-02-23,-4.183315547816557,-7.684471838839535,-5.368222911045894,-2.9823127810464256,-7.933933163990281,-4.334509830197863
2018-02-26,-3.0449118266892894,-7.576012551799838,-4.926119858360012,-2.8648405231412766,-7.614970943526944,-4.320687950723934
2018-02-27,-4.263054238335684,-7.865260062187529,-5.027160854526846,-2.9482090511229853,-7.882748542855145,-4.465765063831473
2018-02-28,-5.315483015266976,-7.648290311973982,-5.696575714553109,-2.777678836999209,-8.287486595275627,-4.465765063831473
2018-03-01,-6.562516004352137,-7.250907630063075,-6.846038782090802,-2.6185165328499016,-10.093654821055488,-4.206674985520353
2018-03-02,-6.07982474385198,-7.594913604023812,-8.866974354760437,-2.7056782189919693,-12.13818767406336,-4.216988773757235
2018-03-05,-5.043099829182395,-7.712601653927365,-7.894406072198679,-2.645045510959221,-10.831658267933165,-4.147943691393696
2018-03-06,-4.787483107243007,-7.7216598296772965,-7.692287559023003,-2.789046746973689,-10.662036740287917,-4.424328659503374
2018-03-07,-4.827078092180193,-7.7216598296772965,-7.288111400741693,-2.591999119247179,-9.692316113108868,-4.331054360329379
2018-03-08,-4.376500054175281,-7.531549020552763,-6.328148895472796,-2.2509386909996265,-8.87953428980708,-4.141015211200538
2018-03-09,-2.712239048494014,-7.730709476071529,-5.873433978687059,-2.440411566912004,-8.945101306947123,-4.2480996962109945
2018-03-12,-2.835849261038781,-7.513381492918714,-5.785010933427081,-2.2964218954041216,-8.416251171225408,-4.089212397267006
2018-03-13,-3.4485786044936573,-7.359503386793909,-6.68185325012669,-2.216834961076186,-9.871746766121504,-4.002854884648698
2018-03-14,-3.974435889047645,-7.178476341486406,-6.719713189654264,-2.1599954112037856,-9.748513326942753,-3.826655155449965
2018-03-15,-4.04364436909842,-7.214709044486134,-6.252337714312695,-2.0235804915100353,-8.953362002098665,-3.726464069720259
2018-03-16,-3.8768594226483266,-7.323330389284055,-5.923954476770477,-2.0159941751893173,-8.628717402843211,-3.6781050320177644
2018-03-19,-5.241632184364564,-7.413843911937812,-6.947079778257637,-1.868211345521087,-9.901325384244764,-3.6608510699502883
2018-03-20,-5.099461278264772,-7.594913604023812,-6.56814560859702,-1.762106997590418,-9.235298735400644,-3.736818785688245
2018-03-21,-5.26428650812647,-7.531549020552763,-6.68185325012669,-1.9250508953934875,-9.221874205529268,-3.826655155449965
2018-03-22,-7.644558276397029,-7.151310343592298,-8.008077192886354,-1.52716248178012,-10.763736196464823,-3.405146299682904
2018-03-23,-9.579782762367728,-7.024640882140087,-8.904876901936987,-1.4324260438239311,-12.340261418232446,-3.367159518404561
2018-03-26,-7.124231747548093,-7.278065098601482,-9.511183747007978,-1.4665297737473715,-13.070738774060986,-3.3567931087991276
2018-03-27,-8.728560265030328,-6.752980903199058,-8.37436297760512,-1.269470581514276,-11.716935433340803,-3.3567931087991276
2018-03-28,-8.979360439088001,-6.771080195987533,-7.9323086193752275,-1.1254693454998077,-11.939066750305905,-3.166812427857557
2018-03-29,-7.7217972395345,-6.5809523281516125,-7.43969115541293,-0.9170538077988288,-10.788439059908406,-3.132234341897866
2018-04-02,-9.78206035369662,-6.485747659864649,,,,
2018-04-03,-8.640259790482785,-6.785059809974481,-7.982798683423653,-0.9814796739919363,-11.483741842833616,-3.180605073237852
2018-04-04,-7.576952409022986,-6.839374747051297,-8.412271611588684,-0.833685279817109,-11.812289926633213,-3.1460913022841486
2018-04-05,-6.929261721631052,-7.07521996142172,-6.100818827711418,-1.076216111948125,-9.251078319600314,-3.2877187923419204
2018-04-06,-8.967584719854592,-6.66712440875572,-6.416571940732774,-0.9776865158315773,-9.722485295314453,-3.104602276587509
2018-04-09,-8.636697461217647,-6.649008057255856,-6.227113986112965,-1.057261885652938,-9.571444930259421,-3.1909422487496286
2018-04-10,-7.105679763844575,-6.812234337224288,-5.494542416675429,-1.1898952116929151,-8.571634342885826,-3.273873525593096
2018-04-11,-7.61477058425335,-6.721499051322411,-6.0123653484164485,-1.1178945936856866,-9.33382931113581,-3.1391628220910017
2018-04-12,-6.84132706084667,-7.0570780218547675,-5.494542416675429,-1.1254693454998077,-8.44117729670012,-3.201337892448708
2018-04-13,-7.108536595137882,-6.97543502912562,-5.254503095902219,-1.1216877518460455,-8.239175572541079,-3.2186210886098188
2018-04-16,-6.352747940729808,-7.020811201432253,-5.582916767479418,-1.1709525499043139,-8.61522085296179,-3.3118603068714503
2018-04-17,-5.3545466992624196,-6.966385382731377,-4.761916065974914,-0.9852612676456984,-7.183319013354672,-3.204793362317171
2018-04-18,-5.275705123448205,-7.32914740986923,-4.547203949120393,-0.9890544258060574,-7.144529035947345,-3.3429829229626673
2018-04-19,-5.806378955883906,-7.583057799605342,-4.484028979288124,-1.493047187350094,-7.317175404014254,-3.7990113965021277
2018-04-20,-6.605864935287542,-7.891351361263843,-4.471398854767273,-1.4665297737473715,-7.515705763689384,-3.750646511980893
2018-04-23,-6.6006912834941645,-7.982061059098622,-4.067204436064953,-1.7128421995321497,-7.280524420905099,-4.02704317372804
2018-04-24,-7.848264283372575,-8.090861520366177,-4.105094809627518,-1.6370484233645621,-7.439595017079547,-4.02704317372804
2018-04-25,-7.678988319392344,-8.290414326246998,-4.787145880981624,-1.644634739685269,-8.387414359205557,-4.0443322167078914
2018-04-26,-6.715391317950337,-8.027411643338167,-3.8903583455449975,-1.3680001776308237,-7.810922986842661,-3.7160918132960963
2018-04-27,-6.6062220391992055,-7.873226480408279,-3.6250952965720784,-1.2277920997767144,-7.217982244186727,-3.5744584764195952
2018-04-30,-7.367715646342399,-7.773475665534968,-3.385104670254846,-1.2922064014632362,-6.987590232070073,-3.5156979481993034
2018-05-01,-7.131008012018203,-7.917945892326261,,,,
2018-05-02,-7.800281711437041,-7.899778364692223,-2.804070247839574,-1.3717933357911716,-5.585339030596259,-3.640106557101963
2018-05-03,-7.998099858795893,-7.663566388026832,-3.473521628707832,-1.0269513138898567,-6.412056725840709,-3.277352382736498
2018-05-04,-6.802794677792978,-7.654491153565502,-2.7661737874700165,-1.269470581514276,-5.457388280759923,-3.408631003645024
2018-05-07,-6.47885788065622,-7.699901443294921,-1.9830451991070808,-1.1141014355253276,-4.509424898613834,-3.304984448046877
2018-05-08,-6.5027664230347,-7.854342486895716,-2.008341968990779,-1.4968403455104529,-4.774400919551491,-3.5156979481993034
2018-05-09,-5.5864377857049,-8.063337289532813,-1.3641630107782299,-1.4816792773756138,-4.546889707836421,-3.505308151318942
2018-05-10,-4.680273545080271,-7.872484426462667,-1.2757217050972547,-1.5536798953828423,-3.958298973786878,-3.481184177245611
2018-05-11,-4.484240917279758,-7.8634177213570355,-1.1999592183931207,-1.4362076374776933,-4.1178160940235635,-3.5122658656057237
2018-05-14,-4.395583338820542,-8.063337289532813,-1.2504918900905326,-1.762106997590418,-4.29134830821395,-3.8784696630209448
2018-05-15,-5.045416649682455,-8.572104827487381,-1.1873169202582745,-1.9932583552403682,-4.347912824099042,-4.030638967246003
2018-05-16,-4.633362284879727,-8.762897985067653,-0.896799709050633,-2.2660997591344545,-4.154027755071466,-3.8781714752658014
2018-05-17,-4.6875898203436295,-8.817374979902704,-0.2526024904170976,-2.322939309006855,-3.281728595472966,-4.013320690172517
2018-05-18,-4.930716615226283,-8.463099661683104,-0.4926174639623082,-2.3077898053786017,-3.5537913853985192,-3.6182043741454173
2018-05-21,-4.225593167016973,-8.399436550762672,-0.4926174639623082,-2.3077898053786017,,-3.6182043741454173
2018-05-22,-4.524193006128597,-8.435822782164948,0.0,-2.4517794768864842,-2.8738288646117383,-3.476103291770638
2018-05-23,-4.211317720401919,-8.017901411736306,-1.0209450716112012,-2.319157715353082,-4.29776529110848,-3.0566700566521665
2018-05-24,-4.401654105318831,-7.78164678829244,-1.6889801573165664,-2.1334664330944775,-5.19565316027405,-2.8210491087168
2018-05-25,-4.61588161291121,-7.418270647544423,-1.449467346077915,-2.0690521314079557,-4.584131255027901,-2.387758913212046
2018-05-28,,,-1.827595600286791,-2.341893535302042,-5.1339248096691215,-1.9199081722037659
2018-05-29,-5.714864546131382,-6.418877511202248,-3.125801926658678,-3.016416510969855,-6.58640276614455,-1.4311609010602466
2018-05-30,-4.50083318439487,-6.818631353996841,-2.7224554041467397,-3.1111529489260548,-5.721701717605221,-2.1486240272209023
2018-05-31,-5.136922349583473,-6.863990467592074,-3.3274751879146636,-2.4631473868609643,-7.040841827493349,-1.9441198485580347
2018-06-01,-4.098943216297313,-7.208149969955347,-2.1552751703614925,-2.3987330851744426,-6.160433214764394,-2.2283278601263112
2018-06-04,-3.667091359025998,-7.535856345179615,-1.966211043257049,-2.080420041382436,-5.8176467749799565,-2.529936004230293
2018-06-05,-3.5935976320352503,-7.299149665883808,-2.2435269618941045,-2.319157715353082,-5.696847612140554,-2.13128820969124
2018-06-06,-2.764681064399599,-7.672402800528655,-2.142678183738045,-3.247567868619805,-5.38016842599548,-2.827983435728665
2018-06-07,-2.8165830695119354,-7.280930962115583,-2.4199941023751115,-3.410517548676162,-5.520441799549591,-3.011661246081021
2018-06-08,-2.50906434246021,-7.408410712358993,-2.609058229479555,-3.463569722641502,-5.848622581297991,-2.6720136993301558
2018-06-11,-2.4043545076791295,-7.499410408287465,-1.8653987076852285,-3.194515694654465,-5.285476516795429,-3.0012656023819417
2018-06-12,-2.229904891905521,-7.554040931525052,-1.890629123516363,-3.1149403248331153,-5.289977767422904,-2.976983764202945
2018-06-13,-2.6198362338880843,-7.663301978000236,-1.8401804393821664,-2.8686221167950388,-4.933918039788177,-2.852218499357828
2018-06-14,-2.3494127643919005,-7.37200742224533,-0.6175985490992297,-2.2623066009741066,-3.337119185194415,-2.5263928320808815
2018-06-15,-2.4386016437928593,-7.299149665883808,-1.7608935235757683,-1.981890445265888,-4.049159418452819,-2.363518002764131
2018-06-18,-2.6444502742383857,-7.253637023886039,-2.4619881069626204,-1.981890445265888,-5.350373747842097,-2.306324421963035
2018-06-19,-3.0315334947791372,-7.007855110128913,-3.1248119031198174,-1.5650478053573225,-6.501887284363084,-2.155534966957884
2018-06-20,-2.86563695318246,-7.308293135190713,-2.7551565497497488,-1.5821054525723355,-6.3751104606904025,-2.133024714853571
2018-06-21,-3.472661343902217,-7.062460045299412,-3.6856814960652517,-1.9136829854190074,-7.726551545081284,-1.8228392876750599
2018-06-22,-3.290181245041912,-7.04431810573245,-2.5639848265226695,-1.9496832944226217,-7.2264662013693854,-1.8574641481845844
2018-06-25,-4.617310028557863,-6.916829826133353,-4.679938448475207,-2.095581109517264,-9.508168149438646,-1.7864369942721003
2018-06-26,-4.407184861023872,-6.871317184135572,-4.616169999796527,-2.322939309006855,-9.77359069443854,-1.878255435582732
2018-06-27,-5.229856465131155,-6.516265694547563,-3.915111858993925,-2.0690521314079557,-8.930862950962293,-1.8020596939143596
2018-06-28,-4.631402568291332,-6.607290978543123,-4.616169999796527,-1.9420969781019148,-10.194763713150056,-1.7500931690564325
2018-06-29,-4.55309229341887,-6.680148734904645,-3.851361631607386,-1.6200023406561348,-9.245107860768032,-1.7015528799733448
2018-07-02,-4.255912160102405,-6.743965374227612,-4.718148498064445,-1.504415097324574,-9.745344446501015,-1.6322096098546512
2018-07-03,-4.72968453266247,-6.506883403281161,-3.9406216679710004,-1.4343110583975194,-8.92695946641815,-1.6044839954446277
2018-07-04,,,-3.825894338978597,-1.4949437664302678,-9.15948327083197,-1.6911221553619016
2018-07-05,-3.885072812616608,-6.497705816551469,-3.3670214655931896,-1.627577092470256,-8.077742720037339,-1.6686002096201413
2018-07-06,-3.0631067064811446,-6.415619297326092,-3.252312357892906,-1.5707375425978554,-7.842633397263099,-1.613137287162647
2018-07-09,-2.17959678961841,-6.65274391505103,-2.6914184698912935,-1.5025300827509858,-7.49070761820464,-1.6893681097433833
2018-07-10,-1.8378309264529658,-6.725721082392299,-2.283504476819642,-1.5480017226489062,-7.0042628643942395,-1.8297853083243831
2018-07-11,-2.53421839360376,-6.534177341510716,-3.5709480933088233,-1.5480017226489062,-8.425541752520516,-1.7448544194758053
2018-07-12,-1.67176018782621,-6.57066592518134,-2.767911454238303,-1.4267363065833982,-7.86623435455307,-1.6546847810465781
2018-07-13,-1.5652648334868013,-6.415619297326092,-2.5129530610404127,-1.2353668515908356,-7.514006091452452,-1.5697889731103642
2018-07-16,-1.6617699881511183,-6.57066592518134,-2.8698899525061994,-1.4362076374776933,-7.364377318594196,-1.743100373857287
2018-07-17,-1.2695131158169892,-6.625398800687298,-2.627680390032827,-1.0951587737367263,-6.623053749253693,-1.6114534033688677
2018-07-18,-1.0563569199596001,-6.698393026739957,-2.0923145323004433,-1.2088378734815275,-5.853116629924459,-1.6114534033688677
2018-07-19,-1.4371951769719837,-6.443007058468309,-2.2962715288362467,-1.1444235717950058,-6.440526235809352,-1.531691102276178
2018-07-20,-1.5265582534030209,-6.771336076658441,-2.474718716394997,-1.4968403455104529,-7.361424498182578,-1.805485929689199
2018-07-23,-1.3453236633077958,-7.227281314783118,-2.6404413682854067,-1.7128421995321497,-7.456188427392663,-2.0307989362064127
2018-07-24,-0.8688773663360072,-7.163498792882939,-1.8118827727097275,-1.7090490413717907,-6.417667084622791,-1.9199081722037659
2018-07-25,0.0,-7.227281314783118,-2.0413617257507233,-1.6332668297107888,-7.229339799769963,-1.8921357832439312
2018-07-26,-0.3031389016299624,-7.327646243266606,-1.2255823297197543,-1.731784861320751,-5.5338591274199604,-1.9857375042667158
2018-07-27,-0.9572087956253861,-7.1817686727853385,-0.8558783862373409,-1.8416823674117788,-5.156488678814519,-1.9857375042667158
2018-07-30,-1.518907348645604,-7.300318187614263,-1.1363040720639983,-2.2016854574479328,-5.615205728759676,-2.3184916517368204
2018-07-31,-1.0347784324194254,-7.172642262189832,-0.7284143740485027,-2.0387299951382776,-5.561370771255081,-2.2803411595340606
2018-08-01,-1.1376676902480454,-7.3919319971529,-1.3402428473076933,-2.4101009951489227,-6.066180627625584,-2.5957127149246695
2018-08-02,-0.6403391366461952,-7.282321247094159,-2.0923145323004433,-2.557883824817153,-7.472709817695744,-2.415513761715704
2018-08-03,-0.16548305274526331,-7.044667809316019,-1.4167722742389532,-2.326732467167214,-6.960676354318284,-2.0412179671804087
2018-08-06,0.0,-6.999001638915692,-1.5569243795118481,-2.1410527494151843,-7.090103514360435,-1.912932917460819
2018-08-07,0.0,-7.190869495313756,-1.1490529027884944,-2.194099141127226,-6.72150510297781,-2.061974173666181
2018-08-08,-0.023248682307497326,-7.108680623820018,-1.3657405087566965,-2.1713633211782657,-6.829549522039202,-1.982293728035689
2018-08-09,-0.1416150633437807,-6.852817011629353,-1.098081874946677,-2.061465815087238,-6.515599894274626,-1.8262889107248048
2018-08-10,-0.8220051247617155,-6.450709066662464,-2.1050694367889755,-1.970522535291408,-8.372297359098246,-1.4277112780105017
2018-08-13,-1.2177526348867707,-6.4781565332945545,-2.398243953340129,-2.235789187371373,-8.856156594548226,-1.4103579200246408
2018-08-14,-0.5779936101217631,-6.569488874095198,-2.4237294672610488,-2.118316929466224,-8.855198728414704,-1.4797011901433343
2018-08-15,-1.3155305443753096,-6.341021552402437,-3.9406216679710004,-2.2433639391854943,-10.29963925176971,-1.2752145519366431
2018-08-16,-0.5043482314667558,-6.368469019034539,-3.2777614292295643,-2.182731231152746,-9.752719295529067,-1.3360799348991814
2018-08-17,-0.16539232173057306,-6.331903671162631,-3.3160261426951942,-2.1637885693641445,-9.94903864089599,-1.273460506318136
2018-08-20,0.0,-6.039525887234243,-2.7169343526324163,-1.9098898272586484,-9.058525620758473,-1.242203413396159
2018-08-21,0.0,-6.167440634618182,-2.4619881069626204,-1.853050277386259,-8.666254232075843,-1.457740538999508
2018-08-22,-0.036806486097729074,-5.993782952632653,-2.5256958180008726,-2.084201635036198,-8.657330952831932,-1.6246204391451968
2018-08-23,-0.19977454731262556,-6.002926421939547,-2.653190199009914,-2.091787951356905,-8.8057137795165,-1.5863705510240744
2018-08-24,0.0,-5.975487484663155,-2.6149376330723784,-2.2016854574479328,-8.592289681765186,-1.6315898470694368
2018-08-27,0.0,-6.185642279675019,-2.0285885999700604,-2.4101009951489227,-7.531859851941258,-1.8227574322128626
2018-08-28,0.0,-6.395890897599543,-2.181538126079796,-2.535148004868193,-7.6121693651364115,-1.8471152790353274
2018-08-29,0.0,-6.423270129386061,-1.901088145196972,-2.6109417810357805,-7.359508765915523,-2.0383705664596907
2018-08-30,-0.42665632060305825,-6.2496721528904065,-2.117830415041555,-2.459365793207191,-7.856864551246923,-1.645540356555375
2018-08-31,-0.4032011698383742,-6.231359626209521,-2.9463647155610895,-2.4821016131561513,-8.816927295079669,-1.5133905596563246
2018-09-03,,,-2.8189067771362875,-2.3949399270140836,-8.947089059224211,-1.5272592136800545
2018-09-04,-0.5585703287930177,-6.4456426293786,-3.583721219089475,-2.1637885693641445,-9.95154493724536,-1.715000563048641
2018-09-05,-0.8366377601451203,-6.454820216108281,-4.641673735009566,-2.197892299287585,-11.203425559757518,-1.909734707616384
2018-09-06,-1.1696177387469642,-6.262517362569686,-5.049587728081228,-2.012212581535555,-11.831836157357955,-1.69416250110066
2018-09-07,-1.3802558546228694,-6.683722534941571,-5.062294042457427,-2.1562022530434266,-11.799535182855204,-1.9444823513191989
2018-09-10,-1.193259580291972,-6.628733778764717,-4.718148498064445,-1.9743156934517558,-11.60255325339592,-2.0696335062003746
2018-09-11,-0.8169927984880032,-6.96757949252892,-4.7945989660631465,-2.1258916812803452,-11.72106938191707,-2.184348089651389
2018-09-12,-0.780672955769901,-6.857670215020795,-4.361235901654825,-2.091787951356905,-11.263605480146598,-2.1009256800347265
2018-09-13,-0.23027459158846408,-6.866839272394786,-4.424992202805411,-2.1258916812803452,-11.092140240244353,-2.170450201533991
2018-09-14,-0.18787032662060943,-7.040863716675272,-4.131775169905961,-2.334307218981335,-10.584896107534513,-2.3477666731098634
2018-09-17,-0.7422655706899595,-7.022508543215899,-3.98435884283862,-2.2016854574479328,-10.790801316237708,-2.3964297453862415
2018-09-18,-0.20541925997132893,-7.407080132870303,-3.842700444083258,-2.220628119236534,-10.339019793259363,-2.573746216962114
2018-09-19,-0.08011580259384976,-7.562757933047115,-3.572278247634042,-2.4063078369885638,-9.886575686188648,-2.639762647224353
2018-09-20,0.0,-7.553614463740221,-2.82549681112203,-2.3759972652254824,-9.09406749571301,-2.542424809034116
2018-09-21,-0.034514177144862046,-7.517006469089827,-2.413464806029786,-2.209260209262065,-8.324137578384782,-2.4625163374732306
2018-09-24,-0.3858745674247044,-7.617704042445483,-2.9800133683546615,-2.667781330908181,-8.914564822690341,-2.8449041291286337
2018-09-25,-0.5085701078070937,-7.709258146494246,-2.439211491804516,-2.7056782189919693,-8.738749574181693,-3.0535010809013774
2018-09-26,-0.8361093118592677,-7.407080132870303,-2.155961505698256,-2.557883824817153,-8.655933764637169,-2.9839648657646545
2018-09-27,-0.5435982900314995,-7.407080132870303,-1.8855696780692432,-2.6147349391961394,-8.289402327542684,-3.018735896742364
2018-09-28,-0.5401519281046818,-7.361320139557314,-2.619492956103997,-2.789046746973689,-9.682211705700317,-2.5945725852726476
2018-10-01,-0.17723063669135009,-7.596227124801103,-2.374841740485678,-3.092204504884166,-9.001514580811133,-2.629378697162743
2018-10-02,-0.21312672913205155,-7.357652516607727,-3.095888638751043,-3.0315717968514067,-9.380952003704712,-2.629378697162743
2018-10-03,-0.14220245446694424,-8.045783875508938,,,,
2018-10-04,-0.9346466135028098,-8.284367013058013,-3.63670266282925,-3.4029370146087534,-9.701318614363819,-3.063943499150279
2018-10-05,-1.481008734125988,-8.504526742302154,-4.409230785116003,-3.656829974460929,-10.676563176312904,-3.2239066127402904
2018-10-08,-1.5196602308455764,-8.467841983450485,-5.580938827781756,-3.789463300500928,-11.891497533674755,-2.997897834794394
2018-10-09,-1.6306263438388924,-8.293501953009219,-5.259053628603294,-3.736411126535588,-11.669812740771901,-3.046555060252054
2018-10-10,-4.862707136674038,-8.24766519549497,-6.842757233777053,-3.80461858638248,-13.622080758918054,-3.081372865779608
2018-10-11,-6.81965929552486,-7.8714523744233595,-8.774183830364635,-3.815986496356949,-14.899038748925996,-2.8796927005625417
2018-10-12,-5.48585824565685,-7.9815663564682175,-8.838535360391342,-3.8121991204498884,-15.013644190901998,-2.754506464769002
2018-10-15,-6.041885347038112,-7.926475248023001,-8.658296412440158,-3.819779654517308,-14.347322260016727,-2.789295036202921
2018-10-16,-4.019528148392759,-7.93568695217548,-7.383577331619318,-3.501466610725279,-13.1497231190714,-2.6745687591144707
2018-10-17,-4.039886120068048,-8.201751673779434,-7.602445418878656,-3.5090413625394223,-13.6034203743168,-2.47639668513443
2018-10-18,-5.41165613532052,-8.036623347490647,-8.284893546656068,-3.709882148426291,-14.53132618366687,-2.184348089651389
2018-10-19,-5.443237955618107,-8.146694682757015,-8.2205055740451,-3.6416746885793994,-14.7922474780393,-2.2747399071922914
2018-10-22,-5.847397621774331,-8.12838215607612,-8.452292557422126,-3.433253368625122,-15.009733504356848,-2.3964297453862415
2018-10-23,-6.3616554907075855,-7.889816077238432,-10.048884689893345,-3.3650459087782525,-16.853885083431585,-2.1078658538653094
2018-10-24,-9.251703821509793,-7.394362863526471,-10.229147932900695,-3.2437804927127445,-17.463419236400647,-2.1078658538653094
2018-10-25,-7.561714104139283,-7.614556710193387,-9.726993416950847,-3.039152330918815,-16.611696193670443,-2.0105104752189074
2018-10-26,-9.163168553135526,-7.20168471833722,-10.460910621221542,-2.7701040851850767,-17.397117615158198,-1.7115626336363543
2018-10-29,-9.757855577549169,-7.210853775711213,-9.636846611037075,-2.6336776009847407,-16.40254288251448,-1.8645037179335633
2018-10-30,-8.336041690699215,-7.412735095697243,-9.636846611037075,-2.8420931386857307,-16.757205421954435,-1.8019193702648817
2018-10-31,-7.3382314366012285,-7.642072411671064,-8.091747850115294,-2.781471995159557,-15.576343731342313,-1.9270529846898699
2018-11-01,-6.357341218564483,-7.563022343073711,-7.7312274378646295,-2.7587361752105966,-15.421248639722062,-1.9722898211914197
2018-11-02,-6.940635868100231,-8.077939546485624,-7.538093888851938,-2.781471995159557,-15.049186065856535,-2.160019476922548
2018-11-05,-6.416881544664477,-8.02272902706066,-7.576723028160092,-2.78525358881333,-15.226405704560953,-2.128762384000582
2018-11-06,-5.823753388115039,-8.123938361758121,-7.847127003317189,-2.9595769610974654,-15.304727465479006,-2.1982810586811286
2018-11-07,-3.825208949384573,-8.123938361758121,-6.804182758345279,-2.9557838029371064,-14.60588850006086,-2.3234146731061056
2018-11-08,-4.016073360153161,-8.252637809866158,-6.675364296775033,-3.088411346723785,-14.98775299729277,-2.3964297453862415
2018-11-09,-4.882551103269773,-7.894029578952622,-7.035933299138042,-2.9254616666674393,-14.974184427401305,-2.3964297453862415
2018-11-12,-6.756672607498048,-7.618156098297413,-7.87289191038405,-2.906519004878838,-16.47658665483618,-1.9236209020963013
2018-11-13,-6.891620006661848,-7.544607464124464,-7.267695987458889,-2.9633585547512276,-15.394111499939145,-2.0626874855510513
2018-11-14,-7.572070042545298,-7.3515028511503715,-7.847127003317189,-2.9633585547512276,-15.834312205303124,-1.986205249764983
2018-11-15,-6.562698887313823,-7.287157391774201,-8.851423887688803,-2.8686221167950388,-16.268398411814744,-1.6981149505610582
2018-11-16,-6.3481986691987125,-7.0021319124564,-9.01880467716274,-2.8686221167950388,-16.361837172840097,-1.7504439781801384
2018-11-19,-7.904092044996169,-6.864212230840183,-9.636846611037075,-3.1414635206891472,-17.073214822006143,-1.75740169246692
2018-11-20,-9.568887087155964,-6.882592992366654,-10.654025948942113,-3.050520240893284,-18.386895815133276,-1.5935153635101673
2018-11-21,-9.286217998654656,-6.900973753893114,-9.701246731176116,-3.050520240893284,-17.075944380386645,-1.7539169885048
2018-11-22,,,-10.242042533962215,-2.766310927024729,-17.855316121031063,-1.75740169246692
2018-11-23,-9.876059893220079,-6.845788822535237,-9.90726880748628,-2.766310927024729,-17.455597863310345,-1.555195313564306
2018-11-26,-8.465469854992424,-6.9193630447752845,-8.902935480530394,-2.3759972652254824,-16.260656260735484,-1.7050960521227565
2018-11-27,-8.16605768299824,-6.827433649075864,-8.993064065152067,-2.341893535302042,-16.597018515624384,-1.6144586681952622
2018-11-28,-6.0503369387559625,-6.836611235805556,-9.070328417532403,-2.341893535302042,-16.672466678141852,-1.6109856578706006
2018-11-29,-6.233777767965809,-6.597524866270366,-8.851423887688803,-2.341893535302042,-16.677256008809483,-1.384362963958219
2018-11-30,-5.449962153216148,-6.413631957448751,-8.941546398546429,-2.341893535302042,-16.97955279894966,-1.325076222052357
2018-12-03,-4.415404749086738,-6.209063890418253,-8.104618156120635,-1.8113717956486974,-15.443963750888546,-1.255358755535041
2018-12-04,-7.503555693335128,-5.776028501694997,-8.722672237523044,-1.6673705596342292,-16.40372401067912,-1.0392018671464776
2018-12-05,,,-9.817128075336523,-1.6673705596342292,-17.39991919354874,-1.1089427209387104
2018-12-06,-7.6153812902319595,-5.536455958885089,-12.469559053841184,-1.508208255484933,-20.270651197728775,-0.7463581043163692
2018-12-07,-9.75509174695749,-5.260045128820989,-12.121896800067788,-1.5802088734921615,-20.439466101261573,-0.952037493543656
2018-12-10,-9.595286725094155,-5.204723727771965,-13.602631883434746,-1.5536798953828423,-21.663835079938607,-0.9310824952211028
2018-12-11,-9.6228997520726,-5.444253623803386,-12.327924950141988,-1.5840020316525205,-20.495368033054305,-0.8788119357893032
2018-12-12,-9.132286116798639,-5.702275162985327,-10.911571765621952,-1.519576165459413,-19.397106091956584,-1.1089427209387104
2018-12-13,-9.133491079526113,-5.647030526137575,-11.014594951305112,-1.4665297737473715,-19.431985382818763,-1.1717141668067033
2018-12-14,-10.85678158500123,-5.49958355420811,-11.542520448085869,-1.295999559623584,-19.86659013340266,-0.9624799117925575
2018-12-17,-12.70363554107503,-5.223155665432611,-12.652276097521575,-1.3376896058677423,-20.556649859596988,-0.9973620323261212
2018-12-18,-12.690524198390118,-4.989579259677512,-13.23433705321012,-1.2202057834559965,-20.787560415785922,-0.9346373610079617
2018-12-19,-14.026566647457484,-4.657190268175738,-12.962736546536725,-0.9701117640174561,-20.60082693375528,-0.9346373610079617
2018-12-20,-15.380557142745188,-4.777181244117412,-14.269106011781286,-0.8147426180285078,-21.744742359217085,-0.854407314417005
2018-12-21,-17.12266360465695,-4.694113848986903,-14.062166797100751,-0.8147426180285078,-21.57718060385898,-0.9660113903044998
2018-12-24,-19.363489814736557,-4.4539868980567165,,,,
2018-12-26,-15.362777622780433,-4.906443629701429,,,,
2018-12-27,-14.63021926866852,-4.666350796194029,-15.756607268291212,-0.8905248296895096,-23.43793279524783,-0.770715951138834
2018-12-28,-14.722200898969607,-4.149343900636415,-14.217381837198218,-0.9018927396639898,-22.129264394819458,-0.8334990906442852
2018-12-31,-13.986870287953234,-3.789225973764554,,,,
2019-01-02,-13.877463042824123,-3.586107897202495,-13.94574488794057,-0.6025339221671699,-21.972692892993383,-0.36982297820808974
2019-01-03,-15.987319073371864,-2.8197538172065273,-14.683026957490641,-0.7844204817588407,-23.178703971111336,-0.19899062860200267
2019-01-04,-13.102789977440231,-3.6045739522859277,-12.484130013778339,-1.0951587737367263,-20.589908700233273,-0.6312810181042017
2019-01-07,-12.493449595103034,-3.872361603740637,-12.406525530611622,-1.2315736934304766,-20.73652703667187,-0.6696712298748131
2019-01-08,-11.643015551518598,-4.112386202402463,-11.759797209166155,-1.405897065714612,-20.32227514092515,-0.7812051439375689
2019-01-09,-11.252658185695207,-4.056945390373679,-11.332957367339125,-1.2202057834559965,-19.66340728107897,-0.7428266258044158
2019-01-10,-10.851776355210207,-4.103148910182897,-10.944916730213428,-1.2202057834559965,-19.454923756016374,-0.5929258872459764
2019-01-11,-10.86455064538393,-3.8169634384903395,-10.841431938463053,-0.8867432360357475,-19.70662648910373,-0.5127543088423003
2019-01-14,-11.32306845528076,-3.872361603740637,-11.371762645804505,-0.7541099099957593,-19.939301535538632,-0.45350264784880245
2019-01-15,-10.37048222187038,-3.9646492323793137,-10.983709861150714,-0.6063155158209432,-19.674692816652183,-0.2547575856333806
2019-01-16,-10.169084920127403,-4.020081515052398,-10.492202653566773,-0.5267401459995824,-19.383753582095252,-0.4151358233531077
2019-01-17,-9.478287372150717,-4.195513303022846,-10.427529214045828,-0.5608438759230228,-19.47682504106941,-0.551121133337984
2019-01-18,-8.282374504606537,-4.500198947221623,-8.88830985671687,-0.5722117858975029,-17.36083393410025,-0.6940524639721946
2019-01-21,,,-8.978845383529343,-0.6214765839557712,-17.872204813385352,-0.6522360164267549
2019-01-22,-9.57717015261822,-4.167801426364148,-9.341017859599477,-0.4888432579157942,-18.212110452768194,-0.5127543088423003
2019-01-23,-9.378022676387376,-4.21396229939488,-9.457421547467526,-0.4016931362803122,-18.349063703859482,-0.42905125192667093
2019-01-24,-9.250321906213955,-3.909268125840404,-9.30220043360601,0.0,-17.91660514957476,-0.1257416835727443
2019-01-25,-8.476862229870319,-4.130894904264382,-8.797756108612266,-0.022717742221567416,-16.79850169571113,-0.30007043077839857
2019-01-28,-9.19527280482545,-4.103148910182897,-9.729058496725173,-0.07194336880543828,-17.32565936119691,-0.3244984394256134
2019-01-29,-9.325905931846123,-3.8261324958643317,-9.030575631876447,-0.037866755473081604,-17.262821902437373,-0.2861316149299187
2019-01-30,-7.905819439115969,-3.6045739522859277,-8.603741863813452,-0.037866755473081604,-17.536944464650063,-0.2198988523747225
2019-01-31,-7.094222271132288,-3.1613630422164696,-8.500275293355209,0.0,-17.60007720545076,-0.08739824635196625
2019-02-01,-6.99827184751205,-3.6794958127260524,-8.332117062083888,-0.2944502820946382,-17.544319313678113,-0.05256290036822486
2019-02-04,-6.366492194243023,-3.8922861786482077,-8.163964904576615,-0.4379024872921189,-17.57440927387265,-0.19547084372751877
2019-02-05,-5.924709041526299,-3.725776096736544,-6.896339980157007,-0.4756433662053028,-16.16286028910272,-0.1257416835727443
2019-02-06,-6.124892954229022,-3.651792465423054,-6.883433231567415,-0.5209531576477744,-16.481901731577096,-0.1257416835727443
2019-02-07,-6.989643303225835,-3.337187180548973,-8.25450043138909,-0.4567729267487053,-18.714269972769237,0.0
2019-02-08,-6.895934278804949,-3.207643326226961,-8.668439598390576,-0.3737222563930498,-19.564142101241412,0.0
2019-02-11,-6.828978797458996,-3.3556788236994928,-7.982881703423573,-0.4076959596638008,-18.769062796407354,-0.18740696005166146
2019-02-12,-5.621328076212961,-3.485214148665816,-7.530173700540965,-0.3775009524502937,-17.946839149789373,-0.2984844936135711
2019-02-13,-5.328126096737273,-3.725776096736544,-6.9998247719073925,-0.2378274433100569,-17.643440453495597,-0.2012945619736306
2019-02-14,-5.546258055660347,-3.2723811359651744,-7.232644295171575,-0.1736472124109878,-18.214472709097496,-0.14581399972714015
2019-02-15,-4.5118691777865205,-3.3648905278519714,-5.900394521343355,-0.1736472124109878,-16.665682393196125,-0.1278055167654668
2019-02-18,,,-5.65465002819745,-0.1736472124109878,-16.67010442181256,-0.16257690565137928
2019-02-19,-4.3615606104256965,-3.198371916584608,-5.835733229350493,-0.0830506703556555,-16.59628391152198,-0.05472390329852583
2019-02-20,-4.173114551424817,-3.216914735869314,-5.305426817065206,-0.1925176518675853,-15.91219464415994,-0.11039072005527562
2019-02-21,-4.502726628420762,-3.503739909239123,-5.434767622343073,-0.2453733150097337,-15.755032578251537,-0.32957735592166193
2019-02-22,-3.887504679763465,-3.216914735869314,-5.137256438265803,-0.101921109812253,-15.50119085086601,-0.1138946330297208
2019-02-25,-3.7556665900153052,-3.3648905278519714,-4.943248267231038,-0.003767175642432896,-15.14948833383868,-0.1973832172579737
2019-02-26,-3.83072818425515,-3.078099471904938,-4.658649905507428,0.0,-14.888415797445164,-0.25307331582851145
2019-02-27,-3.8681831445600556,-3.4204422215048047,-4.891511945119897,-0.29412827486556825,-15.282674938404883,-0.5140275256227955
2019-02-28,-4.111155873557115,-3.6703096966406723,-4.813901388189146,-0.4185737995103689,-15.073896131301122,-0.7436560549711535
2019-03-01,-3.4446935168876314,-3.986407618761678,-4.4646599557647715,-0.42611141913698747,-14.439363832847318,-0.8131988327429895
2019-03-04,-3.8171028364906823,-3.6897310395621385,-4.115412449576372,-0.248879541473368,-14.505881514119878,-0.5697059832864504
2019-03-05,-3.9228867671246004,-3.6341622871979062,-3.8696497351383363,-0.21116842770778632,-14.298795177252044,-0.6148959838405577
2019-03-06,-4.545178392203908,-3.3652658195026275,-4.050726862527332,0.0,-14.54297902129128,-0.3261083656678876
2019-03-07,-5.3006900223272035,-3.0408005994431164,-4.296471355673248,0.0,-15.057965305080367,0.0
2019-03-08,-5.493450353471186,-2.9017721015863307,-5.163142820613508,-0.044863018895524576,-15.500160964722443,-0.0868802861282214
2019-03-11,-4.106327596334458,-2.97597749614793,-4.438803942237291,-0.07103691649122945,-14.868574284679259,-0.020836385538247626
2019-03-12,-4.106327596334458,-2.7070639697412524,-4.619887143390333,-0.08972603779104915,-15.010986652531544,0.0
2019-03-13,-3.1435539507736476,-2.744183725733451,-3.895530043721984,-0.13085807825858886,-14.655222206937978,0.0
2019-03-14,-3.194811211411386,-2.883195164878838,-3.158247974171935,-0.11589993538675403,-14.54416014945592,-0.22238272151247074
2019-03-15,-2.708503421967756,-2.5772898228154317,-2.3650812016699163,-0.08972603779104915,-13.819797292479741,-0.20154778467186274
2019-03-18,-2.346795519594669,-2.7070639697412524,-2.196364184106725,0.0,-14.03094555791381,-0.1702837527720824
2019-03-19,-2.3568059791767237,-2.7719894253048105,-1.6254242903793736,-0.22408353810594583,-13.062254816878326,-0.31970931542583125
2019-03-20,-2.639989072757587,-2.0952106388359426,-2.5337678504129046,-0.1643271681202152,-14.423065704575356,-0.17722485617266415
2019-03-21,-1.5779955942180957,-2.141576216403396,-2.637556330365387,0.0,-14.820789008017988,0.0
2019-03-22,-3.43796089297681,-1.4184574404341732,-3.740533659130041,0.0,-16.190962497020166,0.0
2019-03-25,-3.5116489982335963,-1.1681976149362616,-4.142835494226738,-0.15968776401432683,-16.3201663950312,0.0
2019-03-26,-2.8186016247447765,-1.2515976549389407,-3.364251829189968,-0.12625657362029807,-15.783055564157944,-0.08641478007310743
2019-03-27,-3.268499316668161,-0.9642180734488415,-3.1955955492671717,0.0,-15.786303666610735,0.0
2019-03-28,-2.906100456647165,-0.9549807812292754,-3.390186801649997,-0.19623770943688612,-15.719044179234753,-0.0860640714814509
2019-03-29,-2.247912739127167,-1.112552098370767,-2.66352167164563,-0.19993263262373384,-14.99719482060896,-0.07916373968953616
2019-04-01,-1.1161915223372731,-1.792554981292993,-1.5735118291110073,-0.5257638406229392,-13.847085674283743,-0.32711489409545935
2019-04-02,-1.1108408137222803,-1.6253369628584924,-1.1582485815483379,-0.414690155831976,-13.310198105441618,-0.1997064306254015
2019-04-03,-0.8982365159825645,-1.9318393598206751,-0.30182963031124554,-0.6701709303104764,-11.8381018982314,-0.5336755775024793
2019-04-04,-0.6688891347499726,-1.8297003253522681,-0.49644517775022656,-0.5220576179768122,-11.59023783167915,-0.4992545568109241
2019-04-05,-0.20743054169309882,-1.7832579835835527,-0.3537056489953505,-0.485040589352681,-11.429906885329022,-0.5474532015811606
2019-04-08,-0.10113260597963691,-1.9411363575301155,-0.535365857732395,-0.4517184839153865,-11.77172825697892,-0.554318974115342
2019-04-09,-0.6769952476438523,-1.7646554588089725,-1.0414743940737048,-0.4517184839153865,-12.603833048974323,-0.4992545568109241
2019-04-10,-0.32322493190907187,-1.532443749965351,-0.7430035552777658,-0.11477990743709032,-12.195710056081976,-0.3098813442445336
2019-04-11,-0.3182281284308308,-1.755392578522319,-0.5872479501805694,-0.05923176558232379,-11.979700439970243,-0.47858812069291323
2019-04-12,0.0,-2.210578703989985,-0.39260810768541043,-0.46282585239448837,-11.502330207424826,-0.9262111464665157
2019-04-15,-0.06070935735240646,-2.080531617681869,-0.22397004905475582,-0.6257301569348006,-11.352247708503327,-0.9296670722387601
2019-04-16,-0.009975479465373915,-2.4149164784166732,0.0,-0.6331426022270548,-10.754589655189795,-0.9330884387532823
2019-04-17,-0.2271688732796706,-2.396365129776279,0.0,-0.7034930357477598,-10.372941217988007,-1.0639528279955845
2019-04-18,-0.0672421208406715,-2.1641534209326574,0.0,-0.4220913016649397,-9.861721580723993,-0.6954935419115071
2019-04-22,0.0,-2.3034548581717385,,,,
2019-04-23,0.0,-2.1269569007391964,0.0,-0.7182953274136983,-9.764962697235802,-0.8022701285212763
2019-04-24,-0.21895315482401978,-1.755392578522319,-0.07727867678076761,-0.7182953274136983,-9.192302789407014,-0.42005625786366574
2019-04-25,-0.2557517946304766,-1.8761597258323937,-0.21893816976586988,-0.5109502494977103,-9.417682208824896,-0.43042403518039896
2019-04-26,0.0,-1.616039965149052,-0.025777640039892358,-0.19993263262373384,-9.17740905133082,-0.3649918405592478
2019-04-29,0.0,-1.8204203863542268,0.0,-0.22585359222805357,-9.08271714213077,-0.5164765869092758
2019-04-30,0.0,-1.6253369628584924,0.0,-0.2221473695819265,-8.964273033619662,-0.6231955747561635
2019-05-01,-0.749263308640391,-1.6700478454207857,,,,
2019-05-02,-0.9560894751619253,-1.9492563041534128,-0.6292182020183779,-0.24436210654011914,-8.954391888242231,-0.6610840409725371
2019-05-03,0.0,-1.8189448078186898,-0.1798315778288706,-0.18513034095779535,-8.45784272702328,-0.6783175908234518
2019-05-06,-0.43855267345652704,-1.5676188128586843,-1.2583883239410842,-0.1406895675821196,-9.386115838424548,-0.5715755634714159
2019-05-07,-2.0818411856131536,-1.2325174862453436,-2.3369510800652638,0.0,-10.817866436010581,-0.261648140216586
2019-05-08,-2.236394967794464,-1.4187133211050806,-2.2727521323221977,0.0,-10.174857382375125,-0.18936169281381643
2019-05-09,-2.497662681586399,-1.15803915230146,-3.6081527495023247,-0.18139510082978427,-11.694148302164276,-0.13769560251877255
2019-05-10,-2.10134990389782,-1.2231949004688158,-3.3256521373826176,-0.16658480144708943,-11.060573869843992,-0.18936169281381643
2019-05-13,-4.4600657779306445,-0.7299337311709175,-4.609697202375484,-0.11106029994754074,-12.411496410162604,-0.003432886267096258
2019-05-14,-3.6832128763173766,-0.8229634137552067,-3.3641763140380254,-0.1554799011471819,-11.56361203396752,-0.09984169556012112
2019-05-15,-3.1014637254643707,-0.5065413761177195,-3.0431815753226954,0.0,-10.767495640988889,0.0
2019-05-16,-2.211451973843237,-0.7020171499754979,-1.6821001770429334,0.0,-9.212878906275323,-0.020667095189741413
2019-05-17,-2.7723338374949447,-0.6554127504485363,-2.028817766941582,0.0,-9.739662067708888,0.0
2019-05-20,-3.4270397959628274,-0.8229634137552067,-3.0688262963505575,-0.1550152886390932,-11.197303858904162,-0.08264551193012393
2019-05-21,-2.6040369709678823,-0.9346979733824368,-2.3626138311290013,-0.18454951962382227,-10.443744089857931,-0.26525449056522543
2019-05-22,-2.877183878823608,-0.6368187550296556,-2.5038791622187473,-0.011072520617083637,-10.257377909878485,-0.11713193050233439
2019-05-23,-4.024221958350582,-0.03182302610451604,-3.8649365204506902,0.0,-11.852779576277472,0.0
2019-05-24,-3.8800148382234334,-0.059688431165749734,-3.197248231884531,0.0,-11.420393042002786,-0.020650134691024835
2019-05-27,,,-2.9147836798365634,-0.05149504588919385,-10.97687221417598,0.0
2019-05-28,-4.6845195876643935,0.0,-3.2486518641674844,-0.04045959131996346,-11.302323437543881,0.0
2019-05-29,-5.340584115048919,-0.03706504022347179,-4.506962057953102,0.0,-12.697941596093054,0.0
2019-05-30,-5.129185821245796,0.0,-3.9420029037973814,-0.08811657514792293,-12.223956304019513,0.0
2019-05-31,-6.362584150504258,0.0,-4.802318085652524,-0.08811657514792293,-13.51632657617593,0.0
2019-06-03,-6.620803368190565,0.0,-4.571173025720077,0.0,-13.029809802355485,0.0
2019-06-04,-4.614453880975777,-0.3662646026249661,-3.967659644849164,0.0,-11.714429136991422,-0.023975969658918128
2019-06-05,-3.8241975372459103,-0.3662646026249661,-3.56966463291869,0.0,-11.643338185081342,0.0
2019-06-06,-3.207838014845843,-0.3845774140819769,-3.62098412503421,0.0,-11.847399681527515,0.0
2019-06-07,-2.182441557098913,0.0,-2.709325411015706,0.0,-11.167141878699582,0.0
2019-06-10,-1.7260700925467054,-0.49435883850624807,,,,
2019-06-11,-1.7554201515201928,-0.49435883850624807,-1.7976486669613267,-0.13058720517699074,-10.352739605171902,-0.2148535871623336
2019-06-12,-1.954086003708233,-0.23800291889741754,-2.054468497981432,-0.30106898418275074,-10.648691432427581,-0.12275070881646588
2019-06-13,-1.5229971753364047,0.0,-1.6949676126465585,-0.14508828500932047,-10.255094875560221,-0.13642383080576526
2019-06-14,-1.66838890128721,0.0,-2.170022997911758,0.0,-10.790873336247742,-0.06138673918923976
2019-06-17,-1.5760973384806531,-0.0183044261993337,-2.2362413096729594,-0.039886834246694036,-10.868899815124633,-0.11933527451439829
2019-06-18,-0.6166908806724214,0.0,-0.5203949154818033,0.0,-9.05520549829565,0.0
2019-06-19,-0.3197938686459345,0.0,-0.6244162024633626,-0.2551081388762033,-9.226447476166777,-0.3122415807218726
2019-06-20,0.0,0.0,-0.09144233195195195,-0.09342451507522442,-8.880866659992815,-0.10181839934497727
2019-06-21,-0.12003582470917484,-0.40909968883279246,-0.4424330403532628,-0.4096094789477922,-8.994953557896523,-0.35980290713225616
2019-06-24,-0.2928373630643244,-0.06365029405938083,-0.7804060628519793,-0.23714694689342952,-9.476897061079448,-0.1866765067327414
2019-06-25,-1.2396238405537052,0.0,-0.8974029656524163,-0.09342451507522442,-9.817097982503453,-0.057667258558569134
2019-06-26,-1.3615118158978756,-0.4088525346265248,-1.157335982867136,-0.22277141411600754,-9.692611395150031,-0.2511641365393058
2019-06-27,-0.9695473508483654,-0.10906666383113661,-1.1313486911576298,-0.1257612398354202,-9.5030043147188,-0.20024927210664512
2019-06-28,-0.3946644890863049,-0.06367552580285318,-0.4684143220508141,-0.014375532777421984,-8.560723311364827,-0.0611227622639543
2019-07-01,0.0,-0.18916574012478593,0.0,0.0,-7.6567137413459,0.0
2019-07-02,0.0,0.0,0.0,0.0,-7.617333199856247,-0.02372182284456903
2019-07-03,0.0,0.0,0.0,0.0,-6.957132969824331,0.0
2019-07-04,,,0.0,-0.07451790779792189,-6.856391379780957,0.0
2019-07-05,0.0,-0.6346903287494543,-0.7667663141838088,-0.5038974349422132,-7.308986728872746,-0.29087533457776704
2019-07-08,-0.4821691051431931,-0.7344292724735468,-0.8818255762328309,-0.6103624184564449,-7.493509196595182,-0.1691306335432574
2019-07-09,-0.33004418766033883,-0.7978701609042904,-1.367416668153676,-0.6281011676168791,-8.282322760555793,-0.2671993039676024
2019-07-10,0.0,-0.743476883519345,-1.5718916243734893,-0.8658632175665204,-8.747968135466754,-0.6020734422114593
2019-07-11,0.0,-1.2330826022055263,-1.6740936505462378,-1.0858756888385113,-9.05247593991515,-0.8760921655822762
2019-07-12,0.0,-1.124329158546522,-1.5335503543361995,-1.3626673187479899,-9.117373170961818,-0.9504848053964676
2019-07-15,0.0,-0.9157539933862258,-1.2780068826390822,-0.9616719561638454,-8.645238793146293,-0.6663611476450559
2019-07-16,-0.3371967115402663,-1.133368491814557,-1.0096002664094939,-0.8623111359275515,-8.323474994292413,-0.6122461191689021
2019-07-17,-0.9866636407799723,-0.670880772932525,-1.354642153464114,-0.5997170030567434,-8.986764882755027,-0.4160523261728333
2019-07-18,-0.6219051416756494,-0.42614827470004446,-1.6229896831317814,-0.34066412230769894,-9.82145519311085,-0.2841349481808808
2019-07-19,-1.2317540160425744,-0.6074978289458466,-1.48242866095315,-0.3264666252690285,-9.583832371986233,-0.1792807296417509
2019-07-22,-0.9498581776790749,-0.5621521626066772,-1.3418321868373773,-0.34775745606844266,-9.367527473833325,-0.043964932377671406
2019-07-23,-0.2698556890591952,-0.7253651058723665,-0.3834008830604807,-0.34775745606844266,-7.882676522845111,0.0
2019-07-24,0.0,-0.5802639402536336,-0.2811456789819977,0.0,-7.6455794477937715,0.0
2019-07-25,-0.5257726900931403,-0.75251621678738,-0.958484481682631,-0.10278899805066244,-8.831381711094611,-0.06753360532396613
2019-07-26,0.0,-0.7706859388783682,-0.5495286605868177,-0.14532386863951308,-8.405109675672284,-0.07431965613434732
2019-07-29,-0.16124834194953808,-0.6800194395331971,-0.5239796312076828,-0.060254127461822904,-8.423035456171146,0.0
2019-07-30,-0.4086226088137357,-0.6346903287494543,-2.006402383504635,-0.07443602353047751,-10.415937163981637,0.0
2019-07-31,-1.4900162227501679,-0.3808274416940205,-1.9936396861274575,0.0,-10.107669915009188,0.0
2019-08-01,-2.3667654574606067,0.0,-1.3929893321575793,-0.035345339171799495,-9.634865751100286,0.0
2019-08-02,-3.0691199272404046,0.0,-4.07666552314474,0.0,-12.442544236490672,0.0
2019-08-05,-5.95053814858395,0.0,-6.09586014730753,0.0,-14.020250586422932,0.0
2019-08-06,-4.719068244462155,0.0,-6.734834045346105,0.0,-14.688041725513013,0.0
2019-08-07,-4.6434642734719205,0.0,-6.338658647596029,0.0,-14.08189971501682,0.0
2019-08-08,-2.829795637329835,0.0,-4.613419669041985,-0.36046714303168415,-12.641888422279246,-0.14343472155771142
2019-08-09,-3.457525295828623,-0.15137399512757943,-5.469637129333749,-0.8189250429984529,-13.759991876142863,-0.0200421129330719
2019-08-12,-4.629980762722075,0.0,-5.827506708983677,-0.5529455540926098,-13.864125608659105,0.0
2019-08-13,-3.1831920333639796,-0.35449857749904057,-5.214058205699478,-0.2904691679959992,-13.344566054232509,0.0
2019-08-14,-5.991630752773968,0.0,-6.8115284027330585,0.0,-15.243366416925275,0.0
2019-08-15,-5.741945026924078,0.0,-7.003217026950914,0.0,-15.833282319159558,0.0
2019-08-16,-4.366498516051354,-0.26333849689600397,-5.801898593042609,-0.31249788072373885,-14.726536420879178,-0.17436230177679812
2019-08-19,-3.203409273589497,-0.7374197963665008,-4.766767023222551,-0.31249788072373885,-13.600914077967419,-0.3832988198704368
2019-08-20,-3.9623142295261093,-0.2984929661459468,-5.392960497915366,-0.1909679836697098,-14.074308805958646,-0.12459973164664628
2019-08-21,-3.166265411833369,-0.5618634652898025,-4.230012877325295,-0.2743085225423214,-12.95576603003379,-0.26392388193556826
2019-08-22,-3.212614980035977,-0.7813268804000795,-4.6389746070773175,-0.5000008477105022,-13.367353185409037,-0.5424838139094224
2019-08-23,-5.723212578060899,-0.11412001578992026,-5.55911781872267,-0.3888871934678795,-14.366868490741469,-0.2772123107627755
2019-08-26,-4.676009294954442,-0.2106867986407357,-5.316289775153182,-0.39583841959635047,-14.023714748905835,-0.32026991306407515
2019-08-27,-4.980913207684667,0.0,-4.690090391804169,0.0,-13.492876860907032,-0.1445047596987048
2019-08-28,-4.355486982272316,0.0,-4.984034220100519,0.0,-13.706747482720594,-0.018502176463486286
2019-08-29,-3.125830931382334,-0.1926510883777044,-3.9616594390014526,-0.1072841479486164,-12.69004820299272,-0.20753366650506644
2019-08-30,-3.0505479963623405,-0.16640406341293934,-3.194904942130028,-0.13497651218580264,-11.949610479775696,-0.03839615844004607
2019-09-02,,,-2.9904181685978304,-0.14535850838913733,-11.842675168868922,-0.0516404029652473
2019-09-03,-3.7126285036762185,0.0,-3.182089066847116,0.0,-12.15920311299291,-0.05827909434110712
2019-09-04,-2.660497318426669,0.0,-2.3258775152115385,-0.1969957878676598,-11.317145155610032,-0.27386534988609323
2019-09-05,-1.3715057943381015,-0.8052330753013481,-1.5846779563754465,-0.8536378671509248,-10.566826287015585,-0.8575731175637147
2019-09-06,-1.2779799903095301,-0.7439940790092914,-1.2780068826390822,-0.4803921268763389,-10.087828402243282,-0.5424838139094224
2019-09-09,-1.2792882118882298,-1.3566627629792882,-1.5463248690257725,-0.888200196995792,-9.834361178909944,-0.8708284081644146
2019-09-10,-1.2442792393341673,-2.0744013191309807,-1.5591112010277408,-1.2372617986270207,-9.520116269104207,-1.1096224683361466
2019-09-11,-0.5251586660088625,-2.1706795330673656,-0.6390093499757277,-1.0195307222408911,-8.85372231820889,-0.9604010343986946
2019-09-12,-0.22337682808917236,-2.3894835203392417,-0.4344871245063775,-0.9746007481368002,-8.476279849593416,-1.3616607730330799
2019-09-13,-0.26824963082869857,-3.282282785917212,-0.19167680690547195,-1.4930040549828938,-8.046471631678143,-1.8956501548825444
2019-09-16,-0.5777604097317868,-2.862138675985826,-0.6216379007679018,-1.3029270612495703,-8.697085998373788,-1.7398121217202411
2019-09-17,-0.32068283066725156,-2.608303434528192,-0.7378966200241255,-1.5102799464341898,-8.753866574289004,-1.7265236928930339
2019-09-18,-0.28600291998266414,-2.5733040341766156,-0.6862431475836983,-1.1681371389372974,-8.628422120802048,-1.554050270026841
2019-09-19,-0.27811346101415113,-2.5295368659554063,-0.10502045517687408,-1.2752729785967754,-8.126341822812055,-1.6701224313870222
2019-09-20,-0.7613608811089079,-1.969371264242048,0.0,-1.2821812257888365,-8.050310298213258,-1.530853511475605
2019-09-23,-0.7712247112943604,-1.829301991708765,-0.7353047049728834,-0.6773773678017236,-8.977179019418758,-1.1295606346147125
2019-09-24,-1.5983337591072844,-1.3391511176156667,-0.7868569978578877,-0.5667926780173582,-9.236623903585372,-1.0035028210019892
2019-09-25,-0.992137588311981,-1.9868988365227769,-1.3673986037920693,-0.7257667389729883,-9.77477182260319,-1.1428159252154124
2019-09-26,-1.2266944940645619,-1.776822799827793,-0.5934060746257241,-0.7326749861650494,-9.373872436717823,-1.1428159252154124
2019-09-27,-1.7375590334987367,-1.6367853811287358,-0.2063626009831232,-0.7430426304242843,-8.692433505725228,-1.517598220874894
2019-09-30,-1.2365583242500255,-1.5580188125559502,0.0,-0.7326749861650494,-8.344785715263125,-1.2091365625209516
2019-10-01,-2.4428670342046988,-1.2853977723657928,-1.2632217266353551,-0.8121672901140076,-9.556104668120991,-1.1560822618916222
2019-10-02,-4.189631774149916,-0.9434946427425261,-4.124755336659236,-0.9504060625511679,-12.05308162819958,-1.311942387204934
2019-10-03,-3.4018095031944307,-0.42629986339483006,,,,
2019-10-04,-2.0281607937550183,-0.2334408240969199,-3.2095903194394926,-0.6739285176768361,-11.407343016183614,-1.079775972333552
2019-10-07,-2.466543437009494,-0.5665921127676832,-2.4877678648610457,-0.7603290688178443,-10.783282427189567,-1.1461297478655985
2019-10-08,-3.9818733460126543,-0.3561577204377109,-3.686504725686357,-0.6048038579871129,-11.721580723988357,-0.9868895234491082
2019-10-09,-3.077338448078415,-0.6103990982816554,-3.158036626884897,-0.9331301710998829,-10.80666012244842,-1.2920484052283743
2019-10-10,-2.453388988129135,-1.2327752382308543,-2.423330171593663,-1.4515334779459765,-10.290860012545888,-1.796158152848748
2019-10-11,-1.3770918202201776,-1.907750021939325,-0.24491984146723933,-1.607048141834433,-7.728467277348338,-2.0814120065759445
2019-10-14,-1.5138451176408219,-1.636036816024522,-0.7605157326916023,-1.430798189427518,-7.913508289143056,-1.9752592210152908
2019-10-15,-0.5330481249773755,-2.1093768291068904,0.0,-1.5759452090567394,-6.857205205894401,-2.280407056719058
2019-10-16,-0.7253647229463644,-1.9165416801846358,-0.01285160375540384,-1.7522057084059406,-6.559848988442951,-2.446208649982895
2019-10-17,-0.4434710633826944,-1.9515968247461157,-0.1157350470060381,-1.6208751831608414,-6.671652852028409,-2.413026239179128
2019-10-18,-0.8310577902468141,-1.8639271095082233,-0.4501945040799149,-1.7798492441164715,-6.829110199977961,-2.466135770185962
2019-10-21,-0.1466171276060968,-2.223325957578015,0.0,-2.1254514486805265,-5.985719872409345,-2.8242937222170528
2019-10-22,-0.4996844617707552,-1.9954515910114212,0.0,-1.9008121251023469,-5.936083681490068,-2.585488615969822
2019-10-23,-0.21285487416473625,-1.9603725560742968,0.0,-1.7798492441164715,-5.615277748769721,-2.5025767732623994
2019-10-24,-0.02103588194961592,-1.977876237979359,0.0,-1.669264554332095,-5.070208706787094,-2.346749786175595
2019-10-25,0.0,-2.1882708130165573,0.0,-1.890444480843112,-4.904937187748248,-2.578860970669461
2019-10-28,0.0,-2.556429465497445,0.0,-2.263700768059973,-4.556842873223898,-2.8906364516735894
2019-10-29,-0.08205719722953475,-2.468799567552349,-0.16474212413325473,-2.1081755572292415,-4.572255155372373,-2.731451457634604
2019-10-30,0.0,-1.9954515910114212,-0.1393820181658123,-2.0978079129700067,-4.788999375586512,-2.771261513738721
2019-10-31,-0.29560503031351715,-1.3730356337694594,-0.5703182861438671,-1.7452974612138794,-5.109365986245617,-2.4428837812572213
2019-11-01,0.0,-1.5591496236708413,0.0,-2.004499114636926,-4.414214445341491,-2.658481082877706
2019-11-04,0.0,-2.059557432383463,0.0,-2.1807490670438523,-3.121916193195118,-2.7447177943108025
2019-11-05,-0.11813781588896344,-2.586308361997791,0.0,-2.1807490670438523,-3.031797554632576,-3.016683219210803
2019-11-06,-0.04066113227401136,-2.3053893979928075,0.0,-2.298252550962565,-2.8003036363623224,-2.950340489754266
2019-11-07,0.0,-3.0866922803347685,0.0,-2.9445375329288703,-1.9922391237181314,-3.4942382013277595
2019-11-08,0.0,-3.218415848301859,-0.32330734012996354,-2.903056408949667,-2.441370310327018,-3.3649107493668673
2019-11-11,-0.1966046785669584,-3.1131070723634746,-0.3730171802667659,-3.158809212247826,-2.664012969363405,-3.4876436942539057
2019-11-12,-0.0351609399342645,-3.0691647080540396,0.0,-3.1277062794701327,-2.03612091583526,-3.514154275455317
2019-11-13,0.0,-2.8057733163297516,-0.2733593295482395,-3.1277062794701327,-2.4302288147738937,-3.112872444669934
2019-11-14,0.0,-2.3141571658624405,-0.5840223217112861,-2.9860081099657987,-2.7977901380119463,-2.771261513738721
2019-11-15,0.0,-2.3931626381919036,-0.11183140063372177,-2.83394229620223,-2.3440928827665464,-2.9034830374807696
2019-11-18,0.0,-2.2263520718291185,-0.18638187785569027,-2.723347059475578,-2.6002968664813886,-2.923443295910333
2019-11-19,-0.05317905405274326,-2.0419980062685195,-0.33551694110420804,-2.7993799663573626,-2.4962351539751793,-2.8802420946275276
2019-11-20,-0.4091487139378791,-1.6820735699340728,-0.6958878311495886,-2.6680494411122524,-2.960706602722496,-2.82370828021552
2019-11-21,-0.5607797327599862,-1.927873681709158,-1.1059552494757763,-2.8097476106165975,-3.1114444837353594,-3.029839095132003
2019-11-22,-0.34314826028136736,-1.945409217448435,-0.6586069077378465,-2.602384178489703,-2.918373240821226,-2.77382420325486
2019-11-25,0.0,-1.901538524266022,0.0,-2.609302972624039,-2.3094296519344915,-2.8436574925695846
2019-11-26,0.0,-1.7172003856225193,0.0,-2.4883400916381637,-2.383401404246155,-2.6907135311884267
2019-11-27,0.0,-1.971744374891582,0.0,-2.5989353283648042,-2.009862420174824,-2.7206483957950223
2019-11-28,,,-0.1355788068027386,-2.6784170853714873,-2.315846634829022,-2.743900384723763
2019-11-29,-0.3789636303188071,-2.0507737375967117,-0.5793876453093261,-2.7406229509268742,-2.3836966862873177,-2.850307230020932
2019-12-02,-1.2352466379508376,-2.4024480308676543,-2.2065814538658746,-3.2866803404257627,-4.387444607609781,-3.262579905929408
2019-12-03,-1.8876305280089434,-1.5320738645820065,-2.810657728082211,-2.7751852807717303,-4.2059469803090055,-2.8469823612952583
2019-12-04,-1.257008315315844,-1.9101231325888812,-1.5778955002182404,-2.999824604349921,-3.0902778027847244,-3.0564601370884237
2019-12-05,-1.0816226534320572,-2.138706246966915,-1.8244772698820189,-3.328150917462691,-3.722822348961441,-3.23930582484967
2019-12-06,-0.17319114276792558,-2.437614663848886,-0.6163472784423973,-3.3074156289442214,-2.8984597080452867,-3.262579905929408
2019-12-09,-0.48059968637492734,-2.3584817761825416,-0.8998999597357726,-3.0827763053660417,-3.3481022367254476,-3.146187408379708
2019-12-10,-0.5864565596852667,-2.4728131506643547,-1.1341317756977776,-3.044754578454012,-3.6054153285948964,-3.2060460915174005
2019-12-11,-0.2962830198662836,-2.068325200253096,-0.85055653741134,-2.8166558578086587,-3.044775560441715,-3.0497993535615664
2019-12-12,0.0,-2.8420309431331114,-0.5300780584744924,-3.12424688240297,-2.4924036894410695,-3.488648887124457
2019-12-13,0.0,-2.2705572302708865,0.0,-2.8028393634245363,-2.0419473346474537,-3.249291477102201
2019-12-16,0.0,-2.727755312861202,0.0,-2.97218106863939,-1.1205305282019573,-3.3689757051510782
2019-12-17,0.0,-2.7189397642402136,-0.7048205105502303,-2.806288213549424,-2.0042592633937373,-3.2558970302515533
2019-12-18,-0.034612966977054516,-2.9827054385166085,-0.7169617114998306,-3.169176856507061,-2.488565022905964,-3.5351639110574373
2019-12-19,0.0,-2.9069729476534634,-0.49822087688911054,-3.310875026011395,-2.5637899233923123,-3.5817673035944297
2019-12-20,0.0,-2.9069729476534634,0.0,-3.3350591646547523,-1.7751203994517795,-3.5617959990893566
2019-12-23,0.0,-2.9950408358191294,0.0,-3.3177832732034562,-1.9072771178744286,-3.6083441612488443
2019-12-24,-0.012540524229764927,-2.8277444984844746,,,,
2019-12-26,0.0,-2.686910733929848,,,,
2019-12-27,0.0,-2.545997334789696,0.0,-3.1449821709214287,-1.6408246867309573,-3.5917087715449547
2019-12-30,-0.5648981989109569,-2.607634504009526,-0.42202886812303664,-3.4940437725526574,-2.2905532073031143,-3.9541084165682694
2019-12-31,-0.2657111823924696,-2.959810495169446,,,,
2020-01-02,0.0,-2.510790884515679,0.0,-3.3938161800852407,-1.2807894545420528,-3.6881299645895926
2020-01-03,-0.6955393782396402,-1.8592923766289182,-0.409790853207348,-2.9237916974681366,-2.510840812011206,-3.342354663194669
2020-01-06,-0.3442124625419929,-1.9649356178266353,-0.8195707294819443,-3.1104198410765616,-3.190428828745784,-3.3622928294732235
2020-01-07,-0.6135273902013849,-2.105793272756895,-0.6267060211659459,-3.0240192899355534,-2.4541250541050275,-3.382286226129294
2020-01-08,-0.12316204419294818,-2.3347028889357135,-0.39772720412144524,-3.1484415679885913,-1.7656857781365942,-3.382286226129294
2020-01-09,0.0,-2.2642660980120133,-0.15668473799104188,-3.3246915203955174,-0.4759730443506416,-3.7413278642004277
2020-01-10,-0.28539466887166354,-2.0529955425337088,-0.38567453196828305,-3.2002797892847545,-0.5626275204302811,-3.684805095863919
2020-01-13,0.0,-2.167414515059618,-0.4821068861262878,-3.497492622677545,-0.7970742591121516,-3.9641051148963102
2020-01-14,-0.14188705836976068,-1.973735239530483,-0.21690419102585734,-3.45257319551574,-0.7604160740020016,-3.9042685239096153
2020-01-15,0.0,-1.7272184164853654,-0.24103148919765172,-3.293588587617824,-0.9388168408710706,-3.69479074811645
2020-01-16,0.0,-1.9297689848453925,0.0,-3.345426808913976,-0.9599835218217057,-3.6183298135013753
2020-01-17,0.0,-2.008957616721607,0.0,-3.2728532990993653,-0.24683418040868377,-3.595055732421637
2020-01-20,,,-0.1431312480738467,-3.196820392217581,-0.07860984095821033,-3.6515895468336446
2020-01-21,-0.2633298168754683,-1.621591102204789,-0.4055168101545825,-3.196820392217581,-0.027504441834114157,-3.4620388912435462
2020-01-22,-0.23093188444867074,-1.6039600049628233,-0.35779553110264484,-2.9790893158314513,-0.32338424907976115,-3.359001098974057
2020-01-23,-0.10977011842979723,-1.3574352184591687,-1.0973069794841916,-2.5090753801566223,-1.26242435198195,-3.079723172092663
2020-01-24,-1.0102737202708378,-1.0052592272992489,-0.25045795807457916,-2.3673772106522883,0.0,-2.923443295910333
2020-01-27,-2.5676354695887027,-0.3361614760047482,-2.4809090441980763,-1.7591139555980018,-2.73933071126673,-2.6242161566748856
2020-01-28,-1.5860611886783338,-0.6707063699227356,-1.7771912708623105,-1.9008121251023469,-1.8634103745220343,-2.8336828863925523
2020-01-29,-1.6690533504735372,-0.19527196724024032,-1.3358481965799474,-1.7003674871097885,-1.7064532185531833,-2.6807389250113944
2020-01-30,-1.3460997801419294,-0.09846816503918943,-2.278128913066124,-1.4757281635316088,-3.0902958600311337,-2.464644549993378
2020-01-31,-3.084687689710297,0.0,-3.220409629552301,-1.251078293011143,-4.380378521304051,-2.228545732243792
2020-02-03,-2.3800525243804382,-0.08517599085599015,-3.220409629552301,-1.3685817769298558,-3.914721935303811,-2.261805465576061
2020-02-04,-0.9175152252223318,-0.6647121953316515,-1.5267007237057428,-1.517198740568526,-2.1723975221758396,-2.494557322448976
2020-02-05,0.0,-1.0949385918304522,-0.32202358211150806,-1.7245621726954208,-0.7244010438395287,-2.7272760410953722
2020-02-06,0.0,-1.0246737531123928,0.0,-1.7452974612138794,-0.013695358827037207,-2.7505611682506204
2020-02-07,-0.5205567807335831,-0.5505467039096601,-0.2979520315789408,-1.624334580228004,-0.46307432033905194,-2.647479191679125
2020-02-10,0.0,-0.35739969494005264,-0.15495112028053315,-1.4411658336867417,-0.6087601384497154,-2.4612975891166955
2020-02-11,0.0,-0.5944552880775222,0.0,-1.579404606123913,0.0,-2.577667994515398
2020-02-12,0.0,-0.849102868152185,0.0,-1.5379340290869847,0.0,-2.670775364909861
2020-02-13,-0.13104404393728952,-0.7612856998164608,0.0,-1.454982328070864,-0.03164113062886775,-2.664136673534012
2020-02-14,0.0,-0.515386524426964,-0.09395245631398375,-1.430798189427518,-0.04051201102290847,-2.5111816660773556
2020-02-17,,,0.0,-1.4169711481011094,0.0,-2.5422874146870167
2020-02-18,-0.28577114337373644,-0.35739969494005264,-0.3634375755737995,-1.4238793952931705,-0.745067041084746,-2.492292876971347
2020-02-19,0.0,-0.37492823016599397,0.0,-1.3651329268049572,0.0,-2.4589558211105755
2020-02-20,-0.37682868730869457,-0.08517599085599015,-0.852193831355097,-1.1301259589675428,-0.9065196896076544,-2.285631850430836
2020-02-21,-1.4211942277270184,0.0,-1.2257463075357355,-1.1854130303885935,-1.520559299985491,-2.39229275546452
2020-02-24,-4.712577900039072,0.0,-5.171576413989786,-1.0886448349883393,-5.466384550184933,-2.092259252717532
2020-02-25,-7.596055473074004,0.0,-6.94605168195368,-1.0195307222408911,-7.241350102436728,-1.8656269216719479
2020-02-26,-7.944423121906485,-0.05197089223216711,-6.911061040435184,-1.1474018504188388,-7.354558830861557,-2.0122967121687707
2020-02-27,-11.991633844414828,0.0,-10.15641911877595,-1.1923318245229297,-10.309232279806368,-1.678926153561
2020-02-28,-12.702301862709032,0.0,-13.004902942701257,-1.0160713251737286,-13.769311702262677,-1.2522825334262522
2020-03-02,-8.681226513350493,-0.06824368457043484,-13.156667274829747,-1.0402660107593609,-14.004858095674088,-1.0455994147347325
2020-03-03,-11.24524417394247,0.0,-11.930878438407323,-0.44582979703148284,-13.080066368572773,-0.8122731619357948
2020-03-04,-7.494697589412436,-0.21959412349119578,-10.670104276577263,-0.5080356625868587,-12.048078688175357,-1.0122734049494597
2020-03-05,-10.613421882567941,0.0,-12.070957958919648,-0.5080356625868587,-13.375011048208718,-0.6356243225303815
2020-03-06,-12.134960060597766,0.0,-15.199611456091267,-0.36288864295763723,-16.296539871002246,-0.3856184957255593
2020-03-09,-18.801068473046854,0.0,-21.865509413131136,-0.6013550078622143,-22.945684739647543,0.0
2020-03-10,-14.787842244164938,-1.835668639853072,-22.530916374174247,-1.1232071648332065,-24.030094753970555,-0.29512667909136203
2020-03-11,-18.945997129363224,-2.815320224721185,-22.96286632788156,-0.7465020274914469,-24.297050638189866,-0.8091066530698354
2020-03-12,-26.63919167247315,-2.7659020615781182,-32.407192400258054,-5.187492465528109,-33.562043057418954,-0.7626788979534393
2020-03-13,-19.801437814226276,-3.399737906976663,-30.4692945691037,-3.9917117908802924,-33.04750106516063,-1.9763498663759704
2020-03-16,-29.409115799769005,-0.847862389651155,-33.82599858889154,-8.664249799687196,-36.5998259482196,-2.4140894226035603
2020-03-17,-25.17458266183883,-3.333891583798654,-32.72523936320647,-7.091763987697631,-35.172241573899484,-2.603108077220617
2020-03-18,-29.052480694318874,-4.6756830924748805,-35.69963527226779,-7.879736592225994,-38.779389651624484,-4.277737973837825
2020-03-19,-28.713408616348957,-4.362894490290714,-33.13511682472527,-6.469673691316946,-37.55580761839147,-4.9077818411984
2020-03-20,-31.792490242309512,-1.9262686056153555,-32.51447683302692,-5.218595398305803,-35.245846723384574,-3.4984220057669324
2020-03-23,-33.790463651871725,-0.7655730527672988,-34.985304143206676,-4.078112342021312,-36.60780048861412,-3.0706932625360395
2020-03-24,-27.571024790954233,-1.4405832739495916,-29.434720923319148,-4.58614800460817,-29.649936090361884,-3.8399984176102353
2020-03-25,-26.735323899593368,-1.3829510307890591,-27.244913864119358,-4.665629761614842,-28.39031281728189,-4.058851712497358
2020-03-26,-22.159102310201074,-1.1442376854712943,-25.511813886787248,-3.1104198410765616,-27.471463043458556,-3.445389971165347
2020-03-27,-24.78120488040869,-0.41162492847028886,-27.701604997654528,-2.5609136014527745,-30.143451075132354,-2.6661509248188997
2020-03-30,-22.24768321545354,-0.18111080949907432,-26.811629566592366,-2.7890123220981278,-28.813041362227143,-2.596481820099872
2020-03-31,-23.484745727139465,0.0,-25.73431970580218,-3.2728532990993653,-27.94372439081877,-2.831928229833325
2020-04-01,-26.86180322304598,0.0,-27.78357942673614,-3.4110920715365367,-30.779969540938435,-2.652876432941842
2020-04-02,-25.179808318380182,0.0,-27.736733858054752,-3.5113196640039535,-30.59090352817463,-2.7622811027498417
2020-04-03,-26.302445259829643,0.0,-28.3573738497531,-3.7152236990636744,-30.917618890057298,-2.8252799950770124
2020-04-06,-21.11822526777235,-0.4509999439095247,-25.652329328388078,-3.7152236990636744,-26.933280717419684,-3.0706932625360395
2020-04-07,-21.243832466727564,-0.8938634432649972,-24.22368833470915,-4.413346902326143,-24.891578828685912,-3.8267678810042893
2020-04-08,-18.54245165257311,-1.0168929881658073,-23.9426574515075,-4.5135639478512735,-25.064256665186015,-3.8466576411843256
2020-04-09,-17.35185281431385,-0.8036531084137155,-23.052692652667005,-4.164512893162319,-23.382839695590686,-3.6742211125958213
2020-04-13,-18.18522804034831,-1.0168929881658073,,,,
2020-04-14,-15.673778924664827,-0.8856530982154553,-22.478892913539195,-4.41679575245103,-22.426865107603888,-3.382402067655954
2020-04-15,-17.526256442465204,0.0,-25.031694652800553,-4.354589886895644,-25.449562944194646,-2.8716967613756195
2020-04-16,-17.046034914334328,0.0,-24.43448276155371,-4.219799964583371,-25.291608970465585,-2.7987529889584306
2020-04-17,-14.819933589492129,-0.26217068378976416,-22.502305065658234,-4.0435500121764445,-22.94016771747407,-2.7855004747169287
2020-04-20,-16.343208926073693,0.0,-21.905093174411395,-4.572320963281773,-22.576688732866778,-3.0109910155425856
2020-04-21,-18.90707768736124,0.0,-24.89117389508888,-4.969761389141992,-25.666476108673574,-2.7191939482382743
2020-04-22,-17.045311689141364,-0.31046392171889536,-23.415697964950244,-5.3360988822245154,-24.46855991415259,-3.0906050003516428
2020-04-23,-17.083210107341507,-0.2450848856345389,-22.818491389814245,-4.893728482260206,-23.752338537511786,-3.0839567655953304
2020-04-24,-15.927177179040285,-0.22057786940609114,-23.556218722661903,-4.485920412140754,-25.04104834469505,-2.805401223714743
2020-04-27,-14.688661126525338,-0.7515607671307101,-21.86996963012202,-4.209432320324136,-22.69207169210965,-3.2464703917293725
2020-04-28,-15.135330678056945,-0.3186132959949184,-20.804323316504657,-4.026263573782874,-21.708391596109223,-2.8120494584710554
2020-04-29,-12.876407692251512,-0.36761996677677766,-19.399105107166413,-3.7601536731677654,-19.44491816393502,-2.745709965539067
2020-04-30,-13.675947323963978,-0.6044965847349038,-21.026823819408737,-3.1277062794701327,-21.22967837814562,-2.0559528623672496
2020-05-01,-16.088654929478096,-0.46711300502471076,,,,
2020-05-04,-15.731573126114661,-0.45077744809743914,-23.509378470091345,-3.3592538502403846,-24.09311911895351,-2.135533880722973
2020-05-05,-14.969790103740976,-0.5243868368833171,-21.928526590973753,-3.5562496381080444,-22.18826629242512,-2.075875589000631
2020-05-06,-15.556595172074772,-0.8923748874123949,-22.373474435673568,-4.078112342021312,-23.082165528229027,-2.546746430831981
2020-05-07,-14.555062998232138,-0.2872525602985565,-21.307875967053725,-3.818910688598265,-21.972082593008924,-2.215114899078696
2020-05-08,-13.096991376106814,-0.6143759526467618,-20.453029396391763,-3.6011796122121353,-20.918990001087824,-2.3543871756100954
2020-05-11,-13.080867708569455,-0.8923748874123949,-20.968272174667835,-3.791256605945459,-21.49546570182754,-2.4837365496870434
2020-05-12,-14.852166743680694,-0.5652956651144625,-20.73407622792591,-3.7152236990636744,-21.535281746319534,-2.5069669104719083
2020-05-13,-16.33304123071373,-0.3608472257343509,-22.221258234124075,-3.4940437725526574,-23.54296790013779,-2.4207266685420947
2020-05-14,-15.350972323093625,-0.20548643556159707,-23.66159998775168,-3.525146705330351,-25.03430610450359,-2.334519393065615
2020-05-15,-15.009581670240369,-0.27086547164594243,-23.42740404100976,-3.694488410545216,-24.104939285843784,-2.4457921618960543
2020-05-18,-12.322282476019586,-0.8842034281112188,-20.347664079634487,-3.587352570885738,-19.799331951646238,-2.7648634749279144
2020-05-19,-13.233489495614947,-0.606189769995491,-20.81604534089667,-3.338518561721915,-19.68025209179418,-2.884564666994871
2020-05-20,-11.772510791831614,-0.5816017753415559,-19.996338262856582,-3.158809212247826,-18.603887439716438,-2.844664269639219
2020-05-21,-12.45253391518455,-0.5162227392571994,-20.745792936207096,-3.158809212247826,-19.74813483573863,-2.685095646669944
2020-05-22,-12.231375905440721,-0.32810985680435945,-20.72235951964473,-3.231382722062437,-19.690549588893326,-2.75822622898938
2020-05-25,,,-19.10636283179442,-3.0758575112317055,-17.388641138316775,-2.7515779942330676
2020-05-26,-11.15128871284422,-0.5897953196678518,-18.637944357756396,-3.3246915203955174,-16.566463190767998,-3.1969767564526297
2020-05-27,-9.832182684414803,-0.5080291949308924,-18.392052967176642,-3.0931439496252766,-15.456592721100149,-3.2501516456853508
2020-05-28,-10.011663069803067,-0.5979815023191115,-16.986802861173377,-2.795920569290189,-14.561390363242444,-3.236877153808282
2020-05-29,-9.564553910801232,-0.27905165429721324,-18.345207398495244,-2.7993799663573626,-15.97034150863007,-3.0906379668049766
2020-06-01,-9.220837592621567,-0.31834827569325874,,,,
2020-06-02,-8.472703673154403,-0.482049843693233,-16.132004135508925,-2.903056408949667,-12.81978190269417,-3.2302289190519695
2020-06-03,-7.214150028528399,-1.0714255478834644,-14.00074340493921,-3.3074156289442214,-9.43969576066067,-3.659067532878546
2020-06-04,-7.5064606344627745,-1.464384400168861,-14.539393019223478,-3.0136516456763185,-9.851623973366452,-3.8019880969125786
2020-06-05,-5.080834241678178,-1.9555700825943267,-12.408180133651282,-3.196820392217581,-6.826603180071067,-4.160981784935647
2020-06-08,-3.9362736502614903,-1.8491349847779004,-12.712628485082767,-2.937618738794534,-7.030315151570088,-3.8551739749630776
2020-06-09,-4.678742305717076,-1.4971512157990419,-13.8602439116709,-3.1277062794701327,-8.492347274095291,-3.9216233560728564
2020-06-10,-5.184808498831961,-0.7604021388610716,-14.25836213602184,-3.3523456030483234,-9.129304835376029,-3.7787247696743798
2020-06-11,-10.762704070928253,-0.4083741998319512,-17.794830443708133,-2.823574651942995,-13.189571114203346,-3.246865989169423
2020-06-12,-9.570219174812822,-0.6294158547659245,-17.267876273261706,-2.592016534230468,-13.341937243908186,-3.0507375694493244
2020-06-15,-8.815406057975295,-0.7112335112282153,-17.6594078362876,-2.512534777223796,-13.617016394408587,-3.064045027779727
2020-06-16,-7.084763623417778,-0.9159101625347388,-15.321366342554022,-2.4192154319484405,-10.684892622742769,-3.163746571488857
2020-06-17,-7.419333270039308,-0.7604021388610716,-14.553767782922355,-2.5159836273486835,-10.20277287375807,-3.163746571488857
2020-06-18,-7.360957652257872,-0.5393531222520398,-15.238652974066314,-2.280976659511269,-10.93240790893103,-3.0308038539981763
2020-06-19,-7.867165654234121,-0.5066231149970846,-14.766343106896784,-2.246414329666413,-10.575387877112185,-3.0308038539981763
2020-06-22,-7.268746440154428,-0.5966637624858495,-15.297683068782398,-1.9077309192366831,-11.067011918467617,-2.831367800126594
2020-06-23,-6.868980169519734,-0.6294158547659245,-14.282172996453513,-2.0563373359330894,-9.175721476357968,-3.110571682256136
2020-06-24,-9.276306128745004,-0.4411410154620987,-16.691126092620255,-1.890444480843112,-12.292839004369426,-3.130505397707295
2020-06-25,-8.277390328394585,-0.42475392680949575,-16.00621432092213,-1.7798492441164715,-11.68416769027848,-2.6252505450453656
2020-06-26,-10.498414895999863,-0.15462462266814248,-16.372265764714033,-1.7625733526651755,-12.325841986819208,-2.5720866446304225
2020-06-29,-9.172920378365902,-0.056405154203165164,-15.982610788813034,-1.7867680382508078,-11.290738144988754,-2.618635276742387
2020-06-30,-7.765956669876983,-0.23650853420584816,-15.92357006187527,-1.6969080900426259,-10.71919872724636,-2.6585027076447054
2020-07-01,-7.299972751427286,-0.39213434468023944,-15.56933633247043,-2.1600137785253937,-11.084412847197045,-3.0839897320486642
2020-07-02,-6.858521765993963,-0.26929007318609033,-13.857070193502185,-1.8005845326349301,-8.561462318242807,-2.831367800126594
2020-07-03,,,-14.518341220315367,-1.8766174395167146,-9.143667506708242,-2.8779164322385586
2020-07-06,-5.3789590109285745,-0.4167738710595281,-13.254850525848417,-1.7971356825100426,-7.655013450485892,-2.884564666994871
2020-07-07,-6.402124126572639,-0.09720355730861163,-13.798013518231922,-1.7694815998572366,-8.50098045770179,-2.9443768021661154
2020-07-08,-5.6680718270391335,-0.2528440911331309,-14.353036753889171,-1.6658051572649324,-9.385672852908112,-2.844664269639219
2020-07-09,-6.173847311988212,0.0,-14.91984049115761,-1.5828640031910868,-9.424469062749296,-2.7017217279696193
2020-07-10,-5.191487696202312,-0.19651403870336592,-14.152284460412623,-1.5828640031910868,-8.378345340942051,-2.631931746255012
2020-07-13,-6.079026816835631,-0.09008364794558243,-13.290277088455404,-1.9422827021392641,-7.172603331913119,-3.064045027779727
2020-07-14,-4.807547294496095,-0.09828644643142814,-14.022406556593403,-1.669264554332095,-7.9167426821198035,-2.8579827167873995
2020-07-15,-3.9410667897756713,-0.13102407267546745,-12.605349368424768,-1.6761728015241562,-6.222492793168466,-2.844664269639219
2020-07-16,-4.265178032871431,-0.05730188108191703,-12.95960436227297,-1.48263641072367,-6.628691518148521,-2.6784474119136314
2020-07-17,-3.9876793625067686,-0.08189556299961209,-12.758889281572273,-1.5863128533159743,-6.304950673997389,-2.811412107039879
2020-07-20,-3.180439509622124,-0.01636145635203201,-12.203892626469216,-1.3029270612495703,-5.381681616687217,-2.7515779942330676
2020-07-21,-3.0164942849965293,0.0,-11.92047480950248,-1.2752729785967754,-4.4758134881064615,-2.7648634749279144
2020-07-22,-2.4567038047530243,0.0,-12.61721492780934,-1.0644606963449932,-4.96591485967075,-2.545504694422951
2020-07-23,-3.651074758724626,0.0,-12.628995429420552,-1.0229795723657897,-4.972154264721884,-2.6651399535832287
2020-07-24,-4.245572957787546,-0.04902747373664029,-14.1404720621364,-1.2856406228559991,-6.896369785245482,-2.8978501476897067
2020-07-27,-3.5370817055153214,-0.20427991714584426,-14.341208407280437,-1.047174257951422,-6.892014241424327,-2.5521529291792633
2020-07-28,-4.16033165122025,0.0,-13.951553431379427,-1.047174257951422,-6.916525683969111,-2.4324847035656516
2020-07-29,-2.9690166782110894,0.0,-14.022406556593403,-1.0955636291226756,-7.010952457574882,-2.5188897777621455
2020-07-30,-3.317377236600494,0.0,-15.56933633247043,-0.7603290688178443,-10.220825363514397,-2.2197192137281108
2020-07-31,-2.565322302116546,0.0,-16.667480031624482,-1.0540930520857583,-10.701571168594537,-2.2762456923834273
2020-08-03,-1.862638122717275,-0.04889703994017669,-14.78993069067337,-0.967692500944739,-8.282105527957063,-2.352694897672125
2020-08-04,-1.5083215921504856,0.0,-14.825383833834548,-0.6635608734176013,-8.616505060646162,-2.1565554891342598
2020-08-05,-0.8749039510855816,-0.3331220148837355,-14.506528822039144,-0.9158437327063118,-8.185872797157156,-2.4956374393417247
2020-08-06,-0.22668146489405183,-0.21941858488619959,-15.014313096813181,-0.701572053387356,-8.683155504387551,-2.259608622265985
2020-08-07,-0.14260299098995954,-0.43068839963845695,-14.778128924618827,-0.7776049602691404,-8.079774582547683,-2.4989340846754304
2020-08-10,0.0,-0.5363160117861976,-14.506528822039144,-0.6877555590032336,-7.9880319570853615,-2.3260799810113197
2020-08-11,-0.7964499501776245,-0.8776086824890617,-13.030494700262786,-0.9711413510696376,-6.107116916110666,-2.6983811273647906
2020-08-12,0.0,-1.1701400464997902,-12.121237735200696,-1.1162989176411453,-5.296759135452167,-2.844664269639219
2020-08-13,-0.1798931677125304,-1.3732756815749703,-12.581756468537343,-1.5241069877605873,-5.767568634872,-3.1571093255503224
2020-08-14,-0.18969758817590776,-1.3245362605680655,-13.609078939142439,-1.4688093693972615,-6.437451274566685,-3.163746571488857
2020-08-17,0.0,-1.1620204572795112,-13.361119581447712,-1.1785047831965323,-6.297337325041696,-2.9018940326323905
2020-08-18,0.0,-0.9913704743138685,-13.809847180951474,-1.0333577635672997,-6.579449085321631,-2.8619277023700707
2020-08-19,-0.423832317971895,-1.121386035036076,-13.278443425735842,-0.9020272383221895,-5.886358125135982,-2.7353145439201088
2020-08-20,-0.10602823182314092,-0.8370034411592564,-14.046015404813339,-0.8225349343732313,-6.954819058669958,-2.608690396652369
2020-08-21,0.0,-0.7638250049790241,-14.364859784387052,-0.8985678412550158,-7.427661145206321,-2.508736110134324
2020-08-24,0.0,-0.9019966310635286,-12.92419906410931,-0.9849683923960351,-5.239393436344186,-2.608690396652369
2020-08-25,0.0,-1.1376252134766451,-13.26665229190298,-1.5102799464341898,-5.275073484752335,-3.0418476158661
2020-08-26,0.0,-1.178245045263271,-12.428237819833177,-1.4964634520500675,-4.342951696098341,-3.1151430304522165
2020-08-27,0.0,-1.5276718956432345,-12.983234474936234,-1.4757281635316088,-5.023131832892158,-3.1551093607145364
2020-08-28,0.0,-1.3651852732683434,-13.408342593998412,-1.4791770136564963,-5.481179234806732,-3.1418019023841337
2020-08-31,-0.2079925930246862,-1.259535775435383,-14.057811854757052,-1.6830810487162173,-6.118065974236709,-3.2417781665377343
2020-09-01,0.0,-0.9358683765709475,-14.223132269515759,-1.4515334779459765,-5.908695336862713,-3.121802254026307
2020-09-02,0.0,-0.7976237982023404,-12.829726458453738,-0.9331301710998829,-3.9565618427732208,-2.6720299423306892
2020-09-03,-3.4940639094880543,-0.6675352851960303,-14.234939351681142,-0.888200196995792,-5.302998540503301,-2.5820535023560076
2020-09-04,-4.279004349514414,-1.2205281891273456,-15.049734343309328,-1.0851959848634518,-6.863005611356876,-2.6820077888740412
2020-09-07,,,-13.762602903957454,-1.216526510108562,-4.994703942000866,-2.781962075392086
2020-09-08,-6.931725072042894,-1.0090978793500627,-14.778128924618827,-1.0333577635672997,-5.95162754278773,-2.548735406849989
2020-09-09,-5.05172198249949,-1.0578445955853777,-13.313896568897011,-1.1715965360044711,-4.001668279516279,-2.8552684787959803
2020-09-10,-6.716870419931054,-0.9358683765709475,-13.892507388330843,-1.3305705969601012,-4.207051646693016,-3.0485068394401904
2020-09-11,-6.662644155467734,-0.7813773245333611,-13.715363943074232,-0.9780601452039739,-4.250925783233017,-2.6886780012659095
2020-09-14,-5.443780794240927,-0.870780348697342,-13.550059476648023,-0.8847407999286183,-4.317498322938573,-2.702029414867435
2020-09-15,-4.948843372093304,-0.919614607673569,-13.012170066213224,-0.825994331440405,-4.143375720683151,-2.702029414867435
2020-09-16,-5.384259307183159,-0.976539274956445,-12.572671235119671,-0.7361343832322231,-3.8699679658604658,-2.695326236022222
2020-09-17,-6.178854570361036,-0.9440463276185196,-12.98841768300074,-0.7361343832322231,-4.212632408532169,-2.645382059216539
2020-09-18,-7.226618539861618,-1.03346394223931,-13.499221508729264,-0.7672373160099055,-4.87888896946842,-2.705337049018919
2020-09-21,-8.295317881900344,-0.8545703511704139,-16.30258749999467,-0.46656508554994147,-9.040246358057146,-2.402155566495534
2020-09-22,-7.33044604353974,-0.8545703511704139,-16.314458375490094,-0.44237039996430916,-8.66350244080426,-2.5420761832758987
2020-09-23,-9.52193164411751,-0.8545703511704139,-15.67302175820372,-0.3974404258602182,-8.311192062060336,-2.548735406849989
2020-09-24,-9.247144096676163,-0.8057725683362382,-16.492659726802938,-0.5045762655196961,-8.575166346363039,-2.5653944546029983
2020-09-25,-7.794262420614794,-0.724452657250485,-16.599561399591632,-0.47002448261711516,-9.571396074316485,-2.442099919122298
2020-09-28,-6.308633973245725,-0.7407137213762849,-14.71082696144289,-0.41472686425378935,-6.658422531093622,-2.452077765665661
2020-09-29,-6.747719404694886,-0.6675352851960303,-15.245388486494738,-0.2833963390086791,-6.9851308107912065,-2.3621452809620913
2020-09-30,-5.974869059364085,-0.9358683765709475,-15.340408651566362,-0.4803921268763389,-7.457172610414098,-2.508736110134324
2020-10-01,-5.467018725977402,-0.8797388891847668,-15.102836974443967,-0.35252099869840237,-7.674454048516932,-2.415452036008159
2020-10-02,-6.372097016971523,-0.9773855214520011,-14.91278069596822,-0.1969957878676598,-7.9770828989593205,-2.3488378226316886
2020-10-05,-4.679224970517948,-1.6039435086693032,-14.176292016945213,-0.39053217866815704,-6.967078321034881,-2.5620758316337255
2020-10-06,-6.007483118326062,-1.3761135254264367,-14.1525662142869,-0.373256287216861,-6.403513443686992,-2.598712550109006
2020-10-07,-4.37046306257095,-1.6609046520942194,-14.271312182016826,-0.4285539055801868,-6.239971625933716,-2.73197394331528
2020-10-08,-3.5753303143928883,-1.4819016325991807,-13.558613098982153,-0.17971989641637487,-5.415838995304223,-2.4754290034460946
2020-10-09,-2.7254271811340325,-1.5307285963469974,-13.071572288687783,-0.024194685585632314,-5.350420851765902,-2.4287924607918954
2020-10-12,-1.1287649497139673,-1.424933193945832,-12.441979966342643,0.0,-4.718180025745156,-2.3688154933539596
2020-10-13,-1.7522674567828855,-1.205230095151677,-12.940902284354095,0.0,-5.5842321098339305,-2.2755314192277942
2020-10-14,-2.393294629104825,-1.1726496050728286,-13.012170066213224,0.0,-5.518459857041846,-2.1289076236022275
2020-10-15,-2.5396564395878785,-1.2784377122455615,-14.758337043978697,0.0,-7.870403945173687,-1.9056588016034937
2020-10-16,-2.5248391061876596,-1.3354207413556973,-13.713035486528346,0.0,-6.381969436688662,-1.8157263168999238
2020-10-19,-4.116471539704747,-1.498184582410178,-13.843694858640365,-0.1375258339661234,-6.775979721154545,-1.755760338279766
2020-10-20,-3.6614871692376982,-1.709753501527278,-14.271312182016826,-0.29224895502085735,-7.629630899176876,-1.9289880617483601
2020-10-21,-3.8709072507920883,-1.8399368525028992,-15.304790708969296,-0.4229021696806723,-8.930019229548913,-2.0223051023278704
2020-10-22,-3.3610197828985333,-2.181711008280829,-15.47106270756754,-0.6119988798155118,-9.035756252719562,-2.202236004641678
2020-10-23,-3.0261666277819455,-2.0433715919428663,-14.865265297321573,-0.4710314899219581,-8.291029081151645,-2.162236707926013
2020-10-26,-4.828168036125358,-1.7829538233927633,-16.44512837982378,-0.4366579008418525,-11.689174795126556,-2.142259037203742
2020-10-27,-5.114501557644802,-1.5632434293701647,-17.252895472927598,-0.1684788522159142,-12.513087878018714,-1.8957029326956865
2020-10-28,-8.462880489613001,-1.571399494732495,-19.688019782736944,-0.27162060455336867,-16.16136220447458,-1.7823752549405714
2020-10-29,-7.361567088612297,-1.9864031532895288,-19.60485454482821,-0.013755731161180229,-15.888967202117632,-1.7490681482523418
2020-10-30,-8.475249280234598,-2.303738293894131,-19.581118109948225,-0.11689748349863471,-16.190583300094275,-1.795737657359875
2020-11-02,-7.346617042866354,-2.1360282879777093,-18.238800124014233,0.0,-14.509534604122853,-1.709068851536677
2020-11-03,-5.6966907114894605,-2.3558772913400694,-16.37384996574298,-0.04125670093497735,-12.32880942236565,-1.8556926471622437
2020-11-04,-3.6174598485433584,-1.533508078371193,-14.56832329438964,0.0,-10.622817270559871,-1.709068851536677
2020-11-05,-1.7234556065259476,-1.5497764377253809,-13.784282003944126,0.0,-8.854232767060699,-1.8057374815387828
2020-11-06,-1.7392218331981013,-1.8836352706785187,-13.891183676732833,-0.07552134240050856,-9.492932545869891,-1.9223508158098368
2020-11-09,-0.5805567919922483,-2.608277603867637,-10.541390601030987,-0.8547561893663347,-5.025964706922181,-2.635371246219842
2020-11-10,-0.7031365501213416,-2.885153407710628,-9.781197383793005,-0.944011542016121,-4.539050318641669,-2.7886322877839542
2020-11-11,0.0,-2.7304580892775543,-8.664580199485993,-0.7895327356577053,-4.154183135107692,-2.692018601870738
2020-11-12,-0.9773649690255293,-2.1767502529620675,-9.424784048945645,-0.5664048300136004,-5.337949123848718,-2.488758439412053
2020-11-13,0.0,-2.30699926099337,-9.46045515265106,-0.4256600339044625,-5.1655687391217615,-2.4087818236162906
2020-11-16,0.0,-2.3803308969702175,-8.48637353206232,-0.3638727017532428,-4.716728177804774,-2.409957627118642
2020-11-17,-0.46477164422764616,-2.127901403529009,-8.593301785405194,-0.2231279056441049,-4.754008800039888,-2.313047243125399
2020-11-18,-1.5976133432720752,-2.1604600079226266,-8.177496860304945,-0.26775558196899807,-4.25781674931105,-2.356475050988116
2020-11-19,-1.2027912421160636,-2.054591653237381,-8.866517985678824,-0.2025321282603576,-5.097105256001155,-2.286300460651236
2020-11-20,-1.8728661993437257,-1.8836352706785187,-8.42698194180943,-0.10297888691870316,-4.726593661614331,-2.17275300654054
2020-11-23,-1.3087180079289662,-2.0790014874970675,-8.652682743436413,-0.12357466430245045,-4.801147823899488,-2.206126046135448
2020-11-24,0.0,-2.233718691615394,-7.714261594331406,-0.1647766950502838,-3.6011282204111983,-2.303036430128702
2020-11-25,-0.15483347830996808,-2.2011600872217763,-7.809281759403031,-0.13730867455172824,-3.620278448854164,-2.2896630388916206
2020-11-26,,,-7.821200479895962,-0.0377554332100738,-3.6436992348973796,-2.1860714536887316
2020-11-27,0.0,-1.908066990623447,-7.500447616532336,-0.05148944345935158,-3.2875503118427685,-2.1860714536887316
2020-11-30,-0.4439458726806511,-1.9731769041822944,-8.510136547496472,-0.2059682498177673,-3.610412965044596,-2.296344240101278
2020-12-01,0.0,-2.4946179452405515,-7.702406667168504,-0.5561069413217323,-2.9494538785444946,-2.5903500597791673
2020-12-02,0.0,-2.657600643147362,-7.821200479895962,-0.5046174978623807,-3.4502847604975018,-2.610393663408117
2020-12-03,-0.04385060841348709,-2.396839998861966,-7.797416200018459,-0.26775558196899807,-3.888169181503376,-2.4500228567409854
2020-12-04,0.0,-2.779839490384539,-7.346046493429503,-0.35013869150395394,-3.553847552850098,-2.470088438005491
2020-12-07,-0.1934572946331814,-2.478334995429554,-7.53609745579441,-0.07208522084309887,-3.756617593734135,-2.1927966101694896
2020-12-08,0.0,-2.3805789347361883,-7.429179834673205,0.0,-3.7022972342084293,-2.0357554152893975
2020-12-09,-0.7900368883672737,-2.519078846099143,-7.144129971680013,-0.017147174649889685,-3.2543348638407466,-2.0624692313102155
2020-12-10,-0.9103015665079761,-2.2990693477117574,-7.512355704803597,-0.041146941975589435,-3.5772683388933246,-2.0992158379632864
2020-12-11,-1.0334480984206085,-2.1035353406397617,-8.28444637809116,0.0,-4.89303209306331,-1.8853954216189628
2020-12-14,-1.4468503414996725,-2.160554845891949,-7.856829054714687,-0.07871696670743722,-4.103559676191171,-1.988954040368518
2020-12-15,-0.1720933165977101,-2.258347382727388,-7.504083836343744,-0.02738435540757811,-3.0903610327978837,-2.0524474294957407
2020-12-16,0.0,-2.339835084066577,-6.765059372452253,-0.3490826449819906,-1.617372769961567,-2.3330798579365597
2020-12-17,0.0,-2.410744704211343,-6.514766242100789,-0.3080165559421033,-0.8829501776778548,-2.293025617132005
2020-12-18,-0.34386620111417354,-2.4922907673777916,-6.83659295985316,-0.4004152562818497,-1.149396144571757,-2.329772223785076
2020-12-21,-0.7300160844433634,-2.4270422444791717,-8.898680456232889,-0.3490826449819906,-3.935747300837622,-2.2362134292144287
2020-12-22,-0.9282907247096572,-2.263993889516702,-7.814002465824855,-0.27379133371837616,-2.689750151842052,-2.1827638195372367
2020-12-23,-0.8528331559972457,-2.467822571290801,-6.920045267746988,-0.6297148455165158,-1.463264422728261,-2.5669658555454
2020-12-24,-0.49166215464964136,-2.329235117186912,,,,
2020-12-28,0.0,-2.321057166139362,-5.859162189438116,-0.4277891676179424,0.0,-2.470088438005491
2020-12-29,-0.2225495671821065,-2.3373692968640114,-5.251286179855508,-0.3388161227220188,-0.2096413938220909,-2.319739433152823
2020-12-30,-0.07776956778334787,-2.2721426596506,-5.322798502813075,-0.41752264535797057,-0.5185515708693633,-2.4634072367958337
2020-12-31,0.0,-2.206945203350874,,,,
2021-01-04,-1.4702272315236575,-2.182477007263872,-5.3824027374993815,-0.24640697831079805,-0.4608300804949561,-2.119270430410014
2021-01-05,-0.7605051088502179,-2.410744704211343,-5.3824027374993815,-0.36619003405812256,-1.0084654645121205,-2.2996848407060955
2021-01-06,-0.19228313824255494,-2.9814431274936215,-4.1189333074757695,-0.5373057011052951,0.0,-2.5034944440537332
2021-01-07,0.0,-3.3238957395136715,-3.6659900320795358,-0.5373057011052951,0.0,-2.5201974470778543
2021-01-08,0.0,-3.6010706477214605,-3.0938595517540413,-0.4312148230617652,0.0,-2.5001208769955707
2021-01-11,-0.6556325804062069,-3.7886017892277413,-3.725573002322502,-0.6570887568526196,-0.8033728885647906,-2.663876239538643
2021-01-12,-0.6142675734726044,-3.8048847390387497,-3.7613397960229555,-1.0438118354306747,-0.8859420970132259,-2.847631250439553
2021-01-13,-0.38619487211035697,-3.47062466852307,-3.5825589886290476,-0.6502478900364594,-0.7816653678993757,-2.5269116147408344
2021-01-14,-0.7486096521355456,-3.6907727762502396,-2.938894920902646,-0.5544235342529014,-0.4329687679310301,-2.323058056122085
2021-01-15,-1.4609191481192774,-3.429880817853481,-3.975887397117306,-0.598904834665126,-1.8634061039212613,-2.393221657641187
2021-01-18,,,-3.8090359424379994,-0.7255392013000739,-1.4319387207048395,-2.50684603347634
2021-01-19,-0.6553793378671124,-3.37277376986036,-4.023583543532361,-0.6570887568526196,-1.6688864222620836,-2.5369224277375313
2021-01-20,0.0,-3.3320153287339505,-3.2368735654474956,-0.6707809345564031,-0.912202427808595,-2.5034944440537332
2021-01-21,0.0,-3.47062466852307,-3.379930108027629,-1.0095866132069475,-1.016833650535609,-2.6939526337998454
2021-01-22,-0.30014233269564095,-3.3238957395136715,-3.856689559966364,-1.0506527022468348,-1.249583035576074,-2.6070860292566334
2021-01-25,0.0,-2.93253591623327,-4.703003772737535,-0.6194378791850697,-2.8867874600178145,-2.336453424994722
2021-01-26,-0.1482868267978943,-2.9651382919973712,-4.095095866489917,-0.687888323632535,-1.270790094669949,-2.4366824319572378
2021-01-27,-2.7121046205310306,-2.8509825578384107,-5.132088342704577,-0.5578387456252387,-3.053983330042098,-2.3598376292285006
2021-01-28,-1.7526171182307926,-3.103784107928531,-5.012911769996975,-0.6331300568888532,-2.730344562926401,-2.3798922216752283
2021-01-29,-3.6370978392893494,-3.2749739377965215,-6.931963988239909,-0.7221135458562622,-4.389186999481954,-2.5269116147408344
2021-02-01,-2.0902212657288644,-3.1542597932969985,-5.632727764515854,-0.8213635570836431,-3.042882814351211,-2.60038285041142
2021-02-02,-0.7282698265251741,-3.398970935080503,-4.345399629063051,-0.9069213906072293,-1.5258169704989721,-2.740732031085169
2021-02-03,-0.6281561564975835,-3.6355333067300766,-4.202364350926258,-0.9411361687594821,-0.8249413921269988,-2.854290474013643
2021-02-04,0.0,-3.6682159300066686,-3.522944121721072,-0.8932292129034458,0.0,-2.934508843800554
2021-02-05,0.0,-3.8721102688364595,-3.6063964296149,-0.9993200909469757,-0.025392879450425454,-3.0013208558970383
2021-02-08,0.0,-3.831344532481651,-3.3322445938342438,-0.9753613909832204,-0.002701813486383209,-2.961222659821361
2021-02-09,-0.09420387536874797,-3.75792535376388,-3.2964778001338013,-0.9411361687594821,-0.34487364229531803,-2.961222659821361
2021-02-10,-0.1261859282825517,-3.5131777358383354,-3.6183045178861617,-0.9924792241308156,-0.9055311956316481,-3.004639478866311
2021-02-11,0.0,-3.586596914556106,-3.129615713232825,-0.8418966016035867,-0.13783416102127743,-2.8877074688796633
2021-02-12,0.0,-3.904771006427843,-2.4263580430417875,-1.0643448799506183,-0.07396995791769667,-3.074847035656514
2021-02-15,,,-1.1747967012894378,-1.3655101250050872,0.0,-3.34296320064702
2021-02-16,-0.044577875581797155,-4.598197057250786,-1.3297400676974824,-1.5982249256121017,-0.31809009179609715,-3.523992984738733
2021-02-17,-0.06030066140039203,-4.532933943895346,-2.1998810892328358,-1.5982249256121017,-1.4189816410563938,-3.436840670933261
2021-02-18,-0.497984161362075,-4.541119190171283,-2.807767731037114,-1.9507227819664297,-1.5773137908437596,-3.577618415500383
2021-02-19,-0.6767933720122632,-4.924527214484831,-2.295241485397914,-1.991788871006317,-0.8239141069543487,-3.7652964343484085
2021-02-22,-1.4366080901948242,-5.079543522967944,-2.6885698938861724,-1.735115370435547,-1.1300233912980184,-3.5842886278922514
2021-02-23,-1.3107298598729167,-5.006146229935382,-3.0819514634827794,-2.029439748673867,-1.7340886433019453,-3.7251213165482855
2021-02-24,-0.18924909246185173,-5.136657866189487,-2.605149482657354,-2.2073962825371995,-0.9460339028473541,-3.8457235916731114
2021-02-25,-2.6186353749248825,-6.401205463542469,-3.1057570078036223,-2.847367206242213,-1.6311755144687412,-4.321682256136161
2021-02-26,-3.0699548836399915,-5.560882693456715,-4.464586833992323,-2.642026316971302,-2.2905905742122035,-4.180904511569028
2021-03-01,-0.7615357096127373,-5.667020971593139,-2.7601034812870795,-1.913082348370354,-0.6850723984067719,-3.681506698783321
2021-03-02,-1.562732176435322,-5.49558310395919,-2.605149482657354,-1.868590603886655,-0.49385705034873384,-3.5608384907518165
2021-03-03,-2.8439893085056456,-6.0016895748997605,-2.462124836742241,-2.2963797715046086,-0.2087262913593957,-3.8826240417750846
2021-03-04,-4.130523348097082,-6.466971947658207,-2.7601034812870795,-2.2176628047971714,-0.37663062873006803,-3.7719996131936107
2021-03-05,-2.25733511133136,-6.597593012338432,-3.4871985924639692,-2.3134871605807295,-1.3380367865467258,-3.8122186862648566
2021-03-08,-2.7801267345284986,-6.964951534150055,-1.5681463742210355,-2.3682454273244113,0.0,-3.959677632041636
2021-03-09,-1.3949744891503801,-6.524093586108148,-0.7933870132941001,-2.1663301934973123,0.0,-3.8457235916731114
2021-03-10,-0.7950620618292881,-6.3281948176156515,-0.4595990461621291,-2.1081462713098187,0.0,-3.7787357584921577
2021-03-11,0.0,-6.360877440892243,0.0,-1.7590740703993135,0.0,-3.6714409416977234
2021-03-12,0.0,-7.038407189009888,-0.333373013011784,-2.0465471377499878,-0.45986826913635426,-3.8759098741121045
2021-03-15,0.0,-6.924127435967964,-0.26647328752366084,-1.7522332035831534,-0.7410724070660013,-3.5977059744004447
2021-03-16,-0.15426617497761308,-6.940476042834687,0.0,-1.7830327703630688,-0.08105741281870804,-3.6010685526408293
2021-03-17,0.0,-7.095572598830291,-0.4150978774548508,-2.2176628047971714,0.0,-3.8457235916731114
2021-03-18,-1.471100453986851,-7.675105543717031,0.0,-2.282687593800814,0.0,-3.9864793586046887
2021-03-19,-1.5201458296730141,-7.732263658309025,-0.8654464169809084,-2.091038882233698,-1.0457806977493656,-3.8055264962374324
2021-03-22,-0.8280512044628985,-7.4302630878221425,-0.5809009077467175,-1.9780966933025335,-0.8007134372654545,-3.69156146705113
2021-03-23,-1.5844845422301246,-6.973107599512418,-0.723200047281769,-1.6872084145795108,-0.7681624985162006,-3.500531858780509
2021-03-24,-2.1165741123403525,-6.850642600194501,-0.6876331778733924,-1.570851014275998,-1.117591042827648,-3.4267859026654524
2021-03-25,-1.6005129076948732,-6.973107599512418,-0.7587458087557786,-1.420268391748769,-1.0433418558410512,-3.2357233279414865
2021-03-26,0.0,-7.283300711503637,0.0,-1.6324501478358289,-0.17988607105344778,-3.443543849778463
2021-03-29,-0.08664222449733527,-7.6016425936287995,0.0,-1.8720058152589925,0.0,-3.634584446866873
2021-03-30,-0.391732831453917,-7.683283494764592,0.0,-2.186863238017256,0.0,-3.9160959807300055
2021-03-31,-0.023050078873931845,-7.813926445130049,-0.16408315355215253,-2.0602393154537824,-0.0018023508250530895,-3.832328222800474
2021-04-01,0.0,-7.405488492141954,0.0,-1.868590603886655,0.0,-3.6010685526408293
2021-04-05,0.0,-7.66688382129902,,,,
2021-04-06,-0.09294051599133546,-7.217599884443593,0.0,-2.029439748673867,0.0,-3.66807836345735
2021-04-07,0.0,-7.274816360862868,-0.3128689723724265,-2.0089067041539233,-0.238743841871214,-3.6546829945847126
2021-04-08,0.0,-6.956248326657011,0.0,-1.8754314707028152,-0.06573463850827466,-3.5675306807792406
2021-04-09,0.0,-7.201302344175742,0.0,-2.248462371577087,0.0,-3.832328222800474
2021-04-12,-0.01797941066752351,-7.2585042301382074,-0.4386901596715065,-2.272421071540842,-0.12577100446288236,-3.82563603277305
2021-04-13,0.0,-6.874578244607566,-0.3001818480422913,-2.3169128160245522,0.0,-3.849097158731274
2021-04-14,-0.39675106927754555,-6.988930949933603,-0.06927984927599384,-2.522253705295463,-0.16548092834705042,-4.040148744637461
2021-04-15,0.0,-6.392655455846019,0.0,-2.2416215047609267,0.0,-3.8524487481538805
2021-04-16,0.0,-6.645880129183901,0.0,-2.4161523831804477,0.0,-4.033423588156692
2021-04-19,-0.5307132468482245,-6.7438696371864175,-0.0341716660425706,-2.6591441501189084,-0.5909562028008186,-4.227848741121032
2021-04-20,-1.2039778080090047,-6.46613299639106,-1.8674597547790106,-2.5051358721478567,-2.1361292024450584,-4.066950471200503
2021-04-21,-0.2845291398635652,-6.417160128075039,-1.2297846363946152,-2.4366958717718656,-1.7062389329549288,-4.033423588156692
2021-04-22,-1.1949931507450051,-6.343631520931126,-0.5351905311134497,-2.4709106499241185,-0.9005997428807033,-4.103817954849143
2021-04-23,-0.1118078187433702,-6.46613299639106,-0.6376852553366508,-2.5051358721478567,-1.1651539178350268,-4.080367817708696
2021-04-26,0.0,-6.564173570992415,-0.43270594384250405,-2.546201961187744,-1.057003872960427,-4.110543111329912
2021-04-27,-0.02082297147960599,-6.931721768742715,-0.4782411333599246,-2.6078115388190493,-1.3614739484791194,-4.123971446655883
2021-04-28,-0.10459806720571896,-6.809234883739601,-0.45551408641022473,-2.7549685059024664,-1.0839134688465202,-4.244584710598498
2021-04-29,0.0,-6.9725750478384585,-0.6832103079018159,-3.0287493955493683,-1.9764213825417598,-4.465789612490334
2021-04-30,-0.7115213453051661,-6.890919556245856,-0.990664069714664,-3.0116420064732363,-2.0947288523423757,-4.402142379914197
2021-05-03,-0.43854170414289184,-6.732365061983925,-0.18218130587868142,-2.92608417294965,-1.4442683318779403,-4.355209139179972
2021-05-04,-1.103382100660577,-6.609746862869404,-1.8105103570254855,-2.7036358946026073,-3.9021946101974514,-4.164135575638229
2021-05-05,-1.0332489471088557,-6.495306614802454,0.0,-2.826834161722269,-1.8691746410032462,-4.201025036922424
2021-05-06,-0.2094832716172057,-6.454416859564683,-0.03409079406853088,-2.8542185171298473,-1.701254972590116,-4.190970268654615
2021-05-07,0.0,-6.4217196458312475,0.0,-3.0629746177730954,-0.3887489084558271,-4.284814772487522
2021-05-10,-1.0415583180200527,-6.609746862869404,0.0,-3.0184828732893965,-0.383834432963015,-4.321682256136161
2021-05-11,-1.8985349929456663,-6.7650403900320955,-1.8693768068954952,-3.4120468186836117,-2.1992593670660865,-4.6434238518883175
2021-05-12,-3.989386055451394,-7.2145796598818706,-1.5765642484367404,-3.7029455414781087,-2.0021686860233867,-4.878090055559459
2021-05-13,-2.8042296644592457,-6.903970719871255,-1.542809801561551,-3.8295694640415823,-1.6822413848865625,-4.935034109290381
2021-05-14,-1.3465236420080684,-6.6996605530221025,-0.40540424032845523,-3.850102508561526,-0.2788554249745334,-4.8847602679513376
2021-05-17,-1.5959588955238968,-6.78956694794638,-0.5067578066807688,-4.021218175608709,-0.40834995916816386,-4.922517845840069
2021-05-18,-2.4219867519053806,-6.78956694794638,-0.3716297432917681,-3.9801520865688222,-0.47329304726790866,-4.969549985934318
2021-05-19,-2.695436510582383,-7.067456788538329,-1.7229805527468667,-3.9938442642726057,-2.239301603761379,-4.922517845840069
2021-05-20,-1.6595678855944929,-6.683297355698581,-0.3941360495688162,-3.832995119485405,-0.5788595182651735,-4.996483578310706
2021-05-21,-1.7327448946117707,-6.6506074371935675,0.0,-3.6687203192543816,-0.14385895227930767,-4.828354666291579
2021-05-24,-0.7489947468131031,-6.560730223182931,,,,
2021-05-25,-0.9584910222867005,-6.2174240694389145,0.0,-3.2751563738601552,0.0,-4.589600622406643
2021-05-26,-0.7712978989919517,-6.323671776001472,0.0,-2.960309395173377,-0.09291971357868745,-4.371011059146213
2021-05-27,-0.6469247653668408,-6.487121368526516,0.0,-3.155373318112842,-0.37736201722478047,-4.55596385118503
2021-05-28,-0.5581677766013149,-6.495306614802454,0.0,-3.0458672286969635,0.0,-4.47862455165623
2021-05-31,,,-0.44484630512141576,-3.042441573253152,-0.6369246800054906,-4.47862455165623
2021-06-01,-0.6040187013097831,-6.512472287251092,0.0,-3.0595489623292837,0.0,-4.535766404107178
2021-06-02,-0.4497191158572611,-6.40610056180555,0.0,-2.9158176506896782,0.0,-4.408021397425976
2021-06-03,-0.7948567842032794,-6.643348684925665,-0.12158793787802047,-3.0082163510294246,0.0,-4.465174238694702
2021-06-04,0.0,-6.128072111873795,0.0,-2.847367206242213,0.0,-4.323934963780851
2021-06-07,-0.07731373253112572,-6.201644490388203,0.0,-3.0184828732893965,-0.10036385631688738,-4.421449732751947
2021-06-08,-0.05776045334294766,-5.931742924905114,0.0,-2.73785067275486,-0.33327670442134805,-4.276847879597723
2021-06-09,-0.23616053097867962,-5.6373075062793765,0.0,-2.522253705295463,-0.7121739092555868,-4.115433135241576
2021-06-10,0.0,-5.301960446730625,0.0,-2.4640697831079694,-0.7753867101278011,-4.108707978760817
2021-06-11,0.0,-5.4410366811379784,0.0,-2.231354982500955,0.0,-3.980930005626271
2021-06-14,0.0,-5.735464804535306,0.0,-2.4195780386242705,-0.12508472357153355,-4.088543498136299
2021-06-15,-0.19760364482184212,-5.719123492897015,0.0,-2.5667350057076876,0.0,-4.19613501301076
2021-06-16,-0.7342558661582288,-6.365225397024565,0.0,-2.4640697831079694,-0.12046915172680972,-4.098609255221886
2021-06-17,-0.7749240423063797,-6.029922108846275,-0.06571137170774399,-2.6762515391950292,-0.011758842165043859,-4.223035638933825
2021-06-18,-2.072157216151904,-5.498260452785663,-1.631476722338021,-2.7789272058662218,-1.7894983481744786,-4.165893786482878
2021-06-21,-0.6965225068455205,-5.8008811176873625,-0.9635575644169392,-2.9192328620620156,-0.8028172546791335,-4.397922673887056
2021-06-22,-0.18766278027776417,-5.629151440917068,-0.7445904718607621,-3.0013754842132645,-0.5924494574666372,-4.465174238694702
2021-06-23,-0.29555591499093037,-5.817207838868854,-1.5438744351767175,-2.898699817542072,-1.7364159297419746,-4.364296891483221
2021-06-24,0.0,-5.833636693248057,-0.5037034948407126,-2.8097267726461372,-0.8918839651858801,-4.3575497573669075
2021-06-25,0.0,-6.029922108846275,-0.38324069365716085,-3.1245737513329264,-0.7727496345073748,-4.508876767001901
2021-06-28,0.0,-5.735464804535306,-1.0840107092637274,-2.847367206242213,-1.11471837014252,-4.327297542021236
2021-06-29,0.0,-5.686375212564732,-0.6898293860481797,-2.9123919952458555,-0.24749444776528406,-4.4147245762711895
2021-06-30,0.0,-5.539150208023447,-1.4124903171083059,-2.600960227931415,-1.2618280666054638,-4.209607303607854
2021-07-01,0.0,-5.607127146347402,-0.8102728745582155,-2.5530532720753674,-0.7991977166737385,-4.229771784232361
2021-07-02,0.0,-5.263332212299909,-0.536544696189456,-2.3169128160245522,-0.5049721152778797,-4.075071207539205
2021-07-05,,,-0.2299656601351674,-2.5154023944078285,-0.429446077823914,-4.223035638933825
2021-07-06,-0.19760527844341347,-4.7640905512931315,-0.7117106451649646,-2.0602393154537824,-1.3868169844865275,-3.8766790913566385
2021-07-07,0.0,-4.485799473138618,-0.054780398486120596,-1.9986401818939514,-0.23401585941242864,-3.779153333567764
2021-07-08,-0.8364977913835836,-4.240285856230031,-1.8395031853358113,-1.9678301710425616,-1.9636955992129668,-3.6446502039524598
2021-07-09,0.0,-4.723157024684865,-0.5037034948407126,-2.0465471377499878,-0.26440632002378006,-3.7455715064350525
2021-07-12,0.0,-4.7722685023406815,0.0,-1.9541484374102414,0.0,-3.7119237463956622
2021-07-13,-0.35132081499068546,-5.066908187361918,0.0,-1.8514727707390488,-0.00551038060464526,-3.7186379140586534
2021-07-14,-0.2231554212945186,-4.657653168791898,-0.1640746695043216,-1.7898736371792179,-0.009684911365748228,-3.651386349251007
2021-07-15,-0.5465430273586036,-4.256634463096731,-0.9515559169077981,-1.7248488481755753,-1.018647350607771,-3.570662493846266
2021-07-16,-1.2963105804811859,-4.2729976604202635,-1.2906049841081013,-1.5468923143122426,-1.5844972646619104,-3.4597303783669764
2021-07-19,-2.8609019270490754,-3.454553280335926,-3.5218179280465556,-1.4408014362687127,-4.162687462715253,-3.284854332231524
2021-07-20,-1.385266778192673,-3.577302793561832,-3.171840195323128,-1.2662601137777174,-3.6366161884468506,-3.096516984316755
2021-07-21,-0.5724007699765998,-4.133884949870836,-1.5312381869372782,-1.3586588141174638,-2.330575586775141,-3.1940537309234074
2021-07-22,-0.364469001038481,-3.912890595648122,-0.984370850808669,-1.0951444467305338,-1.747693587215715,-3.0629021907307097
2021-07-23,0.0,-4.060195847701909,0.0,-1.0198531354669194,-0.7676745612506308,-3.0696383360292567
2021-07-26,0.0,-4.125663227452836,-0.0218406977847585,-1.0438118354306747,-1.0862809334275525,-3.0629021907307097
2021-07-27,-0.4708153543001914,-3.716444685024878,-0.6773217543273202,-0.9137622574233895,-1.7186264841384524,-2.8981468457697446
2021-07-28,-0.4887250215016792,-3.6345995174936085,0.0,-0.9000700797195949,-1.394188137876029,-2.8443126274702912
2021-07-29,-0.05841584168914116,-3.929275678656874,0.0,-0.8555783352358959,-0.9501912306157934,-2.8443126274702912
2021-07-30,-0.5909023768323363,-3.6591625515499215,-0.38057385643252006,-0.8453118129759241,-1.5586584653732305,-2.803961688585699
2021-08-02,-0.7738587995051449,-3.236579150674934,0.0,-0.598904834665126,-1.40451005171347,-2.659370824249241
2021-08-03,0.0,-3.2119942309333904,0.0,-0.5715309233290222,-1.490956853163261,-2.672854103664113
2021-08-04,-0.46226232104188414,-3.236579150674934,0.0,-0.5030804788815679,-0.6230317087461468,-2.6022399606160818
2021-08-05,0.0,-3.588719826023423,0.0,-0.41752264535797057,-0.29029996137167613,-2.6392173324425117
2021-08-06,0.0,-4.1538519900288895,-0.021443265935983113,-0.7015805013363186,-0.1840318694191989,-2.8846965328082175
2021-08-09,-0.08634039393914383,-4.358592575354248,0.0,-0.6741961459287404,-0.2856121179392157,-2.8981468457697446
2021-08-10,0.0,-4.538770126623303,0.0,-0.6570887568526196,-0.125390535083314,-2.9014874463745732
2021-08-11,0.0,-4.432288972751608,0.0,-0.7186878904124505,0.0,-2.9014874463745732
2021-08-12,0.0,-4.530548404205293,0.0,-0.6228635346288813,0.0,-2.8779603875096704
2021-08-13,0.0,-3.9818523898074165,0.0,-0.6399813677764876,0.0,-2.8846965328082175
2021-08-16,0.0,-3.7689046725208564,-0.47535938643351594,-0.687888323632535,-0.32364358462209086,-2.8732242070469094
2021-08-17,-0.6998859565965687,-3.818045331090303,-0.4542128432179493,-0.7015805013363186,-0.3473036536684182,-2.8664770729305844
2021-08-18,-1.7483866163414241,-3.8671859896597605,-0.27465353904169154,-0.5681052678852105,-0.07179312090368484,-2.7787753182361596
2021-08-19,-1.6183620756736183,-3.6542674532868524,-1.8379792847717402,-0.5544235342529014,-1.3245604657788013,-2.7517977705886487
2021-08-20,-0.8125592494387823,-3.744363524149763,-1.4682594578380281,-0.47570656754546414,-1.0602473617128294,-2.718051111189257
2021-08-23,0.0,-3.7197786044082304,-0.8133500828860663,-0.6399813677764876,-0.7801649530383425,-2.7922805752865876
2021-08-24,0.0,-3.9818523898074165,-0.8239513014672628,-0.6331300568888532,-0.44807439982362807,-2.815873567058158
2021-08-25,0.0,-4.358592575354248,-0.8661698626359682,-1.1704357579941482,-0.7309072686042528,-3.1296372811027484
2021-08-26,-0.5787091043621961,-4.358592575354248,-1.0774396659777752,-1.2046609802178865,-1.1504991259954633,-3.1700871193473534
2021-08-27,0.0,-4.047341655243564,-0.5915442705676899,-1.129369668954261,-0.78667437528952,-3.1363404599479616
2021-08-30,0.0,-3.8590080386121994,-0.5175965789178227,-0.9479874796471166,-0.5641132556346684,-3.0385070152612714
2021-08-31,-0.12345007602415636,-4.0391709994244245,-0.9189896423858701,-1.4510679585286845,-0.8909473739798779,-3.3556113299106793
2021-09-01,-0.08564995224322747,-3.998171815760465,-0.538724490817788,-1.4544831699010219,-0.9585414591215313,-3.4129729587172086
2021-09-02,0.0,-3.8834616442423586,-0.23239771524177222,-1.3175927250775765,-0.8565238377182038,-3.345512606371759
2021-09-03,-0.030951316570992926,-4.112940349105876,-0.8450326350782023,-1.5160927475323271,-1.2282332407283936,-3.4871804451789834
2021-09-06,,,-0.1373407430075524,-1.4134170808611346,-0.2836518946788935,-3.4466976404810445
2021-09-07,-0.36754688428055626,-4.489928572418666,-0.6549280062675744,-1.8891236484065987,-0.8408767757810853,-3.773911667487162
2021-09-08,-0.4954789927740011,-4.227672406309213,-1.573899017337832,-1.8514727707390488,-2.297991082274875,-3.7435715415992665
2021-09-09,-0.9453254278168344,-3.9572018130101916,-1.6161734724533638,-1.3689253363774356,-2.2174392739665483,-3.5209161157605973
2021-09-10,-1.7055619825391277,-4.260435277098318,-2.0070025799714286,-1.6529831923557725,-2.300937130655234,-3.7098248821998747
2021-09-13,-1.4809585952889393,-4.145695924666571,-1.785168820679639,-1.6153323146882337,-1.7275639926632391,-3.6963306139672247
2021-09-14,-2.022926465552577,-3.785107374819363,-1.6901025327876185,-1.4579088253448336,-1.5925591863870103,-3.655847809269286
2021-09-15,-1.1900059024160692,-3.9490019762773887,-2.52344401732153,-1.735115370435547,-2.262192315960143,-3.8177900168788192
2021-09-16,-1.3402332759461566,-4.252220849908717,-1.9711186661095947,-1.7522332035831534,-2.0384393302593007,-3.858250843941202
2021-09-17,-2.2386571420524137,-4.530876689483721,-2.7889682117150927,-1.9336153928902977,-3.0497407263500587,-4.006687794500319
2021-09-20,-3.897854052368188,-4.047356245700384,-4.552217289581417,-1.7556484149554907,-5.2910906668392705,-3.7908014804135304
2021-09-21,-3.9714872344905783,-4.104755102829893,-3.3306830286880307,-1.6119171033158852,-3.9362384670915684,-3.7435715415992665
2021-09-22,-3.0573194653552127,-4.014593374911268,-2.534063867218339,-1.5571588365722144,-2.946030043948078,-3.767175522188626
2021-09-23,-1.8770322763424385,-4.883316469197007,-1.599340078801148,-2.0739210490860915,-2.0871346984050243,-4.182102292706946
2021-09-24,-1.732396774006173,-5.170135669362752,-2.5765432668055643,-2.378511949584383,-2.7894983032411558,-4.357516790913563
2021-09-27,-2.003066037419521,-5.424221179653033,-2.746498127785668,-2.4161523831804477,-2.5258147489328087,-4.374384626204375
2021-09-28,-3.993462669255987,-5.78482431995705,-4.838990499426387,-2.7002102391587957,-4.561937580569375,-4.519448009705329
2021-09-29,-3.833403094161847,-5.686462755305632,-4.27602666700203,-2.583852838855283,-3.831470385582114,-4.431724277375338
2021-09-30,-4.9721742505474005,-5.571723402873907,-4.350374931937473,-2.7515428504586548,-4.4860126573729175,-4.5329312891201905
2021-10-01,-3.8795721413802498,-5.1862727146055665,-4.5415881240268074,-2.5051358721478567,-5.138495140150923,-4.357516790913563
2021-10-04,-5.122092110911769,-5.301077724093018,-5.14703135603839,-2.5427867498153955,-5.888869554173026,-4.3777801708980935
2021-10-05,-4.112625238054313,-5.596352093985891,-3.8830270112155896,-2.7720758949785984,-4.900348079894634,-4.559930814403268
2021-10-06,-3.718986393904411,-5.571716107645486,-4.99829756353628,-2.843941550798401,-6.284550745041573,-4.5767766720585135
2021-10-07,-2.8976828915875497,-5.948974254409444,-3.4050499249390853,-2.734435461382523,-4.547537393880374,-4.549788135593225
2021-10-08,-3.0820392501899163,-6.1539920584143815,-3.7555701811383124,-2.99452417332563,-4.827497559883476,-4.775828117307823
2021-10-11,-3.7474100196220994,-6.383645848759711,-3.659954269435839,-3.189598540336569,-4.871248211971723,-4.92426506786694
2021-10-12,-3.9801432860249286,-5.957181386370625,-3.713100097208888,-3.3538733405675925,-5.198394049128963,-5.126635136085522
2021-10-13,-3.6879319062781746,-5.776763092564064,-3.0863799027724848,-3.1587989735566535,-4.556803388371266,-4.978220163161962
2021-10-14,-2.0337078408248055,-5.5553237294083235,-1.8436338890589044,-2.7036358946026073,-3.2215466888463773,-4.634127312047265
2021-10-15,-1.302833768422873,-6.022772785004527,-1.1638330764540683,-2.874751561649791,-2.4414428571437274,-4.731993723187289
2021-10-18,-0.9697356994858297,-6.1539920584143815,-1.673697659394402,-3.131425062220561,-3.1480054977419014,-4.964725894929323
2021-10-19,-0.2361172770145914,-6.4902510215143705,-1.2700781537111516,-3.4052059518674516,-2.8891383046860675,-5.146898516070042
2021-10-20,0.0,-6.531257500406706,-0.9301591160931211,-3.2580489847840344,-2.8447642149737606,-5.038944370208876
2021-10-21,0.0,-6.777289078532423,-1.0363762463767912,-3.487338129947226,-3.159960831003239,-5.254830684295664
2021-10-22,-0.10571052552645899,-6.53945733713951,-0.6221182594811303,-3.5557885743946915,-2.719208767195491,-5.302060623109927
2021-10-25,0.0,-6.424674213337278,-0.5052812793006511,-3.3264889851600143,-2.3671498736102414,-5.113140867852872
2021-10-26,0.0,-6.309840022936209,0.0,-3.3641398628275643,-1.3793251825587327,-5.109800267248044
2021-10-27,-0.5033806441331223,-5.784933748383203,-0.48770336625972854,-3.0116420064732363,-1.7000899522697344,-4.850046592587387
2021-10-28,0.0,-6.030994507422561,-0.13782153088087723,-3.3880985627913196,-1.7594204328258534,-5.01871395667769
2021-10-29,0.0,-5.989944257159719,-0.13782153088087723,-4.07597644235238,-1.806740570918508,-5.393146933680281
2021-11-01,0.0,-5.997356209224247,0.0,-4.151267753615995,-1.071200305068809,-5.315565880160344
2021-11-02,0.0,-5.767578399995932,0.0,-3.4394311740911787,-0.14389184848583314,-4.870266017300795
2021-11-03,0.0,-6.063013264913819,0.0,-3.312807251527705,-0.10927883608351507,-4.839914902595122
2021-11-04,0.0,-5.554192969004779,0.0,-2.66941067237888,0.0,-4.3777801708980935
2021-11-05,0.0,-5.037143655449283,0.0,-2.2518880270208985,0.0,-4.087653403896196
2021-11-08,0.0,-5.447507548737606,0.0,-2.4572289162918093,-0.04883919471595499,-4.2596833462268835
2021-11-09,-0.34276229368364053,-5.012522259565699,-0.17729932054928454,-2.097879749049847,-0.08652244434421696,-3.9932045150854467
2021-11-10,-1.140421359760213,-5.824991847582261,0.0,-2.62491892789517,0.0,-4.330517265630496
2021-11-11,-1.0858842205049068,-6.128714091973874,0.0,-2.741276328198683,0.0,-4.408120296785989
2021-11-12,-0.36209719493902615,-5.931706448763075,0.0,-2.590693705671443,0.0,-4.202387650327022
2021-11-15,-0.35893763759101693,-6.301027387016978,0.0,-2.7070511059749447,0.0,-4.286825726141075
2021-11-16,0.0,-6.383106001857374,0.0,-2.6317597947113303,0.0,-4.246200066812012
2021-11-17,-0.24044793559236943,-6.046599000991437,0.0,-2.6762515391950292,0.0,-4.276683047331032
2021-11-18,0.0,-5.989178258176697,-0.3806294274932509,-2.3545532496206167,-0.1809068924714774,-4.097235652999509
2021-11-19,-0.13766839449183,-5.734727986465904,-0.7612317889673315,-1.902805382038908,-0.5609465736066355,-3.718033529080811
2021-11-22,-0.44765296967842483,-6.424134366434964,-0.8743948150890191,-2.2861132492446368,-0.8334156092632217,-3.982116797946411
2021-11-23,-0.2814289255038904,-6.809847682926041,-2.252858149068626,-2.8781667730221283,-1.9329725691549005,-4.3274623742879275
2021-11-24,-0.048260833932123326,-6.5226126547409224,-2.067690489966234,-2.977416784249509,-2.2936265789692434,-4.344418120120963
2021-11-25,,,-1.6665089319216508,-2.8336750285384293,-2.0500077007866713,-4.246200066812012
2021-11-26,-2.3175320774800667,-5.316193437358441,-5.380111113226271,-2.2005554157210394,-6.117050635361476,-3.718033529080811
2021-11-29,-1.0218021095461438,-5.529586163577993,-4.618879324258939,-2.265580204724693,-5.970474288536554,-3.8602398199592103
2021-11-30,-2.8856883012920664,-4.96330135348374,-5.503541182617234,-2.1902888934610676,-7.08258446212604,-3.782351079541457
2021-12-01,-4.024848376247181,-4.784239972161409,-3.744484509169943,-2.381937605028195,-4.790189768656106,-3.9008764681060515
2021-12-02,-2.6473309794270317,-4.989549585302755,-4.937753118027965,-1.9644149596702132,-6.0796974633434475,-3.680792425627677
2021-12-03,-3.4653243328465533,-4.43107796483555,-5.421242440348073,-1.8822723375189643,-6.652764588423754,-3.680792425627677
2021-12-06,-2.3300338560068967,-4.907441789548727,-4.125086870644001,-1.735115370435547,-5.355565120862693,-3.657089545678316
2021-12-07,-0.3063233400465881,-5.268832814521018,-1.7796539140305656,-1.8275245148467678,-2.6902095809804516,-3.7451099760883344
2021-12-08,0.0,-5.572700963480825,-2.3660121531839273,-2.4606441276641466,-3.4707742977246103,-4.114180410014767
2021-12-09,-0.7059993824725441,-5.3344898702106125,-2.5408766809915106,-2.1663301934973123,-3.765092775700629,-3.867008931711091
2021-12-10,0.0,-5.268832814521018,-2.849483431491262,-2.080772359973726,-3.863240999408879,-3.9177882586679758
2021-12-13,-0.9114538355778357,-4.817104976148245,-3.158081159984627,-1.7864479817354062,-3.873023973032641,-3.734956308460513
2021-12-14,-1.6374457003119458,-4.981364339026784,-4.197082481618342,-1.9336153928902977,-4.907783755660744,-3.836547928827627
2021-12-15,-0.027366973496789626,-5.1209658298796645,-3.8340098785556775,-1.9267640820026743,-4.767547112259085,-3.8534597193895515
2021-12-16,-0.8972705180295915,-4.844761187050395,-2.7157141427799236,-2.1629045380535006,-3.782687706149279,-3.927952915113575
2021-12-17,-1.911392569188708,-4.6310182898671615,-3.357693051313837,-1.841206248479077,-4.427011895867572,-3.72819818552641
2021-12-20,-3.0274801035174326,-4.7132209235905105,-4.600303013106544,-1.9507227819664297,-6.2239362323184615,-3.782351079541457
2021-12-21,-1.2961849845087081,-5.091405564362517,-2.9952610107046973,-2.494869349887885,-4.94543738755665,-4.127696655882973
2021-12-22,-0.28094450007467575,-5.000952027307514,-2.187592954859563,-2.6386111055989647,-4.046858039978829,-4.215739063928547
2021-12-23,0.0,-5.198244184426304,-1.3177813190155319,-3.0013754842132645,-3.044836365644532,-4.466284109290386
2021-12-27,0.0,-5.1653718852110675,-0.6550788618089332,-3.0800820068492274,-2.5590828810761135,-4.530645615022156
2021-12-28,-0.10101595805021013,-5.18180803481868,0.0,-3.0732411400330673,-1.7686750987326194,-4.567886718475278
2021-12-29,0.0,-5.666831295654462,-0.49578831007224267,-3.535255529874748,-2.4544747699934533,-4.848881777902802
2021-12-30,-0.28979999142241253,-5.354442319911823,-0.17558756863050862,-3.4052059518674516,-2.253809635952597,-4.794695917434422
2021-12-31,-0.5468261994596935,-5.46131012088924,,,,
2022-01-03,0.0,-6.340954172104663,0.0,-3.8706355530814696,-1.4177439705664652,-5.184084675434275
2022-01-04,-0.05631766427443008,-6.390269916155966,0.0,-3.8706355530814696,-0.6062318864006877,-5.204392010689918
2022-01-05,-1.9870826944640374,-6.784854230393544,0.0,-3.9185529530089913,0.0,-5.190864776003934
2022-01-06,-2.074445033920802,-7.015055162869633,-1.2800704946186792,-4.106776009132296,-1.3503140508089206,-5.316115321049297
2022-01-07,-2.4532386543615115,-7.31920782573745,-1.536082809049233,-4.390833865110643,-1.9912410504401845,-5.505716383008652
2022-01-10,-2.593828765539341,-7.343894878676716,-3.133623563304544,-4.301850376143235,-3.0941998786239933,-5.512507472396089
2022-01-11,-1.7016271490785662,-7.121915668618639,-2.2119774468613573,-4.411366909630587,-2.027688660946114,-5.587000668120123
2022-01-12,-1.4231287202597809,-7.105464928554195,-1.6180356584565736,-4.188918631283545,-1.6066476408499342,-5.444794377241724
2022-01-13,-2.816407912456931,-6.809526692875989,-1.6282518819265124,-3.935660342085112,-1.4759331740593407,-5.295796996975877
2022-01-14,-2.735011591955394,-7.450748089197312,-2.570401825036872,-4.253943420287188,-2.3876335712200603,-5.515881039454252
2022-01-17,,,-1.914984246494189,-4.469540387746596,-2.0774057703535243,-5.675010109712353
2022-01-18,-4.5220091686245745,-8.149514247216327,-2.9083402214770127,-4.568790398973976,-3.0678349267134752,-5.688570310851682
2022-01-19,-5.445255460267672,-7.927542332386672,-2.713768007320705,-4.644081710237591,-2.8394627095272518,-5.729206958998523
2022-01-20,-6.481826962130355,-7.730264765724693,-2.201734455993687,-4.486658220894202,-2.208858431791294,-5.681768232646456
2022-01-21,-8.249711901527645,-7.195896579924,-4.0655215930813,-4.281317331623291,-4.104476268302426,-5.461728145439205
2022-01-24,-7.995398197757009,-7.278062737505298,-7.834085675659086,-4.096509486872324,-7.747292806167128,-5.207765577748081
2022-01-25,-9.11485266653841,-7.401403164232379,-7.045553828166151,-4.202600364915854,-7.05443411318697,-5.285643329348055
2022-01-26,-9.249972307566734,-8.059082595846546,-5.376329982768913,-4.3737160319630375,-4.992458411433931,-5.302599075181091
2022-01-27,-9.73263684434521,-7.672698118341758,-4.6594901488838385,-4.363449509703066,-4.593731275062607,-5.50234281595049
2022-01-28,-7.524072983650775,-7.4589625163869355,-5.683548329071952,-4.479817354078042,-5.855545990366739,-5.597143346930167
2022-01-31,-5.77578651368783,-7.4589625163869355,-4.997419622858068,-4.849422599508502,-4.919875272711904,-6.0237732083831546
2022-02-01,-5.1287455230566215,-7.584046502703989,-3.7583032467782718,-5.0889887110031395,-4.009159135080742,-6.162572965750057
2022-02-02,-4.233862113058972,-7.394771801607735,-3.5125339232153996,-5.116362622339244,-4.043698242352544,-6.247219829101902
2022-02-03,-6.565302644287296,-7.789757353407878,-5.263683850622214,-6.38946360293311,-5.551217745095027,-7.164797102468523
2022-02-04,-6.06771334347751,-8.497401804401793,-6.37992894861944,-7.00206061530203,-7.203837507874078,-7.550768338139113
2022-02-07,-6.413373210437234,-8.472751227604569,-5.8371753471552985,-7.286108027208893,-6.545763987048103,-7.67605184963781
2022-02-08,-5.626237657433908,-8.768973977190752,-5.785960392816913,-7.600965449967156,-6.326118070812914,-7.960442453759042
2022-02-09,-4.244307504552247,-8.645538712494316,-4.16792473436034,-7.200550193685307,-4.853443756049591,-7.625239556227581
2022-02-10,-5.966825436617363,-9.484840150602702,-4.444431952992167,-7.970570695397616,-4.801632094350639,-8.13989534249946
2022-02-11,-7.7470505129416,-8.546819681650831,-5.028157517927023,-8.045862006661231,-5.203065944428231,-8.065396652366562
2022-02-14,-8.09469257512423,-9.180388383370097,-6.615446358848731,-8.011636784437492,-7.1152781565443135,-7.909663126802169
2022-02-15,-6.63495154310011,-9.451931375245415,-5.263683850622214,-8.17933724011234,-5.279334054803575,-8.082132621844007
2022-02-16,-6.540233704703436,-9.262685855062792,-5.407041110440137,-7.802880683794244,-5.381595018974606,-7.844164278430254
2022-02-17,-8.507717929733127,-8.777195699608765,-6.062458688982819,-7.450382827439917,-6.170941153763421,-7.561998909909273
2022-02-18,-9.149881165453056,-8.480951064337361,-6.68714729492248,-7.299800204912687,-7.554443955782264,-7.296838736901334
2022-02-21,,,-8.018423821413634,-7.515407616443559,-9.46812655561018,-7.334266650256693
2022-02-22,-10.0701347309753,-8.489180081983772,-8.059404707350259,-7.700205017123052,-9.702398328391226,-7.606195935016524
2022-02-23,-11.725491224899475,-8.96646310547663,-8.19252789876641,-7.672831105786959,-10.081212214036594,-7.548438708769956
2022-02-24,-10.397983990858584,-8.75249405621268,-11.264711361796708,-7.104725837901748,-13.641128892866472,-7.184675873830793
2022-02-25,-8.3833448961388,-8.777195699608765,-8.141339711825779,-7.399050216140058,-10.47533013505001,-7.57900959983121
2022-02-28,-8.597062464412797,-7.740354066615662,-8.356388985251517,-6.741961459287438,-11.128062247453407,-6.936515401927002
2022-03-01,-10.008949028432845,-6.841815373818461,-10.619527851655796,-4.558523876714005,-14.546071508135261,-5.304785849919124
2022-03-02,-8.328222378984062,-8.241959381627261,-9.871976890099488,-5.4722861341373825,-13.96063514027379,-6.0594648885294315
2022-03-03,-8.798449612403104,-7.846638249320281,-11.520750443625005,-5.60917657896084,-15.81483005438874,-6.018652419298121
2022-03-04,-9.51573221708536,-6.932443996355319,-14.787479353413879,-4.921288255328305,-19.525926596324915,-5.185798931007801
2022-03-07,-12.185477116333487,-7.32774324297708,-15.8320502827351,-5.492819178657326,-21.123109741576663,-5.763711846824671
2022-03-08,-12.818380391036587,-7.928994082840246,-15.8320502827351,-5.968515302131316,-21.142410830887894,-6.5795766228286094
2022-03-09,-10.564342639934242,-8.497277785518841,-11.561695639697977,-6.574271447684077,-14.895879745571317,-7.177895773261134
2022-03-10,-10.939949201389087,-8.917307856450362,-13.425500621717424,-7.672831105786959,-17.389957383963008,-7.782984035445528
2022-03-11,-12.08915603180063,-8.942016795074847,-12.514097496141929,-7.614647183599466,-16.24680595779495,-7.779577501934032
2022-03-14,-12.722467405520222,-10.095071416638534,-11.561695639697977,-8.3470272517157,-14.39697419415551,-8.466263230536608
2022-03-15,-10.85199414669411,-10.136238390555896,-11.588668254151802,-7.932930261801541,-14.469743381934952,-8.092330244742952
2022-03-16,-8.854368894304299,-10.259804969363696,-8.951214097781657,-8.223818540524563,-11.252691109591773,-8.547849708137012
2022-03-17,-7.7234682197749205,-10.432767539735298,-8.571500715938662,-8.199870284632283,-11.576446477407165,-8.564876881285599
2022-03-18,-6.6463005824155985,-10.169205527740488,-7.606812623933057,-8.045862006661231,-11.422619916419563,-8.391484325550325
2022-03-21,-6.682018963000969,-11.338740070282228,-7.740257024122066,-8.699525108070027,-11.951881472106562,-8.986374964835786
2022-03-22,-5.627131588612877,-11.824624168070386,-6.806360361980868,-9.052022964424356,-11.053204508964921,-9.292336618257258
2022-03-23,-6.7801181932484855,-11.231668002909334,-7.873674656913343,-8.812456852929717,-12.218105670103096,-9.125757129544976
2022-03-24,-5.434800352131153,-11.725832184942808,-8.0070833672387,-9.164954709284046,-12.278703648578059,-9.496305559462703
2022-03-25,-4.955118824830295,-12.631790125032927,-7.873674656913343,-9.425053865298628,-12.082229842364834,-9.836261120683588
2022-03-28,-4.275944894972805,-12.434118616036816,-7.771030609054663,-9.592743876901999,-11.39631498033401,-10.006214176454042
2022-03-29,-3.102465889723871,-11.99760862412722,-6.098228854826482,-10.030799566779914,-8.919875992901805,-10.492342991771563
2022-03-30,-3.702439460454232,-11.651683483384033,-6.539525096398324,-10.256673500570768,-10.23676122920092,-10.682702282157674
2022-03-31,-5.2032721767807155,-11.486949930658863,-7.1963167346915435,-9.442171698446234,-11.412417226174199,-9.914457547999145
2022-04-01,-4.879999455867978,-12.063316746415687,-6.867934299243805,-9.750177810316863,-11.217413807672806,-10.043614617764963
2022-04-04,-4.1096834123296455,-12.121036593595258,-6.026403004229963,-9.49691952111843,-10.776897652372973,-9.737680436387919
2022-04-05,-5.297990015177401,-13.168193679560025,-6.005890255096869,-10.420948300801792,-11.35335565281853,-10.301978206976592
2022-04-06,-6.2178549149696565,-13.473272836435878,-7.309203773417905,-10.732380068116232,-13.029081508212082,-10.448151461073207
2022-04-07,-5.8072295712434,-13.687672304176024,-7.340004125748234,-10.910336601979564,-13.481030678169216,-10.652114907869759
2022-04-08,-6.055178873685585,-14.124656485932263,-6.180351231086146,-11.201235324774073,-12.217985638453143,-10.947878938392297
2022-04-11,-7.640779585721202,-14.536917138607164,-6.590856042793569,-11.769340592659283,-12.776558923056836,-11.600576253604334
2022-04-12,-7.95330569919993,-14.124656485932263,-7.011603845368675,-11.498974914384718,-13.193416840152416,-11.37281102749842
2022-04-13,-6.907182737022932,-13.935009728187097,-6.960272898973418,-11.368925336377433,-13.491539449121948,-11.315004351571844
2022-04-14,-8.037782195611577,-14.710062089689014,-6.324011854745115,-11.824098859402953,-12.954355804538542,-11.61077937091215
2022-04-18,-8.056583900299463,-14.957450580298959,,,,
2022-04-19,-6.578837928333925,-15.51811806451755,-6.960272898973418,-12.251888027020897,-13.018206640727026,-12.008497652788531
2022-04-20,-6.6352527590408545,-14.858483511689524,-6.108507535557816,-11.899390170666567,-11.736412657289474,-11.709360055207817
2022-04-21,-8.005143990936315,-15.328478602000805,-5.923785723769026,-12.4024654275124,-10.873691174889,-12.222658722484002
2022-04-22,-10.55579199387463,-15.287267856712973,-7.68893500019272,-12.754968505902465,-13.088083065742772,-12.447033898305094
2022-04-25,-10.044861741883205,-14.743051112558824,-9.156457581169452,-11.943881915150278,-14.427336200009222,-11.576779968703843
2022-04-26,-12.576008441819653,-14.17412542978016,-10.028780306047725,-11.762499725843123,-15.458384066710707,-11.447606415711375
2022-04-27,-12.391635136159318,-14.652371423423094,-9.3925103393535,-11.806981026255347,-15.227677233933045,-11.389810728602567
2022-04-28,-10.21839127367703,-14.776018249743405,-8.694666435396348,-12.535935438927769,-14.085209988169678,-11.957520527111608
2022-04-29,-13.46969670469761,-15.22951153339137,-7.955743498377544,-12.953458084285751,-13.35978070697682,-12.219274166608063
2022-05-02,-12.978180305918796,-15.861066752069487,-9.556719402009195,-13.16564506240856,-14.335764054265832,-12.290663021309511
2022-05-03,-12.557197020488509,-15.762019435947538,-8.684396677130923,-13.114307229072953,-13.718747359303695,-12.297459605105832
2022-05-04,-9.944964932634514,-15.217175302150132,-9.751684204665667,-13.504450741059081,-14.140640604114497,-12.4266441469161
2022-05-05,-13.145734102114147,-16.067456059015495,-10.357171663961374,-13.925399041860897,-14.560391283973761,-12.807384705323866
2022-05-06,-13.62571684535574,-16.546278375702816,-12.071025683853476,-14.6475073656814,-15.96300312466391,-13.358083813910959
2022-05-09,-16.386496975208953,-15.927132340550031,-14.564801371632841,-14.329229509515073,-17.76748092937146,-13.001150529221462
2022-05-10,-16.18053328824811,-15.646411951335004,-13.887470216808783,-13.624233796806406,-16.820623261941712,-12.498022012799781
2022-05-11,-17.557391353353502,-15.126349708446208,-12.368616689436795,-13.323068551751927,-15.01442900463994,-12.440237314508751
2022-05-12,-17.634803850122726,-14.845651204916411,-13.045947844260851,-12.26558020472469,-15.5613892271114,-11.586977591602787
2022-05-13,-15.659458860704145,-15.2914699082771,-10.942137451658084,-12.895279384133984,-13.789668059673977,-12.049310122019829
2022-05-16,-15.988007718901398,-14.936447617706694,-11.188424278243891,-12.833680250574165,-14.180221040684005,-11.970998312117576
2022-05-17,-14.288974913570463,-15.58039742945333,-9.823518977728096,-13.702945541478117,-12.818594006867734,-12.76869857233278
2022-05-18,-17.73151360038555,-14.977724020050221,-10.972937803988414,-13.531829874430933,-13.913624744572651,-12.65281050003516
2022-05-19,-18.202644481626795,-14.672323873124316,-11.906798776265958,-13.09377418455301,-14.684654049579793,-12.192576833813906
2022-05-20,-18.189313247088414,-14.276039770667214,-11.383415848298096,-13.285422896120135,-14.07248663327546,-12.131215275335816
2022-05-23,-16.66140996266866,-14.796131194469641,-10.182719610437996,-13.74059119710992,-12.883369086760798,-12.594833497433012
2022-05-24,-17.337008167810318,-14.061392265161132,-11.270528809571733,-13.278582029303966,-14.454499362391871,-12.158478532245587
2022-05-25,-16.55444915377754,-13.888043047683817,-10.665050272741938,-13.182757673520417,-13.912580469218128,-12.120990180392432
2022-05-26,-14.892232709719167,-13.929312154798923,-9.772205876264673,-13.261469418192107,-12.539892518859375,-12.34938726352064
2022-05-27,-12.771419854211485,-13.805461062083147,-8.417579256480213,-13.083507662293037,-11.120866350039183,-12.1516599708137
2022-05-30,,,-7.986526005776051,-13.68925858581006,-10.421555955874439,-12.738023287502642
2022-05-31,-13.31100448714585,-14.705312895994126,-8.643353333932923,-14.35318820947884,-11.574664007405477,-13.205075515155784
2022-06-01,-13.950971761491394,-15.185565077449803,-9.618266571874369,-14.729639543761186,-11.868915595664264,-13.518707363387017
2022-06-02,-12.35004790305122,-15.061582670622641,-8.971753614312494,-15.28405785597834,-10.979643112295845,-13.931211099585061
2022-06-03,-13.776655181594343,-15.22689254639219,-9.310396885559735,-15.592063967848969,-11.133775753990815,-14.111878252690058
2022-06-06,-13.505424801926225,-15.863350158561806,-8.325196044421034,-15.896649646311523,-9.943247835589286,-14.490289181728688
2022-06-07,-12.679286642919186,-15.524486798919446,-8.745943846996129,-15.482547434361626,-10.540537328882882,-14.251656014839298
2022-06-08,-13.618652845713308,-15.838553677196366,-9.300144972226143,-15.944561824203296,-11.220426602086441,-14.630061449469023
2022-06-09,-15.666027311540843,-15.912943121292667,-10.490598219218562,-16.899384948630836,-12.739565168543642,-15.20278764329418
2022-06-10,-18.118469201155897,-16.73950709059726,-13.025435095127758,-17.676251539195032,-15.425015268025877,-15.697103127857092
2022-06-13,-21.292464160161373,-18.21906695487684,-14.934236072744511,-18.956198608640797,-17.48256780347842,-16.55278039067445
2022-06-14,-21.5620087022257,-18.8720555546234,-16.134968000468252,-19.839156077248543,-18.236270539815933,-17.265273357831077
2022-06-15,-20.414988116545306,-17.73966101991672,-14.806867871841977,-18.51814291876287,-17.124525394856114,-16.566406524720446
2022-06-16,-22.994285642104938,-17.202411218894063,-17.05042192556807,-18.600275096842665,-19.870387423755897,-16.91072464659962
2022-06-17,-22.82315126287212,-17.177592851843404,-16.905012498590256,-17.8987050395778,-19.330989195231,-16.583450181095706
2022-06-20,,,-16.053291747504204,-18.480497263131067,-18.47465939819012,-17.002777973134542
2022-06-21,-20.92969328443919,-17.607435004986304,-15.76246397108264,-18.559209007802767,-18.309951968134964,-17.156181869329767
2022-06-22,-21.031382814367415,-16.565931721039227,-16.385671447680807,-17.611226750191378,-19.220241993408827,-16.331185385751446
2022-06-23,-20.275092745359814,-16.094798575096004,-17.040027252779886,-16.358664036153193,-20.644123442469308,-15.124365945214146
2022-06-24,-17.83698776285949,-16.392400122851658,-14.72377294679783,-16.447642303084862,-19.3809523695208,-15.069828442576839
2022-06-27,-18.0787669968382,-16.863467611739203,-14.453725593486745,-17.15263801579352,-18.96341627360303,-15.772101809198958
2022-06-28,-19.7290465446645,-16.75605266863104,-14.266728552890239,-17.703630672566874,-18.68225413677078,-16.32095479639919
2022-06-29,-19.77720222860929,-16.08651119562229,-14.702983601221453,-16.724848848175576,-20.08634836833776,-15.509606424502431
2022-06-30,-20.466627217095066,-15.44180268012102,-16.042897074716013,-15.886383124051552,-21.435804192849574,-14.57210642450244
2022-07-01,-19.626263892370687,-14.535341369270615,-15.907864475594558,-14.640661276829514,-21.255978776483786,-13.532344486250791
2022-07-04,,,-15.637799277351638,-15.585217878997081,-21.499655029038056,-14.275512738237573
2022-07-05,-19.484381467640667,-14.220741939319758,-17.38280162574467,-14.774131288244885,-23.786930137738715,-13.334606204726073
2022-07-06,-19.195238456141983,-14.949243448337757,-15.970187899994148,-14.51403735426604,-22.598862868161074,-13.109621149518247
2022-07-07,-17.976577059782617,-15.470786622593769,-14.329060899755719,-15.28405785597834,-21.07044585516309,-13.750521968844499
2022-07-08,-18.038170861341563,-15.984042417376077,-13.975900776468675,-15.45174786758171,-20.013333115675948,-13.95166128947183
2022-07-11,-18.981613195978863,-15.32180346800569,-14.308298321577094,-14.78781824391292,-21.136691322767987,-13.30394190871369
2022-07-12,-19.7290465446645,-15.123103331803778,-14.007075872367336,-14.0006903531245,-20.687814963049455,-12.635755854842113
2022-07-13,-20.085253827871608,-14.758845282066368,-14.775683853477407,-14.1238938422799,-21.604496673682917,-12.789165245446233
2022-07-14,-20.31459575849088,-15.230700655622186,-16.136368827616533,-14.722798676945025,-23.05892017607203,-13.017573317392229
2022-07-15,-18.784409062907493,-14.940956068864054,-14.588722502744556,-14.377141687406848,-20.938315014903132,-12.738023287502642
2022-07-18,-19.463685017519104,-15.189322120080927,-13.726642768733965,-14.832309988396641,-20.35392892397867,-13.273250140656867
2022-07-19,-17.235216613127957,-15.578383946412178,-12.573699568438169,-15.19507436701094,-18.211562024674667,-13.774389681060551
2022-07-20,-16.745983625512796,-15.661170198408335,-12.760651996705107,-15.232720022642743,-18.37398885338086,-13.651650080877697
2022-07-21,-15.917464888909617,-14.700884692349291,-12.36595779459484,-15.304590900498294,-18.591180122374674,-13.54256408678528
2022-07-22,-16.70120933341884,-13.724060903484869,-12.168592848607885,-13.908286430749017,-18.547914714151826,-12.182340750052745
2022-07-25,-16.591663897423338,-14.03035836350519,-11.992017248197307,-13.819302941781608,-18.81438497703074,-12.192576833813906
2022-07-26,-17.553708745561924,-13.997259912209238,-12.054331750130986,-13.151952884704754,-19.511240723954092,-11.578939271397426
2022-07-27,-15.39629329493316,-13.823392733514805,-11.618103469197505,-13.384672907347495,-19.08442618149554,-11.739167223433423
2022-07-28,-14.359313694053998,-12.970755617873031,-10.579412444912695,-12.286113249244634,-18.37319064290872,-10.750541748716502
2022-07-29,-13.133296798754712,-12.937635280891858,-9.405706666438252,-11.981522348746342,-17.132147404627652,-10.856221209297424
2022-08-01,-13.377961875778544,-12.428435633105483,-9.675736174817517,-11.375776647265068,-17.159310567010312,-10.464156674168368
2022-08-02,-13.95465436928297,-13.639217397077108,-9.831540274583539,-11.642716670095798,-17.346319877625326,-10.518721648850127
2022-08-03,-12.60774299867271,-13.28260474671331,-9.405706666438252,-12.128679315829771,-16.49601566941171,-11.193720769744708
2022-08-04,-12.667937603603708,-12.843089120698847,-9.301831318283627,-11.598224925612099,-16.034355938973988,-10.767579910682878
2022-08-05,-12.798781921602231,-14.103580571055897,-9.976967546493187,-12.539361094371582,-16.57977975632615,-11.773265525001763
2022-08-08,-12.90515001525513,-13.597722137881297,-9.384899475930041,-12.255303238393244,-15.880649409636337,-11.405074196497644
2022-08-09,-13.269708753335241,-13.85479869181967,-10.028905220570493,-12.460649349699892,-16.819212890054846,-11.575538232294802
2022-08-10,-11.419339229392456,-13.805037938835362,-9.197947047663103,-12.152638015793526,-15.79928595572081,-11.319850420212397
2022-08-11,-11.457943453022946,-14.377253769626908,-9.042160792828902,-12.587273272263367,-15.83874035905788,-11.783485125536263
2022-08-12,-9.912734826975733,-14.037245059124192,-8.834410096519662,-12.833680250574165,-15.215944140150873,-11.988025485266196
2022-08-15,-9.552344528849687,-13.76358645100999,-8.533205492241736,-12.183437582573442,-15.08835649784135,-11.401673157395031
2022-08-16,-9.378125115385139,-13.863064185608131,-8.377383547543893,-12.86447981735408,-14.51368096739748,-11.849852090512691
2022-08-17,-10.017703724000693,-14.443596576787032,-9.312199223674089,-13.812462074965449,-16.255412227096045,-12.625398894085382
2022-08-18,-9.799798282486138,-14.277746854115136,-8.772077749654162,-13.956198608640802,-15.82091565904098,-12.768885382235052
2022-08-19,-10.960645651510648,-15.015768636208126,-9.540721420627884,-14.887068255140312,-16.76052341481402,-13.551278219284047
2022-08-22,-12.856887448234588,-15.388963340747729,-10.392433249248011,-15.441481345321739,-18.689936162367292,-13.985182678106757
2022-08-23,-13.05071504777674,-15.596301027387028,-10.71443612156826,-15.609176578960826,-18.91326705025581,-14.036434524228147
2022-08-24,-12.795400529751388,-15.878225129289692,-10.579412444912695,-15.920608346275278,-18.75453119478544,-14.371247318728464
2022-08-25,-11.564505879540832,-15.339202587763435,-10.382047498925717,-15.479127000953541,-18.435571091385373,-14.070598758703145
2022-08-26,-14.541296705474938,-15.438716798503616,-11.87778291711814,-16.067765313358695,-20.282270028961236,-14.507904256628457
2022-08-29,-15.106951092247867,-15.919683912343462,-12.70869647769598,-16.85147277073905,-20.764575203189573,-15.245891281032431
2022-08-30,-16.036357735711192,-15.944553345992995,-13.24884471911364,-16.88569799296279,-20.345754768617386,-15.286901548983757
2022-08-31,-16.675839177894247,-16.292878616883065,-14.152476376879253,-17.180017149165362,-21.12120723992502,-15.553369391307402
2022-09-01,-16.411769964301048,-16.95829828584019,-15.554713274773402,-17.453803260847998,-22.379396999400804,-15.700289885013019
2022-09-02,-17.30267926720963,-16.493081570137434,-13.882420101102245,-16.981522348746346,-19.797996335673794,-15.368883624024187
2022-09-05,,,-14.464102421343107,-17.354553249620608,-21.577087446417874,-15.614873804416629
2022-09-06,-17.637096977929613,-17.423529591999774,-14.245948129779762,-17.580427183411473,-20.8970121241569,-15.918950875589
2022-09-07,-16.12411845754118,-16.883551375551807,-14.69260677336508,-17.183437582573436,-20.623351965446247,-15.700289885013019
2022-09-08,-15.559367718590467,-17.190913938919984,-14.214817646210665,-18.015062439881312,-20.694944843056216,-16.574922858499196
2022-09-09,-14.262399894282918,-17.182575492847405,-12.937209752183865,-18.032175050993192,-19.564828854072246,-16.44850749876926
2022-09-12,-13.355079180925845,-17.3819978566619,-11.566165795120199,-17.696784583714965,-17.634737927696776,-16.175182634151497
2022-09-13,-17.09890182497994,-17.847214572364667,-12.874886327784274,-18.148532451296685,-18.94571760681857,-16.694492184752797
2022-09-14,-16.795431623009794,-17.805690132255204,-13.674696172190759,-18.080087228884956,-19.934856422941603,-16.61248813207681
2022-09-15,-17.72873464041619,-18.088124900146575,-14.171177865432083,-18.47365117427917,-20.373284027532378,-16.97807511076729
2022-09-16,-18.318262819653274,-18.021687255017127,-15.57667146338434,-18.4633846520192,-21.697053078955864,-17.015651373162665
2022-09-19,-17.75728213828338,-18.254266431954857,-15.555694746023807,-18.655033363586327,-21.31614464101894,-17.227482813488983
2022-09-20,-18.68351629772572,-18.761014882995486,-16.478679232353866,-19.565369965565893,-22.129887208659184,-18.050869435262673
2022-09-21,-20.070027847899553,-18.437033789309442,-15.660569410360626,-19.257363853695264,-21.537939123788163,-17.86979569589984
2022-09-22,-20.739951533383472,-19.666549699837844,-17.296815821744836,-19.842576510656606,-22.985358779402954,-18.491597949926142
2022-09-23,-22.103973912756203,-19.566853108387406,-19.11134202452893,-20.32169828957442,-24.506027749396964,-18.71367646283142
2022-09-26,-22.90931359688756,-20.904367580296768,-19.457489089608682,-20.920603124239545,-24.85184493447232,-19.113411192770236
2022-09-27,-23.067913506328452,-21.444338501516324,-19.793107644911558,-22.03628061549002,-25.394135925760907,-19.94363835361137
2022-09-28,-21.549969781239497,-19.674822488854726,-19.405051757440262,-21.214922280442117,-25.126183272005164,-19.301319976791632
2022-09-29,-23.196270363655092,-20.04868105917963,-20.67417438638417,-21.560579269980295,-26.402815894495056,-19.540480606934384
2022-09-30,-24.349951708283047,-20.256354326325788,-19.69873472295386,-20.87269094634776,-25.5497389551677,-19.010912994936348
2022-10-03,-22.391227037142837,-19.309966230387698,-19.14281156180271,-19.39425429851872,-24.965166815185825,-17.825362411210367
2022-10-04,-20.01072717414751,-19.143518298986194,-16.520668356938607,-19.192339064691623,-22.132035775193202,-17.647717182994583
2022-10-05,-20.164352162244626,-19.909261949037006,-17.244360644644598,-20.29774481164639,-23.074164195615097,-18.392506285603773
2022-10-06,-20.962132297927827,-20.35042629667214,-17.884190675237942,-20.807671379379844,-23.35931738480803,-18.93233195899854
2022-10-07,-23.172887261675037,-20.741640215384336,-18.859630338668254,-21.58111231450024,-24.57479988323321,-19.485805744074824
2022-10-10,-23.748583799246383,-21.20776883463834,-19.14281156180271,-21.89938494863083,-24.575165979765544,-20.15203578838174
2022-10-11,-24.24438523769824,-21.007996299860167,-19.572847651392834,-21.94387669311454,-24.898981363405902,-19.977791599268578
2022-10-12,-24.49163980014808,-20.749978661456915,-20.139245787525397,-22.27926193835701,-25.19391113048689,-20.169123400028134
2022-10-13,-22.52097337445417,-21.08291100040198,-19.121843766908075,-21.858318859590952,-24.06729406409882,-19.878699934946198
2022-10-14,-24.351443213021863,-21.524053462351887,-18.99597454027887,-22.364819771880594,-23.56194281308095,-20.254517502988957
2022-10-17,-22.34814344097431,-21.440836791879548,-17.454136740716,-21.741961459287438,-22.263860534745806,-19.78646529291793
2022-10-18,-21.45912402517777,-21.24107155232978,-17.21290895230264,-21.827519292811036,-21.547403619386362,-19.84455218369787
2022-10-19,-21.983380653385954,-22.06514784874658,-17.6324343770477,-22.323753682840707,-21.696128835251283,-20.404855519023847
2022-10-20,-22.594902454618413,-22.647788560935954,-17.391215511100267,-22.327174116248784,-21.536342702843893,-20.47319497679162
2022-10-21,-20.756965375713442,-22.472987593005055,-17.77928924350337,-22.553048050039635,-21.76071786608693,-20.67133435016527
2022-10-24,-19.81541292818818,-22.572844679480507,-16.60455738144898,-21.827519292811036,-20.52821487969948,-20.179370472607083
2022-10-25,-18.510589197813367,-21.60731390419469,-15.461303979134279,-20.657088756852605,-19.781461975893798,-19.21248087945706
2022-10-26,-19.111558724476808,-21.20776883463834,-15.07321240179934,-20.45517352302553,-18.903562491357718,-19.021160067515307
2022-10-27,-19.602088883965784,-20.65009968929623,-14.936850355256903,-18.990418608828797,-18.808791502143286,-18.067951552500173
2022-10-28,-17.614204566433667,-21.057961319239936,-14.873929125641173,-19.91444738851216,-18.61151948545793,-18.87766259054786
2022-10-31,-18.225225960538772,-21.41587981548909,-14.601222877488118,-20.417527867393716,-18.547542616036992,-19.161240022153446
2022-11-01,-18.559842862445365,-21.430054444289638,-14.108256635816351,-20.314857422758248,-18.025164875474363,-19.05874182431957
2022-11-02,-20.59557678965994,-21.563513352821328,-14.328516629335065,-20.366190034058118,-18.52910575460538,-19.123658265349185
2022-11-03,-21.425995130018404,-21.905520955908376,-15.083705221712574,-21.105410968990512,-19.306832825679475,-19.82405254413109
2022-11-04,-20.339169149269022,-22.072377420100842,-13.657234906399761,-21.372350991821243,-17.28087262049257,-20.063213174273862
2022-11-07,-19.571641782343306,-22.347640978465222,-13.3425663010597,-21.471595781012887,-16.828125240063297,-20.223776285252136
2022-11-08,-19.12071180241789,-21.830467646026776,-12.566427758719389,-21.12936444691853,-15.874137692626789,-19.991472677403475
2022-11-09,-20.78412825191758,-21.563513352821328,-12.933533696227872,-20.53730570110529,-16.011982039424154,-19.451652498417616
2022-11-10,-16.386691308073953,-19.803408184808568,-10.395270593408224,-19.17180602017168,-13.063500583833942,-18.419840969829092
2022-11-11,-15.61409185337197,-19.970257353772624,-10.395270593408224,-20.277211767126445,-12.579406938021421,-19.33206668893733
2022-11-14,-16.349185065130655,-20.162107270497597,-10.237940751971152,-20.273786111682636,-12.035891623903394,-19.335484211266618
2022-11-15,-15.61399468693947,-19.56988792340595,-9.933756044078413,-19.75701867713302,-11.63513595264799,-19.053428730923414
2022-11-16,-16.29107953849831,-18.97761750971543,-10.720396328797865,-19.147847320207923,-12.523052078372022,-18.532998320908646
2022-11-17,-16.532363223671297,-19.5281519216726,-11.024563191758785,-19.274471242771398,-12.324243656567369,-18.69734707961178
2022-11-18,-16.13267882024404,-19.811775811794785,-9.996712963557798,-19.069135575536233,-11.307263499239484,-18.59121707750193
2022-11-21,-16.44887782487111,-19.8618429643723,-10.028155733433842,-18.98357774201265,-11.626409651696957,-18.420022285322457
2022-11-22,-15.312108297819005,-19.403016868756662,-9.451291544785779,-18.956198608640797,-11.365712911180426,-18.433708857866236
2022-11-23,-14.806765115696074,-18.969286358871262,-8.958316380648101,-18.51471726331907,-11.333508419500049,-18.152955552429862
2022-11-24,,,-8.496819676250112,-17.946617217469594,-10.64538497511024,-17.752363694704265
2022-11-25,-14.828452663429081,-18.99429440186059,-8.423387781789305,-18.88775338622909,-10.634198025335317,-18.488499103312485
2022-11-28,-16.143221378169812,-18.960933322341866,-9.084194529743217,-19.079402097796194,-11.605326092384038,-18.553541915746543
2022-11-29,-16.269391990765303,-19.302933630200503,-9.293952780882798,-18.531829874430926,-11.776851320156101,-18.05024856705816
2022-11-30,-13.655265157477636,-18.5772116032067,-8.601703263052851,-18.74743728596181,-11.521255924762242,-18.20430080350236
2022-12-01,-13.715955311214367,-17.68790137434809,-7.741648928804434,-17.847367206242215,-10.94811679943768,-17.437374727477305
2022-12-02,-13.81216951267148,-17.520723920105585,-7.93043046258346,-18.114307229072946,-10.707885455236832,-17.677046337646818
2022-12-05,-15.353306865197125,-18.356545534262413,-8.360448707241764,-18.237510718228357,-11.21046997672346,-17.851669640973345
2022-12-06,-16.568975535435627,-17.855056942905367,-8.832456076484807,-17.679677194638856,-11.852195186826863,-17.34834882024051
2022-12-07,-16.722401332346127,-17.136221611530555,-9.377859650325004,-17.44353673858804,-12.356136065957868,-17.207972167522335
2022-12-08,-16.084017870850264,-17.60431994245525,-9.514194929469689,-17.778921983830486,-12.335430606342278,-17.43052869400098
2022-12-09,-16.697332392762267,-18.214478256206977,-8.622688902879316,-18.511296829910982,-11.683010576228735,-18.04682555031999
2022-12-12,-15.507325377345838,-18.331471834217407,-9.115655144551083,-18.61396727454644,-12.07688243235977,-18.16323009705325
2022-12-13,-14.888054553121865,-17.595966905925852,-7.9723928197704685,-18.415472474127426,-10.901472500268872,-17.909877408748855
2022-12-14,-15.386839001051344,-17.370281719835525,-7.93043046258346,-18.67556640810627,-11.133097575168616,-18.084478734439834
2022-12-15,-17.48954003354185,-17.209487590451722,-10.558159131108857,-20.05133783333559,-14.045935632307527,-19.139026127013146
2022-12-16,-18.402331217048427,-17.418853350588993,-11.663947099056504,-20.55441831221716,-14.618462596217373,-19.484838728110287
2022-12-19,-19.131958816979257,-18.088788765931874,-11.495437407830922,-20.852157901827805,-14.312411896768939,-19.67656612630987
2022-12-20,-19.045096884649837,-18.683400947941987,-11.737646667494673,-21.516087525496587,-14.670148224683889,-20.203837075392084
2022-12-21,-17.82992376321706,-18.582894586138053,-10.242214613143297,-21.468175347604813,-13.360146803509155,-20.23124318693298
2022-12-22,-19.01753562607248,-18.608048533695577,-11.032058063125373,-21.741961459287438,-14.489404566196018,-20.46405228039947
2022-12-23,-18.540040343502774,-18.976515930225524,-11.032058063125373,-21.923343648594596,-14.324337041191026,-20.72083897425979
2022-12-27,-18.86331306441551,-19.654833563011454,-10.8214432552582,-22.68994371689881,-13.991429260067289,-21.343981864055127
2022-12-28,-19.837897240667644,-19.84746406917628,-11.042595495368168,-22.655718494675092,-14.418549883233212,-21.272082029326956
2022-12-29,-18.427604206140536,-19.45385731554563,-10.3791209301064,-22.197129760277214,-13.520551098913758,-20.991328723890568
2022-12-30,-18.62998731006391,-19.788832318445483,-11.253237070633093,-22.60096022793142,-14.430901140012597,-21.237851861945288
2023-01-02,,,-10.210620161346739,-22.13895106012549,-13.535669085224388,-20.88518773296294
2023-01-03,-18.95256043266269,-19.160749628490503,-9.74725866157301,-21.745381892695526,-12.844838927128311,-20.54279814860398
2023-01-04,-18.337462906714396,-18.541041860750152,-8.314997665882917,-20.807671379379844,-10.945164020849019,-19.91281471974119
2023-01-05,-19.275434771202203,-18.658268886069695,-8.578290712498159,-21.125944013510455,-11.279920289381906,-20.152469846684028
2023-01-06,-17.430132476714068,-17.6114619710686,-7.419851273200195,-20.50992656773345,-10.212364796349505,-19.611512325058023
2023-01-09,-17.477996661361384,-17.402110801388147,-6.8195656115315195,-20.492813956621593,-9.088880556025014,-19.680000131865828
2023-01-10,-16.902100932603414,-17.921297616867747,-7.293473466013967,-20.906916168571488,-9.200918098084099,-20.131948229481665
2023-01-11,-15.832492843692247,-17.393728583945112,-6.861688573104974,-20.071870877855535,-8.135817252293087,-19.50880533968633
2023-01-12,-15.534988660677328,-16.656779200428385,-6.35617734436007,-19.726219110353107,-7.457404368383857,-19.156157693930652
2023-01-13,-15.194303715061375,-17.100635487346803,-5.798032489196681,-19.695419543573177,-7.283976638960166,-19.091087409452136
2023-01-16,,,-5.376785028530473,-19.726219110353107,-6.991933633060365,-19.152718193965825
2023-01-17,-15.366336883794773,-17.360221599858193,-5.018708626525559,-19.086248186648092,-6.666029698710951,-18.61174968352206
2023-01-18,-16.683398726342404,-16.238076861067498,-4.85023462516364,-18.415472474127426,-6.698420239448732,-18.276211627048312
2023-01-19,-17.30934488447883,-16.397156611774943,-6.282468853455992,-18.634500319066383,-8.305127896123654,-18.532998320908646
2023-01-20,-15.743235758801822,-16.94987229702669,-5.955986903247634,-19.568790398973967,-7.609448459369772,-19.142443649342432
2023-01-23,-14.742091138227021,-17.217869807894758,-5.439956087191766,-19.79466433276483,-7.183000013443541,-19.317077941486737
2023-01-24,-14.80078938009759,-16.740506536889434,-5.587399836397666,-19.390833865110636,-7.243471958686065,-19.067126292284986
2023-01-25,-14.815412928188177,-16.648411573442168,-5.808560998973555,-19.537990832194062,-7.313966546699035,-19.087675381531753
2023-01-26,-13.871577069499264,-16.94987229702669,-5.503153913250792,-19.893909121956465,-6.999249562124543,-19.323912986145288
2023-01-27,-13.655167991045136,-17.075503425474515,-5.155614943488674,-20.126629144599217,-6.893663721250021,-19.454026083057883
2023-01-30,-14.766858861870148,-17.335096833214315,-5.3873135383073585,-20.722113545856256,-7.040852531995634,-19.957319431746246
2023-01-31,-13.517162506971692,-16.916365312939774,-5.60849254581508,-20.43121482306176,-7.0273969840367485,-19.700549221112595
2023-02-01,-12.612824803092227,-16.318827744337273,-5.745381017846363,-20.51677265658536,-6.704931956458282,-19.751894472185107
2023-02-02,-11.323523410308578,-16.352407680708293,-4.376308925749384,-18.62423379680641,-4.686401710402999,-18.40633021836978
2023-02-03,-12.237713790443095,-17.250406526603157,-4.0182503686762905,-19.42847952074245,-4.887736798439013,-19.14930616604543
2023-02-06,-12.770720255897515,-17.96377773189891,-4.8186312509011735,-20.07529653329936,-5.689860302364524,-19.686835176524365
2023-02-07,-11.646290865772347,-18.16519898829774,-4.607989675636248,-20.29774481164639,-5.843686863352127,-19.83749186827485
2023-02-08,-12.622570596271531,-17.86304521801426,-4.344723396418737,-20.612597012368916,-5.2833911245717236,-20.10454211794078
2023-02-09,-13.380847718823663,-18.232315089669314,-3.7655304441674864,-20.208766544714717,-4.598952651835231,-19.827222818060353
2023-02-10,-13.172999003072405,-18.62677538502393,-4.660650069452476,-20.663929623668775,-5.922961766558609,-20.162766368942975
2023-02-13,-12.165577430958397,-18.43372905083973,-3.776023264080719,-20.657088756852605,-5.373792961728152,-20.265473354314643
2023-02-14,-12.179501380735003,-18.803006217723183,-3.7549662445269583,-21.0677653133587,-5.4769181537787865,-20.67290025669879
2023-02-15,-11.913848354292133,-19.046375037479248,-3.312661764307001,-21.433950125381074,-4.703920329712541,-20.836183100077367
2023-02-16,-13.120461113022053,-19.314956166620114,-3.1757554473438865,-21.3860379474893,-4.536146091001281,-20.843056605598154
2023-02-17,-13.344730955865058,-19.088337191293302,-3.365313235657319,-21.27994706944576,-4.853503771874568,-20.726399316055975
2023-02-20,,,-3.207340976674533,-21.348392291857486,-4.880852983314643,-20.781293955271106
2023-02-21,-15.080774455333568,-19.969549716616864,-3.4706251008238653,-21.913077126334624,-5.372070507551429,-21.17586394085379
2023-02-22,-15.212911086884285,-19.82686234414658,-3.7022969282448193,-21.82067320395914,-5.358122829827772,-21.028328073352554
2023-02-23,-14.754023176137476,-19.516370127790527,-3.6917862633997545,-21.433950125381074,-4.892279996389448,-20.81217802763907
2023-02-24,-15.648615086837637,-20.003129652987884,-4.787036799104616,-21.854898426182856,-6.526708962619265,-21.189583479850903
2023-02-27,-15.378978236662455,-19.75972435708977,-3.533831849348801,-22.03628061549002,-5.471570743773723,-21.446914120191284
2023-02-28,-15.627325921477864,-19.63388166701806,-3.9445240328403797,-22.419578038624266,-5.571683141410732,-21.81747353892679
2023-03-01,-16.020840256441648,-20.27635054739747,-4.523752674955284,-22.97057069539761,-5.94115856469034,-22.20516452457979
2023-03-02,-15.371117472273554,-20.604322131023768,-4.028769955987254,-23.15879897355666,-5.802143909306001,-22.387012975596033
2023-03-03,-13.997436749510772,-19.96520176048453,-3.123095053527658,-22.86790025076215,-4.2611295746462385,-22.30122327519516
2023-03-06,-13.935055899848614,-20.108151761177574,-3.2389265060051797,-23.001370262177513,-3.7990377302687173,-22.41104002566987
2023-03-07,-15.251816526455508,-20.099769543734535,-3.9971755041907087,-22.830254595130338,-4.377032135833581,-22.20174150784162
2023-03-08,-15.124557649816062,-20.12498914834775,-3.8918814839559834,-22.494869349887882,-3.9324589107655905,-22.04390911808144
2023-03-09,-16.677529873819672,-19.628818778501554,-4.102514136754987,-22.296374549468865,-3.9242247395793295,-21.889516228286087
2023-03-10,-17.877477015280398,-18.148711772091243,-5.345217344131658,-21.694049281395667,-5.185553326701187,-21.127815335114985
2023-03-13,-17.999469471278573,-17.156371032398855,-7.809495359603924,-20.444901778729818,-8.064776520272865,-19.700538232294818
2023-03-14,-16.628674591560898,-17.938463289316363,-6.282468853455992,-21.303905769409525,-6.3848075460537395,-20.647483121175892
2023-03-15,-17.20775737930471,-16.752674977877234,-9.103119079943866,-19.531144743342168,-9.442685847404242,-18.612887026162173
2023-03-16,-15.741447896443905,-17.501172707966916,-7.83554003760284,-20.154008277971048,-8.017886156221676,-19.340269841409384
2023-03-17,-16.66797841350536,-16.525640174531052,-8.88128873242453,-19.346342120626936,-9.24024646818873,-18.48250470321401
2023-03-20,-15.924023623103068,-16.862023156514027,-8.110182460858928,-19.113622097984194,-8.225114798270006,-18.424181552851813
2023-03-21,-14.82626641869793,-17.585257510620046,-6.948218647525484,-20.07529653329936,-6.615208298124053,-19.49465723679583
2023-03-22,-16.222130237999455,-16.50041327468944,-6.715806255433787,-20.444901778729818,-6.4870685102247805,-19.841195099866372
2023-03-23,-15.964920974540453,-16.02106570155659,-6.884815604750461,-19.534570398785977,-6.52271791025858,-18.90795326675575
2023-03-24,-15.490515584524111,-15.995831506486569,-7.9939584198812526,-19.117047753427997,-8.078538148939106,-18.441335097404878
2023-03-27,-15.351314953330963,-17.030214647505517,-7.085544320386483,-19.661194321349463,-7.0310219398651,-19.12753731802518
2023-03-28,-15.482557653702722,-17.080683037645585,-7.117227996842157,-20.05133783333559,-6.942894702475144,-19.408895008439398
2023-03-29,-14.2792194037479,-17.223654924023858,-5.902434262840139,-20.126629144599217,-5.7951340609491915,-19.583875448343758
2023-03-30,-13.777646279205802,-17.09749124390211,-4.888369244474133,-20.592063967848972,-4.605218303962388,-19.97158291722343
2023-03-31,-12.529640620232774,-16.643363275382484,-4.317938153749079,-20.092403922375468,-3.9510818212546317,-19.55300236479358
2023-04-03,-12.205969516946801,-16.250726787130354,-4.339084397961967,-19.801510421616708,-4.245579474395811,-19.19616248505521
2023-04-04,-12.706949926250676,-15.711441617381327,-4.497529547638113,-19.87337607743652,-4.106996932951279,-19.24420559638512
2023-04-05,-12.913603494882242,-15.357528201529236,-4.349648597602518,-19.363454731738805,-4.618925918386163,-18.798163988325477
2023-04-06,-12.583665156700308,-15.33225023508875,-3.800354828624408,-19.390833865110636,-4.141289975340701,-18.763856899219366
2023-04-10,-12.494612121318116,-16.16646689899539,,,,
2023-04-11,-12.498197562677205,-16.200148968564143,-3.356711978517557,-20.150582622527235,-3.7892671539631606,-19.456921636542667
2023-04-12,-12.85817976178677,-15.955802588201152,-3.134872708532299,-20.561264401069057,-3.4916366747584027,-19.899518250228564
2023-04-13,-11.688674863626913,-16.233860219046537,-2.670074691746649,-20.585217878997074,-3.3327087686481183,-19.906391755749354
2023-04-14,-11.871163140496833,-16.646740966136285,-2.110243490525765,-20.95140791305521,-2.8531043065435524,-20.273511674520005
2023-04-17,-11.57813833001996,-17.177622032757046,-2.215858719533337,-21.143056624622314,-2.9635394260758674,-20.479370692383426
2023-04-18,-11.502620578684407,-17.042813506969512,-1.7088128266514735,-21.132790102362343,-2.3911384953984705,-20.503386753639496
2023-04-19,-11.510082960700064,-17.219730091139297,-1.8356010672696876,-21.399730125193084,-2.3141321903759615,-20.740113360644198
2023-04-20,-12.027270730944206,-16.739426843084757,-2.015156771295068,-21.064344879950614,-2.9239649910888454,-20.359273902876428
2023-04-21,-11.946282509459149,-16.941672460293912,-1.6137439523526087,-21.259414024925817,-2.3973441317006516,-20.56170990400169
2023-04-24,-11.871260306929333,-16.537203111560828,-1.5292482001601937,-21.310751858261412,-2.5061828302886946,-20.582291959701806
2023-04-25,-13.260954057767382,-15.711441617381327,-1.8144548230567992,-20.592063967848972,-2.455913575291535,-19.885804205640344
2023-04-26,-13.593671355918701,-16.040062476336114,-2.5961342167288404,-20.595484401257036,-2.925435378800678,-19.902957750193405
2023-04-27,-11.90090578548373,-16.587744453985,-2.4693995109060896,-21.071185746766773,-2.8964297305913655,-20.294088235811238
2023-04-28,-11.16432592730785,-15.964199396101009,-1.7616427473200469,-20.160854366822946,-2.1470961463118554,-19.491234220057674
2023-05-01,-11.198450778400293,-16.953308349607788,,,,
2023-05-02,-12.226568800635862,-15.872177384937846,-2.9341707602940303,-19.87337607743652,-3.348192851491083,-19.055489134256977
2023-05-03,-12.839873605904605,-15.323138494804711,-2.448262189159134,-19.767285199392994,-2.8066460564321605,-19.08980171777199
2023-05-04,-13.45945536271258,-15.34001965334535,-2.92358871572167,-19.42847952074245,-3.303331022323963,-18.57171742035305
2023-05-05,-11.85573311101653,-15.796131923992485,-1.8250190226973273,-20.01369217770379,-1.909631531642264,-19.189305462761098
2023-05-08,-11.814447093849168,-16.311386611359126,-1.3919403722310042,-20.24298654490272,-1.9599608024643889,-19.371148419368456
2023-05-09,-12.212042418977775,-16.412753810115433,-1.7722247918924072,-20.38672307857806,-1.943672507566796,-19.46721266439272
2023-05-10,-11.816040623342094,-15.787698639950577,-2.184157198145842,-20.05133783333559,-2.30780052084133,-19.18244294605809
2023-05-11,-11.946972391129872,-15.475149169182922,-2.0785508916041695,-19.548257354454034,-2.6846518890100923,-18.76730189359308
2023-05-12,-12.066477386456164,-15.981977867736063,-1.5820691983628343,-19.86310955517656,-2.199700016900452,-19.024621545115693
2023-05-15,-11.794343358965842,-16.167794630566,-1.3285462519219027,-20.030804788815647,-2.1786824749950084,-19.18387698677826
2023-05-16,-12.35233131421487,-16.438068252697967,-1.7722247918924072,-20.32512394501823,-2.297357767296082,-19.517349145509534
2023-05-17,-11.292877117499478,-16.708349170058355,-1.8989505752492253,-20.21560741153088,-1.9693652822376229,-19.507041634432788
2023-05-18,-10.438978508728457,-17.223618447881805,-1.4236418936185102,-20.913762257423375,-0.6661216429548089,-20.07082293058583
2023-05-19,-10.566237385367906,-17.536124147278997,-0.7686882833032871,-20.67762180137256,0.0,-19.881754826288756
2023-05-22,-10.542062376963003,-17.68816400257085,-0.7369956843816916,-20.913762257423375,-0.31575083842908525,-20.118953952457975
2023-05-23,-11.544304978225007,-17.553012601048046,-1.2968447305343966,-20.982207479835115,-0.7527906084661362,-20.204897496307762
2023-05-24,-12.190053655304023,-17.76418757783098,-3.0820517103296474,-20.947982257611365,-2.6619962367669836,-20.108640946972358
2023-05-25,-11.418144082272763,-18.2794349699692,-3.4728824846997575,-21.235460546997786,-2.9589483108383163,-20.404300583726
2023-05-26,-10.256004399696062,-18.12738781944895,-2.2686797177360107,-21.372350991821243,-1.79049680159995,-20.631186704409586
2023-05-29,,,-2.4271159449462454,-20.7426465903762,-1.982438605953718,-20.04331242527604
2023-05-30,-10.248542017680407,-17.485451490743465,-3.325010457130051,-20.092403922375468,-2.2516815533719647,-19.503596640059072
2023-05-31,-10.778167091283974,-17.172953086574672,-4.3707680744176525,-19.654348232497554,-3.7563507332208146,-19.101372942893324
2023-06-01,-9.882584082972357,-16.94263543044402,-3.515157128193702,-19.346342120626936,-2.5911513562141386,-18.86759133905339
2023-06-02,-8.56751415229089,-17.60301409656987,-2.1313540448750112,-19.585903010085836,-1.377229998171725,-19.29732004712005
2023-06-05,-8.749098781338605,-17.628423377121738,-2.5750147399136836,-20.010271744295714,-1.9138738181094461,-19.658302711161124
2023-06-06,-8.53199010457052,-17.57764858738846,-2.141945011913271,-19.945246955292063,-1.7384506854048687,-19.57578767845839
2023-06-07,-8.877951187470966,-18.178775408368665,-2.3214828710068414,-20.51677265658536,-1.934334650046876,-20.084580930445185
2023-06-08,-8.303639271562691,-17.628423377121738,-2.3109186713663132,-20.287478289386417,-1.7536913050884673,-19.92300684823124
2023-06-09,-8.195784531492611,-17.924755555134062,-2.4905189877212575,-19.93498043303209,-2.0001993281046793,-19.692664744356147
2023-06-12,-7.339903727498687,-17.78929775401804,-2.395441190956471,-19.791243899356747,-1.090664346412329,-19.67891773331457
2023-06-13,-6.693853834478924,-18.373477759401922,-1.7510785476795299,-20.06502478900365,-0.27464916723514143,-20.015834886419583
2023-06-14,-6.595453388290673,-18.26342923883777,-1.3813672501245544,-20.195074367010935,0.0,-20.094899430339698
2023-06-15,-5.441368802967849,-17.628423377121738,-1.5300244546945785,-20.53730570110529,-0.12672544877040393,-20.493672638722828
2023-06-16,-5.786834337062585,-17.984051171650172,-1.0065076897380232,-20.184807844750964,0.0,-20.297731028904987
2023-06-19,,,-2.0000778039027556,-20.605750923517007,-0.9563102272192037,-20.61057168225613
2023-06-20,-6.232488179703488,-17.738486488142712,-2.6304143307650962,-19.962359566403933,-1.5057778668247424,-20.00895588648991
2023-06-21,-6.718135725959562,-17.662280532172336,-3.100494447371016,-20.126629144599217,-2.044917279559366,-20.146464457767767
2023-06-22,-6.363721163432001,-18.127949552036515,-3.5171557605581327,-20.55441831221716,-2.2586996356404487,-20.503985644208445
2023-06-23,-7.0800126705028,-17.78929775401804,-3.9338170737452494,-19.71937302150121,-3.2259530072841436,-19.720175249665928
2023-06-26,-7.495117386767102,-17.58608187143037,-3.955168534674125,-19.39425429851872,-3.3291516949665034,-19.489844134608624
2023-06-27,-6.435459140543475,-17.8739880606292,-3.880398270326446,-19.736485632613075,-3.122515516668356,-19.79237178247415
2023-06-28,-6.468495727591961,-17.54378413710945,-3.2073320542086226,-19.514037354266033,-2.498099576405388,-19.507041634432788
2023-06-29,-6.039058962534572,-18.390431870226653,-3.089823178139528,-20.157428711379133,-2.5120396976444415,-20.063960413882832
2023-06-30,-4.882788132480598,-18.21261067773402,-1.9573481146472615,-20.00684608885188,-1.2821508598129472,-19.916133342710463
2023-07-03,-4.766577079215906,-18.5673922257669,-2.1496361775299455,-20.38672307857806,-1.6908919307473846,-20.17052447429496
2023-07-04,,,-2.053514452253391,-20.55441831221716,-1.9468588250191154,-20.25991301251846
2023-07-05,-4.942283139097636,-18.957803669354,-2.8120222019503593,-20.540731356549113,-2.567913613994044,-20.345856556368236
2023-07-06,-5.688122958290343,-19.61977999050163,-5.119675250792676,-21.598224925612087,-5.068520621200456,-21.256878999929675
2023-07-07,-5.943145977018194,-19.721621379104583,-4.916671306348941,-21.44079621423297,-4.610872709499281,-21.122804434207755
2023-07-10,-5.716281790427546,-19.30577147405198,-4.6816624766766735,-21.54004622546036,-4.184406490830894,-21.253428511147053
2023-07-11,-5.078996309618889,-19.136018804180765,-4.051317027348434,-21.680357103691883,-3.4680454511235137,-21.250000000000004
2023-07-12,-4.37335424354961,-18.346711566365805,-2.5663153356488944,-20.965094868723245,-2.0457112993130244,-20.68964172058513
2023-07-13,-3.553191820141044,-17.667788429621844,-1.9466857678816951,-20.3422365561301,-1.324150325730189,-20.149898463323723
2023-07-14,-3.648803589716687,-18.075161279262087,-2.042825338090082,-20.468860478693575,-1.5439863361737527,-20.304604534425764
2023-07-17,-3.2772780184266437,-17.93933142149715,-2.683824211717978,-20.373036122910015,-1.7666342511584832,-20.16022245762712
2023-07-18,-2.58904817706056,-17.845988973991787,-2.021456032229374,-19.62354866571765,-1.4191521027225096,-19.603287194950415
2023-07-19,-2.357617168142623,-17.565932450562073,-1.8398481610440887,-19.962359566403933,-1.52039260635074,-19.878304337506158
2023-07-20,-3.007942384192186,-18.21940253538369,-1.3483898161115504,-20.195074367010935,-0.9378507604649533,-20.115525441310922
2023-07-21,-2.976499326636628,-18.151498549343835,-1.0919849131808324,-20.020538266555675,-1.1029113480527042,-19.94707235916732
2023-07-24,-2.5834805404785666,-18.346711566365805,-0.9958453429724567,-19.763864765984916,-1.0189721169515886,-19.72361474963077
2023-07-25,-2.307566738764155,-18.499495534955468,-0.4723196555499909,-19.876801732880335,-0.8927946169997925,-19.754553766087636
2023-07-26,-2.3212963556757837,-18.21940253538369,-1.0919849131808324,-20.19850002245476,-1.3826570444208652,-20.136145957873264
2023-07-27,-2.9420732596034394,-19.110551161801613,0.0,-20.030804788815647,0.0,-19.94707235916732
2023-07-28,-1.974052675866389,-18.847456044425037,-0.11726989000527821,-20.154008277971048,0.0,-20.033015903017095
2023-07-31,-1.8271953297925858,-18.74558547490843,-0.053297210657621275,-20.150582622527235,-0.13916375096768574,-20.01239538645474
2023-08-01,-2.0864839549070036,-19.220388120741884,-1.0660866714502948,-20.581797445589,-1.3925506420862543,-20.38710857831071
2023-08-02,-3.440459325159695,-19.38204308707805,-2.196154925891858,-20.48254743436163,-2.7306453877563364,-20.263347018074395
2023-08-03,-3.681937343197672,-19.9776401249235,-2.7825221832054714,-20.698154845892503,-3.499568100229211,-20.459299616710048
2023-08-04,-4.185308046740943,-19.126790340242174,-2.505333950296462,-20.59891005670087,-3.144490040452952,-20.3596035674098
2023-08-07,-3.318272536296518,-19.322499432796004,-2.3880462530039726,-20.74606702378429,-3.1511725094491405,-20.438679100147684
2023-08-08,-3.7253221553069427,-18.91407607026473,-2.675901050959384,-20.020538266555675,-4.218766602407442,-19.83362380441662
2023-08-09,-4.394643408909382,-18.863016766623463,-2.217470248697462,-20.184807844750964,-3.747293807586638,-19.971143364512265
2023-08-10,-4.358526645950789,-19.48415439913217,-1.3965810186605254,-20.29774481164639,-2.873331220874631,-20.136145957873264
2023-08-11,-4.447181298959735,-19.909546462944995,-2.5266492731020884,-20.85558355727164,-3.8712189202932623,-20.62775269885365
2023-08-14,-3.891884853890837,-20.037205664890777,-2.356055461508344,-20.989053568686998,-3.433567601208276,-20.734333242492443
2023-08-15,-4.987261480699834,-20.190339804444115,-3.294259099768626,-21.286793158297655,-4.265211837231897,-20.9405878577959
2023-08-16,-5.6900177037240045,-20.496622674007625,-3.3155566152870075,-21.160169235734184,-4.130601889448837,-20.837353409170834
2023-08-17,-6.399148044719882,-20.598785052660617,-4.200436331958823,-21.4750214364567,-4.8139747681355205,-21.054432009986645
2023-08-18,-6.406804759600526,-20.360537483248343,-4.7228131026375575,-20.96167443531517,-5.437181708131577,-20.66160375202194
2023-08-21,-5.761162965597255,-20.854001323354442,-4.616209777678693,-21.478441869864785,-5.260976800270189,-21.088903931359436
2023-08-22,-6.021549571398865,-20.81998367327883,-4.02985142400869,-21.036965746578794,-4.639596125092971,-20.778766527181947
2023-08-23,-4.981684127474583,-19.96062765227149,-3.6567175275436403,-20.24641220034653,-4.501220988478883,-20.04824091004993
2023-08-24,-6.257858335228084,-20.25843346642263,-4.02985142400869,-20.201920455862833,-5.150410696124719,-19.999999999999996
2023-08-25,-5.616890246627837,-20.283959470629053,-3.987211874753871,-20.441481345321733,-5.0876891725739615,-20.175744162739996
2023-08-28,-5.024369341269885,-20.06271707864038,-2.9317650574191556,-20.48254743436163,-4.111414249988621,-20.29634643786483
2023-08-29,-3.643537169075417,-19.49266793068659,-2.2388033787902883,-20.078716966707432,-3.2718779409978915,-19.93797361804628
2023-08-30,-3.2580779313655217,-19.501166871784182,-2.4307125131896368,-20.273786111682636,-3.5083733056057276,-20.099932308882483
2023-08-31,-3.3902145629162383,-19.339497314991196,-2.6332615017045535,-19.86310955517656,-3.173514606323713,-19.720878534003784
2023-09-01,-3.2115157769136427,-19.832552622306345,-2.6119461788989495,-20.314857422758248,-3.8216132986232387,-20.086146836978703
2023-09-04,,,-2.6972341810522105,-20.571530923329018,-3.915665936793211,-20.234320055911105
2023-09-05,-3.6132892586395515,-20.318772300601353,-2.889116604520714,-20.780292246008024,-4.238315937172699,-20.427289190519716
2023-09-06,-4.282707678674491,-20.5235055906983,-3.4434841666950877,-21.1464770580304,-4.422531506625782,-20.754640577748084
2023-09-07,-4.577024802703555,-20.25054732451147,-3.4648262004315256,-20.814512246196003,-4.56042042987902,-20.489315572473444
2023-09-08,-4.434054113929586,-20.233483785260585,-3.2622683082729864,-20.725533979264345,-4.429030163253844,-20.430734184893453
2023-09-11,-3.791385612760678,-20.369962918354002,-2.953089283868371,-20.968520524167054,-4.060533800604138,-20.57891839264364
2023-09-12,-4.335643951098078,-20.25906085606588,-3.2196109517309446,-21.030119657726885,-4.57942425697111,-20.6409282913707
2023-09-13,-4.2160515059825325,-20.165222333028645,-3.4648262004315256,-21.177276624810315,-4.95283611811047,-20.716745639637104
2023-09-14,-3.38165420021338,-20.344342076178247,-2.046920955321785,-20.722113545856256,-4.034426514898525,-20.38938875799985
2023-09-15,-4.5525485783579285,-20.591752452473422,-1.7784493895083187,-21.259414024925817,-3.498654967819792,-20.740860600253185
2023-09-18,-4.482209797874392,-20.514955583001836,-2.844081975134438,-21.516087525496587,-4.509053767133686,-21.033762043744286
2023-09-19,-4.687775102462,-20.80500656935319,-2.9194335110174108,-21.65298319235578,-4.889385274518432,-21.233615672691474
2023-09-20,-5.576789659936921,-20.864703423431852,-1.950663664239305,-21.36208446956127,-4.178327881418964,-20.988977116885856
2023-09-21,-7.122299501924867,-21.45331163246057,-3.29615557585784,-21.646137103503882,-5.45175032066364,-21.147479824530556
2023-09-22,-7.334132041408448,-21.14621169731514,-3.6298641384117647,-21.65298319235578,-5.540217434614981,-21.085458936985724
2023-09-25,-6.960012126370774,-21.726248012962166,-4.221876305774986,-21.933610170854568,-6.461906013297103,-21.31632300970533
2023-09-26,-8.32493815356572,-21.751861559909525,-4.889240009021167,-22.091038882233683,-7.370360101473916,-21.295647549054088
2023-09-27,-8.30205545871301,-22.101587514654298,-5.018396263247615,-22.33402020510068,-7.603635784923879,-21.5471980712427
2023-09-28,-7.749537973613485,-21.888340693002938,-4.609371779385163,-23.035595484401263,-6.959729200503951,-22.177802368309997
2023-09-29,-7.996389295368466,-21.871291744208875,-4.286436625600986,-22.357978905064435,-6.576723519634486,-21.505858138758004
2023-10-02,-7.988732580487811,-22.50502094095316,-5.233695269413996,-22.655718494675092,-7.422942297621393,-21.86767045854139
2023-10-03,-9.246095366910168,-23.146475784583586,-6.342385875544688,-23.06297461777309,-8.406563785500687,-22.074425065053806
2023-10-04,-8.509807008031778,-22.6589575556316,-6.460786528288609,-22.89185895072592,-8.317248762883466,-21.96415227864127
2023-10-05,-8.612589660325586,-22.51358553910645,-6.137869181791656,-22.652298061267018,-8.497580554880923,-21.636789902595122
2023-10-06,-7.518000081619802,-22.96686726113052,-5.287499987757494,-22.700210239158793,-7.528836009957651,-21.619564930726497
2023-10-09,-6.935040353219413,-21.98330268121531,-5.599670636415532,-22.06023409341803,-8.146083871567566,-20.93383522927069
2023-10-10,-6.448498875784381,-22.13726847680738,-3.705206770651137,-21.91649755974271,-6.352436853929177,-21.030322543779445
2023-10-11,-6.042343187952914,-21.70965136832953,-3.6621398465029764,-21.505821003236612,-6.130877726589656,-20.744311089035794
2023-10-12,-6.6191328478898415,-22.462270902470827,-3.5222012798631575,-21.991788871006314,-6.343264023816387,-21.12335936950559
2023-10-13,-7.087475052518455,-21.966224551507608,-4.512482329606293,-21.762494503807382,-7.790584822173985,-20.816683442928486
2023-10-16,-6.100254381720271,-22.42807816691338,-4.178809381626813,-21.97810191533828,-7.478922057863658,-21.082013942612
2023-10-17,-6.109698958958843,-23.189247708751147,-4.286436625600986,-22.553048050039635,-7.395738067138236,-21.588559981362966
2023-10-18,-7.367761343695167,-23.548450165200464,-5.3736160287666035,-22.837100683982236,-8.347666745093274,-21.767749138476677
2023-10-19,-8.145734102114144,-23.924774522727933,-6.460786528288609,-22.778921983830493,-8.64930877062493,-21.805638582178787
2023-10-20,-9.298827589825509,-23.480028217943506,-7.730918000380537,-22.563314572299596,-10.147575242110541,-21.55064856002531
2023-10-23,-9.45155378842204,-23.1208330567226,-7.795505031137373,-22.24504193816901,-10.133913832556662,-21.42659030170898
2023-10-24,-8.791783995133907,-22.983967276523455,-7.4726054919276415,-22.221083238205242,-9.652906512318038,-21.250851633377877
2023-10-25,-10.099187494291472,-23.65962944616815,-7.461849890445116,-22.53593543892778,-9.578592950712672,-21.502407649975385
2023-10-26,-11.16153725069523,-23.078053837326628,-7.838580858929156,-22.251888027020904,-10.556931315366047,-21.2853125659329
2023-10-27,-11.58629059370634,-22.958324548662468,-8.624345214919272,-22.04312670434191,-10.821899808740266,-21.11991986954076
2023-10-30,-10.516488171930172,-23.214905027068955,-8.215311827413196,-21.88227755955472,-10.645030804581124,-21.075129448273433
2023-10-31,-9.930943816425398,-23.377413535129087,-7.644828670302262,-21.772761026067357,-10.0755030055101,-20.951060201139317
2023-11-01,-8.984309564480618,-22.494880573463327,-6.977447159768846,-21.45790882534484,-9.389823578074951,-20.689174695829536
2023-11-02,-7.26189851549125,-22.01459921109401,-5.43821196316705,-21.057498791098727,-8.052037162828817,-20.451404151135797
2023-11-03,-6.386312358987212,-21.414252979553673,-5.319802406779517,-20.581797445589,-7.774859970552073,-20.093042320135048
2023-11-06,-6.219351278030083,-21.86881136654949,-5.588897227645773,-21.197814891365997,-8.098363809028674,-20.5961323756945
2023-11-07,-5.951298240704572,-21.422839463392187,-5.707306784033306,-20.780292246008024,-7.997148417932875,-20.261890999718702
2023-11-08,-5.852101029769852,-21.105504322787606,-5.43821196316705,-20.475706567545473,-7.529867730991668,-20.062026381953725
2023-11-09,-6.594957839484938,-21.885947858084474,-4.5878338654892765,-20.65024266800072,-6.783405704017975,-20.206743617694634
2023-11-10,-5.1219827393549355,-21.800207038582286,-5.56737712103711,-21.019853135466914,-7.500783870808602,-20.55134195442716
2023-11-13,-5.195411412391826,-21.84308839117599,-4.8461819885166175,-21.047232268838755,-6.829186842544665,-20.59269837013854
2023-11-14,-3.3670306521227933,-20.668104313012,-3.597579526676964,-20.208766544714717,-5.1932804839174835,-19.94485261797595
2023-11-15,-3.1949003169569057,-21.285601626544135,-3.2315952560318384,-20.44832743417363,-4.381244876971413,-20.146217209367745
2023-11-16,-3.0564964505102155,-20.693827288385492,-3.823607423395059,-19.98973869977576,-4.147844675465628,-19.804135311906602
2023-11-17,-2.930131505049738,-20.642388632866915,-2.833326373651912,-20.082137400115496,-3.3430370451889124,-19.855958576552514
2023-11-20,-2.202801891247441,-20.530881066620765,-2.607271766002983,-20.154008277971048,-3.451296600585918,-20.02182379210915
2023-11-21,-2.398116137206774,-20.42797457466996,-2.7041434084946303,-19.815197377284775,-3.4561528047632795,-19.65553352908079
2023-11-22,-1.996634154778354,-20.45371943572868,-2.4027550722499513,-19.82888955498857,-3.1083027216563752,-19.707373276953376
2023-11-23,,,-2.0798377257529976,-20.23272002264275,-2.884193938887958,-20.046004685631903
2023-11-24,-1.935944001041623,-20.865352698760333,-1.76767598073857,-20.331970033870128,-2.6731417636879695,-20.146217209367745
2023-11-27,-2.125884943283951,-20.265028352905222,-2.101357832361661,-19.770710854836803,-3.0563905512378753,-19.658989512272306
2023-11-28,-2.02957357539435,-19.913354572174992,-2.424284082502226,-19.407941254186756,-2.8967050387832205,-19.247782456572182
2023-11-29,-2.105285659594891,-19.493134825304825,-2.0044683825828025,-18.925399041860867,-1.8415568219766532,-18.82275696251495
2023-11-30,-1.7053097568701547,-19.887653482486723,-1.5523858782157895,-19.164959931319782,-1.5441661986368982,-18.971336767705182
2023-12-01,-1.1195613518571457,-19.131765686017754,-0.4652331859809955,-18.415472474127426,-0.43856445149440537,-18.3942754852662
2023-12-04,-1.6540641803719947,-19.467156516936978,-0.4652331859809955,-18.415472474127426,-0.39460364835531836,-18.3942754852662
2023-12-05,-1.7058053056758782,-18.899573156185745,-0.4652331859809955,-18.415472474127426,0.0,-18.3942754852662
2023-12-06,-2.087076670145227,-18.56421150618016,-0.4652331859809955,-18.415472474127426,0.0,-18.3942754852662
2023-12-07,-1.2911961382173098,-18.684582774944403,0.0,-17.354553249620608,-0.16479643700112456,-17.457824917364096
2023-12-08,-0.8846420680126199,-19.2091899451326,0.0,-17.960304173137644,0.0,-18.017611778254462
2023-12-11,-0.49520872321364706,-19.200574280380444,0.0,-17.970570695397615,0.0,-17.9968868679232
2023-12-12,-0.03353213585421955,-19.02858197538737,-0.1809452200098982,-17.659138928083173,-0.016013959241512055,-17.789555348477393
2023-12-13,0.0,-17.824686907034724,-0.2660917689996656,-17.292954116060788,-0.16897808843798767,-17.495835238061762
2023-12-14,0.0,-17.1416054900971,0.0,-16.68378275913569,-0.2512691382512866,-17.053529828046976
2023-12-15,-0.002055681430190859,-17.210574579484806,0.0,-16.067765313358695,-0.2559791262634947,-16.56630213095155
2023-12-18,0.0,-17.391707805675548,-0.38186636189866396,-16.44079621423298,-0.8567061158205824,-16.918768461213883
2023-12-19,0.0,-17.236458049883318,0.0,-15.91033660197957,-0.29783405677198393,-16.517923860679375
2023-12-20,-1.456764076017536,-16.83109868328424,0.0,-15.674201367964468,-0.36547181054730205,-16.300224391659047
2023-12-21,-0.4414413655747462,-16.960464968677947,-0.24336149673337415,-15.441481345321739,-0.6371741560515565,-16.11362327695337
2023-12-22,-0.27604514938220914,-17.038064313274624,-0.07406540499378389,-15.403835689689927,-0.5254718477620268,-16.20346235670581
2023-12-26,0.0,-16.98634114384805,,,,
2023-12-27,0.0,-16.339480535965855,0.0,-15.037650877667552,-0.3117663176080976,-15.764612929882539
2023-12-28,0.0,-16.65861030275928,-0.19023994186881943,-15.410681778541823,-0.5530339998334632,-15.94085158942261
2023-12-29,-0.27769532306385347,-16.865597818434907,0.0,-15.78713311282417,-0.2547812774603919,-16.31057585800688
2024-01-02,-0.8390736272610222,-17.176097330019367,-0.0634193321421006,-16.245727069257775,-0.14927754598692555,-16.718343413742165
2024-01-03,-1.629878244037708,-16.977703593410666,-0.9931486570740944,-15.934295301943324,-1.5245475271516318,-16.38661847703777
2024-01-04,-1.954211294363828,-17.477937405481203,-0.24301890998512654,-16.51608752549659,-1.0547582043339387,-16.849648797383786
2024-01-05,-1.7751001683333434,-17.7798139570851,-0.5282709328206181,-16.759074070399315,-1.1921735582901105,-17.084633676770522
2024-01-08,-0.38690643449765805,-17.50382817110814,-0.17962570141798473,-16.652983192355777,-0.4641954852031893,-16.987866147408404
2024-01-09,-0.5200493194437272,-17.538334601487215,-0.40151063926129327,-17.01232191552625,-0.6315803184370528,-17.354161904845643
2024-01-10,0.0,-17.667722772566165,-0.5705301692459308,-17.101305404493672,-0.622939525614663,-17.513109659610382
2024-01-11,-0.06349706030382984,-17.227842385131165,-1.4263123613273532,-17.036280615490018,-1.473109806218298,-17.461280900555597
2024-01-12,0.0,-17.0035943590376,-0.4965830363953594,-16.471595781012883,-0.5351127861870086,-17.01550851853154
2024-01-15,,,-1.0037199970741595,-16.899384948630836,-1.0253934642578177,-17.45436893417257
2024-01-16,-0.3716899718904987,-17.676338437318318,-1.2572928313427156,-17.005481048710113,-1.3263326242378581,-17.423265085449046
2024-01-17,-0.9292343529584746,-17.943679377629486,-2.3138172812673052,-17.47775673877602,-2.1598842063984214,-17.882850411421337
2024-01-18,-0.048821766158724245,-18.12483448950546,-1.7644123763048691,-17.60438588337524,-1.352115447504687,-18.027979727828956
2024-01-19,0.0,-18.116189643839665,-2.039110474856909,-17.494869349887885,-1.4248702252932621,-18.038342182994583
2024-01-22,0.0,-17.866072737804394,-1.1938996227755627,-17.2518880270209,-0.6613520945142226,-17.789555348477393
2024-01-23,0.0,-18.073052958251612,-1.4791516456110654,-17.618072839043286,-0.9964008713826744,-18.076363492510016
2024-01-24,0.0,-18.305938534782562,-0.25358154212687944,-17.549627616631557,0.0,-18.034891694211964
2024-01-25,0.0,-17.95230963283846,-0.010580047858388397,-17.10814627130982,0.0,-17.682430858358533
2024-01-26,-0.06505732733818048,-18.098936428650127,0.0,-17.138951060125475,0.0,-17.706622740699075
2024-01-29,0.0,-17.60734016701697,0.0,-16.700895370247547,-0.11602637976507735,-17.34723894964484
2024-01-30,-0.05197176277098592,-17.495190620670755,0.0,-16.988368437598243,0.0,-17.544213508333904
2024-01-31,-1.6586610215620134,-16.805215212885717,-0.01040759237724842,-16.382617514081222,-0.40406967310553377,-16.9256694387791
2024-02-01,-0.4247820533080482,-16.289916754148624,-0.44763801278305815,-16.25941402492582,-0.6675613515464862,-16.76325471200505
2024-02-02,0.0,-17.37932780306386,-0.4059990632308885,-16.85831885959095,-0.31892424231614314,-17.385249270342495
2024-02-05,-0.31765938670357263,-18.183371402266935,-0.4268228280285613,-17.344286727360636,-0.40229748816951183,-17.869026478655325
2024-02-06,-0.08448745609341834,-17.742418616255673,0.0,-17.24846237157709,0.0,-17.761912977354243
2024-02-07,0.0,-17.88943205917307,-0.31159136306647683,-17.340866293952573,-0.6533066835423651,-17.824109685983547
2024-02-08,0.0,-18.15744416049796,-0.3635275371296154,-17.628339361303258,-0.4074982522111248,-18.09018742527605
2024-02-09,0.0,-18.304450308186937,-0.4466065826682297,-17.82683416172227,-0.6266584214528192,-18.273327062381316
2024-02-12,-0.09360029385743207,-18.22663210673796,0.0,-17.624918927895173,0.0,-18.155834622687948
2024-02-13,-1.4480310468007795,-19.12579089395,-0.9747991554760582,-17.792608939498532,-0.918684741691711,-18.345886226176244
2024-02-14,-0.4853414950041435,-18.8231775242767,-0.4666642620766104,-17.378511949584375,-0.5392220194533559,-18.079808486883742
2024-02-15,0.0,-18.5983896512808,0.0,-17.388778471844347,0.0,-18.191070266896414
2024-02-16,-0.4645119111734597,-18.95286479972046,0.0,-17.628339361303258,0.0,-18.454499701104144
2024-02-19,,,0.0,-17.727589372530616,-0.14709961480484646,-18.492636393206276
2024-02-20,-1.0587212478306518,-18.814525383382495,-0.16423906865931093,-17.467490216516058,-0.2863148180498043,-18.27079413988326
2024-02-21,-0.9292117896302354,-19.073929115183642,-0.32849505958626457,-17.95688373972957,0.0,-18.66940251599972
2024-02-22,0.0,-19.065262383832614,0.0,-17.864479817354074,0.0,-18.61741441908714
2024-02-23,0.0,-18.693497544061366,0.0,-17.327174116248777,0.0,-18.236129914199307
2024-02-26,-0.37493899745871806,-18.814525383382495,-0.3661821349932426,-17.796034594942356,0.0,-18.631271318306485
2024-02-27,-0.20340666138022323,-18.996110913734665,-0.1525661086269392,-17.908971561837784,0.0,-18.75606033300514
2024-02-28,-0.3595413281051396,-18.70212779927034,-0.508587230121138,-17.902125472985887,0.0,-18.75259336099584
2024-02-29,0.0,-18.537868436391825,-0.5187650109692021,-17.563314572299603,0.0,-18.4475602626767
2024-03-01,0.0,-18.165979577737602,0.0,-17.7002102391588,0.0,-18.499559348407058
2024-03-04,-0.11577224289541777,-18.348032002708003,-0.02030987035420706,-17.47775673877602,-0.10657071154478448,-18.419840969829092
2024-03-05,-1.1315204205772589,-17.845244860693978,-0.22345880440832744,-16.933610170854564,-0.2067650211071026,-17.983101396019396
2024-03-06,-0.6159748881072624,-17.64585167779311,0.0,-16.810406681699163,-0.10352017035455408,-18.017754632885573
2024-03-07,0.0,-17.507132909577837,0.0,-16.56742535883219,0.0,-17.872180269357894
2024-03-08,-0.6458012107802502,-17.44645849489226,-0.07017710238870212,-16.297059680557634,-0.15883025621148406,-17.591421469512635
2024-03-11,-0.7570668599375718,-17.550488452018197,-0.3608317428175689,-16.58453274790831,-0.5412816912061746,-17.823659144454606
2024-03-12,0.0,-17.888563926992283,0.0,-16.642711448060066,0.0,-17.993496817638366
2024-03-13,-0.18828341537495685,-18.070609056734277,0.0,-16.73854102587936,-0.020754204982398328,-18.18759780047823
2024-03-14,-0.45033173351518574,-18.677440746331055,-0.198790901695034,-17.183437582573436,-0.12841732281410057,-18.499559348407058
2024-03-15,-1.0924052910872173,-18.816144924089517,-0.5466585939951418,-17.265574982688946,-0.15841253053879845,-18.596607092622552
2024-03-18,-0.46643331966479407,-18.91149355940761,-0.6263912454662957,-17.340866293952573,-0.1805148347447827,-18.711000685702217
2024-03-19,0.0,-18.677440746331055,-0.3871932910528564,-17.357978905064442,0.0,-18.652062161544404
2024-03-20,0.0,-18.486728885238048,-0.3971557760702127,-17.265574982688946,0.0,-18.555025406146708
2024-03-21,0.0,-18.4780475634302,0.0,-17.026014093230046,0.0,-18.33318864723258
2024-03-22,-0.13522623188233496,-18.07928308331371,0.0,-16.65640362576385,0.0,-17.88604815739503
2024-03-25,-0.44037495629737355,-18.29601702414503,0.0,-17.00205539326628,0.0,-18.194542733314577
2024-03-26,-0.7190083969924488,-18.174646309088626,0.0,-16.796719726031117,0.0,-18.024699565721924
2024-03-27,0.0,-17.86257102816762,0.0,-16.48870839212474,0.0,-17.685013230536605
2024-03-28,0.0,-17.94057161032685,0.0,-16.63929101465199,0.0,-17.740462805049585
2024-04-01,-0.20099960118243887,-18.683058072206727,,,,
2024-04-02,-0.9207357161862717,-18.85696172704321,-0.885291800198984,-17.340866293952573,-1.1321318672962155,-18.250003296645335
2024-04-03,-0.807932697591518,-18.761306692131885,-0.5705231793134757,-17.306641071728833,-0.6747037833664482,-18.19799871650608
2024-04-04,-2.0190876494592946,-18.483110451946704,-0.41315504153788263,-16.91307712633462,-0.4832198036470725,-18.014293155285177
2024-04-05,-0.931247120375589,-19.022154879158204,-1.2984468417368666,-17.22108323820525,-1.7166491254103855,-18.204932660524655
2024-04-08,-0.9666300976996056,-19.20473256057411,-0.7279236624233909,-17.395624560696245,-0.9383243092239146,-18.437170335466625
2024-04-09,-0.8092498304191453,-18.88304216860879,-1.377134953791459,-16.892544081814663,-2.2484845252322083,-18.076676673816728
2024-04-10,-1.7454832393564712,-19.961109137346543,-1.2394166066121648,-17.262154549280883,-2.1370266963310125,-18.399044632182292
2024-04-11,-1.0115580116186518,-20.07413411110196,-1.5738754497618745,-17.64203153900703,-2.909341893959272,-18.652062161544404
2024-04-12,-2.440441862141862,-19.743784283014023,-1.3377787682637976,-16.91307712633462,-3.0399903677115536,-17.97615646318308
2024-04-15,-3.612005853885669,-20.25673367820311,-1.2787647058062457,-17.453803260847998,-2.5194560080607054,-18.43023639144805
2024-04-16,-3.8101146050957824,-20.569713567446946,-2.7641271482153784,-17.74812241705056,-3.9273226938088768,-18.66940251599972
2024-04-17,-4.366252559535477,-20.065452789294113,-2.754286080250068,-17.652298061267015,-3.9068329574241223,-18.59314012061326
2024-04-18,-4.571366062601612,-20.343663619936116,-2.410010428135778,-17.713897194826846,-3.5424641865284157,-18.711000685702217
2024-04-19,-5.40259661618313,-20.239327263216957,-2.518189398751991,-17.754963283866733,-4.083446035684879,-18.759527305014412
2024-04-22,-4.576626041101561,-20.23061676049548,-1.7214106059057377,-17.532515005519688,-3.4159242217728814,-18.700599769674387
2024-04-23,-3.432910000570477,-20.12633147037518,-0.5705231793134757,-17.580427183411473,-1.9188321272729514,-18.773384204233768
2024-04-24,-3.4118871921918315,-20.369744061501706,-0.9836539618506168,-18.19302419578038,-2.183540510268367,-19.20318983402489
2024-04-25,-3.852066140936805,-20.674057219394527,-1.6820705930452373,-18.40178551845938,-3.11051097072238,-19.41464216013784
2024-04-26,-2.8688863547861487,-20.45667400323472,-0.49181889459173345,-17.963724606545718,-1.792513958632913,-19.15467969793938
2024-04-29,-2.5551692631146428,-20.135005496954616,-0.39346481927368115,-17.607806316783314,-2.0233614679945555,-18.873898920458554
2024-04-30,-4.084505873770949,-20.50887136250793,-0.904973936129605,-17.9774167842495,-3.0299884190742588,-19.206662300443057
2024-05-01,-4.413369992960181,-20.194045780476376,,,,
2024-05-02,-3.539315516859598,-19.81912210680361,-1.1607284945575724,-17.707051105974948,-3.2228771075251683,-18.99174849672972
2024-05-03,-2.323259804535782,-19.374361211562363,-0.688559390562149,-17.43327021632807,-2.6545404041230847,-18.704061247274772
2024-05-06,-1.3119583772342014,-19.304626123191614,0.0,-17.282687593800816,-1.7157196940692288,-18.520350191644987
2024-05-07,-1.1741982573990617,-19.095333315338447,0.0,-16.971255826486377,-0.33764761983723357,-18.256920757437236
2024-05-08,-1.1746344507380768,-19.32204712863459,0.0,-17.214242371389087,0.0,-18.471829066741684
2024-05-09,-0.6523057564777113,-19.077897719438653,0.0,-17.402465427512414,0.0,-18.676336460018295
2024-05-10,-0.4728506851186087,-19.339497314991196,0.0,-17.566740227743427,0.0,-18.762983288205927
2024-05-13,-0.49544721064195274,-19.243586947085532,0.0,-17.484602827627917,-0.1631553380937123,-18.721396107321176
2024-05-14,0.0,-19.008126154925865,0.0,-17.7002102391588,-0.3005920181229138,-18.92590899500668
2024-05-15,0.0,-18.397719803408197,0.0,-16.827519292811033,0.0,-18.22097633448203
2024-05-16,-0.18763728900630383,-18.55468393787676,-0.13312690715238107,-16.984942782154423,-0.6918561755623998,-18.44014281067585
2024-05-17,-0.06716062605603978,-18.807565735479404,-0.22822313883229528,-17.3750915161763,-0.8741126280287448,-18.72887949222871
2024-05-20,0.0,-18.929644087691578,0.0,-17.42642412747616,-0.5320712563936736,-18.833240294676134
2024-05-21,0.0,-18.72036587029523,-0.24686674831034816,-17.316907593988816,-0.7557204595081801,-18.673215635769036
2024-05-22,-0.26935209102901814,-18.82503051229284,-0.550704547459091,-17.488023261036002,-1.0024725932170075,-18.850624604402554
2024-05-23,-1.0017160355222154,-19.112776206466652,-0.5127238469001538,-17.881592428465943,-0.9435352783406348,-19.20198655847809
2024-05-24,-0.30629223981277764,-19.008126154925865,-0.702627349694851,-17.82683416172227,-0.932677314992314,-19.13241085871018
2024-05-27,,,-0.26586490391257156,-17.52566891666779,-0.501598573745965,-18.899332539208103
2024-05-28,-0.28134520800809915,-19.461582962431777,-0.9684688376391359,-17.82683416172227,-1.014821068216576,-19.1219714818201
2024-05-29,-1.014838511373528,-19.853978708146368,-1.9939243367622095,-18.34018116286381,-2.099013032868269,-19.629880133975664
2024-05-30,-1.5961802048842455,-19.45286516448188,-1.405246894066936,-18.15537854014857,-1.9744725037863176,-19.435064877980167
2024-05-31,-0.7970070978519539,-19.077897719438653,-1.0824187446387135,-18.148532451296685,-1.968375897101704,-19.487250773612764
2024-06-03,-0.6745475126755829,-18.54786289931346,-0.6836291940926165,-17.679677194638856,-1.3842505914433034,-19.035005977916875
2024-06-04,-0.5198927715891033,-18.101847224785693,-1.196368651638302,-17.488023261036002,-2.4575224880945434,-18.80193315282369
2024-06-05,0.0,-17.804471829110746,-0.17090534719246264,-17.200550193685306,-1.5550073324892666,-18.66626520852379
2024-06-06,-0.018688028400448697,-17.83943056365125,0.0,-17.470915871959846,-1.1483667718581447,-18.8367237499121
2024-06-07,-0.11196908772362901,-18.70533040454231,-0.2458784438297501,-17.970570695397615,-1.6539503941161215,-19.247211038047684
2024-06-10,0.0,-18.88023350567095,-0.5863315001484848,-18.538675963282824,-1.9845334574322249,-19.570738316688953
2024-06-11,0.0,-18.45167531272821,-1.4942244570803065,-18.350447685123783,-2.6467243108246774,-19.250694493283625
2024-06-12,0.0,-17.996876183194864,-0.6052619712878737,-17.707051105974948,-1.2639538802572625,-18.72540153140164
2024-06-13,0.0,-17.45463644593982,-1.815770365222047,-17.669405450343145,-3.1992590500969253,-18.36708365567199
2024-06-14,-0.014779132788200755,-17.26221750139887,-2.818237934642842,-17.25872889383705,-4.596551618488642,-17.587844609325554
2024-06-17,0.0,-17.647004323881887,-2.678035833399417,-17.40931151636429,-4.245763841677852,-17.91832231521203
2024-06-18,0.0,-17.288451142761062,-2.008161481972126,-17.21081671594529,-3.907862780185134,-17.83831822737183
2024-06-19,,,-2.1230037487774855,-17.395624560696245,-4.247357861082657,-17.848752109853017
2024-06-20,-0.25188145725337785,-17.49835674980067,-1.3000141492638506,-17.440111083144195,-3.2602044153923537,-17.963541300372743
2024-06-21,-0.40252212912449403,-17.480870087302016,-2.065590389695604,-17.388778471844347,-3.740666705861606,-17.841790693790006
2024-06-24,-0.701305313014533,-17.41090155162214,-1.2426085645027674,-17.34771238280447,-2.8818111207074337,-17.939195574583312
2024-06-25,-0.3108168035701797,-17.34089653980022,-1.5296909085537713,-17.275841504948918,-3.665944458567505,-17.89049313418666
2024-06-26,-0.1538164371734041,-17.83943056365125,-2.0847152188549045,-17.628339361303258,-3.784543642595184,-18.0922588174274
2024-06-27,-0.062111111619089776,-17.65578048365907,-2.4675072262311804,-17.717322850270655,-3.4914200352920033,-18.054001248329698
2024-06-28,-0.4579469893744914,-18.093085655465345,-2.63976285211841,-17.833680250574158,-3.359468351055239,-18.227937750545042
2024-07-01,-0.18851310178711334,-18.70281355074088,-2.371805337226718,-18.316227684935782,-3.0668726332952145,-18.885426190308753
2024-07-02,0.0,-18.395764682194326,-2.7737377224038795,-18.216977673708413,-3.737799541088027,-18.92020579857937
2024-07-03,0.0,-17.85186163286181,-2.0847152188549045,-17.8165676394623,-2.6223999887383553,-18.659298298051908
2024-07-04,,,-1.4531293973501835,-17.953458084285735,-2.2198893874742387,-18.808889074477808
2024-07-05,0.0,-17.3956253433317,-1.606252419757348,-17.583847616819547,-2.08756507532466,-18.492312223081797
2024-07-08,0.0,-17.369347930599044,-1.6445254010383437,-17.344286727360636,-2.105575424443895,-18.426225472958713
2024-07-09,0.0,-17.48338694110344,-2.5823339443949433,-17.741276328198687,-3.3555454071953594,-18.63842503868064
2024-07-10,0.0,-17.40441609356569,-1.606252419757348,-17.310066727172657,-2.449148710831628,-18.37403957732612
2024-07-11,-0.8725663330068856,-16.87805806855911,-1.1086336942173092,-16.85147277073905,-1.7742988591789466,-17.973986171671708
2024-07-12,-0.32562121702717217,-16.70260782529972,-0.17081737653990015,-16.984942782154423,-0.6422035061802389,-18.0992202334904
2024-07-15,-0.03384935052551663,-16.96579048541721,-1.2426085645027674,-16.759074070399315,-1.4757721471399976,-17.935723108165135
2024-07-16,0.0,-16.59731579365885,-1.4914101529519885,-16.536620570016535,-1.86190782179112,-17.730468475279547
2024-07-17,-1.3916333611319387,-16.52714299158351,-1.912475141609249,-16.509241436644693,-2.2897364195757164,-17.67829356846473
2024-07-18,-2.161901269450106,-16.763997172369482,-2.199557485660264,-16.41684273630496,-2.7271705368905774,-17.573916282790634
2024-07-19,-2.8545231776588076,-17.027179832486972,-2.9076970440477523,-16.803560592847276,-3.696096267179183,-17.859185992334204
2024-07-22,-1.8020016729707766,-17.106172565709954,-1.9698807263703433,-16.88569799296279,-2.4499457205340303,-18.03312798895843
2024-07-23,-1.955019026863647,-17.04474674249814,-1.7976251004830912,-16.68035710369188,-1.6516732235378306,-17.71307317673535
2024-07-24,-4.2233547889874545,-17.22897314553471,-2.429210921987801,-16.769340592659276,-2.553867505107077,-17.71307317673535
2024-07-25,-4.715002216595455,-17.04474674249814,-3.079944895614195,-16.574266225648337,-3.0241549834014947,-17.486956273296283
2024-07-26,-3.6517235303237583,-16.649980047550304,-2.2952516003439394,-16.48870839212474,-2.3944034599743813,-17.393023858921165
2024-07-29,-3.5720635204464224,-16.509605262485984,-2.5632013409148557,-16.180702280254124,-2.9078329699521177,-17.212131435051692
2024-07-30,-4.0499603950902685,-16.33414042876976,-2.1421441265783825,-16.119097924658565,-2.4281676891852566,-17.066024113861733
2024-07-31,-2.527139966333658,-15.720064577361892,-1.3383026791864316,-15.831624857307869,-1.911612245050054,-16.836423755186726
2024-08-01,-3.857958130553485,-15.360169074213637,-2.792870325883978,-15.605750923517025,-4.1671186505238715,-16.45028219284057
2024-08-02,-5.6239761623383515,-14.049077919605136,-5.127833156856254,-15.280632200534527,-6.402648059560844,-15.963252294465157
2024-08-05,-8.448336581944249,-13.961075579295857,-7.223556813958954,-15.482547434361626,-8.110287925447924,-16.1371887966805
2024-08-06,-7.499169319696719,-14.72660766772278,-6.955614847708835,-15.444901778729815,-8.029096443556394,-16.168506927350723
2024-08-07,-8.211528523630529,-15.034619506419444,-5.529742219071032,-15.77686659056421,-6.64680214865535,-16.575516254659263
2024-08-08,-6.095807313446022,-15.28978471051441,-5.386204934205918,-15.728954412672413,-6.3010034455661,-16.478111373865957
2024-08-09,-5.64572746783133,-14.946617166110176,-4.802470057203456,-15.424368734209871,-6.075874081575705,-16.2693897689711
2024-08-12,-5.628746601161061,-14.70901157679797,-4.859875641964539,-15.444901778729815,-6.056849356471594,-16.297207961178707
2024-08-13,-4.03790792879315,-14.33065914577254,-4.323991709464314,-15.099250011227372,-5.603309432702986,-16.022388617342987
2024-08-14,-3.6680646527148197,-14.216269964304463,-3.845505587404352,-15.047917399927524,-5.2135302851266,-16.011960229270695
2024-08-15,-2.0856374329068172,-14.753023689795231,-2.5440531887931606,-15.52019308999344,-3.6361549270932825,-16.512890982136575
2024-08-16,-1.8769702248006115,-14.585824349867494,-2.371805337226718,-15.516772656585353,-2.8986621829868,-16.53347853224557
2024-08-19,-0.9124412017746386,-14.471442463627826,-1.740219515722019,-15.434635256469853,-2.3724701669952664,-16.48108934348407
2024-08-20,-1.106062572203237,-14.128282214452003,-2.237838241262047,-15.201920455862828,-2.712544891312718,-16.229648709473253
2024-08-21,-0.6824333882065381,-13.952284829061867,-1.912475141609249,-15.051337833335598,-2.2280043953532447,-16.180759459174332
2024-08-22,-1.5677841840839646,-14.34827712238258,-1.5679872127971506,-15.297744811646396,-1.9924828529055416,-16.35187732962937
2024-08-23,-0.4361634330226072,-13.952284829061867,-1.0512047864938312,-15.109516533487344,-1.252081540924066,-16.264571172374986
2024-08-26,-0.7479400431661509,-14.057890555524356,-1.0703529386155153,-15.256678722606509,-1.3372994744290323,-16.383310842886278
2024-08-27,-0.5816618171154309,-14.093060851688744,-0.974658823931851,-15.54073135654911,-0.9939332035484139,-16.536972976299303
2024-08-28,-1.1753682024504775,-14.137087555142823,-0.6110227429980575,-15.427794389653682,-0.46143756536514147,-16.456644718334612
2024-08-29,-1.1741597965897577,-14.2866616232321,0.0,-15.462014389841672,0.0,-16.474116938603288
2024-08-30,-0.16280307194145305,-14.585824349867494,0.0,-15.612597012368912,-0.029876376037929475,-16.578878832899633
2024-09-02,,,0.0,-15.793979201676066,0.0,-16.823341567620787
2024-09-03,-2.2644499079834457,-14.02277132595884,-0.9162001747779369,-15.475706567545478,-0.97058630841379,-16.449661324636054
2024-09-04,-2.4171434406979553,-13.519728850950475,-1.927837383172204,-15.013692177703785,-1.7907278700905138,-16.082969969758775
2024-09-05,-2.708061228108405,-13.31672452998668,-2.462297176919981,-14.921288255328314,-1.8718103872079617,-16.11439798860679
2024-09-06,-4.375321698570033,-13.193187132092522,-3.512112300134851,-14.743331721464969,-3.322350722381362,-15.789606995920957
2024-09-09,-3.2578543024263884,-13.069635143741554,-2.6722446946925937,-14.688573454721299,-2.574047507401267,-15.828029397285325
2024-09-10,-2.8224964733109315,-12.698949997774978,-3.2639713606712695,-14.507191265414143,-3.512413342350529,-15.59056104508053
2024-09-11,-1.785020806300519,-12.760733287178883,-3.302157028927055,-14.18549297583973,-3.172494053450081,-15.272747951684362
2024-09-12,-1.0473482639117293,-12.90193243305351,-2.462297176919981,-14.425053865298631,-2.178766367520768,-15.628977952036005
2024-09-13,-0.4957702240739881,-12.734266198507548,-1.7560522733498396,-14.356608642886904,-1.2226034410805386,-15.580077712919326
2024-09-16,-0.3505956611595251,-12.504794788872452,-1.907158971550238,-14.188913409247794,-1.5727779815415843,-15.408954348055426
2024-09-17,-0.32196513014570716,-12.663655682727615,-1.5411348036275863,-14.360029076294978,-1.0816711107809573,-15.580077712919326
2024-09-18,-0.6089970634157948,-13.043146169385,-2.0227316763260283,-14.69883997698127,-1.1587402548027592,-15.91184111048598
2024-09-19,0.0,-13.113749389936535,-0.654986943602831,-14.630394754569542,0.0,-15.796595884028408
2024-09-20,-0.19321710980519935,-13.140231069064667,-2.157587174391584,-14.791243899356754,-1.4859774458772068,-15.957246905548917
2024-09-23,0.0,-13.193187132092522,-1.6567307687089028,-14.551683009897843,-0.8188015913713098,-15.726756452633794
2024-09-24,0.0,-13.096087641956034,-1.0788052173485552,-14.284737765031362,-0.030259366142337818,-15.374026390744788
2024-09-25,-0.1855463244416211,-13.44911103994212,-1.1173242833170338,-14.640661276829514,-0.44142289324559103,-15.635950356916794
2024-09-26,0.0,-13.510894329346012,0.0,-14.438746043002427,0.0,-15.534671917856391
2024-09-27,-0.1221214954265859,-13.16670545296439,0.0,-14.223138631471544,0.0,-15.37053744109993
2024-09-30,0.0,-13.405004088975536,-0.9955912042316717,-14.2368255871396,-0.7636027043380622,-15.412437803291368
2024-10-01,-0.9295648930217726,-13.089886697807573,-1.4359467775827972,-13.637920752474475,-1.3376562196134811,-14.804778157746679
2024-10-02,-0.909898979634205,-13.337727492578944,-1.3402082590192488,-13.93566556412087,-1.5861492990471238,-15.10162458682045
2024-10-03,-1.0761413975299838,-13.780292524068793,-2.2592333073874538,-14.233405153731516,-2.3530316787555017,-15.384504228497086
2024-10-04,-0.16783025257259832,-14.612291438538804,-1.8571685179016195,-14.596169532345815,-1.81117314188588,-15.807068227371824
2024-10-07,-1.123567308389406,-14.922076017739094,-1.6082591579433592,-14.8836425996965,-1.8975981041671086,-16.065503243899006
2024-10-08,-0.16513480638951084,-14.851290416477303,-2.1634870828903363,-14.852843032916585,-2.0908281521316074,-16.058530839018214
2024-10-09,0.0,-15.169938698195685,-1.5316930020799036,-14.90075521080837,-1.1230631485946718,-16.121392371123132
2024-10-10,-0.19184353751348082,-15.178765924571724,-1.6848484316074885,-14.815197377284782,-1.3491601573802914,-16.13186471446656
2024-10-11,0.0,-15.152211293159489,-1.1678958786586868,-14.958933910960104,-0.5124919023611563,-16.17725952071173
2024-10-14,0.0,-15.302689969571615,-0.5935187088122684,-14.921288255328314,0.0,-16.194726246571488
2024-10-15,-0.752518386633827,-14.868995935828266,-1.3785067488180869,-14.476391698634217,-0.11328317570135082,-15.908352160841133
2024-10-16,-0.28680309144087923,-14.736215483538695,-1.569976080011637,-14.164959931319787,-0.38690484533617786,-15.60102789401505
2024-10-17,-0.30285882684418786,-15.178765924571724,-0.7658156773057145,-14.192339064691629,0.0,-15.691823000914262
2024-10-18,0.0,-15.081403806212478,-0.5743694639128383,-13.969885564308848,0.0,-15.524205068921859
2024-10-21,-0.17842384211026463,-15.736405889000194,-1.2636266912886662,-14.733065199204987,-0.9979956427361603,-16.103925645263374
2024-10-22,-0.2253798864917056,-15.816055192780066,-1.4742221495809504,-14.93840086644017,-1.1978153469600739,-16.309965978620156
2024-10-23,-1.1407793775502495,-16.010786724726966,-1.76142999933806,-14.863109555176546,-1.4231304199393224,-16.35187732962937
2024-10-24,-0.9287166328972085,-15.824918895298168,-1.76142999933806,-14.4866582208942,-1.090528132688784,-15.936285735635414
2024-10-25,-0.9576097350360357,-16.010786724726966,-1.7039822646397806,-14.77071085483681,-0.9857844937882665,-16.14234255221887
2024-10-28,-0.6937538802051946,-16.205503666217048,-1.3019251810875154,-14.664614754757544,-0.6397092057457421,-16.08645891940361
2024-10-29,-0.5334766402805724,-16.17011451320036,-1.952883918664483,-15.051337833335598,-0.9121201664491929,-16.40076657992826
2024-10-30,-0.8611117934889334,-16.294038558200253,-3.1399521600232627,-15.297744811646396,-2.035009334226101,-16.673173878261483
2024-10-31,-2.698999054414486,-16.33829141373503,-4.192975687086076,-15.503085700917296,-2.9496830118873385,-16.93858129966945
2024-11-01,-2.296670782989374,-16.83371767028341,-3.178242943888554,-15.588643534440882,-2.0470615097133327,-16.945575682185808
2024-11-04,-2.5666794463567455,-16.389766545395666,-3.561166194408527,-15.475706567545478,-2.592002661215731,-16.78492466066531
2024-11-05,-1.3705247919776453,-16.345375080521094,-3.52285999867612,-15.6536631014088,-2.040454175254136,-16.973509256980112
2024-11-06,0.0,-17.206613270458206,-3.9632232779608034,-15.636555712332678,-3.1441572334961476,-16.729052016667833
2024-11-07,0.0,-16.540697525969208,-3.33139066748257,-15.817937901639834,-1.499944408967968,-16.973509256980112
2024-11-08,0.0,-16.363153552156152,-3.9632232779608034,-15.373036122910012,-2.2479542847967826,-16.57190093360996
2024-11-11,0.0,-16.59398916950391,-2.9101920449644325,-15.04449174448369,-1.0620420757045501,-16.316960361136513
2024-11-12,-0.28335183890841886,-17.117830340709062,-4.8822483263290195,-15.249832633754611,-3.1730009807668935,-16.428705649131448
2024-11-13,-0.25581447348178576,-17.171114689015365,-4.863083669562485,-15.31827785616634,-3.328318051843826,-16.603317963640187
2024-11-14,-0.8474704066177674,-17.179978391533457,-3.7909031916666835,-14.969200433220086,-2.002658234979271,-16.41474985055209
2024-11-15,-2.1434351314532196,-17.144450629176987,-4.652480505336632,-15.013692177703785,-2.2717108813260167,-16.43730439904353
2024-11-18,-1.7449938934202214,-16.9580137719322,-4.5950558884390365,-15.133475233451122,-2.3817006444287303,-16.549500228567414
2024-11-19,-1.3543079857096907,-16.780426026748696,-4.977971433025463,-14.979472177515795,-3.037327067924289,-16.37069018566707
2024-11-20,-1.3490634807215018,-16.904744014082716,-5.092851490554895,-15.058183922187485,-3.3198229075391494,-16.43730439904353
2024-11-21,-0.8072303449732865,-16.949128183728877,-4.642909735853696,-14.958933910960104,-2.6005474847268784,-16.216423667276192
2024-11-22,-0.45899075667138467,-16.895873016336218,-3.4845769207443977,-14.54825735445403,-1.703072748342127,-15.897374331879877
2024-11-25,-0.15776600133013963,-15.999121654499449,-3.503718459710259,-14.298429942735158,-1.2828264050546379,-15.557292399254518
2024-11-26,0.0,-16.176694809226145,-4.039812551624944,-14.30869646499513,-1.838438650104679,-15.518727143259026
2024-11-27,-0.3741223474392652,-15.839283200037368,-4.173841854053784,-14.065709920092416,-2.012574204588713,-15.385493222097201
2024-11-28,,,-3.733470868835531,-13.66187945243822,-1.1783808413928787,-15.15410168612419
2024-11-29,0.0,-15.484136890583988,-3.197384482854415,-13.401785518459375,-0.15729430349404883,-14.919199222870805
2024-12-02,0.0,-15.491286214425736,-2.5464180393438784,-13.264889851600191,0.0,-14.600144393065618
2024-12-03,0.0,-15.73172964758941,-2.1826440337233244,-13.220398107116482,0.0,-14.71935108833251
2024-12-04,0.0,-15.411126244657169,-1.76142999933806,-13.162219406964725,0.0,-14.63169878331808
2024-12-05,-0.1808500574580707,-15.420011832860492,-1.4167821208162512,-13.35387334056759,0.0,-15.087481978338847
2024-12-06,0.0,-15.15285327325957,-1.206186662523956,-13.261469418192107,0.0,-14.96478083901821
2024-12-09,-0.6004413739379433,-15.44675614021138,-1.0913143109281043,-13.247777240488311,-0.18959616438566362,-15.087481978338847
2024-12-10,-0.8929897747688709,-15.598168605859975,-1.6465499418086393,-13.244356807080248,-0.27201511557048974,-15.052427649623755
2024-12-11,-0.08227147041209859,-15.84751221768379,-1.3976636996510639,-13.28200246271205,0.0,-15.129558161614742
2024-12-12,-0.6232718166336082,-16.16814480152967,-1.569976080011637,-13.850107730597273,0.0,-15.480156392854628
2024-12-13,-0.6133954387655849,-16.559978814656706,-2.0294808982621704,-14.161534275875976,-0.09962469820476993,-15.813238448554756
2024-12-16,-0.22247802195231037,-16.53330016436151,-2.067856447396643,-14.22998472032343,-0.550560562235558,-15.669482734369511
2024-12-17,-0.60598267254931,-16.53330016436151,-2.4521898837583045,-14.182072542431657,-0.8807305237491958,-15.62040117975948
2024-12-18,-3.5355020328816877,-17.17840262219691,-2.375330902419537,-14.271050809363317,-0.8993282815002557,-15.774667698150358
2024-12-19,-3.618745789197886,-17.553705647746987,-3.7013294199520375,-14.63724084342144,-2.234427365955105,-16.069173509037192
2024-12-20,-2.5664546449825965,-17.249895860614462,-4.45080851810814,-14.49349908771037,-2.6510936342122204,-15.872836301779314
2024-12-23,-1.8505086298049922,-17.616262231362345,-4.373949536769361,-14.784397810504856,-2.827241651327894,-16.18487477143259
2024-12-24,-0.7667753677433886,-17.571578957351374,,,,
2024-12-26,-0.7990435630871762,-17.509029668964427,,,,
2024-12-27,-1.8872654232323982,-17.72347290807502,-3.5860255360767535,-15.116362622339242,-2.16363158272177,-16.468858789296014
2024-12-30,-2.936559295111729,-17.240959205812267,-3.9799759775227206,-15.003425655443813,-2.531685511438342,-16.342646722694987
2024-12-31,-3.3437862596848444,-17.392860451764324,,,,
2025-01-02,-3.555188994834746,-17.348191768210175,-2.6828130633759883,-14.996579566591917,-1.9661415628809742,-16.28654331352416
2025-01-03,-2.332747817400904,-17.482212409329446,-3.3938472589955637,-15.383302645169984,-2.5466688977601404,-16.68272316091146
2025-01-06,-1.7843347049631308,-17.56262041686395,-2.2792379109121685,-15.369615689501936,-1.0284799082064366,-16.75636472325761
2025-01-07,-2.8739016824493757,-17.93792344241403,-2.2023789295733898,-15.554418312217166,-0.41955394066884866,-16.88608222273015
2025-01-08,-2.720141611614324,-17.794936965578934,-2.317667401581547,-15.841891379567851,-0.4715989768842799,-17.08591387404178
2025-01-09,,,-1.9333262592863276,-15.941141390795222,-0.5344584418999321,-17.156044509107538
2025-01-10,-4.200399382883557,-18.39360529458498,-2.817335545552735,-16.26626011377772,-1.0353357397270058,-17.40847413671848
2025-01-13,-4.049409961354189,-18.536584476191663,-3.3554177683261965,-16.485287958716675,-1.4364831592283633,-17.566251582389746
2025-01-14,-3.939139581071982,-18.509789102241903,-3.4130812691641865,-16.570845792240263,-0.7585303468553573,-17.755566935086854
2025-01-15,-2.170456486038852,-17.65197237442907,-2.1639340270368845,-15.85900399067971,0.0,-17.20863699099796
2025-01-16,-2.3753383262529515,-17.455409740151275,-1.164643974695867,-15.752913112636179,0.0,-17.11046289296011
2025-01-17,-1.3979863008571347,-17.392860451764324,-0.5304533485479324,-15.616017445776997,0.0,-17.050865039735562
2025-01-20,,,-0.5112270443128897,-15.537305701105296,0.0,-16.98424533195021
2025-01-21,-0.5308973453232002,-17.11586792426678,-0.05001921474533377,-15.369615689501936,0.0,-16.89309858288207
2025-01-22,0.0,-17.330311163377377,0.0,-15.417527867393698,0.0,-17.08943579013995
2025-01-23,0.0,-17.54475440248797,0.0,-15.547572223365258,0.0,-17.159549941979048
2025-01-24,-0.2760334907944584,-17.374994437388345,-0.01908183122866225,-15.687888323632526,-0.07752650053549637,-17.264734905759905
2025-01-27,-1.7292363649838327,-16.838853511084018,0.0,-15.465440045285506,-0.6041119603440892,-17.103452027217102
2025-01-28,-0.8233268680178263,-16.829938741967055,0.0,-15.598910056700866,0.0,-17.173566179056188
2025-01-29,-1.286846031641653,-16.928227354334357,0.0,-15.650242668000725,0.0,-17.21915328961249
2025-01-30,-0.7645541348169083,-16.74952343920413,0.0,-15.287478289386424,0.0,-16.952696436106617
2025-01-31,-1.259098093936828,-16.883551375551807,0.0,-14.976046522071973,0.0,-16.545994795695897
2025-02-03,-2.0043761672897675,-16.824394368375483,-0.8050955046757236,-14.466125176374256,-1.3979837887049373,-16.17084754553767
2025-02-04,-1.2957756507668838,-16.618231213510192,-0.6178610238007587,-14.507191265414143,-1.041556384983655,-16.111249692313102
2025-02-05,-0.9090410395558912,-16.13416362759611,-0.1497935908583825,-14.233405153731516,-0.6723759999496703,-16.044624490118853
2025-02-06,-0.5479690929098169,-16.232765934785043,0.0,-14.27447124277139,0.0,-16.086711662212526
2025-02-07,-1.4826001394299348,-16.510655775377014,-0.38932234895834306,-14.339496031775045,-0.5269733768537788,-16.125271423799138
2025-02-10,-0.8069571105815965,-16.52858744680867,0.0,-14.24025124258339,0.0,-15.93593958787537
2025-02-11,-0.7708753460772377,-16.7437091421614,0.0,-14.688573454721299,0.0,-16.325108569519642
2025-02-12,-1.0305390794354663,-17.31740590432017,0.0,-14.941826521883982,0.0,-16.672206862296925
2025-02-13,0.0,-16.698894554039057,0.0,-14.503765609970332,0.0,-16.269016149166603
2025-02-14,0.0,-16.349299913405645,-0.2369663050286963,-14.572216054417787,-0.4360495498366923,-16.37770654581897
2025-02-17,,,0.0,-14.856268688360396,0.0,-16.6022190818623
2025-02-18,0.0,-16.79749686122799,0.0,-14.842576510656613,0.0,-16.725431201209652
2025-02-19,0.0,-16.663031211175717,-0.9420269852085439,-15.294324378238322,-1.7985473117161699,-16.97538834482031
2025-02-20,-0.420050197559918,-16.492716808716935,-1.0688243404430864,-15.16085436682294,-2.3193749452822376,-16.86625839545679
2025-02-21,-2.115719521368875,-15.999712568000657,-0.5253500275314793,-14.825463899544744,-2.437958603274315,-16.570538320205365
2025-02-24,-2.598612443625692,-15.82043232982604,-0.6159351332189478,-14.801510421616726,-1.83225858521745,-16.521247978057517
2025-02-25,-3.0527873827653207,-15.15710639142257,-0.5253500275314793,-14.630394754569542,-1.9008096861388935,-16.34171267318377
2025-02-26,-3.0375356977974777,-14.924045729409773,0.0,-14.431899954150529,-0.22058099323688518,-16.3205866710036
2025-02-27,-4.574956140563291,-15.022640741370308,-0.4145667835294131,-14.284737765031362,-1.2852519205935775,-16.11288702616218
2025-02-28,-3.05004786210048,-14.556541303029935,-0.3785156125493683,-14.25393819825146,-1.2828922169449974,-16.02135566847176
2025-03-03,-4.747047190664933,-14.246370076723924,0.0,-14.733065199204987,0.0,-16.482523384204228
2025-03-04,-5.90978939157848,-14.516074671039924,-2.1836341519063662,-14.719373021501214,-3.543475579081201,-16.457886454743655
2025-03-05,-4.857777314846167,-14.992526038494013,-1.3245031686663244,-16.430529691972996,-0.2850917125028052,-18.19342736831001
2025-03-06,-6.5504179865217065,-15.037471940727743,-1.3960878477650707,-16.99521452645013,0.0,-18.732049766157953
2025-03-07,-6.020519515759726,-15.145361073682551,-1.700390916654948,-16.73511537043555,-1.752989423368334,-18.383528421478303
2025-03-10,-8.538673899964987,-14.552025556644177,-2.9890802143865636,-16.69746971480375,-3.4096881485715547,-18.4046489292496
2025-03-11,-9.229857132190256,-14.857673741336018,-4.671564195574163,-16.974676259894462,-4.6572806726237985,-18.728527850059784
2025-03-12,-8.784341680534736,-15.109410188078298,-3.7587267601889573,-16.837785815071005,-3.1728727436610815,-18.626436238483723
2025-03-13,-10.043899553703895,-14.767789232096973,-3.991402087209428,-16.731694937027473,-3.6394481290365377,-18.49618028694001
2025-03-14,-8.1124073758305,-15.06444240015934,-2.8100969852543733,-16.813827115107248,-1.847437037842592,-18.612354068499894
2025-03-17,-7.516268885615762,-14.992526038494013,-2.0244023802515887,-16.33812576959751,-1.1311530014659565,-18.218075286588366
2025-03-18,-8.498188266076411,-14.893646512625502,-1.5039313797620357,-16.39973012519308,-0.1655939808389295,-18.260316302130953
2025-03-19,-7.509459839530585,-14.63294423016739,-1.324460105895664,-16.27652663603769,-0.5611564357730359,-18.077259081159013
2025-03-20,-7.700207097642664,-14.50708694963886,-1.7731454676900404,-16.23203489155397,-1.7947882263480208,-18.073742659469726
2025-03-21,-7.621599479621189,-14.579017901761004,-2.3833664593696513,-16.095144446730536,-2.2536827063874276,-17.866043014628318
2025-03-24,-5.990840170509504,-15.073430121560405,-2.4372092769552656,-16.08829835787864,-2.420294136141665,-17.929393549124406
2025-03-25,-5.839103975796222,-14.929604693458165,-1.75519546945202,-16.187548369106008,-1.3223666795821543,-18.084302913355366
2025-03-26,-6.889634253752042,-15.127363745195188,-2.3833664593696513,-16.16701010255034,-2.4784972179443976,-17.999815387861318
2025-03-27,-7.197183396885631,-15.199301992545744,-2.832044644035603,-16.006166179798864,-3.1629234276286056,-17.918833295238766
2025-03-28,-9.025932707397432,-14.516074671039924,-3.532008449776858,-15.79740485711988,-4.090444870364496,-17.60200370103383
2025-03-31,-8.512623154645505,-14.264345519526056,-4.985757347459641,-15.85900399067971,-5.363014931313026,-17.62664612490331
2025-04-01,-8.164371529021896,-13.96314012893588,-4.0165866309188285,-15.49623961206541,-3.7554206258912037,-17.376705464519315
2025-04-02,-7.5438086579984525,-14.044299544996619,-4.429386350494058,-15.616017445776997,-4.392243569931353,-17.566806517687617
2025-04-03,-12.01409920693407,-13.160482623130697,-6.97792006674155,-15.2121869781228,-7.267837755928019,-17.059870375905483
2025-04-04,-17.25950785342509,-12.916997079720083,-11.868630702219573,-14.90418086625217,-11.860894050709325,-16.51420414586118
2025-04-07,-17.451368267691215,-13.954115931392764,-15.494027947307531,-15.311431767314442,-15.499324730830555,-16.802885883325125
2025-04-08,-18.74711817244047,-14.387014785239426,-13.04419410141957,-15.352503078390056,-13.404314016759889,-16.9049720004923
2025-04-09,-11.014419926015595,-14.657565626050983,-16.328598797012795,-15.229299589234667,-16.00633120097168,-16.552934234123352
2025-04-10,-14.078678599797012,-15.189657700587789,-13.089079862707276,-15.30116524505446,-12.198178366133828,-16.595180744074845
2025-04-11,-12.522009229510179,-15.667641066007965,-13.098036919005175,-15.0102717442957,-13.003622618523202,-16.313553827625014
2025-04-14,-11.826835983018446,-14.991256668750685,-10.755888708288408,-14.599595187789626,-10.523932817014147,-16.26426348547718
2025-04-15,-11.970874052380642,-14.738725042111723,-9.203432763117657,-14.739906066021158,-9.247776665626418,-16.281867571559193
2025-04-16,-13.941225499631827,-14.368973685381615,-9.436746854569634,-14.476391698634217,-9.003021823278468,-16.049525502848304
2025-04-17,-13.825681336498652,-14.61246652402065,-9.705946588240744,-14.188913409247794,-9.452050384737465,-15.887588789647644
2025-04-21,-15.849471507431002,-15.072416084811424,,,,
2025-04-22,-13.733679703194978,-15.009275882923268,-9.095739950818004,-14.045176875572473,-9.077704241611094,-15.686921988184821
2025-04-23,-12.294629014328418,-14.919114155004642,-7.498412598616433,-14.226559064879618,-6.2234931623262995,-16.03543783845559
2025-04-24,-10.517764345854152,-14.459164594213869,-7.121498521260339,-13.764549897073685,-5.7856565389356795,-15.718602749841759
2025-04-25,-9.857669974788463,-14.134483158600464,-6.780505971765605,-13.993844264272603,-5.025864051811835,-15.841820363598003
2025-04-28,-9.79823900142086,-13.791789804042887,-6.367713429318811,-14.164959931319787,-4.901093123763323,-16.063607672832127
2025-04-29,-9.274564085520176,-13.49416637060199,-5.936978065762444,-14.096514708908071,-4.2428370345400594,-15.979114652929171
2025-04-30,-9.133041459934654,-13.358883654967812,-5.452385530363591,-13.791929030445505,-3.939028456378213,-15.686921988184821
2025-05-01,-8.559549191996807,-13.736207458787453,,,,
2025-05-02,-7.209984692657223,-14.31529539474118,-3.8012225377048625,-14.206026020359674,-1.4211676410546992,-16.172732127786748
2025-05-05,-7.797391412520705,-14.469093400079824,-3.442258458586789,-14.168380364727861,-0.3199960236094812,-16.105843193965818
2025-05-06,-8.505590031672183,-14.251950926457546,-3.7473725429908233,-14.247092109399562,-0.725165865022559,-16.172732127786748
2025-05-07,-8.107224694256121,-14.025755074378509,-4.1781150836756265,-13.877486863969091,-1.2960130847266438,-15.852380617483652
2025-05-08,-7.574153005626427,-14.69528195693044,-3.72942972188125,-14.065709920092416,-0.28519426685883476,-16.105843193965818
2025-05-09,-7.623673997908275,-14.631952079103627,-3.262794361848853,-14.24025124258339,0.0,-16.29594424713411
2025-05-12,-4.605083639589813,-15.174826501230354,-1.952609564427965,-14.811776943876698,0.0,-16.86625839545679
2025-05-13,-3.9110958321192824,-15.238178264742396,-1.8628882817516734,-14.917867821920227,0.0,-17.014096455446936
2025-05-14,-3.8082806818905524,-15.554842244333255,-2.0962023732036483,-15.0102717442957,-0.4719017514996149,-17.123237393628244
2025-05-15,-3.3868281967079916,-15.002907148521382,-1.4500885621764326,-14.544836921045956,0.0,-16.661283977424567
2025-05-16,-2.697278557280236,-14.975790784521582,-0.9834460250155996,-14.346342120626932,0.0,-16.523429258386667
2025-05-19,-2.5978751583808024,-15.021013905434888,-0.6962819388495745,-14.260784287103345,0.0,-16.435051691398826
2025-05-20,-2.9738111221213948,-15.129581494631816,0.0,-14.288163420475186,0.0,-16.445650406146704
2025-05-21,-4.536320948073646,-15.71770092335707,-0.07172582164713948,-14.49692474315416,0.0,-16.721370833040282
2025-05-22,-4.576806581962234,-15.4010369437662,-0.6634441315507389,-14.51403735426604,-0.5108549180615207,-16.587049018918353
2025-05-23,-5.211211622044165,-15.15674892523049,-1.5779178832199259,-14.209451675803486,-2.042998642421723,-16.27951596455447
2025-05-26,,,-0.44826666660929826,-14.041756442164388,-0.3927884392335379,-16.251236242000154
2025-05-27,-3.263954550846193,-14.803856841355788,-0.23311071296098218,-13.860374252857232,0.0,-16.12397474330122
2025-05-28,-3.8016957126935313,-15.039113367119983,-0.9323998292576907,-13.90144034189712,-0.777251592898176,-16.201748101132285
2025-05-29,-3.4142884579368316,-14.686243168930513,-1.0220588989243828,-13.648187274734436,-1.2104921628676268,-15.915417970673051
2025-05-30,-3.413399378670934,-14.432901771938045,-0.7889481859634118,-13.627654230214493,-0.9452865991296466,-15.94723609255222
2025-06-02,-3.0054854745048543,-14.723397767222401,-1.0220588989243828,-13.709791630330004,-1.2210613656296831,-16.04267946937197
2025-06-03,-2.4413972075827295,-14.805089734957066,-0.8427551004530742,-13.603700752286462,-0.5567091743179153,-15.883599848793873
2025-06-04,-2.4301499934547888,-14.17870683322161,-0.39448126341273815,-13.692679019218135,0.0,-15.961367712216045
2025-06-05,-2.937170936764999,-14.432894476709635,-0.2510296201184481,-14.099935142316145,0.0,-16.378486751881283
2025-06-06,-1.928015371963654,-15.11372166806858,0.0,-13.921973386417053,-0.07860331646736274,-16.30425179337506
2025-06-09,-1.829421541176257,-14.959398406284407,-0.12542843968955664,-13.93566556412087,-0.6136422563849275,-16.29718598354315
2025-06-10,-1.2879072136638858,-14.814150408642234,-0.0895948134749025,-13.668725541290128,-1.3814558965856927,-16.04973978479499
2025-06-11,-1.5574789383988819,-14.46012026913558,-0.34043736226965216,-13.757703808221777,-1.5403969575883303,-16.12397474330122
2025-06-12,-1.1801406870356468,-14.087939601344956,-0.6808818898314861,-13.42231856297933,-2.2699407636606495,-15.774019357901414
2025-06-13,-2.2799678803851586,-14.405668684283679,-1.6126134937498926,-13.874061208525301,-3.3192055066806447,-16.08509081159013
2025-06-16,-1.3460876934298538,-14.650751882716085,-1.1882490641232701,-13.733745108258022,-2.567306849955031,-15.986109035445528
2025-06-17,-2.167018672182519,-14.23318030375873,-2.0578719153865,-13.836415552893467,-3.6546005343162657,-16.06742079260145
2025-06-18,-2.1939584967679115,-14.17870683322161,-2.438348930383094,-13.631079885658304,-4.13495681153665,-15.844715917082775
2025-06-19,,,-3.235502016492353,-13.921973386417053,-5.205644953099375,-15.926027674238696
2025-06-20,-2.401504293204748,-14.1242479531413,-3.0180998863226227,-13.764549897073685,-4.0003539518020155,-15.954301902384127
2025-06-23,-1.4621450649197731,-13.824698579400184,-3.3804415468002835,-13.696104674661946,-4.335588384246158,-15.862396924889243
2025-06-24,-0.3640960301020568,-13.525105434288598,-2.2934094000751637,-13.74059119710992,-2.8038635669974665,-15.989641940361476
2025-06-25,-0.36357559345859825,-13.488797082492265,-3.0180998863226227,-13.809036419521647,-3.3927982531739787,-16.18053968281876
2025-06-26,0.0,-13.18017244460915,-2.963751145103255,-13.726904241441861,-2.77212192740246,-16.099227925662852
2025-06-27,0.0,-13.40709052430078,-1.7498933267126038,-13.877486863969091,-1.1937361772707544,-16.332531515929393
2025-06-30,0.0,-13.062157534621344,-2.2752955414327647,-13.918552953008989,-1.7019316309332955,-16.37141544764048
2025-07-01,-0.10960833766859857,-13.223338311110865,-2.456462789025493,-13.713212063738078,-2.673500420317765,-16.09569502074689
2025-07-02,0.0,-13.40547827882217,-2.257167352205991,-14.072556008944304,-2.19322444069312,-16.357283827976644
2025-07-03,0.0,-13.706005213170236,-1.6593025376240522,-13.781662508185544,-1.601117999484969,-16.212352310289045
2025-07-04,,,-2.1665837284096323,-13.750857719369879,-2.2041609732325607,-16.09569502074689
2025-07-07,-0.7843679422504635,-13.979182336209373,-1.6955302549088502,-14.01779774220062,-1.0274398564985576,-16.240632032843383
2025-07-08,-0.8548311065144087,-14.106666452673311,-1.2607188292772409,-14.206026020359674,-0.47965768813746923,-16.45626010971236
2025-07-09,-0.252597955407341,-13.660468397435299,-0.49980062574496165,-14.161534275875976,0.0,-16.46685882446023
2025-07-10,0.0,-13.706005213170236,0.0,-14.363454731738813,-0.3778071702053576,-16.56584060060482
2025-07-11,-0.32970587476114366,-14.106666452673311,-1.104877390615966,-14.431899954150529,-1.1985957933469238,-16.714305023208386
2025-07-14,-0.18919510284300944,-14.143098823352618,-1.122979448254724,-14.4866582208942,-1.5842235592461784,-16.756721859835444
2025-07-15,-0.5747944156076268,-14.48005083315157,-1.5395774949660601,-14.383987776258744,-1.9929948784247475,-16.633009749279136
2025-07-16,-0.2572561069401069,-14.24328419510652,-2.2821916656178165,-14.24025124258339,-2.2003639799114905,-16.47039172937619
2025-07-17,0.0,-14.270590235044978,-1.1410958328089138,-14.134160364539861,-0.7276336333349898,-16.378486751881283
2025-07-18,-0.0028755947571568186,-14.033816301771507,-1.1410958328089138,-14.212872109211572,-1.0592889463477695,-16.50574825058021
2025-07-21,0.0,-13.733311253108694,-1.1954378230137452,-13.682412496958163,-0.9847824573616437,-15.982581624938474
2025-07-22,0.0,-13.487432874779604,-1.6120358697250592,-13.501030307651018,-2.0678991596638663,-15.908352160841133
2025-07-23,0.0,-13.79705695895488,-0.5433769213020412,-13.49418421879911,-1.257620207846455,-15.943697693227376
2025-07-24,0.0,-13.924541075418817,-0.3441325084946101,-14.1238938422799,-1.0331380836358206,-16.523429258386667
2025-07-25,0.0,-13.724214103281474,-0.5433769213020412,-14.25736385369527,-1.3526129978618684,-16.654207178774872
2025-07-28,0.0,-13.915458516048417,-0.7063885650011037,-14.021223397644455,-2.3593138083635834,-16.431513292073983
2025-07-29,-0.2954578674330466,-13.350822427574794,-0.470918546543031,-14.028064264460605,-1.3531460394808792,-16.48099593853296
2025-07-30,-0.4194476129330549,-13.651349361922849,-0.470918546543031,-14.127314275687974,-1.1704480135249384,-16.572911904845633
2025-07-31,-0.7795161559516095,-13.578499211021079,-1.213547044110208,-14.021223397644455,-1.9718880214807832,-16.488067242773763
2025-08-01,-2.362107970803906,-12.583554074786319,-3.5863063055835087,-13.993844264272603,-4.576822634379196,-16.417376178001252
2025-08-04,-0.9194218695630085,-12.464802346729098,-2.245966059967164,-13.579742052322697,-3.22560190940282,-16.06742079260145
2025-08-05,-1.3993059310996814,-12.528723138057106,-2.17352917558129,-13.53867596328282,-2.8655919645964922,-15.993185834095225
2025-08-06,-0.6812214036943987,-12.592680405527169,-2.10107080082228,-13.665299885846293,-2.546689871214758,-16.169929979253116
2025-08-07,-0.759066590323465,-12.656630377768806,-1.1773142750018506,-13.562629441210838,-1.454447814628812,-16.11690893346931
2025-08-08,0.0,-12.857635806148282,-0.9780841891098402,-13.908286430749017,-1.575185719258121,-16.357283827976644
2025-08-11,-0.24047835604974477,-12.830220337783683,-1.0686517849653243,-13.966465130900774,-1.9072467803689541,-16.49867694633941
2025-08-12,0.0,-12.848480294493791,-0.8694073721578932,-14.219718198063447,-2.1376400974591037,-16.749656050003516
2025-08-13,0.0,-12.5378713544832,-0.3441325084946101,-13.767970330481749,-1.4825955944507974,-16.314866991349607
2025-08-14,0.0,-12.82107941658599,0.0,-13.94593208638083,-0.7008701705534248,-16.484539832266677
2025-08-15,-0.26718674270108655,-12.994676671829264,-0.01803346588798993,-14.411366909630575,-0.7750027348217392,-16.84509393241438
2025-08-18,-0.26963636960379844,-13.076915781694677,0.0,-14.373721253998772,-0.9563960021878537,-16.81162748786833
2025-08-19,-0.8455238663600873,-12.857635806148282,0.0,-14.277896898215225,-0.5152443936154327,-16.630537265278853
2025-08-20,-1.0841339030205677,-12.729735861664981,0.0,-14.075976442352378,-1.1103654716324352,-16.403266535972993
2025-08-21,-1.467456160719538,-12.985557636316813,0.0,-14.312116898403204,-1.043687534185267,-16.64473481784936
2025-08-22,0.0,-12.501329555377726,0.0,-14.03491035331249,-0.7595683954054966,-16.474287265278853
2025-08-25,-0.42461375046238814,-12.674890334478928,-0.5341781253378142,-14.41478734303866,-1.1260543980905924,-16.715761041564104
2025-08-26,-0.006637041224755169,-12.446498618648516,-1.2820613037585749,-14.219718198063447,-1.6158798667396002,-16.374865936423088
2025-08-27,0.0,-12.282042284602923,-1.193018705354143,-14.216292542619657,-2.05034060961663,-16.225725701526127
2025-08-28,0.0,-12.081051446680268,-1.335469961327318,-14.038336008756314,-2.0759663865546174,-16.24702752479077
2025-08-29,-0.630961178894085,-12.154135044891213,-1.9943034990628439,-14.25736385369527,-2.6369091541942224,-16.43523300689218
2025-09-01,,,-1.7272179575343438,-14.37029559855496,-2.086515837104075,-16.50980312434067
2025-09-02,-1.2990840107070079,-12.416289077802888,-3.329773460390162,-14.688573454721299,-4.326881805976823,-16.712206159012588
2025-09-03,-0.7938537692349534,-12.113807022240975,-2.635334150942137,-14.363454731738813,-3.8891114315548703,-16.43168361874956
2025-09-04,0.0,-11.719675012164787,-2.0655361693302288,-14.151267753616004,-3.174111680175029,-16.314498865954008
2025-09-05,-0.3027391156554149,-11.288833412729748,-2.136761797316822,-13.77823685274172,-3.880232708468001,-15.959400713833594
2025-09-08,-0.08735128091817979,-11.013854368273357,-1.69159810126025,-13.579742052322697,-3.0242076475560653,-15.923884854771774
2025-09-09,0.0,-11.2246718788642,-1.638168316849109,-13.685832930366237,-3.385442792501614,-15.998460466629162
2025-09-10,0.0,-10.986344061939423,-1.6737952154040059,-13.617387707954531,-3.7337178658445658,-15.9132366903439
2025-09-11,0.0,-10.848850892097028,-1.086187305655062,-13.566055096654662,-3.445724230520608,-16.051717771995232
2025-09-12,-0.04426255867298057,-11.105511618016017,-1.193018705354143,-13.952778175232716,-3.468127890209338,-16.307400089668768
2025-09-15,0.0,-10.958855641290711,-0.7236788593195209,-13.774816419333646,-3.2615702849187023,-16.193764725015825
2025-09-16,-0.1252400334053383,-10.903871504764895,-1.8745002181346448,-13.79534946385359,-4.970843816816672,-16.257686678036432
2025-09-17,-0.22053063911052773,-11.096356106361526,-1.8924721187300375,-13.692679019218135,-4.848888667893192,-16.08368424291441
2025-09-18,0.0,-11.38966805981213,-1.119264898561223,-13.90144034189712,-3.564345880363984,-16.3606628894437
2025-09-19,0.0,-11.426326582572145,-1.2451527100985293,-14.075976442352378,-3.707399930386357,-16.50980312434067
2025-09-22,0.0,-11.572997149754272,-1.4609141091743716,-14.069135575536219,-4.165083784993284,-16.445881171320064
2025-09-23,-0.5502707285381936,-11.325506525946583,-1.155229826594395,-14.106781231168043,-3.8217811148127945,-16.520451288768545
2025-09-24,-0.8327551911028852,-11.56383434287137,-1.3710193947934268,-14.103355575724208,-3.5957873800407714,-16.43523300689218
2025-09-25,-1.328432618016706,-11.756318944468003,-2.018345845705738,-14.30869646499513,-4.1333956541196315,-16.60922994760532
2025-09-26,-0.7433746216843451,-11.802154864567749,-1.1911877123467751,-14.093089053464237,-3.2998140321217284,-16.4671884889936
2025-09-29,-0.48091340767781876,-11.54550143387716,-1.011384199023302,-13.850107730597273,-3.2770444035602364,-16.275433618749556
2025-09-30,-0.06382821869441724,-11.582167251865583,-0.5978051323438205,-13.863794686265319,-2.7244473173884898,-16.318048254096638
2025-10-01,0.0,-11.28428119020194,0.0,-13.815882508373534,-1.7757605290636969,-16.318048254096638
2025-10-02,0.0,-11.19233213132289,0.0,-13.754283374813713,-0.5173208691760744,-16.18666594873057
2025-10-03,0.0,-11.367016375599215,0.0,-13.713212063738078,-0.6955715777435256,-16.126293383852598
2025-10-06,0.0,-11.62445039572968,-0.03538117623047565,-13.894594253045245,-0.6976560091492168,-16.24347813664815
2025-10-07,-0.38045817815518523,-11.403791622013804,-0.15921875702541444,-13.863794686265319,-0.667145343344433,-16.222176313383496
2025-10-08,0.0,-11.38540035119231,0.0,-13.569475530062736,0.0,-16.055283643364504
2025-10-09,-0.2721178401715929,-11.449780741910153,-0.43952610362295585,-13.706371196921918,0.0,-16.15471046662916
2025-10-10,-2.9630442609501095,-10.898100979092618,-1.758083758451845,-13.347027251715705,-1.50252044288689,-15.717932431957248
2025-10-13,-1.4494670297426127,-10.852141040109908,-1.1954958540917882,-13.251202895932146,-0.9073911828940018,-15.678872679161682
2025-10-14,-1.602122477417478,-10.62227568814067,-1.5647019123430694,-13.011642006473235,-1.520892059017731,-15.551039761938256
2025-10-15,-1.198451886340457,-10.723424030044681,-1.0548488780017795,-12.614652405635196,-1.7466843796028253,-15.302472703776637
2025-10-16,-1.8200815114487012,-10.309682446002554,-0.2637087768271207,-12.63518545015515,-1.3776648763268784,-15.263412950981092
2025-10-17,-1.3006199797541917,-10.456776136432444,-1.3009931355159488,-12.731009805938708,-3.17033781553151,-15.302472703776637
2025-10-20,-0.2460068395953141,-10.33725111416376,-0.2637087768271207,-12.74127632819868,-1.4320654934227184,-15.437409891694198
2025-10-21,-0.24240060000523256,-10.171751562455567,0.0,-12.590693705671452,-1.1426510361115305,-15.245655021450178
2025-10-22,-0.7732808035301741,-10.153374882090871,-0.22854531146795365,-12.614652405635196,-1.8695480344354753,-15.284714774245723
2025-10-23,-0.19365441386444138,-10.447584148635924,0.0,-12.727589372530634,-1.6393354157143603,-15.313126362613405
2025-10-24,0.0,-10.364834372781806,,-13.112766728530389,-1.5089009091370786,
2025-10-27,0.0,-10.364834372781806,0.0,-12.97057069539761,-1.228993663974809,-15.600758667979465
2025-10-28,0.0,-10.2820845969277,-0.20964703406338714,-12.987683306509478,-1.3514922672558272,-15.593654397285317
2025-10-29,-0.003724777411007185,-10.861340323134849,-0.29699255271007363,-12.881592428465948,-1.9789285895677744,-15.579451350305916
2025-10-30,-0.9935763881568138,-10.990057333200088,-0.4018194907631778,-12.960304173137638,-2.000545990146785,-15.65757085589704
2025-10-31,-0.7271749409753725,-10.95328208678552,-0.8210930327614774,-12.932925039765808,-2.653051830971609,-15.583000738448561
2025-11-03,-0.5502064855594235,-10.99569654476098,-0.7686898267991626,-13.07666157344114,-1.9456136675300884,-15.778310491244108
2025-11-04,-1.7163748753988517,-10.885020634553566,-1.048214644188461,-12.994529395361376,-2.6903981918837916,-15.728586090794005
2025-11-05,-1.3568092700573464,-11.309281937962846,-0.8560353454458491,-13.12115331792485,-2.2815166463507563,-15.82802390287642
2025-11-06,-2.4587300412945545,-10.857342537966208,-1.5897965436462824,-13.056128528921196,-3.5643474782873663,-15.707284267529376
2025-11-07,-2.325596402031138,-10.820443272668657,-2.096429288376911,-13.138265929036708,-4.230947483366343,-15.721487314508764
2025-11-10,-0.8088261507741334,-10.940354942043074,-0.6638697307888797,-13.03901591780935,-2.6461872746203485,-15.774750114283698
2025-11-11,-0.6029347668167984,-10.663661518910338,0.0,-12.953458084285751,-2.1258142236781907,-15.707284267529376
2025-11-12,-0.5362721124318015,-10.645226476718383,0.0,-12.796034594942352,-0.9336748946112028,-15.604308056122084
2025-11-13,-2.1800936906104074,-10.903462971973932,-0.6720552567368365,-13.052708095513122,-2.3145141322565954,-15.934544008017449
2025-11-14,-2.2085566123360323,-11.051030852250465,-1.6198434876576795,-13.288848551563948,-2.985216999339735,-16.055283643364504
2025-11-17,-3.0950408581887134,-10.949583405981645,-2.154052503996362,-13.196444629188465,-4.1474141652699466,-16.031624718686256
2025-11-18,-3.888035107720178,-10.802008230476723,-3.860065920535505,-13.25462332934022,-5.81327930570369,-16.010218501652716
2025-11-19,-3.5240802706782315,-10.866571001904802,-3.9462291005190275,-13.193024195780378,-5.8848294098227445,-15.92462659997187
2025-11-20,-5.012393989193164,-10.654418464514936,-3.6015763805849366,-13.28200246271205,-5.4137859337701215,-16.035185095646664
2025-11-21,-4.072069778944998,-10.359304589647067,-3.842835984097981,-13.213557240300322,-6.17352169993397,-15.87825928335327
2025-11-24,-2.587027220008864,-10.220950582852284,-3.722212931239388,-13.09377418455301,-5.574972065620399,-15.856858560728593
2025-11-25,-1.6981215493898416,-9.990377593727274,-2.912277689614673,-12.89185895072592,-4.658922812230182,-15.756992184752782
2025-11-26,-1.0175222985109422,-9.916593653589024,-1.7577099747496772,-12.823413728314204,-3.5960355401493227,-15.699927254026303
2025-11-27,,,-1.6887834801016188,-12.885012861874024,-3.4264373508050228,-15.778392907377459
2025-11-28,-0.4838696693356015,-10.073382702575739,-1.3613606966050518,-12.895279384133984,-3.146776118644934,-15.781958778746741
2025-12-01,-1.0016265074327513,-10.556246575802176,-1.6887834801016188,-13.312802029491966,-4.151802719792775,-16.181418788241086
2025-12-02,-0.7554398042108779,-10.482251074040006,-1.5681536783450967,-13.29568941838012,-3.6584514195743822,-16.170721174133206
2025-12-03,-0.45639065107703214,-10.297236786335173,-1.4130505059176346,-13.258043762748295,-3.7281286505155165,-16.170721174133206
2025-12-04,-0.3420981243094312,-10.574769160735054,-0.9994645424375448,-13.425738996387393,-2.9629567905937293,-16.24560996729729
2025-12-05,-0.1338555944048303,-10.759768857983076,-0.9477814820228914,-13.548942485542792,-2.369279800904056,-16.470309313242858
2025-12-08,-0.4727464489709954,-10.944783145687909,-1.102877905552413,-13.93566556412087,-2.2966742216465996,-16.876906559884663
2025-12-09,-0.5589721709932216,-11.07429533564982,-1.2062642730755302,-13.829574686077317,-1.8227420767941482,-16.802001283493915
2025-12-10,0.0,-10.787505316397716,-1.1545609659670664,-13.850107730597273,-1.954835187160342,-16.82340200611857
2025-12-11,0.0,-10.778269557230713,-0.6203654474242648,-13.764549897073685,-1.286568642389152,-16.77347431253955
2025-12-12,-1.060404995958042,-11.018785942678488,-1.1890275877400547,-13.860374252857232,-1.7258764411600347,-16.802001283493915
2025-12-15,-1.2017176073475966,-10.944783145687909,-0.40406326848857477,-13.785082941593618,-1.549453374980958,-16.780606055278145
2025-12-16,-1.4334792056486356,-10.69501641061632,-0.8190462538419818,-13.6789920635501,-2.1712869495657428,-16.73067286729024
2025-12-17,-2.5740929596261175,-10.713524405092379,-0.940080989474823,-13.781662508185544,-2.643750952308399,-16.805572649272104
2025-12-18,-1.8000322745522546,-10.482251074040006,0.0,-13.631079885658304,-1.673015389303667,-16.684305550671642
2025-12-19,-0.9318098827633903,-10.68363585429678,0.0,-13.956198608640802,-1.3117968789679524,-16.987465055559458
2025-12-22,-0.2881720134289667,-10.776445750128216,-0.18931890941935592,-14.0006903531245,-1.3297955076438606,-17.033832372178072
2025-12-23,0.0,-10.813571167506487,0.0,-13.68925858581006,-1.101892236781965,-16.805572649272104
2025-12-24,0.0,-10.581561018384722,,,,
2025-12-26,-0.020894154472128612,-10.49802335786234,,,,
2025-12-29,-0.36691199923343243,-10.368109930337877,0.0,-13.347027251715705,-1.0569591523185484,-16.559478075110757
2025-12-30,-0.5037728302859201,-10.460905235712492,0.0,-13.53867596328282,-0.49099433693940986,-16.662904828046976
2025-12-31,-1.228122530622422,-10.75788668905332,,,,
