date,usa_stocks,usa_bonds,europe_stocks,europe_bonds,germany_stocks,germany_bonds
2008-01-02,10000.0,10000.0,10000.0,10000.0,10000.0,10000.0
2008-01-03,10000.0,10020.547315055675,9969.749777534624,10015.42322949466,9948.79966721903,10034.964302842985
2008-01-04,9754.46652219899,10046.784783429599,9777.288320512338,10056.087249549544,9823.351388658457,10079.789653059139
2008-01-07,9786.00470559834,10065.042074439674,9758.043362770462,10061.628730935558,9834.019225201917,10083.369920867475
2008-01-08,9609.661285623419,10086.729217340562,9815.779027969655,10036.389978059238,9875.307260044165,10061.855209368287
2008-01-09,9741.314515521935,10070.750199573557,9689.304808768478,10080.324480785406,9790.668508542838,10099.507609724327
2008-01-10,9818.950766906857,10043.369447236028,9595.821832557147,10074.782999399393,9703.086227778182,10111.16292908281
2008-01-11,9686.022822227118,10107.267546488421,9549.077968530772,10077.253691137043,9709.200562145292,10109.369484713723
2008-01-14,9791.370964875325,10111.823401750884,9579.32819099615,10110.304924114103,9726.900436044056,10135.36739332751
2008-01-15,9547.376380319049,10178.013598719908,9337.366801925193,10134.943579079712,9518.524731634838,10155.984141217814
2008-01-16,9494.900442842572,10158.612332522553,9249.380122287053,10166.592885528522,9399.253441862256,10177.498852717004
2008-01-17,9219.015436935608,10240.775326245479,9205.389158388694,10169.864387041756,9326.238928211364,10192.739405581196
2008-01-18,9163.503594921202,10225.947195902536,9106.404341789183,10182.216826888056,9201.243972813632,10205.291860932335
2008-01-21,,,8592.24480473258,10226.085104887232,8542.075852758917,10248.317973465797
2008-01-22,9061.937714665137,10340.063386593729,8779.21867689094,10161.050385300556,8516.01038515454,10236.667619804692
2008-01-23,9256.448236538954,10292.138775318917,8515.261805870805,10238.905193190265,8100.542163446096,10279.694559954381
2008-01-24,9349.876131443605,10198.562987446618,8957.932264718116,10154.907787161877,8580.922822222934,10210.668883574674
2008-01-25,9201.507707299283,10293.277911940453,8963.430937212017,10173.403843988806,8575.476187419521,10173.911963978831
2008-01-28,9363.20318320014,10255.614516167272,8867.19743679338,10200.779108441971,8578.13040068055,10241.146678838144
2008-01-29,9421.3106323133,10214.531636858454,9021.174522146908,10168.128280352701,8671.360793209882,10216.945525058358
2008-01-30,9377.05966577988,10209.970943030243,8963.430937212017,10156.443181986058,8649.20754135637,10192.739405581196
2008-01-31,9535.895356118475,10262.467307712113,8963.430937212017,10225.351538680588,8619.5185597444,10251.011036676227
2008-02-01,9652.592433735505,10295.78083287891,9133.902456100113,10237.369798366082,8766.604112574762,10262.662217953564
2008-02-04,9551.77505912604,10238.541291317808,9155.897146075724,10227.888455145228,8806.63414492717,10235.772966660721
2008-02-05,9247.034462510122,10310.657348879322,8869.947961000687,10297.196197885596,8510.701344373452,10285.072410212952
2008-02-06,9180.262818910925,10292.347524869709,8916.691825027063,10261.474580147968,8614.184334343154,10302.10640744623
2008-02-07,9254.908269398029,10176.725157783902,8746.220306138968,10292.188589683308,8471.036796142847,10322.723982952763
2008-02-08,9216.155651373347,10262.576521053257,8784.711805569856,10293.858471645373,8513.25481915385,10331.692860030647
2008-02-11,9270.874957997235,10285.484364969698,8702.227758293468,10312.954626383014,8483.390159459801,10352.307952688494
2008-02-12,9338.659285706539,10263.72395235893,8990.926675602239,10237.437041935025,8765.559872226751,10293.14332368195
2008-02-13,9469.29983149495,10220.223863847737,8999.172704409171,10249.455301620517,8772.89412502395,10296.727729571434
2008-02-14,9342.529607586519,10164.133827263342,9010.172425317684,10216.603761666376,8758.56530467217,10261.767564809594
2008-02-15,9350.931771401434,10185.884562742614,8834.206193803535,10240.240894991526,8595.214172773989,10054.68805282178
2008-02-18,,,9004.673752823783,10205.519780052398,8765.195002363977,10023.308155868275
2008-02-19,9343.322142977035,10112.616235309682,9021.174522146908,10228.222635306032,8808.898303705266,10015.238070015506
2008-02-20,9421.749855856284,10103.47065482453,8919.440765287229,10203.249800179621,8679.814840215562,10016.134378391935
2008-02-21,9303.776989561837,10207.632533327178,8977.17801443356,10199.777586801512,8686.318614806578,9976.694326980412
2008-02-22,9378.07127599379,10179.01863794789,8908.441044378715,10210.060758639907,8562.329815697107,10021.51636673165
2008-02-25,9507.788271056124,10111.477789911825,9056.91470539692,10176.875038524962,8658.277690167377,10000.0
2008-02-26,9573.636363929245,10136.66528951869,9186.141824726112,10159.248053884514,8788.367924204367,9974.003746618671
2008-02-27,9567.126405206593,10160.698445583104,9172.393955531,10149.699467094717,8803.31284636147,9985.656583128464
2008-02-28,9482.716016635512,10279.760341691217,9004.673752823783,10218.33986835543,8633.06727113031,10015.238070015506
2008-02-29,9226.140738176913,10389.648317143376,8886.443978482395,10297.12997315861,8489.164194325265,10107.577695577096
2008-03-03,9231.242818990393,10363.232513060499,8762.717907567814,10319.09722452169,8415.974002592297,10120.128495695777
2008-03-04,9199.484486871457,10324.194964615222,8647.237865460165,10327.911226262893,8233.676665227049,10140.74607120231
2008-03-05,9252.268632555357,10279.415421075839,8809.456227779203,10262.20814635461,8408.123772211376,10143.430858250445
2008-03-06,9050.017466921581,10362.093376438963,8693.97776961869,10285.912523248699,8291.884465002193,10142.537860338936
2008-03-07,8974.052734961238,10397.692087085612,8600.497169328068,10281.038383342342,8194.615933621204,10184.671802577117
2008-03-10,8835.66993456858,10472.319360269721,8496.011304313943,10345.671679199271,8111.700792953123,10212.46150032753
2008-03-11,9164.031951848212,10358.643479061488,8597.746645120762,10310.884339533157,8207.925083986102,10173.018966067322
2008-03-12,9084.1952871636,10478.05720802176,8702.227758293468,10332.384961281457,8302.024038781366,10165.84767143967
2008-03-13,9131.128846387419,10422.951473955001,8586.746924212248,10330.782322888335,8177.720739049436,10207.082822452734
2008-03-14,8941.590463887716,10530.890198634874,8501.512352728556,10345.137806015548,8116.506141331051,10199.015219448653
2008-03-17,8862.809976109033,10583.709364774426,8042.342708505258,10367.90688599617,7777.348547219044,10230.393461169695
2008-03-18,9238.89647715871,10511.368659517524,8328.290309633156,10316.560308057053,8042.900710494991,10200.80700858528
2008-03-19,9014.651917489979,10602.077251573,8245.804678409628,10325.574002821175,8002.430868678361,10172.121002458436
2008-03-20,9230.45135749607,10625.038319712656,8229.30945290149,10330.381918000545,7950.56345059272,10168.534941336495
2008-03-24,9371.913555222482,10437.881214178627,,,,
2008-03-25,9393.554711306097,10474.62044389417,8498.763412468388,10245.983088242412,8208.101376327206,10069.923639988596
2008-03-26,9311.69482619366,10482.660757718015,8446.52245989525,10235.90062826889,8163.504942358854,10071.717084357682
2008-03-27,9206.919070216381,10468.880522471094,8548.257800702067,10220.543623501218,8275.215932011844,10054.68805282178
2008-03-28,9134.120721181433,10510.21431597507,8504.262876935862,10216.404068643458,8252.370410233507,10040.341325485328
2008-03-31,9186.288450450484,10528.593953576174,8485.018711167559,10245.248503193816,8221.008801287635,10073.507218261848
2008-04-01,9516.013241999179,10436.535401677338,8765.46843177512,10207.122418445522,8454.191970811393,10030.47945049593
2008-04-02,9499.51819647296,10401.967305534758,8864.450872453925,10198.04148011246,8526.036321013487,10017.031514384593
2008-04-03,9511.966801143528,10401.967305534758,8817.70700842755,10203.516736771482,8481.100816061546,10021.51636673165
2008-04-04,9519.664489055762,10481.46563197855,8853.4487756247,10232.294946594851,8508.361631734882,10044.822039751236
2008-04-07,9534.620641337251,10412.333587035466,8933.189426455909,10195.170383487019,8580.872452982618,10008.966394229197
2008-04-08,9489.181945614246,10413.482400788493,8845.200370897062,10181.081836951667,8519.167676559697,10002.691407977973
2008-04-09,9413.12861721797,10475.700826503065,8784.711805569856,10183.218348528511,8455.487443101954,9999.102036391114
2008-04-10,9455.707527378716,10434.218419908291,8757.217651126773,10214.134088770681,8434.0510315344,10043.92490375858
2008-04-11,9263.661597268094,10479.159709788357,8633.486828370773,10260.739995099371,8307.307280683268,10031.376586488588
2008-04-14,9232.474577923895,10452.664414982495,8564.750650289498,10262.809263107276,8245.565034459625,10079.789653059139
2008-04-15,9275.010532236915,10405.41927658327,8600.497169328068,10221.477901572734,8284.009050001116,10039.443361876436
2008-04-16,9486.498279027655,10335.137726663477,8754.468710866606,10175.673823861584,8432.189212419802,10016.134378391935
2008-04-17,9492.701103439078,10310.939368139992,8707.726430787372,10138.415792457818,8405.73369033249,9965.932833149673
2008-04-18,9664.952978918236,10300.574469086645,8919.440765287229,10104.295794271356,8608.611776438953,9922.007929391095
2008-04-21,9650.129989764695,10301.719826721283,8820.455156714146,10124.460714218398,8537.496551703382,9939.041926624375
2008-04-22,9565.323333498356,10309.785715821217,8779.21867689094,10096.483314170615,8464.217906670343,9918.423523501613
2008-04-23,9593.122210353284,10299.41321330741,8836.953550116563,10108.969222312842,8548.164388246842,9935.455037886204
2008-04-24,9654.923862370752,10218.76607311059,8850.700627338105,10084.130874324317,8581.237322845393,9942.628815362546
2008-04-25,9717.781154346052,10204.941599548272,8968.93198562663,10093.745685841102,8675.914909645262,9907.667822984477
2008-04-28,9707.972186518156,10223.37031403052,9023.921086486365,10088.871545934744,8712.08248122809,9904.080934246305
2008-04-29,9670.495357170894,10241.811470538974,8944.186771443714,10128.466800780228,8661.774666815154,9924.69933736907
2008-04-30,9633.677900086202,10274.067423478255,9015.671889785157,10143.556868956039,8741.63264029968,9951.592726743054
2008-05-01,9800.652649672402,10272.915153606837,,,,
2008-05-02,9832.366952047421,10189.698043774779,9194.391813400889,10096.616782466544,8860.400851928132,9904.976415006504
2008-05-05,9788.688372184928,10204.723864089665,9166.893699089958,10096.616782466544,8871.534296815,9924.69933736907
2008-05-06,9863.905135446768,10172.358697809243,9125.651675451765,10149.90017895959,8827.529394290843,9964.139388780588
2008-05-07,9689.277801588443,10212.816710913046,9202.639426154958,10120.988500840289,8901.94011871293,9930.974323620292
2008-05-08,9725.258693538699,10278.689636213816,9199.8928618155,10188.827073483466,8896.46768503033,9976.694326980412
2008-05-09,9661.87411853258,10290.246896111914,9089.909116281045,10230.225678586949,8810.005198474155,10036.754436747155
2008-05-12,9768.63013908996,10272.915153606837,9122.9027351916,10215.26907870707,8851.242864076086,10034.068822082789
2008-05-13,9767.090171949036,10187.375532216312,9114.655122437529,10166.859822120385,8881.736525015054,9982.96931323164
2008-05-14,9807.910040145462,10183.918031378376,9164.143966856223,10121.990022480746,8910.733850961227,9937.250137487748
2008-05-15,9913.566391001094,10240.549296102738,9197.139961687486,10085.466576125578,8907.978284960536,9773.198393265853
2008-05-16,9926.234070495057,10223.2161711503,9246.62959807975,10123.726129169801,9002.957472943272,9774.98935478625
2008-05-19,9935.471725548216,10246.327234828108,9345.615998626401,10100.622869028377,9090.250437705627,9785.750021000764
2008-05-20,9843.319619320982,10277.53667511872,9161.396610543194,10121.054725567277,8955.090723908565,9775.885663162679
2008-05-21,9685.9787924832,10253.268503003748,9089.909116281045,10073.914946054865,8857.381768804327,9743.614423530124
2008-05-22,9713.162326819473,10186.222571121212,9131.152723866377,10051.079641347256,8894.492842254534,9729.270179042358
2008-05-23,9584.941269154147,10231.304179407934,8982.676686927462,10073.981170781854,8735.631943852793,9762.440209900029
2008-05-26,,,8966.182253392893,10069.708147628162,8747.947837369025,9737.33778204644
2008-05-27,9650.613243051597,10181.607961846112,8935.935990795366,10046.73937462462,8754.011802495821,9730.164832186329
2008-05-28,9690.729709241532,10105.318986939814,9021.174522146908,10020.030432809157,8848.588036556028,9706.859159166741
2008-05-29,9743.601914413266,10057.936295028641,9045.918152382683,9958.86833148838,8875.245035604603,9649.485491680596
2008-05-30,9758.468933310724,10091.454422404162,9081.660711553406,9986.37808307943,8927.779538994913,9669.2067588107
2008-06-02,9656.287710536008,10151.41462036233,8979.924578773018,10018.294326120104,8817.050135269052,9694.306703815602
2008-06-03,9600.775868521601,10204.770867299778,9054.168933031031,9966.34663142832,8830.08286907124,9662.036291799277
2008-06-04,9602.359865406443,10167.663906587479,8952.432800250645,10002.871096625444,8762.528503922382,9692.517397527663
2008-06-05,9790.315324917496,10114.300056189573,8941.4338713157,9935.698846619965,8732.83952231041,9653.968688795194
2008-06-06,9489.005826638575,10202.455959201767,8765.46843177512,9951.991148301107,8559.209994092671,9625.281855052122
2008-06-09,9496.87963352648,10129.37910072767,8721.471132088203,9891.497407301938,8574.0793623893,9632.452322063547
2008-06-10,9473.742540045858,10069.062231351598,8666.483615175608,9875.939690669395,8518.060781790808,9595.699540548852
2008-06-11,9315.698311201586,10079.505238680573,8523.509418624873,9863.587250823097,8366.043343222698,9589.426209530086
2008-06-12,9346.92828639351,9991.347953221022,8597.746645120762,9829.400009067693,8446.882902634354,9557.152487048843
2008-06-13,9487.774067705073,9968.151869030808,8641.738400992692,9786.065604252239,8510.78918341449,9508.736937629601
2008-06-16,9488.565529199399,9969.313816033722,8490.516591687889,9793.077274577397,8466.20564888573,9520.392256988083
2008-06-17,9424.389492698956,10002.944612868774,8531.757823352513,9808.434279345069,8549.58639789722,9528.46317045708
2008-06-18,9333.028847966047,10057.469027822237,8405.277268362779,9820.586007326492,8464.985730455644,9523.982456191172
2008-06-19,9370.50567731331,9999.468448991529,8364.036036698155,9784.129804540265,8455.24849633997,9480.953860809022
2008-06-20,9196.845923924979,10045.868912056096,8221.060256200282,9821.855484400765,8275.693825535816,9531.152923202595
2008-06-23,9197.373206955797,10041.232183623295,8215.563959627088,9838.681659265629,8289.557037544188,9555.359042679756
2008-06-24,9171.597550528695,10094.582900771316,8152.323286145436,9843.02090714631,8222.379827438668,9562.527854458722
2008-06-25,9225.657484890013,10093.41888009737,8251.30810274495,9834.942509295659,8325.25900078361,9557.152487048843
2008-06-26,8957.469629947185,10150.26235049091,8042.342708505258,9888.292130515692,8126.193006206411,9591.214688201795
2008-06-27,8924.435509150831,10200.13621253801,8012.09644590773,9897.97418560142,8078.778966075518,9626.177335812321
2008-06-30,8935.783907171553,10207.096143752959,8067.087922688174,9832.004169101276,8074.2623194408625,9559.837274096979
2008-07-01,8971.809365813826,10179.400884641887,7893.868255513485,9833.072934310674,7945.468171953461,9596.59584892528
2008-07-02,8808.970190467302,10203.831494321219,7830.6291659789695,9808.83468423286,7932.23396119001,9547.289784443217
2008-07-03,8818.779158295198,10207.327012461448,7899.3669280073855,9865.723762399944,7993.021034624738,9555.359042679756
2008-07-04,,,7800.383695355012,9918.071861979519,7890.455747643226,9633.347802823746
2008-07-07,8744.969199046338,10255.040109290758,7899.3669280073855,9966.079694836459,8045.869424378479,9680.858767704265
2008-07-08,8897.779257845375,10280.641651880815,7783.886093926165,9971.688419791413,7930.963673519606,9679.067806183868
2008-07-09,8696.055912190515,10329.518769384073,7921.364785877274,9977.030208154505,8034.182532107166,9691.619433918777
2008-07-10,8756.801924250154,10333.014287524305,7759.1424636903885,9988.514594656275,7931.7056984257215,9705.065714797656
2008-07-11,8660.382691499584,10236.421999520706,7550.178653397836,9973.824931368259,7740.866475013755,9720.30378481316
2008-07-14,8582.174053443732,10291.117146722663,7607.9190704384455,9990.517637937191,7799.9299376152385,9699.686209306628
2008-07-15,8488.790188282997,10328.356131157481,7445.69674825156,10005.073832929276,7650.793988148609,9730.164832186329
2008-07-16,8702.653930401002,10234.093266949134,7500.687433058434,9989.583359865675,7743.470933293497,9721.202576038277
2008-07-17,8807.474790018392,10185.217531893233,7712.400183611152,9959.269755218127,7889.273299013863,9682.654694922037
2008-07-18,8810.025830425133,10150.30244146424,7833.378898212706,9876.54080742206,8029.3894689098015,9626.177335812321
2008-07-21,8805.539092130306,10173.580090048474,7880.121178291941,9834.074455951131,8082.464520244964,9574.186484282121
2008-07-22,8924.523568638666,10138.672603079942,7838.878362680179,9840.884395569463,8105.045910641159,9572.391384680577
2008-07-23,8960.768639052429,10122.374931197322,8003.849625127231,9830.735710868956,8222.41729723939,9555.359042679756
2008-07-24,8753.766556660321,10209.650906467275,7877.372238031775,9898.10765389735,8102.416882000287,9618.108905192012
2008-07-25,8790.363865025423,10150.30244146424,7863.625952783803,9885.287565594319,8097.397157221502,9640.522407916316
2008-07-28,8626.820750724317,10208.485503345972,7781.140321560277,9935.632621892979,7989.762390479918,9640.522407916316
2008-07-29,8829.07191635809,10179.400884641887,7805.882367848914,9967.616108502592,8049.706086268872,9679.963286944065
2008-07-30,8976.867953831485,10199.177485296463,7926.863458371176,10003.73914996997,8126.847192071488,9722.101367263394
2008-07-31,8860.654666449453,10280.641651880815,7921.364785877274,10037.925372883421,8151.302686762847,9765.129962645544
2008-08-01,8811.257589358635,10285.778826256574,7825.130493485068,10046.338969736827,8046.762557005542,9762.440209900029
2008-08-04,8732.389042092114,10278.773965502547,7753.642999222914,10069.240499171427,7988.076863706426,9778.574588291964
2008-08-05,8984.037284816708,10226.224376597462,7957.106553074425,10082.928640818987,8200.541076207615,9792.0225244033
2008-08-06,9018.303164546563,10229.72888064551,8034.09271983048,10084.264342620248,8254.245128787697,9800.98809101627
2008-08-07,8857.443716832046,10325.479949432842,8014.847762088605,10139.083133937473,8231.727007071411,9800.98809101627
2008-08-08,9069.064089802636,10320.817645723948,8080.834207936144,10153.973509090361,8254.571914590722,9864.635917137408
2008-08-11,9134.252810413185,10270.607157745608,8182.567172822255,10147.162550630077,8314.930849482767,9870.015422628436
2008-08-12,9024.592974549627,10341.83499288074,8149.575137858838,10170.933152251157,8285.04100516856,9889.735034526082
2008-08-13,9001.236269297513,10319.644639142187,7951.608672554093,10189.561658532062,8079.130936498701,9910.356748113762
2008-08-14,9051.249225855081,10351.174807219442,7992.8530721129955,10184.888230490578,8104.316170915608,9903.185453486107
2008-08-15,9089.254412129358,10389.717439511189,8028.596423257285,10217.272121987986,8109.109234112973,9919.32065949427
2008-08-18,8952.631190649114,10415.412297297793,8020.348018529648,10227.554274984424,8092.57890940398,9933.658283052198
2008-08-19,8870.02387378627,10400.218509629125,7822.381553224901,10222.345954917262,7903.312803363338,9948.902146381311
2008-08-20,8925.579208596495,10430.585348256116,7858.12648831633,10233.42993653124,7947.807884592031,9961.453774116222
2008-08-21,8948.452123613613,10408.393612070204,7794.885814834676,10207.389355037383,7846.111159876453,9930.078842860095
2008-08-22,9050.896987903741,10378.030229561606,7943.3578919057445,10177.209218685766,7978.780053313999,9900.493217891906
2008-08-25,8873.322882891513,10446.934861914591,7896.619571694358,10250.657535125849,7921.579024086141,9951.592726743054
2008-08-26,8906.092825224361,10450.439365962638,7913.114797202496,10249.054896732729,7976.389971435113,9967.729587983678
2008-08-27,8978.759085027557,10465.621402828778,7926.863458371176,10200.779108441971,7951.871208063845,9911.25140125773
2008-08-28,9113.44714556781,10450.439365962638,8034.09271983048,10198.108723681402,8077.055355242274,9899.596909515478
2008-08-29,8988.832231318958,10437.586752891752,8061.586874273562,10203.317043748562,8079.269144780054,9919.32065949427
2008-09-01,,,8034.09271983048,10238.104383414679,8078.640143535135,9953.385343495911
2008-09-02,8952.367012185608,10494.414325140697,8113.829410793839,10216.93794182718,8200.251760205314,9930.078842860095
2008-09-03,8938.687185529636,10520.183143860859,7992.8530721129955,10232.896063347516,8136.118817843758,9946.212393635798
2008-09-04,8671.423418260982,10572.923510501105,7789.387142340775,10272.42407462406,7899.714473975903,9960.558293356024
2008-09-05,8710.176036285664,10549.482041905161,7627.16482015389,10324.972886068508,7708.334702619084,10051.10116408361
2008-09-08,8890.301718652729,10550.658504605313,7877.372238031775,10270.621743208018,7879.800810539358,10005.381988339714
2008-09-09,8586.83691071423,10598.690255550231,7830.6291659789695,10292.522769844112,7841.645496741141,10017.929477993477
2008-09-10,8640.104846633127,10571.749121471985,7770.140600651763,10288.7163763052,7812.5978015546525,10015.238070015506
2008-09-11,8762.168183527141,10552.997605532057,7723.399904519667,10274.494361473919,7773.071461605402,10028.686833743075
2008-09-12,8780.906598200772,10500.270372141696,7855.374380161886,10213.465728449073,7843.507315855739,9984.761102368268
2008-09-15,8367.035059596406,10701.80216528582,7506.185313578767,10282.440309870592,7628.728575336137,10071.717084357682
2008-09-16,8513.598801188202,10671.330260659757,7310.968580507756,10313.822679727542,7504.198614022785,10082.474440107277
2008-09-17,8112.527568257647,10767.413808036263,7159.748355150093,10293.123886596777,7373.127408317693,10032.272894865015
2008-09-18,8466.79679424804,10640.869415612544,7124.007379926511,10270.154094751282,7376.196860681814,10032.272894865015
2008-09-19,8807.562312558131,10451.07045318076,7712.400183611152,10165.991768775857,7786.443880650208,9925.595645745494
2008-09-22,8471.23950279895,10428.809594627035,7555.679701812448,10139.817718986069,7683.564707305266,9878.083025632519
2008-09-23,8338.927437585959,10428.809594627035,7415.452069601171,10151.102412464921,7634.225579379865,9908.563303744675
2008-09-24,8322.520451547576,10455.747963810569,7371.460313729242,10207.189662014463,7614.525678085148,9956.969749385391
2008-09-25,8486.107058644504,10424.121715642053,7519.9355586945885,10168.462460513505,7765.686839567888,9925.595645745494
2008-09-26,8514.918619609538,10417.092662059293,7379.71030240402,10206.387833396926,7627.898097129955,9981.178351711244
2008-09-29,7766.835014213553,10562.376128396732,6981.02922350793,10293.791228076432,7305.321196967256,10024.204464244704
2008-09-30,8187.87642075124,10422.940414376153,7107.503442709107,10264.278433204468,7335.437702862883,10070.819948365024
2008-10-01,8151.895528800983,10496.425094820337,7154.247306735481,10299.46719660033,7304.377695099877,10089.648217583617
2008-10-02,7824.809837146864,10555.20122661789,7058.016182237553,10337.125632891886,7121.086486626937,10106.679731968208
2008-10-03,7719.285575522985,10595.187825173218,7255.979479648022,10357.623714157777,7292.677903388971,10152.396424863413
2008-10-06,7422.066547843632,10681.001862363957,6708.827907628004,10485.15623686649,6776.87169793542,10225.01395567867
2008-10-07,6996.142672263956,10672.779065489089,6686.830841731685,10471.268402196012,6700.913655021196,10228.595878719461
2008-10-08,6920.617163846598,10536.404781138881,6290.897515135406,10452.973057233956,6307.14659052148,10268.04337867705
2008-10-09,6393.567705450034,10430.588113150827,6167.171048234041,10389.273020606588,6147.858167836083,10158.672238730867
2008-10-10,6318.9662847068485,10308.317556728902,5708.0025919711,10317.894991016361,5716.753368304738,10124.610037577917
2008-10-13,7050.7744563481065,10237.775415482456,6271.652557393532,10264.812306388189,6368.574950381691,10054.68805282178
2008-10-14,7013.297627000843,10189.566711275938,6453.119441335509,10258.068591496847,6540.593891427383,10051.997472460036
2008-10-15,6380.283609541224,10273.043721210966,6040.692869165016,10278.767384627612,6115.942497246738,10023.308155868275
2008-10-16,6651.725906897281,10275.40148517702,5743.744755155035,10327.37735307917,5815.506563756985,10075.303145479624
2008-10-17,6610.510307953694,10340.061312922697,5960.957366162011,10357.424021134857,6014.925143016394,10088.748598742275
2008-10-20,6925.719781608175,10350.64394743465,6172.670116714729,10364.968545801785,6082.454323545096,10089.648217583617
2008-10-21,6712.4719189569205,10459.976870273282,6142.425042077556,10397.218969003261,6018.799888966539,10096.817856978812
2008-10-22,6304.274310888866,10539.918962318425,5831.730246832818,10487.226523716348,5750.417220088458,10210.668883574674
2008-10-23,6384.110438625384,10554.027528812449,5809.7331809365,10464.457443735726,5685.794099022363,10242.943433672148
2008-10-24,6163.824797272561,10509.35927228524,5537.5330530169285,10487.62692860414,5403.963457239002,10243.838914432346
2008-10-27,5968.039560617521,10503.47834123183,5433.050751883867,10478.345278406205,5452.988084541944,10294.042942523294
2008-10-28,6611.918185862865,10418.820721254582,5554.029466485421,10469.265358915096,6067.912355310518,10311.07114644297
2008-10-29,6539.647656806832,10434.111280238185,5947.20870499333,10410.305993898155,6049.343919145821,10291.350706929094
2008-10-30,6709.612670342756,10354.167805745687,6015.948446955669,10406.634087497128,6125.591278062347,10285.972856670529
2008-10-31,6812.717980791648,10333.006684063846,6178.168789208632,10292.32205797924,6274.878949508952,10254.592959717023
2008-11-03,6795.563026054761,10349.524856299784,6213.911744366137,10342.067016367188,6323.777039452077,10273.422884168076
2008-11-04,7073.075521642391,10473.428774273098,6491.614504647459,10372.9817377674,6639.78751060288,10288.660954183579
2008-11-05,6704.5100525811795,10528.890488534085,6348.6367442156625,10425.997178826628,6499.935472089083,10306.586294095912
2008-11-06,6369.330942267662,10497.01885595984,5999.449657566468,10497.375208416857,6055.482823874062,10372.034185515973
2008-11-07,6555.395270582643,10459.263527437468,6103.93037475239,10541.778378441712,6212.5949268224,10382.787403184422
2008-11-10,6473.271743954797,10469.890400264821,6150.673842791979,10564.012566396657,6322.128982479306,10376.512416933194
2008-11-11,6330.666383730816,10508.824956382057,5908.714433654948,10573.226973025648,5990.079593842102,10413.270164145268
2008-11-12,6004.856480754116,10573.715652836227,5721.7480852455,10590.92120123504,5812.977659337717,10441.956170272111
2008-11-13,6421.279059765223,10497.01885595984,5691.504594555467,10573.02728000273,5849.107761119824,10460.781956642015
2008-11-14,6154.6311719633195,10600.85585933377,5735.496746414182,10620.367771380017,5925.493942576732,10479.606087779463
2008-11-17,5996.015093396215,10645.698304227863,5592.521757889878,10609.283789766037,5733.05703143231,10467.05528766078
2008-11-18,6056.188718784925,10728.301607433752,5633.763385541287,10621.035112859672,5760.984932410314,10487.675346016002
2008-11-19,5686.436057482227,10843.933651651054,5416.55394242859,10688.473280615053,5477.455864413867,10527.120363124897
2008-11-20,5304.982760207464,11062.234531226271,5224.085357644176,10780.350410313127,5309.022353316019,10637.38284575013
2008-11-21,5641.701300713808,10960.752526923681,5094.858634301769,10766.0611519129,5192.292253143271,10617.658268155108
2008-11-24,6006.967760669776,10858.087147684155,5521.033867640942,10734.411845464088,5729.358577823272,10581.805105481759
2008-11-25,6047.2598088872855,11044.535057724433,5556.776822798448,10773.606695421782,5737.019616423493,10623.93904771994
2008-11-26,6263.278860664868,11111.78628303937,5559.526159045399,10815.872335027836,5737.120354904124,10666.96598786963
2008-11-27,,,5691.504594555467,10793.236723343147,5868.921300334765,10639.175462502986
2008-11-28,6323.892783492755,11134.202666920668,5762.989316910125,10802.184193380277,5874.167072435943,10679.519270836996
2008-12-01,5759.58610752042,11284.919842591778,5422.049447028216,10860.608666371543,5528.656811453867,10744.958886094766
2008-12-02,5990.076984396395,11344.11139981988,5515.533215213115,10935.191972748014,5701.003152561611,10785.296901115176
2008-12-03,6148.121213240667,11361.866862439645,5545.780665770997,10956.892287519238,5745.599586529963,10796.954703322343
2008-12-04,5968.171649849273,11432.909449629045,5521.033867640942,10888.18464268958,5741.812679620857,10854.324232727342
2008-12-05,6186.125862566846,11312.14990816748,5312.06926537482,10912.08871260659,5511.900439422481,10809.502192976106
2008-12-08,6424.710158102219,11269.53251229324,5664.009252152029,10807.325269878498,5932.5886343529155,10732.407258359855
2008-12-09,6276.386837598008,11365.428046829298,5738.246082661132,10754.57676541113,6012.132107214982,10665.174198733002
2008-12-10,6351.692197295779,11354.767304041716,5740.9950229213,10796.642711994267,6044.550855948457,10653.519706990754
2008-12-11,6172.225887191286,11423.427934436328,5697.002475075799,10791.968265110827,5997.1497152571565,10690.273316121677
2008-12-12,6215.6408255383685,11455.398411996546,5543.0293495901215,10705.299455479917,5866.53121845588,10741.373652589053
2008-12-15,6137.080486479271,11480.265183816768,5523.782015927539,10748.23345540758,5855.774928612352,10704.617560609442
2008-12-16,6452.289960133751,11662.585797275016,5565.026019499656,10794.77313700928,5950.2387532703915,10722.54621098669
2008-12-17,6390.752486579789,11741.912009022957,5523.782015927539,10929.449779497132,5923.153615679134,10843.567704593976
2008-12-18,6255.756754780207,11821.217484060555,5518.284531393991,10917.430500969682,5983.562919811494,10842.673879066233
2008-12-19,6274.23152793843,11782.15366911551,5496.28825747124,10906.413762924647,5908.460539723609,10850.740654454088
2008-12-22,6159.997968188403,11751.381773413146,5411.053290000764,10954.95546896531,5835.898734976529,10874.944291082562
2008-12-23,6101.319206300506,11745.456604044335,5402.802509352416,10959.76338414468,5823.771418981968,10888.391399577667
2008-12-24,6139.499974602355,11733.614559990854,,,,
2008-12-26,6172.313946679121,11796.355550806082,,,,
2008-12-29,6150.452641875916,11822.377357392434,5413.803418221285,10991.946563777214,5918.725422344544,10920.663466826452
2008-12-30,6301.767300226044,11839.024788456178,5507.287186406184,10951.683967452074,6051.243822320171,10911.698727829715
2008-12-31,6391.192247070867,11708.314390924455,,,,
2009-01-02,6594.367500378818,11540.75900645444,5754.74130816927,10957.092999384111,6256.13422100315,10914.390135807687
2009-01-05,6563.752330757449,11520.553847119434,5861.972153575713,10957.092999384111,6269.872124169759,10896.457347349291
2009-01-06,6615.041075992438,11513.432169563805,5927.962955277886,10957.092999384111,6323.110568406435,10798.7473200752
2009-01-07,6420.223419807393,11515.804449227098,5859.22756917018,10868.955019656009,6211.349823772157,10788.884617469574
2009-01-08,6442.304873330186,11546.700765191525,5864.724261730157,10896.331302951128,6138.939126746023,10831.913212851723
2009-01-09,6305.110339075206,11600.169681588504,5784.989550700722,10945.741062336316,6018.145703101462,10897.359449039326
2009-01-12,6162.856679854471,11672.667985844017,5732.747806154015,10945.741062336316,5937.2938585092415,10927.83393383788
2009-01-13,6174.117555335454,11680.979259349682,5642.012978229281,10945.741062336316,5833.281991516223,10935.00522846553
2009-01-14,5968.083590361438,11746.326163431406,5383.557947597326,10945.741062336316,5563.3274337848725,10972.656801205343
2009-01-15,5976.221038764753,11736.830132541449,5372.560602609522,10945.741062336316,5455.617113182816,11013.896917915781
2009-01-16,6021.439585768169,11628.686805652855,5438.5478404306305,10945.741062336316,5492.790841053904,10961.901100688205
2009-01-19,,,5301.071920387015,10901.004730992612,5429.71503847995,10925.147491557282
2009-01-20,5703.45892298736,11610.869824125739,5229.586802045573,10877.63555310128,5333.7419793895215,10909.906938693086
2009-01-21,5952.863796564541,11507.489028379363,5174.594137304774,10837.572649799058,5360.53718671945,10945.76920514496
2009-01-22,5862.734910765133,11431.439908089369,5169.093088890163,10770.134482043673,5308.040767388889,10926.04048946879
2009-01-23,5894.317660856494,11433.812878976341,5070.112628145283,10742.090857268902,5257.116851170626,10852.5349264394
2009-01-26,5927.087603189343,11405.292298793602,5265.329757203078,10613.890993080535,5443.213380625546,10732.407258359855
2009-01-27,5991.792533564893,11480.158735370338,5254.331224254919,10599.201329792519,5438.873026331995,10770.057175867209
2009-01-28,6193.647431503411,11406.483277190995,5435.798900170465,10750.103030392565,5684.5612811526835,10785.296901115176
2009-01-29,5988.977314694648,11257.938617540201,5345.06407224573,10750.103030392565,5570.5732332820035,10784.403075587434
2009-01-30,5852.486182446157,11253.189910871546,5323.0701742436895,10763.45699187932,5457.655224638519,10770.057175867209
2009-02-02,5849.407322060501,11344.473601027214,5246.082423540495,10763.45699187932,5372.979003336471,10781.714978074378
2009-02-03,5942.131278010568,11246.754618428286,5350.563140726417,10763.45699187932,5503.7105237989435,10757.509686213449
2009-02-04,5902.01534876873,11189.562771300974,5477.042111769013,10746.096943830735,5651.941055457946,10727.030235717519
2009-02-05,5999.005894294035,11215.773281951451,5427.5508914296115,10812.199409784856,5674.207945231682,10775.439164206926
2009-02-06,6162.8131870586485,11147.843966208286,5595.271490123614,10812.199409784856,5842.955956951991,10750.335908737105
2009-02-09,6172.181857447368,11125.20984686838,5614.517635825843,10769.466121722067,5870.870958490402,10726.131444492401
2009-02-10,5869.157346948046,11274.160946041904,5416.55394242859,10822.882986511042,5667.980587203375,10760.196128494044
2009-02-11,5918.422334807113,11361.150754709117,5444.049284832027,10894.328259670212,5698.864302625275,10856.118504712653
2009-02-12,5930.078941035259,11357.576437069578,5336.814875544522,10914.35971132132,5544.7215278194535,10941.284352797902
2009-02-13,5871.488238635198,11268.20467160758,5408.304349740596,10914.35971132132,5552.055780616652,10919.764675601338
2009-02-16,,,5312.06926537482,10922.371884444983,5493.244164216746,10969.071567699628
2009-02-17,5605.060499552883,11457.673920344903,5152.597467395241,10915.027052800973,5304.493421500798,11025.548099193118
2009-02-18,5600.793909977645,11374.266724001367,5119.604640458255,10955.089956103195,5289.850100526561,11010.308373945154
2009-02-19,5537.144619559924,11311.095792058351,5174.594137304774,10955.089956103195,5302.744626047396,10934.111402937791
2009-02-20,5475.123355770962,11343.284696300854,5012.3730030782435,10955.089956103195,5050.452165284573,10992.380551184133
2009-02-23,5285.276765063838,11354.0035018774,4957.385090178863,10961.766427425595,4952.063839695102,10987.898181685765
2009-02-24,5497.29286878159,11311.095792058351,4902.393613398419,10985.803965638537,4900.863199784616,11005.83014252793
2009-02-25,5440.0219848028655,11208.619116882952,4822.65692243506,10983.800922357621,4838.541707297342,11022.858346447603
2009-02-26,5355.347417768278,11180.023193319295,4995.87658960975,10915.027052800973,4959.825923905469,10916.181097328084
2009-02-27,5229.325162558352,11170.493292469111,4844.652404384239,10915.027052800973,4835.434478002985,10992.380551184133
2009-03-02,4985.59475646558,11282.562078625726,4654.9347397939155,10959.76338414468,4667.277383467845,10999.552673428017
2009-03-03,4953.704335114891,11268.224025870568,4539.454697686265,10946.409422657924,4642.934912437683,10981.626505899458
2009-03-04,5073.21609465407,11210.878035863034,4720.923561562165,10910.352605917535,4894.812134097414,10948.453164576867
2009-03-05,4857.812922343237,11342.299011335861,4580.698305271597,10903.676134595134,4648.935608884569,11002.2415985573
2009-03-06,4864.938760532639,11288.53355998097,4509.210415022661,11013.847590413308,4612.352798198648,11020.17190416701
2009-03-09,4816.729412631403,11293.320283951922,4459.720382643614,11030.54029698224,4644.582969410453,11054.23493293619
2009-03-10,5123.712841446637,11210.878035863034,4671.432737209548,10945.741062336316,4889.83049337838,11000.447326571986
2009-03-11,5137.964517825442,11290.921046565181,4707.177276314193,10931.719759369907,4923.94766832494,10961.901100688205
2009-03-12,5348.221579578876,11323.176999504461,4734.670242796921,10986.47130711819,4976.9345734895505,11004.928040837898
2009-03-13,5389.788879525708,11314.829782367535,4767.665841641401,10952.41855250067,4973.638766673524,10989.692453671081
2009-03-16,5370.91891256842,11250.3012871207,4811.657201526545,10932.38710084956,5088.041439388267,10922.456911195539
2009-03-17,5543.611085486755,11228.797318494513,4778.663186629205,10921.70454296533,5016.624613469828,10904.530743666977
2009-03-18,5659.428105173527,11613.519975707635,4696.178743366034,10888.319129827463,5027.3805961838425,10876.737735451645
2009-03-19,5586.014413619925,11574.105710357788,4786.911591356844,10981.797879076705,5086.682698417798,10978.935925537713
2009-03-20,5475.739235237713,11574.105710357788,4819.907190201323,11042.55957550969,5118.485038216432,11018.380115030384
2009-03-23,5864.362400445796,11534.667943402881,4960.13165451832,11077.27967160686,5253.884005904995,10995.071131545878
2009-03-24,5744.8066111626995,11517.940330392476,4921.638175153508,10971.648175534243,5267.709133853616,10917.974541697171
2009-03-25,5800.141797253339,11448.643774213999,4995.87658960975,10976.456090713613,5312.909384446728,10930.526169432078
2009-03-26,5935.445200312246,11478.513623016423,4946.384181309993,11008.172640731365,5358.298212561511,10937.699946908422
2009-03-27,5815.8888740810535,11471.340794908614,4949.134309530516,11049.904407153697,5288.076120453002,10968.175259323203
2009-03-30,5613.681738191196,11520.332655542434,4751.168240212553,11089.966291613962,5018.461247964268,11019.274768174351
2009-03-31,5687.403637952222,11540.636659863412,4907.889513984827,11065.261411921369,5138.638262673991,11021.964520919864
2009-04-01,5782.6351415132085,11568.918076653526,4954.634169984772,11075.477340190819,5196.896124559938,11036.30711017517
2009-04-02,5949.0809972243005,11493.423317753382,5240.582959073024,11050.57174863335,5512.466171987491,10963.69537267352
2009-04-03,6007.0998499015295,11361.617330691844,5202.089875694996,10982.064815668566,5516.32863275707,10887.494263585011
2009-04-06,5957.394564603286,11335.260280621604,5152.597467395241,10988.47536924106,5472.071884031336,10869.566440823992
2009-04-07,5819.056330902641,11364.022789091689,5136.101053926748,11001.829330727815,5437.715762322789,10891.08280755564
2009-04-08,5887.763672389925,11420.336782147793,5097.609158509074,10999.826287446898,5482.27411223139,10892.875424308497
2009-04-09,6111.920172570823,11353.236243594689,5268.077509502891,10985.803965638537,5649.840289581362,10866.873377613561
2009-04-13,6127.931427862043,11420.336782147793,,,,
2009-04-14,6005.076092525607,11479.05692482742,5342.314735998778,11019.856720256055,5732.729631370258,10915.283961335426
2009-04-15,6080.557571199049,11489.841396653386,5317.567937868723,11019.856720256055,5723.6471973786865,10953.837635765269
2009-04-16,6175.26125478112,11444.303580739108,5408.304349740596,11019.856720256055,5798.712107665849,10926.04048946879
2009-04-17,6205.875887454391,11352.04388274994,5457.7947781064295,11042.55957550969,5883.476168008935,10868.671787680021
2009-04-20,5940.5037883299065,11431.123327644793,5317.567937868723,11062.590008318844,5643.776324454567,10907.218013563805
2009-04-21,6066.745655311324,11386.79100582515,5317.567937868723,11113.33648834725,5663.061600905222,10977.13999831994
2009-04-22,6021.439585768169,11359.229152883954,5339.566191725396,11113.33648834725,5779.79170107797,10906.324188036066
2009-04-23,6081.261510153635,11356.836136510317,5361.562069661362,11077.948031928468,5709.079430264923,10906.324188036066
2009-04-24,6183.398703184435,11312.50104979596,5446.79703713184,11109.330401785417,5880.305977164183,10920.663466826452
2009-04-27,6121.1132609319675,11359.229152883954,5499.037989704977,11130.029194916182,5905.1515263384745,11014.79157105975
2009-04-28,6104.5741856618315,11304.113050462025,5383.557947597326,11134.702622957668,5796.145733445857,10961.004792311776
2009-04-29,6237.282518570082,11243.004729974506,5526.531748161276,11142.715814923284,5918.348267301204,10964.587542968802
2009-04-30,6231.740140317424,11223.826037801504,5639.262454021974,11098.646825059233,5999.980220859291,10933.21674979382
2009-05-01,6265.522229812282,11187.77388442201,,,,
2009-05-04,6477.670422761788,11198.594991102915,5738.246082661132,11088.631608654656,6167.294552007684,10946.662203056472
2009-05-05,6453.961479558332,11196.19022392675,5727.247549712973,11088.631608654656,6105.123552982329,10915.283961335426
2009-05-06,6568.591307003619,11200.998375831723,5817.983169611277,11137.374026560192,6139.9452830342825,10914.390135807687
2009-05-07,6482.157161056615,11107.251855710929,5762.989316910125,11043.894258468996,6043.569884280357,10819.364895581732
2009-05-08,6638.22219921698,11120.47358222593,5903.217345108184,11021.192422057318,6181.698311960907,10792.471506207743
2009-05-11,6497.72811890866,11225.032914343494,5787.737303000534,11021.192422057318,6122.585094378136,10818.469414821531
2009-05-12,6491.701950421005,11217.820686486031,5801.485172195645,11057.249238797705,6106.4822939527985,10810.399328968762
2009-05-13,6319.757746201172,11269.501407227724,5617.26736805958,11057.249238797705,5947.344978988348,10865.082416093166
2009-05-14,6383.230917643224,11270.696532967188,5708.0025919711,11077.27967160686,5961.007328294484,10893.771732684925
2009-05-15,6314.215367948515,11243.062101539792,5721.7480852455,11043.22691698934,5959.78679560537,10510.087193507848
2009-05-18,6506.7015954983135,11176.95761630685,5812.48410113059,11066.59711372263,6103.777711451452,10491.262234754173
2009-05-19,6496.584419462994,11161.33250506304,5930.7122915248365,11033.879042064418,6239.214456070253,10432.090984817794
2009-05-20,6463.7264176423105,11196.19022392675,5960.957366162011,11017.85367697514,6338.998992430917,10426.715617407915
2009-05-21,6357.322635036271,11073.598939718177,5861.972153575713,11017.85367697514,6165.054963590717,10495.744604252544
2009-05-22,6347.909397955538,11008.712390606077,5853.726124768783,11013.180248933653,6187.799746888425,10429.404542537199
2009-05-25,,,5861.972153575713,10955.089956103195,6187.422591845086,10371.135394290857
2009-05-26,6514.883073645546,10935.399133634068,5900.466028927311,10959.76338414468,6271.89733618587,10358.585421788406
2009-05-27,6392.512065492204,10811.60926756764,5944.4593687463785,10927.713672808077,6290.981135675261,10348.724374415242
2009-05-28,6492.185740656002,10868.086389411781,5837.229711300291,10911.688307718796,6205.575174647663,10345.137485677069
2009-05-29,6580.291406027586,10990.67145260725,5867.475577911033,10937.728889212654,6215.563640705889,10380.995614047795
2009-06-01,6750.432538539182,10811.315497504442,6059.941390787954,10885.647726224941,6469.353357850049,10335.276438303901
2009-06-02,6763.80415698773,10847.47548177772,6068.1870236080995,10891.656856067688,6471.240361584806,10340.656771411159
2009-06-03,6672.267930227245,10913.765906180073,5969.206958850003,10942.403336096093,6358.611054684594,10408.787794646896
2009-06-04,6750.168360075676,10787.195247256584,5914.213898122422,10908.34956263662,6371.530764825587,10351.413299544523
2009-06-05,6733.5417622658015,10679.91802363667,5952.707773474018,10823.55134683265,6386.916110705939,10272.524092942958
2009-06-08,6728.174966040718,10625.674245496524,5941.710428486213,10868.955019656009,6295.950491213731,10307.485085321026
2009-06-09,6752.104057963761,10671.485094763655,5944.4593687463785,10896.331302951128,6287.320151866946,10320.935504281053
2009-06-10,6728.922934739221,10607.60634977425,6040.692869165016,10862.945889813262,6354.397237750861,10304.795332575513
2009-06-11,6771.7660233634715,10679.91802363667,6095.68276199832,10852.262313087076,6424.945501403367,10257.284367694994
2009-06-12,6781.442901959614,10736.57901097919,6062.688351114196,10901.673091314218,6377.11683642841,10324.519910170535
2009-06-15,6620.275782985768,10784.791171304098,5804.234508442596,10968.44391758995,6151.556621445122,10380.995614047795
2009-06-16,6536.085006186178,10845.067949706841,5834.479979066555,10963.769470706511,6152.538207372251,10388.166081059217
2009-06-17,6527.19958908436,10816.135400211944,5710.749948284126,11003.83237400873,6038.386766600059,10432.987293194225
2009-06-18,6583.018565409997,10684.738617567851,5746.492903441633,10963.769470706511,6085.561859968967,10397.132475288414
2009-06-19,6603.516558996044,10734.165257895209,5839.979839520812,10967.108215788689,6088.052680328484,10416.857052883437
2009-06-22,6402.453122551852,10792.028974437651,5644.761126515877,11006.5027587693,5904.308762951729,10452.714353637935
2009-06-23,6417.320678397408,10826.979317274227,5609.016191424447,11019.189378776402,5921.606297186994,10454.502832309643
2009-06-24,6459.371768579236,10785.995282951375,5765.74142506457,11020.525080577663,6083.712326034933,10468.84873202987
2009-06-25,6597.93015099947,10920.998870747877,5683.254209893904,11069.2674984832,6039.116506325609,10505.603996393249
2009-06-26,6589.572553876567,10935.470329672911,5694.253534815633,11099.314166538887,6008.811422908311,10514.565424925073
2009-06-29,6649.482537749868,10958.371261352571,5806.984636663117,11107.327358504504,6145.4551865176045,10533.394521759894
2009-06-30,6593.355353216808,10929.444932870776,5735.496746414182,11128.026151635266,6049.28126472494,10507.395785529876
2009-07-01,6622.826823392509,10922.429703761578,5809.7331809365,11119.345618189998,6171.055660037603,10518.153141279472
2009-07-02,6429.988894839466,10958.690606691862,5713.500868478216,11175.43286773954,5935.872463117892,10549.528900151829
2009-07-03,,,5691.504594555467,11158.072819690953,5922.939853537306,10571.940747643675
2009-07-06,6446.615492649341,10965.942925522653,5603.519498864469,11186.78378594538,5852.00092114284,10597.041520264807
2009-07-07,6319.757746201172,11009.453382389016,5620.017100293314,11183.446059705158,5784.534395035018,10592.560805998894
2009-07-08,6312.983609015015,11136.375874164665,5523.782015927539,11179.438954301373,5752.404962303845,10616.76361501114
2009-07-09,6335.417300489149,11071.1029310165,5573.275216200865,11164.081949533702,5824.639366988872,10601.525544995633
2009-07-10,6309.904748629359,11140.010328264198,5529.283064342149,11190.122531027557,5757.00944797954,10634.695575853306
2009-07-13,6467.949514421728,11100.117736129094,5584.27335316224,11200.806107753744,5940.715281296543,10632.003340259103
2009-07-14,6502.302916691321,11026.385597608147,5677.754745426432,11137.374026560192,6015.377851920207,10602.418542907144
2009-07-15,6695.184874988281,10883.7522828526,5823.479862171254,11154.066733129124,6199.989717303868,10556.705160476859
2009-07-16,6753.291787153345,10949.022461106053,5864.724261730157,11164.75030985531,6236.157288886697,10578.219044359816
2009-07-17,6750.6961800545905,10875.285484019358,5886.720931639692,11172.762482978971,6262.839472555429,10548.634247007858
2009-07-20,6827.893207896531,10915.179458601819,5938.960696252477,11150.727988046947,6327.941101404522,10535.187138512749
2009-07-21,6852.745850545652,11037.264767078012,5993.95058908578,11190.790891349165,6408.227213431732,10563.873972255822
2009-07-22,6850.370392166486,10971.999427390305,5993.95058908578,11220.169199083246,6442.935305563461,10563.873972255822
2009-07-23,7009.954588151682,10865.615955986194,6142.425042077556,11209.486641199013,6601.091034600781,10513.670771781102
2009-07-24,7031.288072975972,10888.590157375733,6128.677172882445,11178.771612821718,6578.547728264337,10500.225318518453
2009-07-27,7052.225827053099,10837.814248428693,6169.920780467777,11154.734074608776,6606.462729802749,10494.844985411195
2009-07-28,7033.883143126629,10859.57535226314,6123.176916441403,11217.498814322676,6509.836099106272,10519.949896113474
2009-07-29,7002.696660730527,10866.831127212321,6123.176916441403,11232.855819090348,6630.075461107361,10541.461297147747
2009-07-30,7086.887437530116,10910.345731420754,6268.902429173012,11250.216885980888,6743.723823735423,10545.049013502146
2009-07-31,7092.0340850356115,11020.342920214054,6249.656283470783,11351.70780835379,6707.845568154896,10606.005431645315
2009-08-03,7200.901385508651,10903.233039772942,6398.130736462558,11315.652010455357,6826.9909348266865,10584.491547762356
2009-08-04,7222.762690311856,10871.719461063958,6356.886336903655,11299.626645366077,6814.62467207014,10578.219044359816
2009-08-05,7204.200394613896,10809.889503056487,6337.64296310892,11284.93698207806,6734.099613280944,10592.560805998894
2009-08-06,7164.655778146793,10809.889503056487,6359.63923703167,11298.29196240677,6755.448185807459,10579.11038703887
2009-08-07,7261.0309811534435,10738.367206634475,6442.120908387349,11290.947130762761,6867.385222782843,10461.677437402215
2009-08-10,7236.970336946743,10807.459160604232,6387.1322035143985,11242.872054336878,6816.008597660766,10485.88024641446
2009-08-11,7147.457330614086,10882.631118046695,6318.394441485983,11242.872054336878,6649.562214519278,10510.985157116736
2009-08-12,7232.439568907999,10852.316812419243,6389.882727721704,11262.902487146035,6730.426344292062,10511.878982644477
2009-08-13,7282.716703929075,10937.182490723604,6422.877138605829,11256.226015823633,6794.609655893935,10548.634247007858
2009-08-14,7220.607380652278,10971.123646990132,6378.882610826407,11365.0627886825,6678.873426828881,10611.3865923688
2009-08-17,7046.947627263948,11046.29007464317,6233.157098094797,11359.721000319407,6543.638159171344,10632.003340259103
2009-08-18,7119.701409606882,11007.490998366848,6307.3939286038985,11367.733173443068,6605.444288333925,10620.352986597998
2009-08-19,7169.49475439296,11048.705210174508,6323.896677860949,11411.80216330712,6581.843842209878,10670.550393759111
2009-08-20,7248.362764711384,11077.807109470545,6425.628058799919,11392.438053135666,6681.326777387675,10668.761087471172
2009-08-21,7384.677777984204,10965.0602328857,6557.602138455354,11344.362976709783,6872.140816179485,10621.24515689328
2009-08-24,7380.718859668293,11032.95153132657,6623.589772263249,11367.733173443068,6943.85924328079,10626.626317616765
2009-08-25,7398.22605235652,11062.045827162146,6642.836313952262,11413.136846266427,6990.832859688434,10663.380754363918
2009-08-26,7399.853542037184,11076.593320691774,6604.345210508158,11435.83970152006,6946.652279082202,10680.413096364739
2009-08-27,7421.275086349308,11046.29007464317,6579.59564047061,11417.811293149867,6881.688858514462,10681.312715206086
2009-08-28,7407.595259693336,11071.7409304714,6642.836313952262,11427.159168074792,6940.840160156985,10668.761087471172
2009-08-31,7348.081006567198,11104.476592643294,6579.59564047061,11437.17438447937,6874.49281399862,10667.864779094747
2009-09-01,7185.813680943508,11133.290251665556,6510.861046336472,11409.799120026206,6701.7441332273775,10683.10367672648
2009-09-02,7163.952376140303,11194.057798879761,6450.374064956404,11395.776798217843,6692.371768974476,10700.134363494843
2009-09-03,7225.62193892602,11153.952309851798,6466.868102504189,11391.103370176357,6669.199461393114,10693.85772201116
2009-09-04,7320.896935282827,11087.092317138677,6535.605072559034,11385.093221491656,6773.626567489223,10698.340091509528
2009-09-07,,,6626.341088444125,11375.745346566733,6873.108888407993,10702.821633391668
2009-09-08,7386.789057899865,11061.561279363787,6651.088282560964,11362.391385079978,6896.029964046805,10689.379490593936
2009-09-09,7444.67582134534,11071.284031620165,6708.827907628004,11312.980606852834,7012.432664157501,10623.93904771994
2009-09-10,7522.356639422279,11153.952309851798,6722.574192875976,11362.391385079978,7038.234614638763,10669.657395847602
2009-09-11,7513.735400783965,11186.772992536098,6766.566740721476,11412.469504786775,7075.031187466512,10700.134363494843
2009-09-14,7561.504988194122,11121.12678860175,6717.074728408505,11433.168297917537,7070.276208328898,10712.685991229751
2009-09-15,7585.301453937316,11098.030240621183,6733.5715378637815,11398.448201820365,7081.270830675384,10683.10367672648
2009-09-16,7701.690860295019,11089.521968367255,6840.801591296654,11386.428923292917,7170.940977877031,10648.139373883496
2009-09-17,7679.213676025064,11144.226101477028,6873.798378101488,11371.071918525246,7209.788561600076,10635.589401381045
2009-09-18,7699.579580379358,11084.65920979171,6857.303152593349,11394.441096416582,7175.43243989153,10637.38284575013
2009-09-21,7673.363089564983,11077.370256105976,6772.067789136087,11397.779841498756,7131.175691165794,10636.48819260616
2009-09-22,7724.035955333221,11106.536439204077,6829.806622229557,11345.698678511044,7182.4141080065165,10620.352986597998
2009-09-23,7646.311107512366,11130.850923305485,6818.806901321044,11399.782884779672,7173.192851474562,10635.589401381045
2009-09-24,7574.612965127262,11161.239881090172,6697.829770666629,11443.851874643724,7051.368086921583,10665.174198733002
2009-09-25,7528.470867397768,11206.228865404026,6675.831120823172,11447.1906197259,7021.427873367061,10707.306485738723
2009-09-28,7663.905822740332,11225.678517258852,6750.069931266198,11487.252504186168,7216.292336191092,10726.131444492401
2009-09-29,7647.015046466951,11220.81852357802,6805.060616073072,11455.87115317117,7187.622410306972,10722.54621098669
2009-09-30,7622.294493049583,11229.321266042525,6758.318335993837,11500.607484514876,7139.365606789332,10748.54246436802
2009-10-01,7426.025466159544,11313.802623981854,6664.832983861796,11471.228157938842,6987.637484223525,10764.684291306017
2009-10-02,7392.859256131438,11308.932261945847,6543.854665247028,11513.961446001631,6878.631691330907,10804.125997949996
2009-10-05,7502.958315537979,11307.70672236455,6568.599879429943,11532.65719585148,6930.147138993366,10810.399328968762
2009-10-06,7605.931536755117,11271.13546000279,6730.821805630045,11525.979705687123,7117.3253785970155,10786.19403710783
2009-10-07,7630.564030684651,11343.060739829145,6725.324717083282,11545.34381585858,7096.077544551133,10818.469414821531
2009-10-08,7687.57073619987,11301.609438299889,6777.56566965642,11566.709950468998,7191.421602396643,10823.848092696331
2009-10-09,7731.117763778705,11193.121190795913,6763.816216514169,11512.625744200368,7185.5591142311105,10760.196128494044
2009-10-12,7765.031942505316,11226.031041334692,6832.554770516155,11524.645022727818,7275.317714732825,10775.439164206926
2009-10-13,7743.918069452518,11251.639496161531,6714.327372095477,11521.973619125294,7188.6162814146655,10795.16043133703
2009-10-14,7880.100993493585,11174.828647378254,6890.292811636056,11485.249460905252,7364.522867850094,10760.196128494044
2009-10-15,7912.827443030612,11138.266370924312,6912.291461479514,11437.17438447937,7335.123202240424,10709.993755635553
2009-10-16,7848.782421865729,11189.461161420291,6843.5521155039605,11427.159168074792,7225.199092100586,10713.585610071099
2009-10-19,7922.548351370673,11206.533003822398,6959.035325505889,11431.165254636622,7362.535125634706,10700.134363494843
2009-10-20,7873.327393255524,11232.1331639651,6928.7866869876525,11490.591249268346,7311.221154933511,10748.54246436802
2009-10-21,7804.707574307979,11206.533003822398,6953.5350690648465,11446.522259404293,7338.545239286755,10694.758168468734
2009-10-22,7888.326501384736,11173.620388388907,6876.547318361653,11469.225114657926,7249.780509892734,10709.993755635553
2009-10-23,7792.259506585508,11118.75243526742,6846.3010557641255,11441.181489883154,7221.248792289968,10677.722516002996
2009-10-26,7700.986921340433,11055.37413622097,6758.318335993837,11437.17438447937,7097.851524624692,10675.930726866372
2009-10-27,7675.474369480644,11150.453335593173,6772.067789136087,11501.27482599453,7088.869214854724,10728.822852470374
2009-10-28,7526.5351695096815,11184.58941693693,6629.090424691075,11522.641979446902,6914.321369389765,10745.855194471193
2009-10-29,7696.632272277359,11130.946312173064,6750.069931266198,11468.55675433632,7029.026257546402,10700.134363494843
2009-10-30,7480.701279987612,11213.84753278422,6618.0895158222065,11531.989854371825,6812.033113229991,10755.716241844362
2009-11-02,7528.998687376684,11184.33228172867,6642.836313952262,11526.648066008733,6831.984860726287,10756.613377837017
2009-11-03,7547.297341559235,11158.528901824602,6563.098039041762,11517.967532563462,6734.527751823628,10739.5810358362
2009-11-04,7557.853741137538,11127.790184858788,6684.080317524379,11485.917821226858,6848.854870677897,10707.306485738723
2009-11-05,7704.065781726088,11130.248176258166,6719.8236686686705,11467.22207137701,6895.010908318953,10691.173762579254
2009-11-06,7724.387656336466,11163.446958294397,6725.324717083282,11463.214965973226,6904.232164850906,10687.58521860862
2009-11-09,7898.09197641681,11168.355337632698,6862.799449166543,11494.597335830174,7069.622022463822,10717.168360728123
2009-11-10,7899.58737686572,11176.956233859493,6851.79735233732,11530.654152570563,7061.419821659719,10745.855194471193
2009-11-11,7939.307575360397,11208.924637748678,6876.547318361653,11532.65719585148,7130.798536122455,10744.060922485878
2009-11-12,7858.943627644967,11212.609551176716,6890.292811636056,11525.312364207472,7125.27573319954,10734.200702728944
2009-11-13,7904.118144904465,11221.218742087649,6928.7866869876525,11489.92390778869,7154.046397564291,10717.168360728123
2009-11-16,8020.06725382299,11281.449899727639,7036.017532394096,11517.967532563462,7302.4777919255275,10756.613377837017
2009-11-17,8028.380821201976,11306.047094313391,7003.025497430679,11554.691690783506,7269.279548485216,10787.984998628226
2009-11-18,8025.873273591056,11277.77258976006,6983.778163768096,11544.008114057318,7280.827618216147,10787.092828332947
2009-11-19,7918.149672563682,11291.290160009296,6879.29784256896,11550.017243900065,7173.356858635103,10800.53662636314
2009-11-20,7894.089028356981,11290.061855533284,6824.306365788516,11535.32758061205,7124.256677471688,10803.225551492422
2009-11-23,8001.944718616109,11274.08905877938,6961.778721951068,11528.651109289647,7298.27626017236,10790.677234222429
2009-11-24,7998.161919275868,11331.861533796311,6912.291461479514,11543.340772577665,7257.80641835573,10811.29563734519
2009-11-25,8035.242480927872,11369.964547828773,6945.2842884165,11543.340772577665,7300.213633147432,10805.917787086622
2009-11-26,,,6711.576055914601,11588.744445401024,7062.639740089806,10874.944291082562
2009-11-27,7898.707318935464,11421.592735570928,6794.061687138128,11580.73227227736,7152.511364252718,10875.839771842759
2009-11-30,7929.410548044666,11440.043569210879,6689.5805739654215,11588.07710392137,7077.459353405147,10881.670328178803
2009-12-01,8025.565602331729,11376.95834900395,6862.799449166543,11618.123771977058,7266.989590827933,10888.391399577667
2009-12-02,8029.34840167197,11353.552824039265,6909.540937272208,11611.446281812703,7273.368056577187,10876.28916745532
2009-12-03,7962.180490377514,11300.561543203865,6887.54307940232,11601.431065408126,7259.114790085884,10861.049442207353
2009-12-04,8006.079218959594,11216.790071981959,6981.02922350793,11573.387440633354,7318.618062151589,10835.949497202453
2009-12-07,7986.680895075295,11247.5785570526,6935.661809545562,11606.105512291564,7277.229903087738,10851.190877682875
2009-12-08,7905.789664329045,11287.010102994402,6828.431756112689,11614.78502689488,7156.247901921506,10888.839967573998
2009-12-09,7935.656328303812,11264.832882505729,6755.568603760101,11573.387440633354,7104.996585641191,10899.597323323593
2009-12-10,7982.766543451397,11226.64139184247,6833.927260712314,11530.654152570563,7181.961399102704,10867.322773226122
2009-12-11,8012.1934469350845,11171.191428384009,6868.297329686876,11544.675455536972,7241.4272013676855,10847.603161328474
2009-12-14,8069.596420145563,11171.191428384009,6924.662880610618,11520.304756005182,7299.25723184046,10863.739194952866
2009-12-15,8024.817633633225,11135.477283383116,6854.552628386044,11535.32758061205,7310.679992729631,10827.4349814345
2009-12-16,8033.966692250454,11135.477283383116,6939.786407896167,11569.381354071522,7426.5298597149085,10863.28897172408
2009-12-17,7939.439127644054,11234.03264663256,6857.303152593349,11608.10855557248,7352.319997995058,10907.218013563805
2009-12-18,7985.141464882467,11178.595816423986,6827.054514075113,11596.089277045032,7335.676649624869,10909.906938693086
2009-12-21,8069.772002173137,11064.002681394892,6926.040914621765,11560.70082062625,7460.621235782283,10887.494263585011
2009-12-22,8098.715652369922,11014.726727829362,6950.783752883972,11539.334686015834,7479.692750091111,10833.706657220808
2009-12-23,8119.081556724217,11009.784478530835,6983.778163768096,11495.933037631436,7494.474279346701,10788.884617469574
2009-12-24,8161.748526372796,10970.370213180986,,,,
2009-12-28,8172.261433155278,10940.803811573254,7025.020979379859,11477.23728778159,7551.688208014151,10765.578944449988
2009-12-29,8162.232316607794,10969.674842160799,7041.520164755846,11469.225114657926,7562.544622079283,10761.093264486699
2009-12-30,8164.563745243043,10989.434162223424,6994.776300729471,11475.901585980328,7494.461994166136,10763.783017232214
2009-12-31,8082.572307846949,10936.361316994004,,,,
2010-01-04,8212.597511116704,10963.51189184672,7132.253408733441,11459.208879411395,7608.7762135808125,10750.335908737105
2010-01-05,8238.285645004069,11011.652164909105,7137.751289253774,11500.607484514876,7588.094726358967,10766.473597593955
2010-01-06,8246.335033919548,10967.21685076142,7148.7510101622875,11453.867091048302,7591.202262782838,10753.027316715077
2010-01-07,8279.808915206982,10967.21685076142,7154.247306735481,11493.262652870868,7572.369695235998,10772.750239077639
2010-01-08,8303.693977386109,10980.792483799618,7187.242509593176,11502.61052779579,7595.3282406755325,10764.684291306017
2010-01-11,8318.165802484502,10988.204475300054,7176.243580658232,11525.312364207472,7598.964039863691,10790.677234222429
2010-01-12,8240.132746456224,11067.198208458822,7110.256342837121,11543.340772577665,7476.308797104531,10813.987045323163
2010-01-13,8309.544026898093,11014.120524663655,7132.253408733441,11524.645022727818,7501.645139242387,10821.158339950816
2010-01-14,8329.86590150847,11065.963682969706,7173.496224345204,11509.28699911819,7534.02580391611,10831.018559707754
2010-01-15,8240.045223916484,11115.332951731782,7104.75529442251,11521.973619125294,7391.985160484692,10854.324232727342
2010-01-18,,,7154.247306735481,11533.324537331133,7445.550390524391,10861.496354971225
2010-01-19,8343.061937929444,11095.581235129619,7206.4890512821885,11532.65719585148,7518.426695893931,10847.157076180836
2010-01-20,8255.880360232035,11133.861202423679,7099.259789822886,11522.641979446902,7361.239039085118,10885.700819215925
2010-01-21,8099.683232839917,11174.592248880339,7008.523377951013,11542.672412256057,7229.702839295649,10897.359449039326
2010-01-22,7920.30498222326,11184.464305451189,6928.7866869876525,11532.65719585148,7164.726519288317,10897.359449039326
2010-01-25,7956.902290588364,11159.773104445212,6882.046782829127,11571.384397352438,7084.277628618623,10899.150410559723
2010-01-26,7923.515931840668,11182.004931604455,6909.540937272208,11573.387440633354,7131.528275848004,10909.906938693086
2010-01-27,7962.532191380759,11156.0716016489,6851.79735233732,11531.321494050217,7099.159896354845,10910.804902301974
2010-01-28,7869.104296476106,11152.37355497098,6744.568882851586,11490.591249268346,6969.749032803091,10921.560602819112
2010-01-29,7791.8197460944275,11195.5695050638,6838.053443010057,11498.60444123396,7055.871834116647,10919.764675601338
2010-02-01,7902.974445458799,11157.173412191816,6884.798890983571,11541.33772929675,7113.349894166241,10926.04048946879
2010-02-02,8005.55139898068,11175.763181791068,6945.2842884165,11531.321494050217,7182.766692688727,10922.456911195539
2010-02-03,7964.423859524927,11122.50163249752,6909.540937272208,11511.958402720715,7135.5031460197515,10906.324188036066
2010-02-04,7716.602445884491,11214.149597531557,6728.072865369879,11501.942167474184,6960.829991713032,10950.249091794643
2010-02-05,7738.947540922693,11250.060741280715,6587.844045198249,11537.330623892965,6836.413054060876,10993.275204328103
2010-02-08,7672.923329073903,11240.154123525956,6618.0895158222065,11516.6318307622,6899.955079237265,10975.350692032001
2010-02-09,7773.257450396467,11179.466758258412,6651.088282560964,11547.346859139496,6916.8244749298465,10959.212175558921
2010-02-10,7757.905567367817,11148.50754093928,6681.330585290643,11582.735315558277,6964.767392084056,10936.800328067076
2010-02-11,7834.090984995845,11134.882831019935,6708.827907628004,11572.7200991537,6923.95786502481,10915.283961335426
2010-02-12,7814.252900620465,11160.901872711574,6695.078454485754,11600.095363606864,6919.504487070063,10948.453164576867
2010-02-15,,,6722.574192875976,11580.063911955753,6932.9776445955,10941.284352797902
2010-02-16,7955.978202914189,11185.665652203756,6788.561430697086,11576.057825393922,7034.9010308925,10939.48842558013
2010-02-17,7991.079573882286,11126.223872004175,6893.044127816931,11602.09840688778,7105.625586886111,10951.142917322382
2010-02-18,8044.348046749279,11086.574590603768,6923.285638573041,11560.0334791466,7145.970119860978,10911.698727829715
2010-02-19,8063.173983962649,11092.789382693709,6950.783752883972,11543.340772577665,7198.352901271313,10891.08280755564
2010-02-22,8054.904446327581,11084.120055322779,6934.286151455125,11564.706907188083,7156.071609580401,10904.530743666977
2010-02-23,7957.4301105672785,11168.32907113293,6871.047061920612,11629.474690182897,7049.933792090641,10972.656801205343
2010-02-24,8036.34215062962,11174.516905499424,6871.047061920612,11644.164353470915,7064.3252668632995,10992.380551184133
2010-02-25,8021.606684015817,11215.38550546803,6761.068068227572,11643.49701199126,6959.68501288439,11018.380115030384
2010-02-26,8033.175230756129,11232.721395315177,6818.806901321044,11668.201891683855,7042.876570115181,11014.79157105975
2010-03-01,8114.990549176553,11244.4010018043,6917.789341999847,11691.572088417142,7187.609510867379,11019.274768174351
2010-03-02,8133.905082825855,11250.604734315393,6972.779234833152,11690.23638661588,7266.926936407053,11012.1034735467
2010-03-03,8138.611432892173,11239.43041233497,7027.7683356928865,11697.58121825989,7318.90737815389,10999.552673428017
2010-03-04,8169.226065565444,11259.302401857125,7036.017532394096,11702.254646301375,7290.526768272072,11021.068212543434
2010-03-05,8283.943952498565,11205.906063946348,7148.7510101622875,11688.900684814618,7393.733341679066,10996.862920682504
2010-03-08,8283.987982242483,11176.099116498632,7143.250753721247,11688.900684814618,7391.909606624218,10991.485898040162
2010-03-09,8298.547329880614,11204.656331536313,7124.007379926511,11697.58121825989,7404.464446902436,11010.308373945154
2010-03-10,8337.167858673543,11186.029927082123,7181.744629072843,11700.251603020459,7468.408811742323,10999.552673428017
2010-03-11,8373.677107550811,11176.099116498632,7165.246235670426,11680.220151369349,7458.231153903398,10980.726887058112
2010-03-12,8371.961558382312,11193.481318332213,7189.989073932633,11690.23638661588,7478.96301036556,10987.898181685765
2010-03-15,8375.919939750129,11193.481318332213,7140.4986455668,11703.590348102636,7426.693252616421,10998.658020284049
2010-03-16,8441.152690104595,11236.944080764786,7206.4890512821885,11722.954458274093,7511.520581639417,11010.308373945154
2010-03-17,8490.41767796366,11250.604734315393,7269.731308710981,11745.656294685772,7578.558969204554,11036.30711017517
2010-03-18,8487.822607813003,11220.803316657102,7261.479736089063,11718.947352870307,7563.501023386254,11031.82556829303
2010-03-19,8444.58378844159,11205.906063946348,7236.733729932577,11714.941266308477,7525.912056412075,11037.206729016516
2010-03-22,8487.86663755692,11243.163711420475,7239.481878219175,11740.314506322678,7532.289907902301,11064.099290774275
2010-03-23,8549.711782370212,11219.561878931207,7291.724414739452,11757.00721289161,7569.740666595126,11071.267274937009
2010-03-24,8502.822252890312,11107.793083850893,7294.472563026049,11740.314506322678,7597.077036128934,11053.34027979222
2010-03-25,8488.350427791918,11066.821491554248,7376.962154117424,11697.58121825989,7715.266615752784,11014.79157105975
2010-03-26,8494.640774743079,11092.896522363815,7332.968022324785,11715.609626630083,7699.037892226656,11009.412893184955
2010-03-29,8544.477612324978,11076.74884601935,7354.961920326826,11731.63397287741,7745.332752408095,11021.068212543434
2010-03-30,8545.797430746314,11087.932845131265,7346.7127236256165,11736.975761240501,7727.21763940624,11041.687443282426
2010-03-31,8517.953450251276,11114.010640835546,7341.213259158145,11745.656294685772,7741.180975636214,11050.650527046706
2010-04-01,8581.426621693325,11090.974229314976,7448.447272458866,11756.339871411956,7844.350079242486,11057.820994058131
2010-04-05,8649.737695485352,10991.338483456631,,,,
2010-04-06,8664.341609815498,11023.72093032901,7506.185313578767,11688.900684814618,7865.295697846475,11018.380115030384
2010-04-07,8617.18790187209,11092.220505606618,7486.941147810462,11705.59339138355,7827.807469352928,11040.788652057312
2010-04-08,8646.57077561186,11079.76119880858,7426.449414588977,11702.923006622983,7764.177605135501,11060.512402036102
2010-04-09,8704.369479569501,11092.220505606618,7508.932669891796,11675.546723327863,7862.138406441317,11017.482151421495
2010-04-12,8719.940974369641,11122.103487658927,7511.684778046239,11710.26783826699,7863.383509491561,11002.2415985573
2010-04-13,8726.583022324046,11143.272212801226,7492.439820304365,11719.615713191915,7838.399752035915,11029.13416031506
2010-04-14,8824.013865288529,11113.387157077885,7536.432368149863,11706.929093184812,7898.2427093442375,11038.098899311797
2010-04-15,8831.403344993341,11132.065403307934,7585.922004542127,11707.596434664467,7914.660010392034,11050.650527046706
2010-04-16,8688.974103745031,11199.309025162407,7478.689575188545,11721.618756472832,7775.587466585077,11080.232841549978
2010-04-19,8728.386094032283,11171.920669364421,7429.1983548491435,11707.596434664467,7752.364789763397,11085.611519424776
2010-04-20,8798.808984688065,11176.896097399498,7533.680259995419,11696.245516458628,7880.4169123446845,11076.649263276726
2010-04-21,8789.924104534344,11213.009078462668,7503.43874923931,11689.569045136228,7837.833405211877,11106.228267315078
2010-04-22,8810.24597914472,11186.857321824828,7423.70205827595,11635.483820025645,7760.265389384633,11115.194661544276
2010-04-23,8872.970644940171,11155.73082837559,7456.6933012657955,11637.486863306562,7874.504054938836,11108.023366916621
2010-04-26,8834.96653256209,11163.205030007057,7528.180003554377,11588.07710392137,7965.797688752125,11117.88524190602
2010-04-27,8628.44824040498,11267.807217992662,7294.472563026049,11569.381354071522,7748.678621334923,11186.912573518186
2010-04-28,8685.763154127622,11210.526203010873,7211.990099696801,11452.532408088993,7654.11467245528,11172.56750141419
2010-04-29,8798.853014431983,11229.194772109428,7297.223087233354,11555.359032263159,7730.3122763905185,11143.881495287349
2010-04-30,8652.421362071942,11297.704024518533,7244.9829266337865,11612.781983613964,7718.726122599837,11171.672848270222
2010-05-03,8765.9950126113,11268.092693371726,7272.475497129729,11613.44932509362,7758.000616347509,11146.57207564909
2010-05-04,8557.057769279201,11344.285588186767,7099.259789822886,11622.12985853889,7556.644664113028,11221.876048744944
2010-05-05,8503.745803616388,11388.011015617023,7022.269663198985,11603.434108689042,7495.745181276132,11300.761117265361
2010-05-06,8229.707899161576,11512.915825476251,6920.539866207153,11507.283955837278,7432.6054957632405,11358.135612367732
2010-05-07,8103.773703439485,11481.685648475297,6618.0895158222065,11446.522259404293,7189.597253082767,11357.236821142618
2010-05-10,8460.374895013223,11394.25691277248,7124.007379926511,11733.637016158325,7570.54596018115,11247.872302126272
2010-05-11,8433.366942704522,11408.002586835493,7110.256342837121,11759.010256172527,7595.454163776321,11263.10788929309
2010-05-12,8552.131270493295,11379.26634486518,7209.240367463064,11791.05996750913,7778.846110729895,11265.803435352209
2010-05-13,8448.806348272912,11410.490300853031,7217.485604296426,11808.42103439967,7864.994096663609,11273.87021074006
2010-05-14,8290.058180474054,11484.181657176972,6989.276836261998,11812.427120961502,7619.356211083235,11324.965581510063
2010-05-17,8300.790699028028,11459.205672015609,6997.527616910346,11793.063010790045,7632.200367363754,10949.349472953296
2010-05-18,8184.401829618422,11542.896270067173,7080.0116641867335,11841.806447537536,7744.175488398889,10977.13999831994
2010-05-19,8143.186230674834,11552.885834663304,6873.798378101488,11869.850072312307,7533.761672533966,11033.620667894575
2010-05-20,7826.56941605928,11665.300923882656,6733.5715378637815,11867.178668709783,7381.807502645767,11073.957027682523
2010-05-21,7944.234074146304,11671.55096838018,6695.078454485754,11875.859202155054,7333.21101388551,11089.196752930487
2010-05-24,7841.832702651997,11671.55096838018,6728.072865369879,11888.545822162156,7303.5601163332885,11101.749208281624
2010-05-25,7844.603891778325,11711.518903896202,6563.098039041762,11913.918043334405,7132.924486619197,11171.672848270222
2010-05-26,7801.716773410159,11687.796107263262,6706.077383420698,11855.16040902429,7243.603521104742,11120.575822267761
2010-05-27,8061.062704046988,11576.620382098772,6893.044127816931,11818.436250804247,7468.93707450661,11080.232841549978
2010-05-28,7961.520581166847,11629.083568044094,6890.292811636056,11839.80340425662,7480.309466155463,11091.888160908458
2010-05-31,,,6915.0388177925415,11835.12895737318,7503.14208849421,11106.228267315078
2010-06-01,7825.205567894026,11644.106623464266,6926.040914621765,11805.082289317492,7524.452576960974,11092.783641668657
2010-06-02,8028.688492461302,11577.724266312724,6937.03667566243,11771.02851585802,7524.3647379199365,11108.918020060592
2010-06-03,8061.546494281986,11561.432124219531,7030.521235820901,11732.302333199015,7616.739467622929,11097.266838783258
2010-06-04,7784.429729441519,11721.779428174154,6909.540937272208,11735.640059439238,7471.125679424233,11176.155217768594
2010-06-07,7679.521347284391,11769.372943307148,6851.79735233732,11692.90677137645,7428.442048069824,11184.22530362136
2010-06-08,7764.943883017481,11733.047756574799,6783.059590308904,11707.596434664467,7382.650266032513,11219.1854683832
2010-06-09,7719.285575522985,11734.30578366897,6909.540937272208,11740.314506322678,7528.830401055247,11179.739623658075
2010-06-10,7947.048756068453,11625.326076129855,7019.520722938818,11773.699919460543,7619.205103362287,11152.845406667855
2010-06-11,7984.745734135305,11699.231711794011,7052.517509743651,11798.404799153139,7608.185296395644,11179.739623658075
2010-06-14,7970.494057756499,11689.203438671904,7126.753944265969,11736.308419760848,7705.265250254964,11136.712683508384
2010-06-15,8157.833637800802,11652.88101683427,7082.760604446899,11693.575131698057,7768.228029167722,11122.36678378816
2010-06-16,8153.478988737728,11685.447329205022,7085.511920627775,11649.506141834006,7788.180390923045,11116.99141637828
2010-06-17,8165.04753547804,11740.5682701927,7099.259789822886,11687.564983013357,7829.228864744277,11123.265575013274
2010-06-18,8175.824083775931,11716.772203849881,7118.50474756476,11688.233343334967,7820.97629469986,11074.853336058952
2010-06-21,8144.373959864418,11707.997810479877,7195.490914320814,11688.233343334967,7916.572198746949,11036.30711017517
2010-06-22,8014.612935058169,11778.145954229794,7159.748355150093,11706.929093184812,7886.467978031886,11090.9910249158
2010-06-23,7990.859962110794,11821.97506521177,7080.0116641867335,11681.55585317061,7805.301632817206,11124.158572924785
2010-06-24,7856.612199009717,11811.953704326446,6959.035325505889,11709.599477945383,7693.289041981349,11161.814283745742
2010-06-25,7879.089383279673,11830.746693687062,6912.291461479514,11685.561939732443,7636.830037659606,11156.42898494111
2010-06-28,7864.573528437362,11914.679220025966,6997.527616910346,11669.537593485118,7745.798360751502,11169.881886749825
2010-06-29,7620.931181832426,11966.027462178488,6794.061687138128,11706.929093184812,7487.668289313791,11196.775276123812
2010-06-30,7544.745764204398,11983.561041997575,6774.815937422683,11700.251603020459,7504.639037746033,11181.53224041093
2010-07-01,7520.729149741615,11978.29530001769,6604.345210508158,11720.28305467157,7368.661745182382,11190.500289872587
2010-07-02,7485.935450032845,11956.947547942757,6612.591635301872,11750.998083048864,7339.375103233909,11174.360118167047
2010-07-05,,,6593.347469533569,11793.063010790045,7316.794327096741,11206.63632349698
2010-07-06,7526.007349530767,11985.825490767083,6752.818079552795,11748.99503976795,7473.7676075046975,11167.192134004314
2010-07-07,7765.515732740313,11948.15933009919,6846.3010557641255,11724.2891412334,7539.032629255303,11157.327776166227
2010-07-08,7838.885394549998,11919.260650564518,6909.540937272208,11748.99503976795,7592.8755043757665,11134.920894371757
2010-07-09,7895.364280086303,11887.873565788632,6953.5350690648465,11733.637016158325,7630.087316306605,11133.12745000267
2010-07-12,7901.346955778135,11907.968820558817,6986.525520081123,11795.066054070961,7645.120077504746,11168.985578373396
2010-07-13,8023.497815211889,11848.938318447717,7113.005283097288,11757.674554371264,7788.456807485754,11132.230314010014
2010-07-14,8022.398145510142,11907.968820558817,7121.252103877788,11720.950396151222,7811.893246449261,11115.194661544276
2010-07-15,8031.987501566547,11969.502934832055,7047.018837249748,11710.935179746644,7735.910018914878,11116.99141637828
2010-07-16,7800.749192940164,12038.57691698618,6904.043848725445,11762.349001254704,7598.67472386139,11151.949098291432
2010-07-19,7847.507170136408,12007.17186039466,6865.548389426709,11775.70296274146,7559.475169715163,11110.713119662138
2010-07-20,7937.327847728393,12019.741071757519,6862.799449166543,11805.082289317492,7507.117572924985,11125.95367252633
2010-07-21,7836.686055146502,12096.346627108396,6942.537724077041,11807.085332598408,7535.912807650866,11127.747116895414
2010-07-22,8013.33714638075,12029.784551800543,7085.511920627775,11789.72528454982,7726.839870103872,11113.40370002388
2010-07-23,8079.273298741705,11990.854834249054,7126.753944265969,11774.367260940197,7757.270876621959,11085.611519424776
2010-07-26,8169.797915288276,11987.083517861254,7173.496224345204,11779.041707823637,7792.331553435898,11041.687443282426
2010-07-27,8161.2647361377985,11945.64604080556,7189.989073932633,11805.749630797147,7808.811508904575,11030.033779156405
2010-07-28,8105.269640836492,11997.131145246347,7170.743324217189,11831.12287081135,7773.121830845717,11052.44645426448
2010-07-29,8072.851399506889,12022.246066367014,7126.753944265969,11847.147217058675,7717.468120109999,11077.544744036924
2010-07-30,8073.335189741886,12092.567016036459,7121.252103877788,11849.151279181544,7734.161837720505,11110.713119662138
2010-08-02,8251.261532705455,12055.175962392455,7255.979479648022,11859.833837065777,7915.515058959346,11083.819730288147
2010-08-03,8211.761482930366,12111.839714629687,7313.719104715062,11924.60162006059,7935.366682234038,11157.327776166227
2010-08-04,8264.281987098855,12061.478539889516,7313.719104715062,11935.285196786775,7964.829002264589,11166.292515162966
2010-08-05,8254.164811063536,12119.394789431495,7291.724414739452,11970.673653205557,7967.659507866723,11198.567892876665
2010-08-06,8224.517758860262,12198.732060758284,7220.235336530161,12010.06819618617,7874.629978039626,11229.94530698148
2010-08-09,8269.780335607595,12196.204946991094,7319.217777208965,12010.736556507778,7990.328737303957,11223.66618264911
2010-08-10,8220.602870288267,12257.906337394434,7253.228163467146,11968.003268444987,7908.118151741268,11228.14937976371
2010-08-11,7992.971242026455,12327.161420152226,7126.753944265969,12022.75481619327,7741.835161501291,11310.623819870983
2010-08-12,7951.0957338722,12295.6775640614,7118.50474756476,12017.413027830176,7718.059037295167,11318.693078107524
2010-08-13,7919.337401753265,12348.567235016119,7132.253408733441,12008.733513226862,7686.911190491122,11334.829939348145
2010-08-16,7920.7007129704225,12437.96457575421,7126.753944265969,12043.453609324033,7687.1120531933575,11376.065090361211
2010-08-17,8019.583463587993,12375.002393361985,7195.490914320814,12050.79844096804,7807.666530075934,11345.587295097741
2010-08-18,8032.6033810332965,12362.409680394068,7187.242509593176,12098.20617591427,7782.393456617986,11381.44294061978
2010-08-19,7896.68409850764,12417.812640642418,7091.009009174538,12113.56318068194,7642.528518664599,11410.129774362851
2010-08-20,7867.785015002867,12377.535036918604,7019.520722938818,12118.237627565382,7554.506428435721,11436.125200127954
2010-08-23,7836.11420542367,12393.8838593534,7088.259276940803,12114.230522161595,7561.739942752287,11424.474846466846
2010-08-24,7722.540554884311,12492.102596671606,7016.77257465222,12156.296468744731,7466.798224570274,11491.70873370993
2010-08-25,7748.800538494507,12435.442991776443,6912.291461479514,12170.986132032749,7421.5856887965965,11516.807851098598
2010-08-26,7689.506434087957,12492.102596671606,6956.2824253778745,12164.97700219,7438.040459645116,11515.91485318709
2010-08-27,7819.0913399185365,12348.567235016119,7008.523377951013,12116.234584284464,7486.5865791650585,11476.470663694423
2010-08-30,7705.561719123095,12442.996684130894,7014.022842418484,12149.61999742233,7437.826697503289,11531.155406051283
2010-08-31,7708.9047579722555,12498.403791721312,6994.776300729471,12173.657535635271,7453.941783109191,11537.427909453821
2010-09-01,7937.239788240558,12408.403703935905,7192.7403901135085,12125.582459209387,7653.5612250708355,11463.918208343284
2010-09-02,8009.906048043754,12356.644874918584,7225.733217050494,12110.224435599763,7653.498570649955,11425.369499610815
2010-09-03,8116.002159390465,12285.954811805022,7253.228163467146,12072.165594420414,7717.367381629368,11372.4798568555
2010-09-06,,,7269.731308710981,12061.482017694227,7743.055694190406,11386.824101343265
2010-09-07,8023.410292672151,12383.14915563226,7233.98478967241,12088.858300989346,7696.321024544746,11458.537047619799
2010-09-08,8076.897840362539,12349.0732107485,7294.472563026049,12080.177767544075,7754.880794743073,11428.059252356328
2010-09-09,8115.958129646548,12251.877484473907,7360.4605928207275,12052.134142769304,7826.687675144445,11385.927792966837
2010-09-10,8155.590268653389,12216.526923127702,7376.962154117424,12015.409984549262,7818.196158338041,11339.310653614057
2010-09-13,8249.326371765465,12274.592476984151,7437.449135497491,12001.388681582852,7877.20925169921,11327.658644720494
2010-09-14,8243.431755561467,12336.448701491392,7426.449414588977,12018.081388151784,7894.481601314318,11368.892968117329
2010-09-15,8272.771136505415,12293.533388211887,7360.4605928207275,11992.708148137583,7877.448198461196,11341.101615134457
2010-09-16,8271.143646824752,12250.612545142954,7357.7124445341315,11925.269980382198,7862.075137761409,11287.31483638648
2010-09-17,8278.005843498744,12278.383147634939,7332.968022324785,11942.630028430785,7811.893246449261,11331.240567761288
2010-09-20,8404.115621248411,12316.246998274775,7418.203385782047,11892.551908723988,7918.597410763058,11287.31483638648
2010-09-21,8382.738106680203,12431.128373577641,7407.202872899963,11921.262874978413,7895.198441600275,11304.34800600353
2010-09-22,8343.282086649033,12450.058225226525,7297.223087233354,11996.04689321976,7810.094696014571,11384.131865749065
2010-09-23,8273.782746719327,12467.723137544457,7291.724414739452,12009.400854706515,7780.380529782441,11424.474846466846
2010-09-24,8449.158049276157,12405.866913037218,7360.4605928207275,11968.003268444987,7923.276836040199,11376.963881586329
2010-09-27,8401.388461866,12501.81567179649,7346.7127236256165,12019.416071111093,7898.859425408591,11434.334238607553
2010-09-28,8443.659700767417,12543.461898402977,7313.719104715062,11997.381576179067,7895.3366498816295,11444.19445836449
2010-09-29,8422.765976434206,12513.172476827936,7283.475218038243,11997.381576179067,7858.6408155345125,11444.19445836449
2010-09-30,8396.857693827256,12498.022236250992,7239.481878219175,12006.062109624338,7836.122693818226,11420.888785344905
2010-10-01,8434.114911403027,12504.725723481359,7233.98478967241,12022.087474713617,7813.880988664648,11411.027737971739
2010-10-04,8366.947000108572,12549.016571880316,7198.239854580981,12055.472887851482,7716.851404045645,11438.817435722152
2010-10-05,8541.442244735143,12551.538155858081,7297.223087233354,12044.789311125294,7819.529714688352,11418.19820498316
2010-10-06,8540.034903774069,12632.519157091432,7321.96988536341,12102.212262476101,7888.593928528628,11474.676391709108
2010-10-07,8526.003376114852,12645.172697743023,7327.466181936604,12063.485060975143,7895.538126842893,11440.610880091237
2010-10-08,8578.215672075918,12650.235219961545,7327.466181936604,12088.858300989346,7914.936426954743,11457.643222092058
2010-10-11,8579.49092380524,12662.888760613136,7341.213259158145,12099.541877715532,7937.378994810556,11445.990385582263
2010-10-12,8612.261403086184,12626.190313094603,7335.714586664242,12115.566223962856,7931.164536221842,11471.091158203395
2010-10-13,8674.546308390554,12626.190313094603,7448.447272458866,12088.18994066774,8094.642205479841,11441.508843700123
2010-10-14,8642.96409524729,12554.074946756768,7429.1983548491435,12092.864387551179,8120.745757143971,11428.955560732755
2010-10-15,8660.426721243502,12499.668731052263,7415.452069601171,12080.84510902373,8167.329319068683,11376.065090361211
2010-10-18,8723.32804296272,12559.131939185863,7453.945152979199,12082.180810824992,8197.936617927875,11364.409771002727
2010-10-19,8584.769660542488,12602.156465806513,7418.203385782047,12033.438392919456,8165.304107052572,11342.002061592031
2010-10-20,8676.437976534724,12594.559917584018,7431.952046950727,12028.763946036019,8207.899899365944,11315.107016985583
2010-10-21,8692.317142594191,12524.974429908087,7486.941147810462,11958.655393520063,8316.666745496575,11281.939468976601
2010-10-22,8713.034747951731,12528.762335664163,7473.192486641782,11973.34505680808,8310.16297090556,11289.109108371795
2010-10-25,8731.861222113197,12524.974429908087,7478.689575188545,12024.757859474186,8352.142661413605,11307.9348947417
2010-10-26,8731.949281601033,12441.462167565476,7467.695398095019,11985.363316493573,8320.176621583945,11264.903816510861
2010-10-27,8709.60418656283,12369.341271438218,7407.202872899963,11918.592490217843,8262.560353252995,11226.356763010854
2010-10-28,8720.160586141134,12441.462167565476,7434.700195237325,11915.922105457275,8296.878390901791,11232.631749262076
2010-10-29,8716.377786800891,12497.130557706221,7418.203385782047,11931.279110224947,8304.540043761042,11269.385358393
2010-11-01,8724.64732443596,12476.201687180226,7442.947016017823,11937.288240067692,8308.93015303588,11291.79720588485
2010-11-02,8792.343055709332,12518.05804578486,7478.689575188545,11917.925148738188,8371.138621861957,11298.074674984764
2010-11-03,8826.300727231763,12558.643935269114,7448.447272458866,11939.959643670214,8325.208631543295,11338.41517285386
2010-11-04,8998.025319680102,12660.108658979752,7569.425987060418,11953.313605156969,8472.256714572934,11372.4798568555
2010-11-05,9033.874659346704,12606.847109686209,7580.420956127515,11912.583360375098,8496.800662564357,11347.37825661814
2010-11-08,9015.927706167397,12610.646075021132,7596.92251742421,11910.580317094182,8492.145807648349,11372.4798568555
2010-11-09,8946.252784210117,12504.116064197262,7649.16030210307,11883.871375278715,8539.081954255269,11358.135612367732
2010-11-10,8987.204741638296,12551.036327467771,7599.670665710807,11817.100549002986,8453.57525474704,11333.93114812303
2010-11-11,8949.023973336447,12537.094345880174,7591.423052956738,11768.358131097451,8458.066716761537,11355.445032005991
2010-11-12,8843.851412715812,12433.085919034069,7544.680772877503,11783.047794385468,8472.155976092301,11288.214455227826
2010-11-15,8833.646714140754,12273.286064232514,7618.917207399822,11782.380452905814,8542.050668138758,11249.664918879127
2010-11-16,8692.933022060943,12364.592564769559,7470.440378487337,11718.280011390654,8382.372805229457,11197.669101651552
2010-11-17,8696.188001422268,12329.08163953003,7481.440099395851,11741.65020812394,8428.70452095259,11217.393679246572
2010-11-18,8829.819885056595,12299.917530102965,7591.423052956738,11663.527444800417,8594.811218851462,11140.294606549178
2010-11-19,8852.73682981763,12325.28129174775,7552.9268016844335,11676.214064807518,8609.20269362412,11141.189259693145
2010-11-22,8839.23312213733,12391.236472666216,7495.187968590962,11720.28305467157,8582.155640092613,11181.53224041093
2010-11-23,8713.298926415237,12416.608528995139,7382.457658717048,11723.621799753744,8434.90669436074,11255.939905130354
2010-11-24,8843.807919919991,12283.424933143118,7459.44540942024,11618.791113456713,8584.357144449828,11169.881886749825
2010-11-25,,,7495.187968590962,11576.726185715532,8654.629605798655,11148.365520018175
2010-11-26,8779.89498798686,12336.697542015514,7453.945152979199,11563.37120538682,8616.033868277189,11150.154826306116
2010-11-29,8770.217572442622,12363.334537675388,7346.7127236256165,11483.914777945944,8426.063207131154,11134.025413611558
2010-11-30,8717.47745650264,12384.889656853755,7330.215122196771,11485.249460905252,8414.137368097854,11203.943260286545
2010-12-01,8907.19249492611,12222.031828500218,7470.440378487337,11507.952316158884,8638.237489371015,11127.747116895414
2010-12-02,9021.51411416397,12191.511538216686,7591.423052956738,11568.04565227026,8752.690531326074,11098.163974775915
2010-12-03,9045.442669138918,12192.777859994994,7610.669594645751,11574.723142434616,8740.249328968082,11070.37096656058
2010-12-06,9034.006748578457,12269.072364690719,7610.669594645751,11566.042608989344,8748.62720785426,11106.228267315078
2010-12-07,9038.800621184513,12065.649383563268,7671.158951946529,11513.293085680023,8808.420410181294,11025.548099193118
2010-12-08,9074.606468055294,11962.657055523992,7690.403117714834,11487.252504186168,8775.661976205203,10962.797409064633
2010-12-09,9110.192166206485,11988.081644852453,7717.897272157916,11513.961446001631,8760.930816189926,11004.036698158845
2010-12-10,9164.95550257429,11886.3805226439,7726.148052806263,11482.57907614468,8813.779205943669,10999.552673428017
2010-12-13,9166.846633770363,11924.515332965557,7761.8906119769845,11470.559797617234,8842.990294031668,10978.935925537713
2010-12-14,9175.335783176923,11798.644883628,7764.64192815786,11431.833614958228,8840.486574232558,10940.383906340327
2010-12-15,9128.534313184857,11750.33111342241,7671.158951946529,11448.52632152716,8826.611077043623,10951.142917322382
2010-12-16,9185.276840236571,11820.263595384755,7684.902861273791,11405.793033464373,8836.712566763046,10926.04048946879
2010-12-17,9193.018557892723,11921.96748248802,7654.660558544112,11441.84883136281,8783.939730869777,10964.587542968802
2010-12-20,9216.63997855644,11920.70254315707,7706.902303090818,11475.901585980328,8829.4163980256,11023.757137672721
2010-12-21,9273.558624583826,11946.129897380242,7789.387142340775,11449.86100448647,8904.129337889579,11012.1034735467
2010-12-22,9306.240507428838,11913.072816198024,7794.885814834676,11456.538494650826,8891.460859691137,11040.788652057312
2010-12-23,9291.637666994886,11871.118303831101,7794.885814834676,11437.17438447937,8878.59151879046,11024.651790816688
2010-12-27,9297.355090327019,11916.891135795937,7720.649380312361,11405.793033464373,8769.19567141491,10989.692453671081
2010-12-28,9304.613554696272,11791.704997899717,7742.648030155819,11417.811293149867,8770.919282248155,11025.548099193118
2010-12-29,9315.654281457668,11924.28584670442,7775.640065119234,11405.793033464373,8800.318947857824,11015.689534668638
2010-12-30,9301.885858365764,11900.058456786457,7701.403630596917,11417.811293149867,8698.068161498772,11051.549318271826
2010-12-31,9300.082786657527,11959.973725205547,,,,
2011-01-03,9405.695107769241,11923.001553110482,7759.1424636903885,11478.572989582852,8793.110618161416,11090.9910249158
2011-01-04,9393.51068156218,11951.048645073713,7770.140600651763,11509.28699911819,8775.007790340125,11097.266838783258
2011-01-05,9441.764059207333,11822.30132278784,7764.64192815786,11461.21192269231,8730.310617891142,11050.650527046706
2011-01-06,9425.313043425032,11883.48982522202,7808.63289205622,11439.845788081893,8782.606174519467,11071.267274937009
2011-01-07,9407.938476916655,11962.531252814577,7778.389005379402,11452.532408088993,8740.399822430001,11117.88524190602
2011-01-10,9394.962589215269,12003.320362060196,7720.649380312361,11431.165254636622,8626.19862667652,11112.506564031222
2011-01-11,9429.97590069553,11956.148493370853,7805.882367848914,11441.84883136281,8732.512122248358,11081.129977542636
2011-01-12,9515.926256407536,11921.737996226886,7913.114797202496,11431.165254636622,8892.54256983987,10995.966612306076
2011-01-13,9499.650285704713,12002.040215808327,7866.378060938248,11459.877239733003,8900.505823881986,10986.107220165368
2011-01-14,9570.117206104413,11968.89880533738,7855.374380161886,11464.550667774487,8901.248463047128,10984.311292947596
2011-01-17,,,7877.372238031775,11459.208879411395,8904.217176930617,10985.209256556478
2011-01-18,9583.489361501057,11939.582626701129,7946.1123759809,11391.103370176357,8986.478131733624,10942.1798335581
2011-01-19,9487.818097448991,11970.174804247183,7847.128351354956,11421.150038232045,8910.129420077437,10953.837635765269
2011-01-20,9475.545611754094,11877.122272699215,7742.648030155819,11399.115543300019,8836.549173861535,10910.804902301974
2011-01-21,9498.6386754908,11916.629853245611,7803.134219562317,11425.156124793875,8884.54184599703,10897.359449039326
2011-01-24,9554.06245801737,11917.915529286904,7830.6291659789695,11449.193663006816,8891.272282169466,10914.390135807687
2011-01-25,9556.877139939521,11977.819738127144,7770.140600651763,11426.491826595138,8880.251860943796,10915.283961335426
2011-01-26,9597.564918904192,11905.158305083598,7830.6291659789695,11387.764625094178,8966.224168795432,10889.286880337868
2011-01-27,9619.602342683067,11949.78785308483,7844.378619121218,11355.046553435968,9001.737554513185,10865.97955208582
2011-01-28,9448.141928698233,12004.588066285862,7772.8895409119295,11376.41370688834,8935.339839114504,10885.700819215925
2011-01-31,9520.499980294006,11957.428639622725,7783.886093926165,11393.773754936927,8903.487437205067,10893.771732684925
2011-02-01,9679.468833760548,11901.830754297147,7885.620642759413,11401.785928060588,9037.829572235541,10845.360321346829
2011-02-02,9654.835802882917,11873.714539966104,7899.3669280073855,11443.851874643724,9037.074647889833,10832.811176460611
2011-02-03,9678.940476833535,11805.984296642237,7904.864016554148,11439.178446602238,9049.667572227801,10867.77216883868
2011-02-04,9707.004606048162,11733.14591033709,7946.1123759809,11423.820422992614,9078.010098049868,10831.018559707754
2011-02-07,9767.706588363884,11728.03223756639,8003.849625127231,11409.799120026206,9162.812242452706,10839.085335095608
2011-02-08,9811.649346689881,11647.51712109209,8009.345921700425,11381.755495251433,9212.654448522237,10830.120596098865
2011-02-09,9785.476348671327,11713.978277742935,7979.102826997174,11357.71795703849,9209.710304999879,10805.021478710198
2011-02-10,9793.702393510574,11675.637482765202,7962.606809515468,11351.70780835379,9234.090245830763,10805.917787086622
2011-02-11,9848.99408680539,11729.304089134122,7995.602804346731,11359.052639997799,9272.988198794123,10825.639054216725
2011-02-14,9874.549594512906,11733.14591033709,8028.596423257285,11336.35080358612,9304.978808984913,10825.639054216725
2011-02-15,9843.802872607883,11759.975066179482,8039.592976271521,11341.692591949213,9309.26879403815,10828.329634578471
2011-02-16,9907.144491766276,11743.373255878496,8075.337119389382,11391.103370176357,9327.207614698898,10868.671787680021
2011-02-17,9938.462526446036,11786.8097518113,8080.834207936144,11416.475591348604,9316.149723672504,10909.906938693086
2011-02-18,9957.685268302761,11784.259136439052,8086.332880430048,11373.742303285817,9342.945545261462,10862.3968014288
2011-02-21,,,7984.603875411786,11402.454288382196,9210.85528382852,10909.012285549117
2011-02-22,9753.410882241162,11898.004140015097,7918.612677722829,11426.491826595138,9206.502644354405,10931.421650192277
2011-02-23,9694.203763426254,11868.611926774252,7844.378619121218,11425.156124793875,9050.824836237007,10939.48842558013
2011-02-24,9686.902343209276,11899.27322668812,7800.383695355012,11413.136846266427,8970.186753786615,10947.556856200443
2011-02-25,9791.67917308275,11937.614021665851,7893.868255513485,11403.12162986185,9038.96165162459,10940.383906340327
2011-02-28,9846.662658170144,11932.512790921357,7946.1123759809,11391.77071165601,9148.596445762127,10927.83393383788
2011-03-01,9691.697289711527,11946.078746828061,7913.114797202496,11397.779841498756,9086.929139139927,10918.870850073596
2011-03-02,9708.939766988151,11883.319784197203,7849.876499641551,11393.773754936927,9033.866987244359,10906.324188036066
2011-03-03,9876.485829349089,11802.626332013948,7874.623297771608,11380.419793450172,9090.275622325786,10804.125997949996
2011-03-04,9803.68748031414,11887.164370294882,7844.378619121218,11384.425880012,9031.073951442948,10832.811176460611
2011-03-07,9722.22386289696,11857.703034686227,7800.383695355012,11335.683462106465,9009.72599317546,10831.018559707754
2011-03-08,9810.812781555445,11829.514933092658,7830.6291659789695,11301.629688646992,9013.273339063551,10820.26037634193
2011-03-09,9798.936563555808,11898.682921667008,7814.132356523692,11298.959303886424,8971.821911319792,10828.329634578471
2011-03-10,9613.971904942575,11999.88221548525,7731.6475172737355,11327.67027014085,8885.384609383778,10858.810740306857
2011-03-11,9685.055241757122,11971.706555917886,7662.907379324612,11369.068875244331,8782.732097620255,10895.56517705401
2011-03-14,9626.772747564484,11998.597921891309,7541.932624590906,11406.460374944027,8638.237489371015,10883.011894086643
2011-03-15,9519.00511679319,12042.154690744106,7415.452069601171,11478.572989582852,8362.773028156344,10951.142917322382
2011-03-16,9333.732249972534,12144.628601024793,7316.4696289223675,11511.290042399107,8194.426741840505,11002.2415985573
2011-03-17,9459.050566227877,12107.479475668133,7426.449414588977,11439.845788081893,8374.37146712759,10927.83393383788
2011-03-18,9499.782374936465,12099.793068367482,7440.197283784088,11459.208879411395,8383.83167042153,10911.698727829715
2011-03-21,9642.300212620707,12037.034105736624,7566.677838773822,11434.5039997188,8574.696078453655,10880.32214134113
2011-03-22,9609.222062080436,12043.438984338047,7550.178653397836,11405.793033464373,8530.47741378767,10872.257021185736
2011-03-23,9637.329147142787,12028.063404842036,7594.171993216905,11399.115543300019,8560.015287678694,10883.907374846842
2011-03-24,9727.325943710443,11966.584588463047,7662.907379324612,11392.438053135666,8722.46100176925,10879.42831581339
2011-03-25,9758.116695359384,11934.568490140075,7682.157088907904,11385.093221491656,8738.538003315402,10860.600874211024
2011-03-28,9731.28539897445,11938.395104422123,7676.656040493292,11362.391385079978,8728.813668639317,10839.984953936952
2011-03-29,9802.05945368538,11903.804889121848,7690.403117714834,11339.022207188642,8723.542711917984,10818.469414821531
2011-03-30,9868.6560522051,11944.794453234123,7745.393010548137,11340.356890147952,8877.912148305226,10817.571451212647
2011-03-31,9850.57700979404,11914.062648505085,7684.902861273791,11298.29196240677,8857.985585429087,10804.125997949996
2011-04-01,9899.578893085794,11939.494150070328,7800.383695355012,11287.608385680584,9032.218930271589,10785.296901115176
2011-04-04,9904.240676460098,11966.47399267455,7800.383695355012,11318.322395215924,9026.583103687477,10796.055912097227
2011-04-05,9902.569693983614,11906.088692154342,7825.130493485068,11312.31326537318,9026.557919067318,10781.714978074378
2011-04-06,9928.302394562992,11854.726625528258,7855.374380161886,11320.32543849684,9076.626172459242,10757.509686213449
2011-04-07,9913.566391001094,11856.005389332773,7825.130493485068,11351.70780835379,9030.922843721999,10769.1641779557
2011-04-08,9873.890222250335,11821.337756980547,7847.128351354956,11298.959303886424,9079.02915377772,10717.168360728123
2011-04-11,9846.486539194473,11836.746515213108,7836.130214393581,11310.310222092263,9063.731646938406,10715.373261126577
2011-04-12,9769.993987255215,11903.518722519106,7709.652035324556,11353.043510155052,8935.478661654886,10748.54246436802
2011-04-13,9772.852698921282,11949.772646163912,7767.391660391596,11347.70172179196,9029.904402253176,10753.922797475276
2011-04-14,9773.820279391277,11909.952632515011,7734.3956655603315,11324.332543900626,8990.39034748449,10768.263731498124
2011-04-15,9812.132599976783,11997.28874424496,7748.1435347554425,11322.32950061971,9030.306741916675,10800.53662636314
2011-04-18,9704.1448204859,12026.824732010853,7621.666939633559,11354.379211956313,8839.794918566758,10895.56517705401
2011-04-19,9760.052930195567,12042.239020032837,7671.158951946529,11357.71795703849,8855.469580449413,10876.737735451645
2011-04-20,9892.18833948479,11994.7132448203,7778.389005379402,11337.68650538738,9119.49899559435,10857.013985472855
2011-04-21,9944.709380601375,12003.704682425228,7841.6288868874835,11327.67027014085,9177.744879429245,10883.011894086643
2011-04-25,9928.873707337729,12046.084988577873,,,,
2011-04-26,10018.035012667144,12097.466409466944,7874.623297771608,11322.996842099365,9254.507601670466,10899.150410559723
2011-04-27,10082.34313839934,12062.789099983225,7896.619571694358,11294.284857002986,9315.44578282614,10864.186935332968
2011-04-28,10118.98447650836,12109.023669365042,7924.113726137441,11356.38225523723,9403.845642357386,10911.698727829715
2011-04-29,10142.297688964654,12133.430777439316,7948.860524267496,11374.410663607423,9453.209340643916,10927.83393383788
2011-05-02,10124.526854761016,12129.694022235422,7970.854422269536,11378.416750169255,9469.790034593227,10918.870850073596
2011-05-03,10090.349034518997,12161.882926477925,7907.616124708593,11378.416750169255,9435.899521228086,10900.04837416861
2011-05-04,10022.960974504953,12192.788919573844,7808.63289205622,11371.7392600049,9276.422521021019,10881.217622101327
2011-05-05,9932.568984138232,12253.309699934962,7794.885814834676,11409.130759704598,9280.233998291254,10944.86710345493
2011-05-06,9971.67276621806,12259.76019929914,7893.868255513485,11433.836658239145,9425.269154485348,10975.350692032001
2011-05-09,10017.111461941065,12277.774870798197,7885.620642759413,11450.529364808077,9322.452635561285,11032.721876669459
2011-05-10,10098.134781919069,12218.549443609869,7957.106553074425,11448.52632152716,9436.930862136502,11017.482151421495
2011-05-11,9991.466820849522,12262.32187425024,7962.606809515468,11451.864047767385,9428.79131575328,11012.1034735467
2011-05-12,10041.480314355189,12235.288116199123,7918.612677722829,11480.576032863764,9364.507879929806,11038.098899311797
2011-05-13,9960.89621792017,12282.927252094874,7907.616124708593,11495.265696151784,9313.382486750279,11054.23493293619
2011-05-16,9899.710982317547,12312.548951596855,7891.119315253314,11489.92390778869,9293.54376291518,10682.205713117593
2011-05-17,9898.567282871882,12348.593501515888,7822.381553224901,11501.27482599453,9128.883645027816,10703.720424616786
2011-05-18,9987.508439481708,12277.774870798197,7827.879433745234,11474.56690302102,9187.858654329233,10691.173762579254
2011-05-19,10010.11717603532,12290.64822057943,7885.620642759413,11463.883326294832,9256.671636226958,10678.622134844341
2011-05-20,9933.140296912967,12320.251948265779,7877.372238031775,11471.895499418497,9141.67743206802,10728.822852470374
2011-05-23,9814.816266563372,12337.011357565378,7764.64192815786,11473.231201219758,8958.889915998236,10766.473597593955
2011-05-24,9806.810370443714,12349.88056000454,7775.640065119234,11455.87115317117,8995.54828054463,10735.09618348914
2011-05-25,9838.74482153832,12351.177295624684,7838.878362680179,11493.262652870868,9021.060300764562,10754.819105851702
2011-05-26,9880.003913277727,12419.416279575646,7833.378898212706,11533.324537331133,8949.542736365493,10788.884617469574
2011-05-27,9922.275689127242,12418.130603534351,7880.121178291941,11523.309320926555,9011.663366150531,10805.917787086622
2011-05-30,,,7869.1246252777055,11513.293085680023,9007.674982280163,10807.709576223247
2011-05-31,10027.491742543698,12437.450305337692,7932.362130865079,11503.9452107551,9175.48010639212,10776.332989734663
2011-06-01,9800.080263001473,12539.946334776077,7871.870397643595,11479.240331062503,9079.545131361443,10808.60505698345
2011-06-02,9788.64434244101,12465.066073725779,7770.140600651763,,8899.26072083174,10810.399328968762
2011-06-03,9693.852599371105,12514.124983056381,7739.894338054235,11554.691690783506,8943.177170055831,10763.783017232214
2011-06-06,9589.735141760204,12506.377748072056,7673.905516285986,11556.027392584767,8912.406478295126,10779.023570096406
2011-06-07,9580.981813890137,12529.619453025027,7687.653385481097,11516.6318307622,8935.906185938542,10740.475688980167
2011-06-08,9542.93367176814,12556.726480786021,7643.661629609168,11512.625744200368,8881.78689425537,10769.1641779557
2011-06-09,9613.400592167838,12506.377748072056,7682.157088907904,11504.613571076707,9006.870302953168,10797.851839315
2011-06-10,9479.152829066761,12546.403746377036,7577.676767708766,11526.648066008733,8893.951680050655,10848.05338455726
2011-06-13,9488.609558943315,12519.295336168687,7596.92251742421,11517.300191083808,8913.123932840112,10848.951348166149
2011-06-14,9608.825794385177,12419.891841466191,7660.159231038014,11503.9452107551,9063.64380789737,10816.674315219989
2011-06-15,9441.543910487746,12554.148216466647,7459.44540942024,11510.622700919454,8950.788453674764,10857.91194908174
2011-06-16,9459.71101238664,12589.006626554035,7434.700195237325,11488.58820598743,8944.649548946523,10891.08280755564
2011-06-17,9488.565529199399,12579.96127350221,7434.700195237325,11497.268739432699,9012.392491617054,10863.28897172408
2011-06-20,9539.854811382484,12560.595950936113,7393.457379625561,11482.57907614468,8994.98193372059,10864.186935332968
2011-06-21,9668.955390029969,12543.810275136746,7475.943010849088,11482.57907614468,9165.189424892,10848.951348166149
2011-06-22,9606.84660370127,12538.656511392714,7467.695398095019,11483.914777945944,9155.98106779964,10877.632388595615
2011-06-23,9579.663069364995,12604.487272049118,7357.7124445341315,11488.58820598743,8994.013247233055,10951.142917322382
2011-06-24,9467.320640811042,12657.41979887188,7346.7127236256165,11485.917821226858,8958.71362365713,10968.175259323203
2011-06-27,9554.282606736959,12608.36918422542,7354.961920326826,11441.84883136281,8941.75577466448,10931.421650192277
2011-06-28,9680.0841762792,12492.180013723555,7385.2073909507835,11444.519216123377,9020.419014339079,10893.771732684925
2011-06-29,9761.54779369638,12417.30942980475,7508.932669891796,11441.84883136281,9176.046453216159,10851.634479981827
2011-06-30,9860.341947878018,12374.713461864532,7580.420956127515,11459.208879411395,9279.328580483627,10819.364895581732
2011-07-01,10003.73930654442,12343.785349610915,7649.16030210307,11463.214965973226,9333.67391948919,10804.125997949996
2011-07-04,,,7668.409219712793,11479.240331062503,9363.262162620533,10820.26037634193
2011-07-05,9990.675359355198,12421.42221068954,7676.656040493292,11452.532408088993,9358.833969285943,10829.225115338668
2011-07-06,10004.442708550909,12443.421095469255,7649.16030210307,11407.79607674529,9348.455448744784,10901.839335689008
2011-07-07,10109.527746631806,12395.549708417659,7679.406564700597,11374.410663607423,9399.090048960745,10874.049637938595
2011-07-08,10039.19291546386,12527.533339964471,7632.663492647792,11393.773754936927,9312.65274702473,10978.935925537713
2011-07-11,9857.747414675458,12623.28993854123,7506.185313578767,11286.940025358976,9095.67250214791,11100.854555137656
2011-07-12,9814.11179066069,12641.408293592005,7467.695398095019,11314.984668975703,9025.086154435654,11086.508655417432
2011-07-13,9845.518958724477,12662.115972541002,7536.432368149863,11306.304135530432,9142.998703237765,11056.925513297934
2011-07-14,9779.538776619605,12589.656376811465,7467.695398095019,11278.26051075566,9076.161178374863,11057.820994058131
2011-07-15,9833.905845292153,12641.408293592005,7426.449414588977,11248.881184179627,9082.929084348023,11096.368875174372
2011-07-18,9754.290403223322,12633.634792107912,7291.724414739452,11208.150939397752,8941.780959284639,11122.36678378816
2011-07-19,9913.346242281506,12681.520003633072,7354.961920326826,11233.524179411956,9048.39667029837,11097.266838783258
2011-07-20,9908.112072236272,12619.414938601712,7445.69674825156,11298.29196240677,9084.488688020727,11040.788652057312
2011-07-21,10043.195326575591,12549.534989638902,7544.680772877503,11326.335587181542,9171.014443256809,10952.938844540156
2011-07-22,10052.47701137267,12597.413288927282,7572.175719294155,11399.782884779672,9216.61703351342,10994.171512704532
2011-07-25,9995.865499656515,12557.296049096789,7550.178653397836,11365.0627886825,9239.449655852166,11035.411629414974
2011-07-26,9954.869512484418,12610.344701497474,7517.185034487282,11383.09017821074,9245.626644640157,11051.549318271826
2011-07-27,9753.146703777655,12589.656376811465,7429.1983548491435,11405.124673142765,9123.889719128216,11119.676203426416
2011-07-28,9722.532071104384,12614.243203042048,7434.700195237325,11409.130759704598,9045.113455792423,11130.43438679224
2011-07-29,9659.850898104756,12766.933131090502,7385.2073909507835,11447.857961205555,9005.750508744683,11200.359682013295
2011-08-01,9619.91055089049,12813.36539044426,7288.9746825057155,11476.569946301935,8748.124129710131,11261.319410621378
2011-08-02,9374.024835138141,12931.408422850833,7137.751289253774,11439.178446602238,8550.328422803335,11301.659908490476
2011-08-03,9424.433522442872,12941.772630680502,7011.270734264039,11447.857961205555,8353.878557427415,11307.035275900354
2011-08-04,8974.184287244896,13113.012237354875,6832.554770516155,11471.228157938842,8069.783756865957,11385.927792966837
2011-08-05,8969.082206431414,12961.238871903603,6667.584300042671,11471.895499418497,7845.105003588194,11345.587295097741
2011-08-08,8372.753019876638,13167.487575427192,6414.627941904621,11760.345957973788,7451.488432550397,11426.268290835931
2011-08-09,8769.909901183293,13244.025390857612,6469.619418685064,11698.248559739544,7443.701470849385,11349.169218138535
2011-08-10,8386.213234761117,13419.14552726093,6208.413863845804,11895.222293484558,7061.696238222428,11502.463606610836
2011-08-11,8775.980099414866,13221.971208183644,6420.127802358877,11865.17562542887,7293.47091179443,11414.616281942366
2011-08-12,8822.29831612003,13314.076763292594,6645.588818093492,11875.859202155054,7545.172148242572,11399.376556694402
2011-08-15,9015.136244673073,13264.77730812201,6637.338433431929,11891.216206922725,7575.993209243591,11405.647404864481
2011-08-16,8928.966277189575,13325.74876632126,6629.090424691075,11901.89978364891,7541.599003475293,11412.819527108366
2011-08-17,8939.918944463137,13419.14552726093,6656.585371107727,11977.351143369911,7483.781258183082,11484.540749547194
2011-08-18,8541.882542174319,13489.19275235384,6323.896677860949,12026.093561275447,7048.336104358186,11597.492157301707
2011-08-19,8413.660947560897,13503.447167043947,6235.908810262457,12038.111820960941,6893.853644309746,11578.663888083116
2011-08-22,8415.860286964393,13478.811955155896,6293.649623289851,12028.763946036019,6886.028598548985,11572.390557064347
2011-08-23,8704.501568801254,13424.332469741512,6329.392182460574,12018.081388151784,6959.747667305271,11560.736065322095
2011-08-24,8819.922857740863,13280.346430247893,6425.628058799919,11992.708148137583,7146.812883247725,11518.600467851456
2011-08-25,8682.815846025624,13362.05874613269,6362.386197357913,12007.3978114256,7024.862195593957,11542.80575971239
2011-08-26,8815.436119446038,13404.870375860479,6334.890458967691,12026.093561275447,6966.1636028552475,11566.114743196891
2011-08-29,9065.897169929145,13316.66885208553,6420.127802358877,11989.369403055405,7132.961956419918,11505.157497437494
2011-08-30,9089.298441873274,13408.757817826203,6461.368242049932,12039.447522762202,7100.0653141624725,11569.701631935062
2011-08-31,9135.088301651427,13360.775834986107,6642.836313952262,11988.033701254144,7277.355826188528,11510.534520079831
2011-09-01,9027.40873036797,13467.243635678948,6684.080317524379,12020.751772912356,7209.146660915564,11564.323781676496
2011-09-02,8799.55695338657,13590.750100037347,6519.1086590905425,12069.494190817888,6967.233027823415,11681.756731313151
2011-09-05,,,6293.649623289851,12051.466801289653,6599.707723269183,11795.60858552524
2011-09-06,8734.324739980199,13608.941724798002,6222.16292100127,12056.140229331137,6534.027462415486,11805.46797766595
2011-09-07,8986.720951403298,13536.147576808256,6403.627429022536,12115.566223962856,6800.169928617572,11762.437727051343
2011-09-08,8891.577507330147,13602.441457329,6455.866797648535,12128.920185449615,6803.856097046047,11786.641363679815
2011-09-09,8654.268463524095,13668.75054477066,6299.147503810184,12153.626083984163,6528.94508321582,11869.119941868237
2011-09-12,8715.10253507157,13627.154086269,6131.423737221903,12093.53172903083,6381.0038675591195,11887.943245389457
2011-09-13,8797.709314986318,13586.855745834842,6189.165738209651,12025.426219795794,6499.293571404572,11856.566658900869
2011-09-14,8916.298060747515,13594.649984029276,6252.406411691303,11991.372446336321,6717.972242494477,11783.057785406561
2011-09-15,9071.175369718296,13493.239175765533,6334.890458967691,11967.33490812338,6929.3799294670935,11725.684945536645
2011-09-16,9123.124024163953,13519.25130522039,6370.633810111982,12070.162551139501,7011.489162290122,11784.848746926958
2011-09-19,9033.742570114951,13629.748939956648,6233.157098094797,12054.804527529874,6813.228461298948,11833.256020183904
2011-09-20,9019.006566553051,13647.943329612015,6343.139259682114,12028.763946036019,7009.187533711303,11838.637180907392
2011-09-21,8754.250346895318,13706.456796411885,6255.1549559646855,12018.74872963144,6835.733683575641,11857.463794893529
2011-09-22,8475.198421114861,13833.852085183365,5963.705514448606,12075.50433950259,6496.588988903227,11913.938671154558
2011-09-23,8527.850477567006,13719.45041911311,5985.703768305281,12064.820762776404,6537.2854923012765,11879.875642385374
2011-09-26,8726.846663839457,13662.251659749016,6076.4389922168,12052.801484248956,6724.727863287071,11819.813049769946
2011-09-27,8820.186499256273,13571.250680077696,6367.8852658385995,12005.394768144684,7080.591460190149,11722.098056798473
2011-09-28,8639.884697913538,13573.841386423275,6312.896164978865,11990.037763377013,7017.666151078113,11688.034200413065
2011-09-29,8710.395648057156,13573.841386423275,6348.6367442156625,12008.733513226862,7094.605779919467,11679.964114560296
2011-09-30,8492.92522557458,13659.654041166656,6307.3939286038985,12081.868026345215,6921.554883706332,11771.404948896767
2011-10-03,8251.701293196535,13786.150739156585,,,,
2011-10-04,8438.381500978267,13715.800758092657,6029.695128190426,12162.30559858748,6562.634119619698,11901.390353884564
2011-10-05,8593.567018156471,13658.480343361214,6197.414538924076,12082.180810824992,6885.085096681607,11809.953657629238
2011-10-06,8751.65527674466,13563.385937068093,6370.633810111982,12054.804527529874,7101.738555755402,11731.96158702033
2011-10-07,8680.440924594554,13493.045633135658,6417.376882164788,12037.444479481288,7140.044977274565,11686.243238892668
2011-10-10,8976.647805111896,13351.04893538766,6546.605981427902,11972.676696486473,7355.905427942901,11620.798657937523
2011-10-11,8981.662363385638,13395.353608260179,6552.1042579350205,11940.62698514987,7378.196888077767,11621.693311081493
2011-10-12,9071.043280486543,13349.748052425446,6631.839364951241,11861.169538867038,7541.058455530441,11541.013142959533
2011-10-13,9044.827326620265,13403.161670928177,6571.34961166368,11861.836880346693,7440.883250427815,11610.939265796816
2011-10-14,9201.992034482377,13336.719868540316,6615.341763522395,11785.718179146037,7506.7527030622105,11541.013142959533
2011-10-17,9024.065691518808,13424.007594612796,6552.1042579350205,11828.451467208826,7371.177750162057,11626.175680579865
2011-10-18,9208.325874229358,13409.663320844535,6543.854665247028,11816.433207523334,7393.796610358975,11695.204667424488
2011-10-19,9093.300852985007,13430.512009423866,6571.34961166368,11763.016342734358,7439.235193455046,11653.073208034997
2011-10-20,9134.956212419675,13403.161670928177,6483.366099919821,11769.693832898713,7254.246173028046,11695.204667424488
2011-10-21,9306.989013075437,13378.402038778064,6634.589097184978,11752.33276600817,7511.4824975796655,11618.109732808241
2011-10-24,9426.9399961576,13371.896241519637,6711.576055914601,11723.621799753744,7617.544761208953,11613.62736330987
2011-10-25,9237.972926432634,13486.52601140367,6673.082972536574,11774.367260940197,7606.826555425176,11657.55061183599
2011-10-26,9335.404306345212,13387.53448601333,6678.584020951186,11825.113740968602,7568.230817903709,11690.722297926122
2011-10-27,9656.067561816419,13225.991365095568,6931.536419221389,11793.063010790045,7973.018303629098,11559.840584561898
2011-10-28,9660.069972928151,13305.459968921201,6901.2909485974305,11749.662381247603,7983.522747271047,11567.90735994975
2011-10-31,9421.13451333763,13483.922863031885,6769.317264928782,11791.05996750913,7725.82081437602,11693.413705904091
2011-11-01,9157.917186924627,13645.658144132165,6530.106400065132,11863.83992362761,7339.827812137722,11890.63217051874
2011-11-02,9306.284537172756,13613.014414709462,6590.595757365909,11832.458572612612,7504.777246027387,11858.360103269955
2011-11-03,9482.980195099017,13549.052722878681,6725.324717083282,11813.094462441157,7715.555931755085,11805.46797766595
2011-11-04,9423.465941972878,13589.518339442946,6651.088282560964,11812.427120961502,7505.444331332057,11864.636744753638
2011-11-07,9483.551507873754,13605.185615331118,6631.839364951241,11755.004169610695,7458.294422583307,11894.21905925691
2011-11-08,9600.600823442122,13543.835366556263,6678.584020951186,11736.308419760848,7499.506289306051,11885.25266502771
2011-11-09,9249.1897721697,13663.928568392124,6565.851335156562,11718.280011390654,7333.5758837482845,11937.248482255289
2011-11-10,9330.213092147704,13597.356815952779,6546.605981427902,11565.37526750969,7381.719663604729,11903.187108718566
2011-11-11,9512.054860631362,13534.700154426282,6692.3287222520175,11608.10855557248,7619.758550746734,11830.567922670854
2011-11-14,9422.36627227113,13619.54924336237,6631.839364951241,11586.074060640454,7529.170086297865,11904.979725471421
2011-11-15,9469.47595047062,13601.269141970915,6593.347469533569,11585.405700318846,7463.905064547261,11929.183362099895
2011-11-16,9314.817716323232,13650.863058428378,6593.347469533569,11423.820422992614,7439.021431313217,11881.66660390577
2011-11-17,9158.489573595556,13678.281136844524,6508.110918115953,11435.83970152006,7359.528327691467,11825.19421049343
2011-11-18,9155.497698801542,13627.372512951286,6466.868102504189,11512.625744200368,7296.716656499655,11772.300429656967
2011-11-21,8985.22501400629,13665.230833801696,6257.904688198421,11513.293085680023,7052.361958029277,11823.400766124345
2011-11-22,8948.716302077119,13707.004245564953,6216.662664560228,11540.669368975143,6966.050579194052,11816.227816264232
2011-11-23,8751.347605485333,13753.98810141385,6134.176241363131,11319.658097017187,6865.88827353102,11695.204667424488
2011-11-24,,,6128.677172882445,11234.858862371262,6828.5757231195485,11643.21216066183
2011-11-25,8729.178092474704,13666.530334316554,6156.174495219807,11191.45823282882,6910.044283776123,11593.905268563536
2011-11-28,8985.62128170155,13667.836747068191,6395.381004228821,11233.524179411956,7227.639543219787,11557.149176583926
2011-11-29,9008.758375182173,13641.733376087821,6458.61890580298,11253.55461222111,7296.301417396565,11536.53242869362
2011-11-30,9400.328848492256,13562.108555710935,6670.334032276408,11371.7392600049,7659.775683659549,11594.799921707507
2011-12-01,9382.690103520372,13558.182405219237,6637.338433431929,11567.378310790606,7593.151920938474,11668.309622818042
2011-12-02,9380.797898428105,13618.34513171509,6700.577918953227,11573.387440633354,7649.510801038614,11705.069852878802
2011-12-05,9477.74495115759,13610.49836052112,6763.816216514169,11745.656294685772,7681.476226609247,11649.47969836699
2011-12-06,9488.39048411992,13575.18650770089,6736.321270097517,11765.019386015274,7584.270349649139,11658.447747828646
2011-12-07,9510.251788923126,13636.650117158957,6733.5715378637815,11744.987934364164,7541.385241333466,11715.826381012168
2011-12-08,9309.407427302329,13705.970174942493,6631.839364951241,11641.493968710345,7390.060072690185,11784.848746926958
2011-12-09,9466.616164908359,13611.80062593069,6703.326859213394,11641.493968710345,7531.296036794607,11698.793211395117
2011-12-12,9325.85844308463,13658.885400436591,6587.844045198249,11646.167396751829,7278.085565914079,11786.641363679815
2011-12-13,9246.682224558783,13721.656805093657,6626.341088444125,11648.838800354353,7264.03316212501,11774.99101001871
2011-12-14,9142.697930075827,13779.210853428302,6486.114644193202,11686.23030005405,7139.3404221691735,11856.566658900869
2011-12-15,9173.180473517345,13767.43793174263,6549.355713661639,11775.70296274146,7209.134375734999,11845.808475535045
2011-12-16,9202.827525720619,13834.138251786106,6527.357063818181,11820.439294085163,7172.853166231945,11909.460439737333
2011-12-19,9095.015865205409,13881.21749650258,6527.357063818181,11827.116784249518,7133.767250005943,11896.907984386193
2011-12-20,9367.733951238884,13755.662245162246,6662.08404360163,11869.1817119907,7355.578027880849,11844.915477623534
2011-12-21,9386.165231601286,13711.193061054337,6626.341088444125,11833.125914092267,7285.7588896948655,11861.946992008123
2011-12-22,9466.132911621458,13728.201310878056,6695.078454485754,11813.76180392081,7362.057232110735,11853.877733771586
2011-12-23,9551.731029382123,13671.970264663325,6747.317031138184,11825.113740968602,7395.708798713889,11847.601919904131
2011-12-27,9552.6545801082,13679.69123314788,6744.568882851586,11837.132000654095,7409.332449701245,11880.77443361049
2011-12-28,9435.562308692104,13766.167462622252,6703.326859213394,11863.172582147954,7260.2720540950895,11896.010020777308
2011-12-29,9536.864010484664,13783.19506670896,6774.815937422683,11859.833837065777,7357.779532238064,11934.559557126006
2011-12-30,9496.483365831222,13831.687172623506,6810.556912646266,11863.172582147954,7420.13910878509,11940.834543377232
2012-01-02,,,6964.530830105513,11835.796298852834,7643.019311628163,11896.907984386193
2012-01-03,9643.662986889769,13743.887941029221,7011.270734264039,11811.758760639894,7757.56019262426,11899.596909515478
2012-01-04,9647.534382665941,13700.65466485778,6964.530830105513,11789.72528454982,7688.344871063037,11887.943245389457
2012-01-05,9675.905646191799,13703.281314834621,6904.043848725445,11738.311463041762,7668.77089286911,11934.559557126006
2012-01-06,9655.011921858588,13756.990777071585,6901.2909485974305,11708.264794986075,7620.878344955217,11943.520158041596
2012-01-09,9677.09337538138,13759.613279706358,6868.297329686876,11753.00112632978,7569.690297354809,11959.659502130906
2012-01-10,9763.219850069057,13732.095665080562,6986.525520081123,11767.690789617798,7753.044160248633,11922.907548232442
2012-01-11,9767.178231436872,13812.020476533751,6956.2824253778745,11843.141130496844,7739.658841764233,11982.072177238982
2012-01-12,9790.315324917496,13783.19506670896,6942.537724077041,11977.351143369911,7773.461516088335,11968.625896360103
2012-01-13,9741.88582829667,13844.778949087022,6934.286151455125,11972.676696486473,7728.010033552671,12018.827441602365
2012-01-16,,,6994.776300729471,11996.04689321976,7824.7877719700955,12018.827441602365
2012-01-17,9776.45991623395,13857.885932471456,7058.016182237553,12002.72336454216,7966.841929100135,12004.480714265916
2012-01-18,9886.645961232132,13814.645744063237,7071.761675511955,12015.409984549262,7994.064660713719,12013.450418960028
2012-01-19,9935.735904011723,13732.095665080562,7129.500508605426,12002.72336454216,8071.670760600713,11955.178787864996
2012-01-20,9942.642130429633,13684.936238417424,7129.500508605426,12022.087474713617,8056.738737883204,11904.080106630077
2012-01-23,9947.480032779607,13654.812710525133,7159.748355150093,12036.108777680023,8097.284133560306,11856.566658900869
2012-01-24,9937.583005463877,13670.529754518133,7132.253408733441,12028.096604556364,8075.395013088939,11852.08759986742
2012-01-25,10023.841569383305,13736.028727809042,7110.256342837121,12043.453609324033,8078.703412215044,11886.15145625283
2012-01-26,9966.702774636333,13809.406268583118,7198.239854580981,12138.936420696145,8227.147706015874,11946.20991078711
2012-01-27,9951.35142855578,13851.333132002916,7118.50474756476,12204.371545170614,8192.087029201935,11959.659502130906
2012-01-30,9926.586308446398,13898.491176218698,7049.763817642066,12173.657535635271,8107.134391337178,12008.968877077888
2012-01-31,9922.055540407653,13950.914962414367,7096.507681668441,12213.05207861588,8125.325058199507,12021.518021964108
2012-02-01,10012.448604670568,13902.467094815222,7242.231610452911,12285.832034734362,8323.749766351222,11992.832015837266
2012-02-02,10024.23676318237,13922.16558719417,7272.475497129729,12327.229620995888,8372.798964015294,11977.591462973072
2012-02-03,10171.90071142401,13811.900203613759,7379.71030240402,12277.15150128909,8512.487609627577,11909.460439737333
2012-02-06,10167.766211080525,13849.976951146455,7374.2068780687,12310.536914426955,8510.173081609164,11953.385343495911
2012-02-07,10188.527846181983,13760.710942907206,7363.212700975172,12285.164693254708,8496.800662564357,11893.320268031794
2012-02-08,10214.216517017443,13767.281715191375,7341.213259158145,12286.499376214013,8489.956588471698,11882.562084665971
2012-02-09,10229.391744122324,13735.774357495493,7360.4605928207275,12302.524741303294,8540.327057305514,11841.329416501596
2012-02-10,10159.18900218613,13813.22044083896,7286.22415829841,12283.16164997379,8419.760295242373,11919.323142342959
2012-02-13,10230.491413824073,13804.025783472662,7341.213259158145,12303.192082782945,8477.012307969575,11912.147709634157
2012-02-14,10222.529547448332,13832.913403428483,7321.96988536341,12297.1829529402,8464.079698388989,11926.486988424547
2012-02-15,10170.977160697934,13843.406178862284,7376.962154117424,12251.110919795232,8501.505272461656,11967.732898448596
2012-02-16,10284.639407673223,13780.406670391441,7374.2068780687,12249.107876514317,8493.98244214279,11948.007493237343
2012-02-17,10309.051215935073,13765.960095518816,7426.449414588977,12267.803626364164,8614.838520208232,11919.323142342959
2012-02-20,,,7489.692463991338,12291.173823097452,8740.915800013721,11896.010020777308
2012-02-21,10316.70487410339,13716.084159800683,7448.447272458866,12313.875659509133,8690.507861379181,11889.742483072145
2012-02-22,10282.659143093124,13769.908365168216,7385.2073909507835,12329.901024598408,8609.605647546647,11946.20991078711
2012-02-23,10328.582165999223,13789.594415520958,7379.71030240402,12330.568366078065,8566.317585308447,11966.834934839708
2012-02-24,10347.188491441102,13800.085808507401,7398.9552601458945,12339.248899523334,8635.47025244879,11968.625896360103
2012-02-27,10362.143569826394,13846.035593733837,7371.460313729242,12372.6343126612,8616.813977243055,12018.827441602365
2012-02-28,10398.608788959747,13852.592541544444,7390.707647391825,12398.674894155058,8664.655541657605,12036.757747212072
2012-02-29,10351.102843064999,13797.468835662054,7390.707647391825,12426.718518929829,8624.96580880684,12030.48110572839
2012-03-01,10415.500102181224,13752.772930187723,7467.695398095019,12522.868671781593,8732.763968449935,11977.591462973072
2012-03-02,10382.113743433527,13807.975435569417,7467.695398095019,12554.251041638545,8707.100840509056,12040.342153101556
2012-03-05,10342.525634170603,13780.380403891671,7420.951534068644,12520.86562850068,8638.023727229187,12015.241380480426
2012-03-06,10183.864988911484,13838.233060855262,7231.232681517966,12474.793595355712,8344.46872337379,12051.10199169984
2012-03-07,10257.23465072117,13811.931999902954,7275.223645416327,12510.182051774493,8392.272817987618,12051.10199169984
2012-03-08,10358.932620208987,13771.166392262387,7387.956331210949,12553.582681316933,8597.868386035017,12038.547881116241
2012-03-09,10396.541538788002,13760.652880118243,7420.951534068644,12551.579638036017,8655.321261464454,12042.133942238182
2012-03-12,10398.916997167169,13756.71705249505,7412.705505261714,12542.231763111098,8681.915606092147,12076.20193670474
2012-03-13,10591.095016509544,13658.116759706527,7533.680259995419,12524.204373582854,8800.872395242268,12028.689316591763
2012-03-14,10578.734471326812,13501.676251980614,7563.924938645808,12480.802725198457,8905.92788832427,11917.526387508957
2012-03-15,10642.032060741287,13497.725217436504,7530.932111708822,12466.11306191044,8987.73613422346,11899.596909515478
2012-03-16,10653.996338228762,13493.793537155381,7555.679701812448,12441.408182217845,9004.555160675727,11829.669959061966
2012-03-19,10696.399129413834,13410.951761780543,7552.9268016844335,12456.765186985516,9000.026843119535,11832.365505121084
2012-03-20,10664.42064857531,13417.529446301492,7462.194349680407,12432.060307292923,8875.132011943408,11840.433935741394
2012-03-21,10644.890772407354,13485.894232961873,7456.6933012657955,12417.370644004905,8895.73794530478,11888.842036614571
2012-03-22,10568.749384523244,13502.98404717961,7379.71030240402,12409.35847088124,8782.442167358926,11945.316912875602
2012-03-23,10601.519326856092,13552.937399949693,7368.708997548367,12444.078566978416,8800.507525379495,11978.487771349499
2012-03-26,10748.787007402474,13537.167822957157,7448.447272458866,12441.408182217845,8905.688941562283,11922.907548232442
2012-03-27,10719.624282382292,13612.095087217565,7407.202872899963,12430.724605491661,8905.273702459192,11969.52385996899
2012-03-28,10669.215595077561,13588.430353373591,7324.718033650006,12462.774316828265,8804.5075801714,12016.137688856854
2012-03-29,10652.280252112165,13644.961390664623,7244.9829266337865,12411.361514162158,8648.955695154791,12036.757747212072
2012-03-30,10691.736272143336,13577.918223676803,7308.22122419473,12472.122191753188,8739.129534759597,12042.133942238182
2012-04-02,10772.716636273613,13610.451357311007,7409.95339710727,12481.47006667811,8877.283147060307,12042.133942238182
2012-04-03,10732.291961876255,13510.370463403959,7346.7127236256165,12457.433547307124,8783.725354468923,12043.03025061461
2012-04-04,10623.02946760415,13578.84308095812,7189.989073932633,12396.003490552535,8534.36444491838,12046.615484120322
2012-04-05,10620.16968204189,13639.413629424063,7206.4890512821885,12372.6343126612,8523.293654452393,12105.784251208011
2012-04-09,10499.778401520553,13779.017310798426,,,,
2012-04-10,10320.488210391728,13843.544423597907,7036.017532394096,12324.559236235318,8310.905610070704,12177.501335565692
2012-04-11,10398.87296742325,13789.548794758202,7091.009009174538,12371.298610859938,8396.826934422996,12139.845624744734
2012-04-12,10542.269252193459,13761.892935396785,7165.246235670426,12409.35847088124,8483.013004416462,12134.469429718623
2012-04-13,10410.969334142479,13844.85636613897,7066.262211044483,12366.625182818454,8282.562469989607,12176.605027189264
2012-04-16,10405.734090201051,13840.908096489573,7088.259276940803,12335.242812961504,8334.505441935722,12180.1852949976
2012-04-17,10566.90228307109,13826.418665748904,7225.733217050494,12362.61807741467,8555.674933385144,12152.398080095874
2012-04-18,10524.147253934674,13854.078672452393,7184.4911934123,12385.320932668303,8468.910231387075,12186.46359171374
2012-04-19,10462.169482941534,13869.882810628835,7154.247306735481,12339.248899523334,8392.411640528,12199.909872592623
2012-04-20,10474.66211735602,13871.201665406681,7195.490914320814,12315.878702790049,8491.667914124377,12184.67014734466
2012-04-23,10386.82063044794,13898.858907215457,7036.017532394096,12305.86348638547,8205.950241210307,12239.3515792366
2012-04-24,10425.04489154561,13863.294066529035,7096.507681668441,12349.264115927914,8290.752385613145,12195.42667547802
2012-04-25,10568.749384523244,13846.17383846946,7181.744629072843,12366.625182818454,8434.277693115822,12161.3653019413
2012-04-26,10639.919706929433,13892.275692905081,7189.989073932633,12388.658658908525,8478.810858404264,12214.254117080387
2012-04-27,10665.828526484482,13906.745769382758,7242.231610452911,12375.304697421772,8556.077273048642,12200.80535335282
2012-04-30,10624.656420336716,13918.61407993601,7195.490914320814,12434.730692053488,8505.593780553627,12235.768000963348
2012-05-01,10684.831119621618,13893.283497027773,,,,
2012-05-02,10659.274538017911,13919.67026971617,7203.739319048454,12436.733735334405,8442.165393297464,12278.798251577957
2012-05-03,10579.569962565052,13918.340355359476,7209.240367463064,12474.126253876057,8421.622114356971,12274.319192544503
2012-05-04,10408.989069562378,13973.737785818399,7091.009009174538,12516.191181617238,8254.345867268328,12300.316273542063
2012-05-07,10412.816435594634,13969.783986379576,7151.497574501746,12535.555291788696,8264.422172367595,12282.386795548586
2012-05-08,10369.66513876296,14001.44064838993,7036.017532394096,12528.210460144686,8107.499261199954,12337.06905505676
2012-05-09,10303.069614139433,14013.321400969386,7016.77257465222,12464.777360109178,8145.956176181037,12351.413299544523
2012-05-10,10332.188309415695,13993.519225038719,7052.517509743651,12504.172921931746,8199.660228761119,12337.06905505676
2012-05-11,10298.318697381099,14039.695731631578,7082.760604446899,12512.185095055409,8277.568544090009,12350.519474016783
2012-05-14,10184.920628869317,14101.681906190302,6956.2824253778745,12462.10697534861,8116.594594631118,12399.824710882616
2012-05-15,10128.222131561519,14105.650912550043,6917.789341999847,12394.668807593225,8052.5494913106,12071.716256741454
2012-05-16,10087.09405515767,14116.193456088668,6879.29784256896,12405.351365477458,8031.414680925913,12064.549100194949
2012-05-17,9936.307216786458,14168.961471676039,6788.561430697086,12416.703302525251,7936.687339144755,12100.405573333213
2012-05-18,9862.937554976772,14159.72257599434,6733.5715378637815,12431.391946971313,7889.210644592982,12100.405573333213
2012-05-21,10021.24596228455,14122.794642214676,6785.814866357628,12429.3889036904,7964.464132401814,12095.922376218616
2012-05-22,10026.348043098033,14092.449922745385,6906.789621091334,12488.81489832212,8096.00094645031,12057.375322718604
2012-05-23,10043.767713246521,14129.38615120919,6766.566740721476,12498.83113356865,7907.489150496349,12136.26204647148
2012-05-24,10059.207118814908,14099.049726424035,6829.806622229557,12571.611089687129,7945.40551753258,12121.921112448636
2012-05-25,10037.432799603344,14139.939754326662,6843.5521155039605,12557.58978672072,7975.660231709563,12137.160010080368
2012-05-28,,,6843.5521155039605,12523.536013261248,7954.5886900047835,12145.22595785199
2012-05-29,10150.259555340395,14128.06176664192,6898.542800310834,12524.204373582854,8047.240450529513,12139.845624744734
2012-05-30,10007.829777143988,14262.608455587184,6810.556912646266,12501.501518329218,7901.261792468042,12217.839350586102
2012-05-31,9986.100561572537,14318.005886046109,6774.815937422683,12590.306839536977,7880.605489866353,12255.494233790827
2012-06-01,9740.4779503875,14441.002227330058,6659.333519394324,12668.428584018546,7611.279933379923,12281.4888319397
2012-06-04,9741.753739064918,14357.778896484899,6609.843883002061,12681.115204025647,7520.628200251146,12248.31549061711
2012-06-05,9797.836893854059,14310.20888295696,6642.836313952262,12661.083752374538,7509.519939984436,12251.00855382754
2012-06-06,10026.436102585867,14216.41259473134,6791.310370957252,12629.034041037934,7666.254887889434,12157.780068435588
2012-06-07,10025.820760067212,14250.75673440221,6862.799449166543,12584.965051173882,7729.4443283836135,12120.127668079545
2012-06-08,10107.372436972226,14261.331074230025,6840.801591296654,12583.630368214575,7712.586603612568,12153.296871320988
2012-06-11,9980.33803460029,14299.638690471213,6846.3010557641255,12507.511667013921,7725.455944513245,12179.294779934777
2012-06-12,10096.726904009896,14223.022075541485,6879.29784256896,12383.98523086704,7750.85555533101,12085.16584808525
2012-06-13,10029.55899271544,14298.319835693368,6851.79735233732,12340.584601324595,7739.848033544931,12033.170858473903
2012-06-14,10138.207218365085,14260.010837004826,6838.053443010057,12324.559236235318,7722.386492149125,12042.133942238182
2012-06-15,10243.027004086283,14326.072466369722,6785.814866357628,12438.069437135668,7836.613486781791,12079.78717021045
2012-06-18,10258.027186111687,14322.113137141474,6818.806901321044,12395.33614907288,7860.251402706561,12112.058409843008
2012-06-19,10358.932620208987,14273.214591704194,6912.291461479514,12387.99131742887,8005.122551740113,12014.34258925531
2012-06-20,10341.909217755756,14244.154165828846,6953.5350690648465,12423.379773847651,8041.3153079430995,11956.970577001623
2012-06-21,10113.265979280033,14274.54450606089,6917.789341999847,12474.793595355712,7979.673185941061,12018.827441602365
2012-06-22,10185.800149851473,14212.449118161023,6873.798378101488,12490.818960444989,7879.184094475005,11970.41520264804
2012-06-25,10024.500941645878,14290.399794789515,6766.566740721476,12463.44267714987,7714.56206064739,12071.716256741454
2012-06-26,10072.359125491965,14258.679540200774,6774.815937422683,12387.99131742887,7719.971225650081,12043.926558991041
2012-06-27,10165.258663469605,14278.50383528914,6868.297329686876,12357.944649373183,7836.085224017504,11986.552063888665
2012-06-28,10144.32090939248,14324.743934460383,6835.302918802751,12374.637355942115,7736.602288839706,12043.926558991041
2012-06-29,10397.553149001915,14258.679540200774,7014.022842418484,12517.526883418499,8071.695945220871,11988.348818722667
2012-07-02,10423.769102868195,14324.843470670032,7110.256342837121,12562.93055624186,8172.084912465324,12034.066339234101
2012-07-03,10491.11313313832,14289.126560774426,7170.743324217189,12630.369742839195,8275.404509533515,12025.102427853592
2012-07-04,,,7173.496224345204,12624.36061299645,8258.534499581905,12095.922376218616
2012-07-05,10442.067220102648,14327.488092462503,7165.246235670426,12593.645584619155,8221.75082619375,12156.879621978014
2012-07-06,10347.188491441102,14377.766320361301,7096.507681668441,12629.70138251759,8063.934168140017,12208.881232519196
2012-07-09,10330.38523770746,14417.460531300785,7071.761675511955,12590.975199858585,8035.578742878358,12213.361946785106
2012-07-10,10246.546161911114,14424.07001211093,7135.0023489936075,12645.059406127213,8099.435268677206,12218.735658962525
2012-07-11,10247.645831612861,14410.835843569723,7126.753944265969,12725.184193889698,8118.959491889846,12250.108934986194
2012-07-12,10196.53374230164,14443.923338593777,7049.763817642066,12731.8606652121,8075.55840599045,12268.935548972331
2012-07-13,10365.04631123638,14432.014937067195,7159.748355150093,12710.494530601682,8248.848248965573,12265.35114308285
2012-07-16,10341.029696773596,14463.766987945128,7170.743324217189,12728.522938971875,8259.692377850139,12290.454398552665
2012-07-17,10417.6554118408,14426.717398798115,7170.743324217189,12763.243035069052,8274.687669247558,12294.936768051037
2012-07-18,10488.82573424699,14441.280099248661,7236.733729932577,12749.22173210264,8409.01690483844,12318.245751535542
2012-07-19,10518.428756706347,14420.1037706459,7313.719104715062,12763.243035069052,8502.071619285694,12302.10557983
2012-07-20,10412.816435594634,14476.992861802199,7217.485604296426,12722.512790287175,8340.581692243082,12346.033794053496
2012-07-23,10320.268061672139,14500.81381219743,7019.520722938818,12611.00563266774,8075.533221370292,12332.585030325929
2012-07-24,10227.016285743159,14528.59409182091,6994.776300729471,12509.514710294836,8039.151887645636,12281.4888319397
2012-07-25,10223.98145510142,14536.541781671885,7011.270734264039,12535.555291788696,8059.41813576439,12260.874566898083
2012-07-26,10393.41864865843,14491.552797358032,7156.997038969218,12657.746026134315,8281.380021360244,12217.839350586102
2012-07-27,10592.326775443044,14387.032864990122,7275.223645416327,12687.792694190006,8415.281732667469,12164.948052598324
2012-07-30,10587.57585868471,14433.331026950327,7365.96084926177,12721.17810732787,8521.784420020005,12187.36321055509
2012-07-31,10541.962117882229,14458.474979465473,7291.724414739452,12749.22173210264,8519.519646982879,12258.179848455195
2012-08-01,10511.65461952019,14405.731847930514,7324.718033650006,12753.895160144124,8497.127448367382,12190.046342370768
2012-08-02,10435.02997834918,14440.185200942526,7231.232681517966,12722.512790287175,8310.47747152802,12292.249498154211
2012-08-03,10634.993745091624,14364.674543897783,7407.202872899963,12732.529025533708,8637.017570940929,12149.70749973413
2012-08-06,10660.021969768319,14373.93279384247,7434.700195237325,12766.581780151228,8703.767256762792,12164.055882303042
2012-08-07,10714.653216904373,14298.40278253474,7486.941147810462,12729.857621931187,8765.698694767134,12104.884632366666
2012-08-08,10724.682333451856,14278.53286668362,7517.185034487282,12759.905308828826,8763.43392173001,12135.366565711283
2012-08-09,10733.787899273262,14267.926730566609,7541.932624590906,12743.879943739546,8761.975056537936,12127.294824626053
2012-08-10,10757.584365016457,14309.01306599382,7530.932111708822,12781.271443439244,8736.273844537305,12183.777149433146
2012-08-13,10746.192474199912,14299.72716710201,7500.687433058434,12775.929655076152,8692.394865113938,12175.707063580376
2012-08-14,10746.675727486814,14229.509900984282,7547.4328810319475,12764.578736870311,8773.800157090604,12109.369484713721
2012-08-15,10762.775579213965,14157.954425825721,7550.178653397836,12751.224775383556,8739.091450699847,11968.625896360103
2012-08-16,10840.01556290363,14123.499690366352,7577.676767708766,12759.23694850722,8801.350288766242,11989.244299482867
2012-08-17,10860.337974462103,14140.727749319714,7621.666939633559,12791.287678685774,8857.444423225208,12025.99790861379
2012-08-20,10860.293944718187,14148.680968960116,7583.17544020267,12825.340433303294,8848.387173853795,12008.070913469002
2012-08-21,10822.552936907417,14160.605959854973,7602.419605970974,12861.39623120173,8918.381990121856,11973.999608537524
2012-08-22,10825.676900933184,14270.587941727355,7517.185034487282,12848.042269714975,8828.34697305743,12045.721658592583
2012-08-23,10738.45075654376,14295.754013400201,7462.194349680407,12865.40231776356,8742.576142167058,12111.163756699038
2012-08-24,10809.312870742524,14289.137620353275,7467.695398095019,12865.40231776356,8769.623195698565,12115.638677651343
2012-08-27,10804.12273044121,14326.243889841895,7511.684778046239,12878.757298092269,8865.709892709217,12125.504690721888
2012-08-28,10796.072804577632,14331.534515874193,7451.195420745462,12848.709611194628,8809.38909666883,12138.955109681912
2012-08-29,10807.773977497794,14322.258294113879,7445.69674825156,12838.027053310398,8819.314294047148,12102.198190086068
2012-08-30,10724.858452427527,14348.762574827557,7390.707647391825,12837.358692988788,8674.543883494227,12155.984968834044
2012-08-31,10779.402713971936,14441.509585509795,7423.70205827595,12805.976323131837,8769.271225275383,12141.640724346278
2012-09-03,,,7486.941147810462,12805.308981652184,8824.673704068551,12112.058409843008
2012-09-04,10767.086198533123,14408.478770827347,7404.453932639797,12852.716716598416,8721.202999279412,12105.784251208011
2012-09-05,10758.332870663056,14403.164643189992,7404.453932639797,12880.09198105158,8761.597287235569,12062.753172977174
2012-09-06,10979.630659177888,14304.977702160979,7572.175719294155,12927.499715997805,9016.519083768777,11995.518458117862
2012-09-07,11024.717116949552,14323.55226483931,7585.922004542127,13019.64378228774,9075.858962932969,12025.99790861379
2012-09-10,10957.593235399012,14330.183864807155,7569.425987060418,12969.565662580942,9074.85280664471,11999.10700208849
2012-09-11,10992.07818995226,14303.646405356929,7610.669594645751,13022.314167048307,9196.136408993809,12004.480714265916
2012-09-12,11017.987009507311,14233.319925898057,7616.167475166085,13026.320253610142,9238.178753922735,11945.316912875602
2012-09-13,11199.168331832205,14274.461559219519,7613.418534905918,13053.696536905258,9196.400540375951,11994.622149741434
2012-09-14,11243.594343445106,14140.447112506401,7712.400183611152,12978.913537505865,9324.477847577396,11879.875642385374
2012-09-17,11208.9772996601,14169.640253327949,7635.414808828669,12947.531167648913,9313.860380274251,11904.979725471421
2012-09-18,11194.857712513049,14205.45808188056,7607.9190704384455,12983.586965547349,9243.412240843349,11933.664076365807
2012-09-19,11208.31792739753,14238.632671088057,7632.663492647792,13035.00078705541,9297.5941869474,11953.385343495911
2012-09-20,11203.919248590537,14246.601097649376,7632.663492647792,13028.991657212662,9295.997113473975,11988.348818722667
2012-09-21,11203.082683456103,14277.11309324877,7654.660558544112,13021.646825568656,9374.156660745413,11975.795535755298
2012-09-24,11178.054458779407,14308.963297888997,7629.915344361196,13047.019046740905,9325.773934126984,12002.691407977974
2012-09-25,11061.929767833308,14362.035451894737,7665.657903531917,13020.311123767391,9340.806695325127,11975.795535755298
2012-09-26,11000.743458334493,14421.740588315679,7517.185034487282,13025.652912130485,9153.867402483462,12086.05967361299
2012-09-27,11107.675597867543,14391.220298032147,7552.9268016844335,13051.026152144686,9170.863335535862,12083.367438018788
2012-09-28,11057.970312569301,14391.220298032147,7453.945152979199,13071.724945275453,9077.934544189395,12089.649045199849
2012-10-01,11087.793483748244,14417.927798507193,7563.924938645808,13075.731031837284,9217.044557797075,12070.819120748796
2012-10-02,11098.218867990987,14408.640517168025,7541.932624590906,13102.438954810792,9190.789898412,12071.716256741454
2012-10-03,11140.929867383484,14423.24469103926,,,,
2012-10-04,11220.941577147574,14366.120583832402,7550.178653397836,13098.432868248961,9189.97231964541,12091.440834336476
2012-10-05,11221.161725867163,14301.016990485376,7613.418534905918,13109.116444975149,9306.539026916646,12028.689316591763
2012-10-08,11182.365078098564,14347.512842417522,7539.1789324893225,13124.47344974282,9172.360284787685,12069.925295221055
2012-10-09,11072.089899716351,14318.290670201492,7511.684778046239,13122.470406461904,9101.056482530443,12070.819120748796
2012-10-10,11004.394705391076,14352.824205160165,7470.440378487337,13133.15398318809,9064.197255281813,12059.166284239003
2012-10-11,11008.39711650281,14366.120583832402,7528.180003554377,13151.182391558283,9160.396975953663,12048.413066570556
2012-10-12,10975.935382377384,14367.443585952318,7481.440099395851,13203.930896025651,9098.49072256948,12093.230140624413
2012-10-15,11064.612360523704,14371.43056412769,7533.680259995419,13194.583021100725,9134.670579332875,12078.891689450253
2012-10-16,11178.274607498995,14303.669906961984,7621.666939633559,13168.54243960687,9279.36605028435,12023.307328252047
2012-10-17,11225.64846416199,14213.325589784876,7651.912410257515,13191.912636340157,9302.362065524607,11951.594381975512
2012-10-18,11198.816093880863,14188.083483507437,7682.157088907904,13199.924809463819,9356.053832924124,11949.802592838887
2012-10-19,11013.41221172465,14247.86188963826,7616.167475166085,13210.608386190004,9284.863668587106,11968.625896360103
2012-10-22,11018.514292538128,14200.037505796774,7588.673320723002,13195.25036258038,9218.704899950411,11957.86936822674
2012-10-23,10859.370393992109,14267.795398067767,7453.945152979199,13177.890314531793,9024.519807611616,11991.934052228378
2012-10-24,10825.940005500495,14237.236399258261,7497.9369088511285,13197.9217661829,9048.623331879791,12003.582750657024
2012-10-25,10858.578932497785,14185.423654794047,7511.684778046239,13171.88118468905,9057.907242832625,11992.832015837266
2012-10-26,10850.66109586596,14275.770736865868,7525.4318552677805,13187.90553093637,9097.685428983455,12028.689316591763
2012-10-29,,,7495.187968590962,13181.229059613968,9061.593411261101,12097.718303436392
2012-10-30,,,7558.429434046183,13190.576934538896,9163.793214120808,12079.78717021045
2012-10-31,10853.783985995535,14334.220611087352,7514.434510279973,13206.60128078622,9133.890470367007,12094.128931849531
2012-11-01,10973.251715790795,14305.624687523698,7607.9190704384455,13222.6266458755,9228.29102634514,12096.819512211272
2012-11-02,10870.455150497422,14317.595299181306,7635.414808828669,13219.287900793319,9263.741757642012,12110.264137857692
2012-11-05,10895.26322645453,14352.19104427101,7588.673320723002,13211.943069149313,9216.71777199405,12131.778021740653
2012-11-06,10981.125522678702,14286.997591845828,7632.663492647792,13247.999885889698,9281.240154579513,12127.294824626053
2012-11-07,10730.488890168019,14406.741034500563,7539.1789324893225,13270.03438082173,9098.918246853136,12177.501335565692
2012-11-08,10599.584165916103,14470.589365648133,7517.185034487282,13250.002929170616,9063.857570039196,12188.25538085037
2012-11-09,10618.05840212623,14471.923427346896,7519.9355586945885,13274.707808863212,9011.700835951255,12204.395552555909
2012-11-12,10619.466280035398,14481.23697518583,7495.187968590962,13270.03438082173,9018.317634203466,12202.599625338138
2012-11-13,10580.493513291129,14498.53830384907,7519.9355586945885,13299.412688555807,9018.770957366307,12200.80535335282
2012-11-14,10437.800630527412,14502.521134682376,7464.943289940573,13286.05872706905,8934.232944345613,12207.082822452732
2012-11-15,10421.877971672122,14495.870180451544,7387.956331210949,13305.422837240509,8860.639798690117,12133.573948958427
2012-11-16,10473.342298934685,14505.186493185192,7310.968580507756,13323.450226768748,8743.78377541658,12150.607946191705
2012-11-19,10682.059393547193,14475.913170416981,7473.192486641782,13313.43501036417,8961.808260641408,12124.610865194147
2012-11-20,10690.065289666853,14416.047670102716,7497.9369088511285,13285.391385589397,9023.639574424145,12076.20193670474
2012-11-21,10715.04948459963,14394.76351060617,7514.434510279973,13283.388342308483,9038.383019619987,12059.166284239003
2012-11-22,,,7555.679701812448,13303.419793959594,9114.21575369245,12060.957245759399
2012-11-23,10856.203474118618,14386.777112229218,7605.169338204711,13324.118587090354,9194.90359112413,12060.957245759399
2012-11-26,10834.474258547167,14410.722482886511,7569.425987060418,13339.475591858025,9173.391625696102,12080.682650970652
2012-11-27,10778.874357044926,14443.978636488026,7580.420956127515,13356.168298426957,9224.089494591972,12062.753172977174
2012-11-28,10866.803903440838,14462.614026850031,7599.670665710807,13442.303234874145,9238.028260460815,12113.848543747174
2012-11-29,10914.969221598156,14477.24170232632,7682.157088907904,13444.306278155058,9310.426058047355,12110.264137857692
2012-11-30,10916.72933745867,14474.584638507642,7682.157088907904,13455.657196360902,9316.13743849194,12106.683042433126
2012-12-03,10865.04486147652,14468.850246873992,7695.906542050154,13466.339754245131,9353.512643324291,12085.16584808525
2012-12-04,10846.701640601952,14494.1628579666,7695.906542050154,13486.37120589624,9353.399619663096,12096.819512211272
2012-12-05,10867.33226036785,14506.15558878191,7715.150707818458,13488.374249177155,9377.84221491486,12144.329649475563
2012-12-06,10906.083804496338,14514.15304673771,7772.8895409119295,13474.352946210747,9478.470128921299,12187.36321055509
2012-12-07,10938.810790981464,14472.857961759708,7775.640065119234,13498.390484423688,9457.410872397086,12189.151689226797
2012-12-10,10942.945291324948,14486.176459589646,7792.138458521651,13422.939124702689,9473.91601248592,12184.67014734466
2012-12-11,11014.64397065815,14458.199872441583,7816.8812967838585,13443.637917833456,9547.924397244507,12167.636150111379
2012-12-12,11022.03345036296,14396.925658271319,7827.879433745234,13469.011157847655,9579.424828730762,12159.56937472353
2012-12-13,10955.173747275929,14368.947688675897,7789.387142340775,13459.663282922731,9538.149693328109,12147.018574604846
2012-12-14,10910.307438223854,14400.915401341403,7781.140321560277,13472.349902929835,9556.37844425019,12147.917365829964
2012-12-17,11039.98040354227,14325.005217010712,7772.8895409119295,13465.005071285823,9567.033381354056,12127.294824626053
2012-12-18,11167.013732018011,14269.04236558309,7816.8812967838585,13479.69473457384,9628.222794452282,12096.819512211272
2012-12-19,11082.647373190848,14289.018729880638,7852.625439901719,13512.4117873901,9646.992093319215,12093.230140624413
2012-12-20,11145.855829221297,14298.353014429917,7855.374380161886,13519.089277554453,9651.521025134436,12099.510920189245
2012-12-21,11042.09168345793,14336.971681326253,7819.631820991166,13536.449325603036,9606.396328401795,12131.778021740653
2012-12-24,11016.53510185422,14322.32741648169,,,,
2012-12-26,10963.883045402077,14351.805341458621,,,,
2012-12-27,10952.578140177175,14381.156081278781,7819.631820991166,13535.11464264373,9631.115954475297,12176.605027189264
2012-12-28,10832.670112942737,14414.50209395845,7781.140321560277,13531.107537239948,9576.405745606957,12190.046342370768
2012-12-31,11016.226893646799,14338.468871813053,,,,
2013-01-02,11298.226664477352,14273.10261346834,7973.603362529703,13526.434109198462,9785.724337624526,12082.47526772351
2013-01-03,11274.64927355755,14199.743044509898,7981.852559230911,13511.07710443079,9757.620758564444,12051.10199169984
2013-01-04,11329.500669413193,14206.41197055636,8012.09644590773,13463.002028004908,9782.692969320156,11992.832015837266
2013-01-07,11294.179149725507,14214.416340748943,7979.102826997174,13483.032460814064,9727.70572963008,12011.652836509797
2013-01-08,11261.36517764874,14249.099180022087,7970.854422269536,13514.414830671016,9681.373399647919,12035.859783603186
2013-01-09,11291.49655703511,14257.102167767312,8023.097750763383,13525.766767718807,9712.370752990044,12049.308547330753
2013-01-10,11377.270793771446,14215.754549789774,8012.09644590773,13539.788070685217,9697.274723111994,11986.552063888665
2013-01-11,11378.018225521851,14261.09882307418,8001.100684867063,13541.123772486479,9706.155680142303,11967.732898448596
2013-01-14,11367.373766455716,14255.766723621193,7965.354957802065,13529.104493959032,9723.755429819463,11991.036088619494
2013-01-15,11380.261594669266,14290.448180446981,7970.854422269536,13544.462517568654,9656.3140883318,12020.615092657847
2013-01-16,11383.868811981933,14309.11951444025,7965.354957802065,13527.769810999722,9675.460542242072,12023.307328252047
2013-01-17,11448.176937714128,14243.758785884964,8006.599357360966,13507.069999027006,9731.227890898015,11981.177524095016
2013-01-18,11487.325823434068,14283.777871953163,8003.849625127231,13543.794157247052,9689.424492731074,12018.827441602365
2013-01-21,,,8020.348018529648,13517.753575753191,9748.085001410032,11988.348818722667
2013-01-22,11538.702091208797,14295.785809689394,8012.09644590773,13527.101450678118,9681.85129317189,12004.480714265916
2013-01-23,11556.340836180678,14302.46026552528,8025.84510707641,13553.14203217197,9696.104559663194,12039.440051411522
2013-01-24,11556.781133619856,14278.443007605465,8047.842964946299,13546.465560849572,9747.166684162812,12016.137688856854
2013-01-25,11619.725411186799,14183.732921677376,8064.338190454438,13515.750532472277,9885.346095342706,11956.072613392736
2013-01-28,11598.568582286274,14154.389094093998,8058.835558092687,13460.330624402388,9853.933502897491,11903.187108718566
2013-01-29,11658.389969723643,14133.04687180849,8094.582869104826,13483.700821135673,9873.520380531012,11912.147709634157
2013-01-30,11615.899119050737,14141.045712211648,8042.342708505258,13426.945211264523,9826.647502603997,11887.943245389457
2013-01-31,11586.823379622198,14153.053649947879,8003.849625127231,13460.330624402388,9782.290015397632,11923.80220137641
2013-02-01,11703.564486983143,14104.963836213998,8020.348018529648,13469.011157847655,9854.424295861056,11939.938235000802
2013-02-04,11568.745411107331,14186.448048285016,7915.864529436231,13426.945211264523,9608.912333381471,11978.487771349499
2013-02-05,11690.632629025675,14135.688728706251,7932.362130865079,13428.948254545436,9642.161560321127,11948.007493237343
2013-02-06,11698.506435913581,14178.436765855651,7924.113726137441,13404.24337485284,9537.14353703985,11973.999608537524
2013-02-07,11682.187509363033,14185.098779665333,7896.619571694358,13438.296129470358,9549.308322835135,12004.480714265916
2013-02-08,11748.211721211823,14195.796157307856,7998.346200791911,13440.299172751276,9626.411344578,12005.37702264234
2013-02-11,11741.701762489172,14181.102124358467,7954.358404787829,13432.954341107268,9603.264221616795,12002.691407977974
2013-02-12,11761.055519681457,14166.413621198504,7992.8530721129955,13444.973619634715,9636.538018917581,11976.691016515497
2013-02-13,11773.504124352026,14116.982833529077,8017.596702348772,13458.995941443078,9701.576993345792,11954.279169023652
2013-02-14,11783.048913716413,14177.090262130683,8009.345921700425,13485.703864416588,9600.055946712293,11986.552063888665
2013-02-15,11771.788038235429,14163.741350458908,7995.602804346731,13470.346859648918,9552.654191761963,11974.09975010128
2013-02-18,,,7998.346200791911,13484.368162615325,9596.961309728014,11998.447391953669
2013-02-19,11859.98176309485,14141.029122843374,8067.087922688174,13487.03956621785,9752.601648044687,12002.958728020065
2013-02-20,11713.417484554955,14171.760927572408,8053.340053493063,13467.675456046392,9722.975320853597,11983.11828415293
2013-02-21,11642.20313240485,14199.799724851502,7946.1123759809,13481.029417533151,9540.14972072406,12048.052225894544
2013-02-22,11746.056411552247,14217.164646093132,8039.592976271521,13516.417873951928,9638.702053474075,12062.48419770262
2013-02-25,11530.960373552643,14326.695950127381,8031.345363517453,13531.775897561552,9778.692300269224,12057.06993232996
2013-02-26,11603.23036566058,14299.973242731421,7937.8631792796905,13465.67241276548,9557.183123577184,12157.173425739447
2013-02-27,11753.754099464479,14293.30708157967,8006.599357360966,13497.054782622428,9656.213349851168,12163.4914480346
2013-02-28,11744.120176716062,14313.335978876758,8080.834207936144,13532.443239041208,9739.078121278933,12166.195270256012
2013-03-01,11771.655949003676,14349.045976535584,8069.839238869047,13560.486863815984,9696.88466862906,12196.860934403552
2013-03-04,11826.024091572417,14315.61010477776,8047.842964946299,13551.807349212664,9676.1528121669,12195.060041488403
2013-03-05,11939.554249315956,14300.905012249521,8188.066637289727,13564.492950377813,9900.869649504413,12168.902402942344
2013-03-06,11955.91720561042,14255.437701150411,8185.316113082422,13583.857060549268,9962.53695612661,12167.099027178505
2013-03-07,11978.790120627538,14200.602926765474,8179.819024535658,13573.840825302737,9988.250453307806,12131.924509813254
2013-03-08,12033.333308275756,14128.393554007414,8240.307589862865,13593.204935474192,10046.99941528683,12109.381898957163
2013-03-11,12073.537833953527,14135.079069422152,8245.804678409628,13594.540637275451,10044.256748725735,12121.107565695142
2013-03-12,12045.122540683753,14173.860865106524,8243.055738149462,13612.568026803692,10021.39894176683,12149.964060765242
2013-03-13,12065.00465480305,14161.82527842317,8248.555994590504,13604.55585368003,10027.424822833875,12157.173425739447
2013-03-14,12132.875968103996,14165.837140650954,8347.538435269307,13602.552810399116,10137.449671454344,12158.980939584431
2013-03-15,12113.169972960368,14215.320461319918,8308.543240648138,13622.584262050228,10117.925448241705,12180.628897296552
2013-03-18,12046.573374440648,14262.113539433654,8294.697166730393,13643.283055180991,10077.480791045235,12221.21105910463
2013-03-19,12017.586768396139,14306.255083518137,8255.92530865586,13647.956483222477,9998.339657846664,12274.418506492031
2013-03-20,12098.21382067888,14251.42445647527,8283.619040438485,13647.956483222477,10066.498453879314,12237.446406676549
2013-03-21,11998.231937307659,14288.859748434672,8239.310495138707,13680.674554880685,9979.117035816891,12257.287678159913
2013-03-22,12084.2703525075,14294.212584598003,8225.458877405976,13688.686728004346,9952.498120828068,12246.460802647049
2013-03-25,12043.934811494168,14304.916874477305,8197.76435364978,13680.007213401033,9901.611674410527,12278.029396100852
2013-03-26,12141.761385205813,14319.623349452899,8211.612011514662,13669.323636674846,9912.644380816764,12277.13060487574
2013-03-27,12135.295456227077,14381.146404147286,8183.919863679173,13651.295228304652,9798.694417005836,12333.947286639504
2013-03-28,12184.560444086146,14354.390518014774,8217.151866634185,13647.28914174282,9806.519462766597,12326.727990270545
2013-04-01,12130.80871793225,14392.558507072981,,,,
2013-04-02,12193.621980163634,14364.429850715733,8305.776084995872,13686.016343243778,9993.408386367946,12305.985444713377
2013-04-03,12067.246950054268,14424.692113421233,8244.845598416814,13714.05996801855,9906.455106848207,12324.020029967984
2013-04-04,12116.908205608594,14482.269663360936,8161.761235174649,13774.821664451536,9834.296256023654,12357.391171569401
2013-04-05,12064.960625059131,14527.804714380502,8028.822927698198,13878.316648947304,9634.726569043298,12380.8408498129
2013-04-08,12144.97233482322,14480.936984109527,8050.9823481762905,13886.328822070971,9639.620370721295,12357.391171569401
2013-04-09,12188.03557216706,14486.289820272857,8045.440909109628,13846.934279090357,9608.006301314816,12337.55238293472
2013-04-10,12337.458562373018,14426.03585225149,8203.303416795732,13830.241572521425,9825.791839777658,12303.28410534065
2013-04-11,12382.368901169011,14442.097125636194,8272.538538225872,13823.564082357072,9902.529991657748,12304.181241333308
2013-04-12,12347.53170866442,14522.439436190965,8197.76435364978,13854.27911073437,9742.939967789485,12346.570916986373
2013-04-15,12063.947940949025,14554.58686701278,8147.909617441918,13856.282154015282,9702.507595773579,12354.687349347985
2013-04-16,12236.5090985318,14513.065060668358,8081.444027584756,13856.949495494935,9664.704866657572,12332.138945178289
2013-04-17,12061.221318514712,14539.848595747993,7965.123701519734,13901.018485358987,9438.830151051823,12371.81983291256
2013-04-18,11980.769311311446,14547.887527124481,7976.200243864502,13903.021528639903,9401.970923803194,12370.0214228461
2013-04-19,12087.305183149238,14539.848595747993,8020.514332979268,13902.354187160248,9384.64820494777,12352.882318351687
2013-04-22,12143.872665121473,14547.887527124481,8023.283072578675,13966.453609833456,9407.480827286516,12375.427412056468
2013-04-23,12270.378710566398,14538.513151601874,8211.612011514662,14025.879604465177,9634.047198558063,12355.588623421787
2013-04-24,12272.005663298964,14545.206961700747,8289.15731161087,13998.50332117006,9760.878788450234,12366.413843702194
2013-04-25,12321.931097316796,14529.142923421334,8347.314306749104,13978.4728883609,9853.757210556385,12360.998750713306
2013-04-26,12299.761584306167,14581.36901964506,8327.929169685407,13991.826849847657,9830.987242638521,12388.056835716938
2013-04-29,12388.39453270857,14576.006506350237,8380.552645492673,14046.578397595942,9904.882603735912,12392.56734416711
2013-04-30,12419.317373589263,14573.337000505353,8363.933080134106,14059.265017603042,9955.466834711557,12382.642570344278
2013-05-01,12304.33638208883,14620.931898085704,,,,
2013-05-02,12421.077489449774,14620.931898085704,8399.936198609232,14120.026714036025,10015.850954223759,12423.22969784973
2013-05-03,12553.300958226833,14496.237911448303,8474.715927000312,14083.302555815982,10217.861092323317,12361.903335252025
2013-05-06,12577.31864658581,14477.46565879803,8502.41045075651,14059.93337792465,10205.016936042797,12361.903335252025
2013-05-07,12643.8261117215,14457.362109343705,8527.33465096616,14050.584484157771,10292.699341029056,12311.397227237348
2013-05-08,12701.669382371158,14474.789240716365,8585.49560597224,14073.287339411407,10378.15567129697,12334.850215945768
2013-05-09,12660.717424942977,14472.103145503206,8593.802616744031,14049.249801198463,10394.308226703597,12341.161617311085
2013-05-10,12715.568820798619,14390.314795013817,8621.500308394508,13966.453609833456,10414.486635781313,12246.460802647049
2013-05-13,12717.327862762939,14364.845967369956,8604.881535009508,13960.444479990709,10415.36748322781,12269.008379200517
2013-05-14,12849.06915214929,14307.192382825662,8643.654185057614,13942.416071620513,10490.621585295672,12259.990672765098
2013-05-15,12918.831596646307,14344.735505678851,8712.89247438203,13943.751773421774,10519.94508278584,12257.37209501531
2013-05-16,12854.69851599359,14413.108587023367,8729.51283171417,13995.165594929833,10529.31744703874,12301.806810371192
2013-05-17,12987.363356106018,14335.347305682682,8751.669084297984,14034.560137910448,10564.704909655704,12311.781241167786
2013-05-20,12978.433909260282,14324.62780888246,8790.43935842538,14012.525642978422,10637.455291924454,12269.159005354266
2013-05-21,13001.130705301728,14362.16678439358,8790.43935842538,13982.478974922731,10658.04894010526,12240.141952735667
2013-05-22,12895.079160647032,14248.195059451113,8818.134674155146,14003.177768053496,10731.880418263716,12262.812016491083
2013-05-23,12859.229284032333,14262.949920084173,8635.34796625939,13941.74873014086,10506.812224762049,12241.049020123077
2013-05-24,12852.411117102258,14268.31519827371,8621.500308394508,13904.357230441165,10448.113632023336,12251.025106152127
2013-05-27,,,8668.581553161543,13932.400855215934,10546.212027351481,12226.539252389432
2013-05-28,12934.094883239024,14100.719722830363,8746.13002115203,13899.01544207807,10668.955723410707,12190.268143520241
2013-05-29,12844.933577909613,14158.366395137878,8610.42376604974,13827.570168918903,10487.438495011325,12161.250263285414
2013-05-30,12894.242595512595,14159.712898862846,8624.269047993916,13837.586404165437,10567.472760836958,12176.66378794155
2013-05-31,12709.806293826376,14120.832949416183,8557.802666163183,13825.567125637985,10502.861310692402,12186.639046354372
2013-06-03,12786.563024229139,14141.226812815315,8488.565168812334,13824.231423836723,10423.55678459232,12174.84965316673
2013-06-04,12716.66849050037,14104.992867608476,8516.258108621392,13824.231423836723,10436.338286451959,12157.622821352003
2013-06-05,12544.547630356768,14173.458572925862,8383.32217706565,13834.91500056291,10310.814454030911,12185.731978966962
2013-06-06,12652.799588311154,14190.909205903574,8283.619040438485,13748.112722636071,10188.323218432291,12165.78146214132
2013-06-07,12815.374585194173,14080.816628242694,8397.169042956963,13776.824707732449,10384.407599686409,12149.460870097773
2013-06-10,12811.723338137586,14045.913979839908,8397.169042956963,13725.410886224392,10451.09524534642,12120.442989862946
2013-06-11,12681.699208764023,14080.816628242694,8280.85030083908,13678.004170120115,10343.875103448898,12100.489990188613
2013-06-12,12578.55040551931,14017.709288878066,8289.15731161087,13681.341896360342,10244.253959989746,12114.096000999763
2013-06-13,12766.373775798611,14123.781709627026,8253.154193135742,13722.740501463824,10184.020948198491,12146.737185086853
2013-06-14,12691.243998128413,14142.57884632971,8289.15731161087,13776.824707732449,10224.99386815925,12193.893102604965
2013-06-17,12787.48764885141,14109.010259625687,8336.14351954955,13785.50524117772,10335.409385521682,12189.36190374906
2013-06-18,12887.29341324696,14100.954738880924,8336.14351954955,13752.78716951951,10352.743775298643,12147.645907706723
2013-06-19,12708.882743100297,13907.630535690747,8319.284778172954,13768.812534608787,10311.947147678988,12155.809514193414
2013-06-20,12393.01336023515,13844.535638352325,8074.847679723353,13583.857060549268,9974.04755605682,12056.96565268506
2013-06-21,12426.135540519339,13698.191143668977,7993.367854933251,13519.756619034104,9798.883608786533,11999.836959602811
2013-06-24,12275.216612916372,13664.617027175527,7850.078452901807,13389.553711564824,9677.121498654435,11932.733008107743
2013-06-25,12393.01336023515,13648.517045264853,7973.702359225906,13380.873178119557,9826.634603164404,11949.962322771162
2013-06-26,12514.417324866594,13703.553656963799,8094.516343324978,13483.032460814064,9989.785486619381,11988.048394031399
2013-06-27,12593.065186465428,13777.39846494428,8150.707660063402,13546.465560849572,10052.383395669363,12017.064619033768
2013-06-28,12539.137341335863,13761.291570796822,8097.323889629297,13551.807349212664,10012.718847438757,12015.255449956323
2013-07-01,12608.41653254598,13766.537958513723,8192.851741597398,13599.881406796592,10043.791140382327,12023.410780280723
2013-07-02,12604.326061946414,13771.917061176822,8161.946556989943,13625.254646810796,9951.768381102516,12039.7379932541
2013-07-03,12614.751446189157,13745.024312756042,8125.419943985294,13597.211022036025,9849.303832601638,12065.125121090601
2013-07-04,,,8322.093908424413,13657.3043581474,10056.861958244268,12096.869996801264
2013-07-05,12743.500860781494,13513.794785505344,8212.515653357605,13625.254646810796,9819.967435671877,12049.710768818235
2013-07-08,12814.230885748506,13593.112702569148,8322.093908424413,13660.643103229577,10024.443209510793,12072.38331542234
2013-07-09,12907.087467878422,13615.961792472948,8392.333252340837,13678.004170120115,10136.669562488478,12113.183140298745
2013-07-10,12909.990209288406,13567.56645787334,8392.333252340837,13658.64005994866,10147.6518996544,12106.839461900483
2013-07-11,13086.333629263327,13703.349054755075,8437.290423994138,13660.643103229577,10263.790468382951,12125.881256106257
2013-07-12,13126.713200020577,13692.592231876237,8434.476541901262,13696.699919969964,10331.68451877443,12172.128451004502
2013-07-15,13144.792242431635,13735.612611154815,8468.192440707315,13692.693833408133,10359.41094279117,12154.8966534924
2013-07-16,13096.01050785947,13742.338217542885,8409.191993717433,13722.740501463824,10316.941073578588,12184.825739195781
2013-07-17,13133.795545414157,13802.84102608837,8454.142829582175,13710.05388145672,10384.457968926723,12194.803480457293
2013-07-18,13201.35865050768,13738.301471262686,8538.434160544448,13764.805429205006,10488.07978143681,12212.03031227202
2013-07-19,13222.999806591295,13813.588171835718,8546.86313524596,13750.784126238594,10481.136197381573,12208.403697954836
2013-07-22,13250.140385079845,13812.24028566339,8552.482979696015,13764.805429205006,10480.493682438033,12207.493320102512
2013-07-23,13225.59541369005,13796.105742568809,8532.815900041529,13745.4423378755,10459.32263077068,12173.942585779318
2013-07-24,13175.362845360989,13703.349054755075,8591.818722952125,13700.706006531795,10540.941684889174,12100.489990188613
2013-07-25,13209.276487139503,13723.516196787787,8546.86313524596,13685.349001764125,10440.138092800657,12082.358573835163
2013-07-26,13220.27318415698,13735.612611154815,8524.38534139288,13688.019386524695,10372.117505049364,12091.425109628115
2013-07-29,13171.623538816568,13707.388565929985,8527.194471644338,13678.004170120115,10389.880647628035,12090.518869856935
2013-07-30,13177.033827837473,13703.349054755075,8535.625822266558,13684.680641442517,10404.963163807466,12082.358573835163
2013-07-31,13177.209946813144,13712.756609014234,8538.434160544448,13694.028516367442,10411.190521835772,12081.45316168021
2013-08-01,13343.788428704087,13591.726107870847,8667.6779113186,13706.047794894892,10580.719871040003,12079.636544056704
2013-08-02,13365.95686781852,13707.506073955265,8673.296963795086,13742.103592793324,10575.951992462795,12092.333004631757
2013-08-05,13347.482631608395,13664.430396782436,8684.534276774488,13712.724266217288,10565.182803179676,12066.940911097881
2013-08-06,13271.517362699957,13668.462995720565,8650.816794021297,13716.063011299466,10441.081594668036,12055.151517910237
2013-08-07,13225.199145994791,13718.2725739656,8645.19853351838,13724.743544744737,10391.704996941911,12063.31098631578
2013-08-08,13279.611318307449,13738.464600050722,8676.104510099405,13735.427121470922,10464.467664391226,12075.102034735883
2013-08-09,13234.700979511455,13747.902568151718,8729.485112639233,13757.460597560994,10489.614200489357,12073.285417112376
2013-08-12,13219.876916461724,13720.96972875761,8732.299786705678,13740.100549512408,10515.957313174498,12059.685199614829
2013-08-13,13259.509055468563,13597.113505218082,8780.060544795451,13676.0011268392,10587.046739030886,11968.100360054443
2013-08-14,13193.484843619774,13609.229273848097,8819.397871998697,13696.031559648356,10615.176116970153,11970.814941286839
2013-08-15,13007.245470225314,13533.838889723349,8715.439461381942,13633.266819934457,10537.393724742053,11914.752217908042
2013-08-16,12964.929664631883,13481.330774238952,8737.917255235025,13657.3043581474,10557.081955115233,11920.22772688168
2013-08-19,12889.316633674785,13423.446320986166,8701.390642230373,13612.568026803692,10524.813699843678,11903.812786587983
2013-08-20,12939.065948716945,13496.14508010833,8633.962804486117,13625.923007132404,10441.458749711373,11950.314059668648
2013-08-21,12864.947781260662,13411.331934803506,8594.625477282874,13591.869233672931,10423.066605887783,11922.048482586339
2013-08-22,12975.926361649364,13405.944537456271,8678.916808245142,13577.179570384917,10564.566087115321,11886.48995129065
2013-08-23,13029.150804772438,13481.330774238952,8695.77079778032,13559.819522336327,10588.594671782052,11872.81607594869
2013-08-26,12976.673793399768,13508.262231185703,8701.390642230373,13585.192762350529,10611.440193560391,11902.89992588697
2013-08-27,12770.640365373849,13584.999119035421,8549.67147352385,13586.527445309835,10369.16046208741,11942.105761905572
2013-08-28,12808.205254208948,13529.796613653729,8513.149612360616,13580.518315467092,10262.658388993903,11922.048482586339
2013-08-29,12835.168639825633,13543.264415798138,8574.960773549095,13587.195805631447,10308.764057394645,11941.192901204557
2013-08-30,12795.58053056271,13517.680845023711,8490.671026533966,13591.201892193276,10193.782752675297,11943.929000458915
2013-09-02,,,8653.629884140602,13587.863147111098,10370.80913331921,11901.07337686871
2013-09-03,12849.55240543619,13440.967458779049,8625.530661890327,13569.834738740903,10291.353499498182,11864.611088650527
2013-09-04,12956.836782920582,13396.48306775022,8642.390195240492,13558.483820535066,10310.487668227888,11879.192858996128
2013-09-05,12972.891531007625,13294.005010127463,8709.822784826167,13457.660239641815,10359.625933451052,11790.757099188568
2013-09-06,12975.222959642873,13374.905829414152,8751.966074386592,13529.77285428064,10410.813366792432,11873.724798568559
2013-09-09,13105.643356711696,13401.875994886881,8743.533931790802,13463.669369484564,10411.631559818048,11868.254255292299
2013-09-10,13202.019096666445,13339.849729354824,8861.540369585555,13480.362076053496,10625.76839965314,11808.99279518692
2013-09-11,13244.157709388011,13407.275834260321,8886.828085663663,13504.399614266436,10687.650082676195,11833.6077570814
2013-09-12,13203.162796112108,13408.61127840644,8886.828085663663,13536.449325603036,10685.473148680107,11879.192858996128
2013-09-13,13239.099658318448,13426.132416199325,8889.63800788869,13530.440195760293,10704.871448791957,11896.518177142152
2013-09-16,13314.536570299875,13455.805266253485,8963.866522675313,13603.88851220038,10835.175444970775,11933.901602223643
2013-09-17,13370.883903552523,13482.768519489431,8918.467429770159,13607.894598762208,10814.984750712496,11905.636025141326
2013-09-18,13533.899197874716,13649.949260725909,8955.355974696127,13591.869233672931,10864.184441838484,11879.192858996128
2013-09-19,13511.0262828576,13602.764950010358,9014.944066074671,13669.323636674846,10937.299693970008,11949.402026583863
2013-09-20,13413.638932688938,13616.242429286263,8978.053937201565,13659.308420270268,10914.090530846952,11932.989569138857
2013-09-23,13350.386446914572,13667.477310755572,8944.005409496269,13698.702963250877,10863.216369609976,11959.427769586677
2013-09-24,13317.088147654713,13717.371218289336,8961.032049269626,13746.778039676761,10900.087882039172,12022.338189647433
2013-09-25,13280.975166472705,13755.118943351248,8949.679900122628,13756.12591460169,10901.383968588758,12039.661024944768
2013-09-26,13329.799856892592,13725.457152875937,8961.032049269626,13722.740501463824,10899.458880794253,12037.838614007656
2013-09-27,13276.268279458287,13744.330324183215,8924.14192039652,13728.082289826913,10896.200850908463,12078.870171428289
2013-09-30,13196.827882468935,13767.245771560112,8884.414942197016,13745.4423378755,10811.77709006702,12081.60461545019
2013-10-01,13303.27569481889,13736.602443461878,8952.515165501884,13775.489005931187,10930.959312280505,12055.16144930499
2013-10-02,13296.98588481583,13759.551069575327,8892.92707412334,13787.508284458638,10855.831747572463,12060.63282019748
2013-10-03,13177.606214508402,13778.461566961221,,,,
2013-10-04,13271.034109413053,13740.653014215639,8861.716187718011,13785.50524117772,10847.717385809401,12034.19048166851
2013-10-07,13158.163323932089,13752.796431792778,8839.015057318295,13798.19084234287,10808.229129919899,12059.723269961381
2013-10-08,12999.898946368228,13746.05561848379,8773.750891366255,13787.508284458638,10763.330480509654,12055.16144930499
2013-10-09,13008.652274238293,13721.738369487673,8736.859970519576,13769.479876088442,10714.017765722465,12051.514144582072
2013-10-10,13294.698485924497,13692.046165170525,8887.25337547055,13708.71817965546,10926.719696467586,12008.662659073012
2013-10-11,13378.273383257336,13712.293489149895,8926.978769722915,13775.489005931187,10975.857961690754,12018.691712540745
2013-10-14,13432.861674545664,13666.389324686217,8938.33012689634,13792.18171250012,10974.574160321728,12021.429467027565
2013-10-15,13337.981871987922,13669.08509703087,9012.106424774707,13753.454510999161,11076.00798217322,11977.66429320126
2013-10-16,13523.91411107115,13735.25455728955,9031.96595400661,13751.451467718247,11128.290025102922,11956.694980797236
2013-10-17,13615.758009090961,13813.560522888592,9054.669460327033,13800.193885623783,11085.493370087319,12009.575519774029
2013-10-18,13705.271552371716,13814.911173955634,9117.095193005543,13834.247659083256,11152.317381251598,12038.74899185998
2013-10-21,13706.679430280888,13805.466293617856,9151.145304657977,13826.235485959594,11154.98449395222,12026.898355071366
2013-10-22,13785.371321623641,13901.339017772536,9188.037017478224,13895.009355516237,11255.92690858112,12074.309178388128
2013-10-23,13720.358719988762,13925.632765163598,9145.472397978756,13920.381576688487,11221.206531268826,12097.099246496806
2013-10-24,13765.269058784756,13897.288447018776,9168.171944431333,13907.694956681387,11297.654752887585,12090.720808216905
2013-10-25,13825.750892380887,13921.582194409839,9165.33192721066,13900.35012503738,11304.083587877156,12101.661067153198
2013-10-28,13844.226202487209,13908.085360870948,9153.982945957941,13918.378533407575,11295.164546787097,12102.5764107029
2013-10-29,13922.302751311308,13926.986181125349,9182.360150931156,13945.087475223034,11349.748832554647,12116.249458428629
2013-10-30,13855.530033815918,13890.526896999447,9182.360150931156,13963.783225072886,11334.94150441987,12160.014632254939
2013-10-31,13803.450364034701,13874.334291115902,9241.94665836256,14003.84510953315,11364.69375471175,12179.164016570534
2013-11-01,13843.565756328444,13797.374829241831,9199.38599873094,14009.85525821785,11331.872666314777,12168.21879193687
2013-11-04,13893.094922651015,13824.430706450645,9241.94665836256,14009.186897896245,11368.858430923225,12177.3382951685
2013-11-05,13855.66212304767,13762.215045630786,9216.410262583588,13951.76394654544,11333.483253486827,12120.812934317482
2013-11-06,13922.38973690295,13804.136379261161,9261.81252338302,13945.087475223034,11373.437117719734,12123.54737833938
2013-11-07,13742.000949968571,13840.650961281313,9267.48543006224,14025.212262985522,11423.958694274499,12180.075222039088
2013-11-08,13926.7014301183,13685.12563370523,9236.27533563048,13953.766989826352,11420.499187427444,12110.780570384832
2013-11-11,13936.817532257426,13678.368231027966,9273.161504635738,13975.134143278725,11457.710999358284,12118.074352214435
2013-11-12,13904.664006339424,13666.188869819563,9213.571037336485,13937.74264357903,11418.23502864935,12095.282628873298
2013-11-13,14021.404039804178,13722.9977790292,9159.65902053144,13981.810614601127,11390.998783337143,12139.958180551928
2013-11-14,14091.826930459958,13789.258480813392,9233.436110383374,14021.206176423693,11510.295257729882,12165.48352029874
2013-11-15,14151.429243073933,13778.442212698234,9247.625900830337,14008.51955641659,11534.235389096546,12158.529061123183
2013-11-18,14099.788796835699,13827.129243690008,9287.35050310913,14031.888734307924,11605.613516696205,12177.779414618766
2013-11-19,14073.660902457257,13775.742293011515,9244.787467556804,14018.534772821167,11565.181758939327,12148.443729751854
2013-11-20,14023.164155664688,13700.006297047707,9261.81252338302,14007.851196094982,11576.227364785156,12151.191415633424
2013-11-21,14138.057087677287,13712.180128466684,9250.459582262454,13995.165594929833,11568.691635026695,12133.776714934625
2013-11-22,14210.10800496183,13751.391865278845,9258.974090109485,14005.848152814064,11597.575323052644,12122.77604001359
2013-11-25,14192.469259989946,13762.215045630786,9278.839955129944,14018.534772821167,11699.360501068288,12142.944219907566
2013-11-26,14196.12050704653,13791.966695184252,9241.94665836256,14048.581440876857,11686.93158389086,12171.362905992315
2013-11-27,14234.739961943265,13760.858864774322,9290.186560461954,14036.56318119136,11763.744675372396,12164.027743351244
2013-11-28,,,9312.890066782378,14037.898882992626,11809.334980448442,12163.106606487934
2013-11-29,14224.09550287713,13752.74389879324,9327.074313414356,14044.575354315028,11831.89057196545,12167.694083247437
2013-12-02,14186.003331011212,13693.689895077083,9293.024201761918,14017.867431341516,11827.689040212284,12132.858060920003
2013-12-03,14141.532215758201,13718.061059520096,9131.283399505366,14029.885691027008,11603.060656174835,12143.860391073498
2013-12-04,14126.753256348578,13655.750009832656,9091.560381173711,13957.773076388185,11498.935151261594,12067.76852732727
2013-12-05,14065.919184801103,13621.89663897325,9003.594292848386,13905.69191340047,11428.889965753217,12032.939953545903
2013-12-06,14225.283232066713,13634.084294865792,9080.209024000284,13893.673653714977,11538.914814373686,12043.942283699396
2013-12-09,14251.675304908662,13650.333581090941,9100.072513100034,13948.425201463264,11567.546656198056,12043.021146836089
2013-12-10,14206.500787649164,13707.239261615514,9031.96595400661,13968.456653114372,11465.98875402286,12048.523967145293
2013-12-11,14047.268829615306,13654.404888555044,8983.733179669342,13989.155446245131,11419.02742279578,12056.770335254923
2013-12-12,13998.047871500159,13615.126794269783,8904.278431296769,13964.45056655254,11343.408450865145,12041.18963212045
2013-12-13,13996.904172054494,13635.436328380187,8884.414942197016,13973.13109999781,11330.149055481534,12052.189479425257
2013-12-16,14085.537120456895,13628.663718782005,9009.830292735607,13980.475931641819,11527.78075522779,12043.021146836089
2013-12-17,14042.034659570076,13672.018650320793,8929.970845868953,13985.817720004912,11429.103727895044,12052.189479425257
2013-12-18,14276.308335786292,13620.537693222075,9009.830292735607,13961.111821470364,11550.66436106588,12035.687639427473
2013-12-19,14269.973422143115,13563.638924934283,9169.54760252177,13946.422158182346,11744.384459320296,12011.854774869767
2013-12-20,14338.769360066332,13605.637675616608,9226.587122953262,13942.416071620513,11825.449451795315,12014.604115983795
2013-12-23,14417.198146841774,13562.295186104026,9292.188669645966,13903.688870119555,11936.959578746073,12001.767788265977
2013-12-24,14460.876726704266,13509.45251835942,,,,
2013-12-26,14529.495471755617,13497.794339804317,,,,
2013-12-27,14527.34016209604,13489.65172487611,9403.421357499721,13856.949495494935,12063.476053756756,11945.845759646181
2013-12-30,14525.75723910739,13526.28105002683,9386.305224712996,13878.316648947304,12016.641259889493,11948.596755992667
2013-12-31,14584.2158522757,13465.230792328273,,,,
2014-01-02,14457.093390415926,13518.145347335407,9357.787048444388,13932.400855215934,11825.27377371324,11953.185060368398
2014-01-03,14452.650681865018,13510.008262196625,9400.567876728364,13971.795398196547,11869.442683397934,11957.767571430524
2014-01-06,14416.581730426928,13547.999297993232,9380.603806985271,13988.48810476548,11860.447474188375,11988.933943396845
2014-01-07,14504.423217335005,13569.70095659136,9457.613732948414,14026.547964786783,11958.823514597283,12002.683131815678
2014-01-08,14505.699006012423,13503.216298335456,9477.576218744367,14017.199071019906,11948.306171515738,11988.01859984714
2014-01-09,14510.670071490344,13538.499119761207,9423.387803163521,14005.180811334412,11852.409280544813,11985.270086349343
2014-01-10,14544.187445573598,13652.468079808961,9469.020528271714,14026.547964786783,11917.35980167296,12039.353151707437
2014-01-13,14362.87403401695,13691.818061356746,9503.244082135898,14057.261974322126,11963.817440496881,12064.106325512224
2014-01-14,14518.323729658661,13640.258304758723,9506.095978960113,14068.612892527965,12001.985039475665,12066.856494242482
2014-01-15,14593.71661189617,13628.047147261126,9605.925039384847,14067.277190726703,12245.15667505765,12054.020994140892
2014-01-16,14574.406884447804,13666.038183057733,9580.25321612547,14103.334007467092,12224.903326378486,12098.941520223425
2014-01-17,14517.883432219485,13698.59343584964,9611.624081191863,14134.71637732404,12256.667889246886,12118.191873719006
2014-01-20,,,9625.885941233659,14162.092660619159,12222.626882419827,12134.689575635644
2014-01-21,14558.483151696322,13683.678211323253,9625.885941233659,14154.079468653543,12240.51533384026,12134.689575635644
2014-01-22,14568.60032773164,13645.683028184576,9634.442423679882,14128.707247481294,12227.923023761321,12123.693038795753
2014-01-23,14439.278526468373,13737.95862431834,9534.617323122999,14136.719420604957,12115.872348865712,12154.859410762076
2014-01-24,14137.969028189453,13793.578628801617,9309.301634538411,14158.085555215375,11815.183954915354,12204.365758371652
2014-01-27,14069.482372369856,13751.516285540907,9218.033808401318,14164.095703900077,11761.341694053917,12191.529430653834
2014-01-28,14155.871951624844,13771.867293071995,9289.335980848178,14180.78841046901,11833.91639824059,12189.698743554422
2014-01-29,14012.870860653698,13837.004065155574,9232.294876469545,14208.832035243782,11745.63017662957,12219.9514272035
2014-01-30,14171.575535656737,13823.429814564732,9275.07570475352,14229.530828374543,11791.8617681311,12240.117951865015
2014-01-31,14079.95071246032,13877.697785533614,9243.701671792847,14297.637356451536,11707.575601311984,12287.785336212888
2014-02-03,13758.49599549479,13953.1407026579,9092.536884585059,14304.982188095548,11556.664443253738,12292.370330123704
2014-02-04,13864.371421173817,13911.010619476734,9115.356811020218,14301.643443013367,11482.933703575914,12295.122154086419
2014-02-05,13840.398836454953,13860.717184657018,9115.356811020218,14317.000447781038,11468.353651281586,12300.620008698246
2014-02-06,14019.689027583774,13834.894450489963,9266.520014280866,14279.60894808134,11644.800785661868,12249.280491140576
2014-02-07,14206.192579441738,13871.591515561138,9323.561910633069,14322.342236144132,11701.838421988214,12287.785336212888
2014-02-10,14228.802389891543,13878.390391659088,9360.641321189316,14307.652572856116,11686.667452508716,12263.037955721706
2014-02-11,14386.93467822365,13817.218478593182,9460.462461878351,14300.97508269176,11924.31567090876,12265.786469219507
2014-02-12,14390.14562784106,13784.603780564961,9517.504358230553,14281.611991362257,12001.34375305018,12239.199297850393
2014-02-13,14475.260492314823,13849.844236200255,9506.095978960113,14306.985231376464,12072.75996470959,12285.95382149725
2014-02-14,14546.07857676967,13840.324703705242,9563.140251233022,14307.652572856116,12155.323749213518,12267.617156318915
2014-02-17,,,9603.066014798502,14333.69315434997,12148.227828919278,12270.939207863683
2014-02-18,14565.213259138562,13874.306642168778,9597.366181017915,14362.405139446348,12152.027635267978,12281.081644754839
2014-02-19,14470.905843251749,13847.127727145258,9625.885941233659,14367.078567487837,12152.366706251565,12294.902008169402
2014-02-20,14560.81458033157,13832.182088777035,9620.181355611656,14317.000447781038,12100.536757966647,12265.413214300053
2014-02-21,14534.818775184878,13849.844236200255,9648.70269977454,14346.379774357072,12148.467389940291,12285.690639536306
2014-02-24,14624.903631240371,13836.24924889907,9697.188113680519,14352.388904199819,12213.87123423128,12272.79141298505
2014-02-25,14605.504770407973,13883.820644874366,9717.152183423612,14355.060307802345,12201.80595839857,12294.902008169402
2014-02-26,14608.671690281464,13924.589017409644,9680.079900629493,14410.480215872232,12154.480985826773,12328.083625654283
2014-02-27,14683.010006457338,13940.904661107892,9680.079900629493,14467.234806901432,12062.143111665473,12370.481577469642
2014-02-28,14724.048949477157,13927.322115832914,9708.598868871668,14421.162773756463,12192.660869986119,12308.7289925138
2014-03-03,14616.150303370305,13996.20532025188,9471.873217069504,14466.567465421776,11773.506479849202,12366.793719551482
2014-03-04,14839.558297904603,13888.660593068533,9694.33542488273,14471.240893463262,12063.175066832919,12337.303270449673
2014-03-05,14841.582592228622,13903.628350594458,9688.634007155006,14487.933600032195,12003.884328390986,12340.06999150452
2014-03-06,14869.689677290971,13843.728289096285,9702.895075223234,14425.837220639904,12004.954367618182,12294.902008169402
2014-03-07,14878.839272856298,13783.830992492827,9568.844044881456,14436.52079736609,11763.266781848424,12292.14190804439
2014-03-10,14872.90062690838,13798.80566225553,9523.210527799696,14469.906210503956,11656.022069589773,12314.259124158572
2014-03-11,14797.902938469935,13812.414474030276,9534.617323122999,14453.213503935023,11709.223044025724,12305.040306979414
2014-03-12,14806.261072540936,13866.871840286964,9437.64966320532,14471.909253784872,11559.395438893296,12344.6765034373
2014-03-13,14634.888718043936,13948.552359882568,9323.561910633069,14506.629349882041,11344.402321972837,12386.151663156887
2014-03-14,14593.980790359677,13949.919600317879,9266.520014280866,14519.315969889143,11392.986525552531,12389.83372776144
2014-03-17,14734.29821474423,13894.093611178523,9381.650796044314,14523.322056450974,11549.58203665812,12367.712373566104
2014-03-18,14841.05423530161,13928.133612431022,9447.474887310082,14529.99954661533,11627.15066674439,12366.793719551482
2014-03-19,14750.045828520042,13798.80566225553,9436.028493308298,14496.614133477466,11670.551752643785,12341.91060999868
2014-03-20,14839.383252825124,13801.526318652595,9441.754462216684,14453.213503935023,11694.542253250765,12295.827283113858
2014-03-21,14795.923747786028,13827.390526240337,9453.201648192036,14475.9153403467,11753.442322950737,12305.966409540099
2014-03-24,14723.961963885515,13832.833221481822,9355.893439639418,14507.965051683304,11559.494948855872,12350.203324617158
2014-03-25,14790.293310045538,13824.664340053847,9481.820405103985,14521.98737349167,11747.730942506154,12361.266070755397
2014-03-26,14687.188536544742,13883.208220695555,9550.508272797513,14558.043171390103,11886.337263710675,12372.327161661176
2014-03-27,14661.808073916705,13896.8170324703,9570.542828188303,14596.103031411405,11889.645662836783,12400.894818667219
2014-03-28,14730.42789286425,13847.812038586593,9630.647286334242,14588.7581997674,12060.709431093559,12383.385769718268
2014-03-31,14847.784342743851,13849.176514127195,9627.781133985773,14586.086796164875,12021.358769226385,12371.39940386803
2014-04-01,14953.352634111647,13820.533587353428,9710.779964082414,14575.40321943869,12081.491042537007,12356.65376550901
2014-04-02,14998.615210858981,13760.509105593195,9710.779964082414,14546.692253184263,12106.211282869539,12325.319387448128
2014-04-03,14981.900016613174,13770.067346614183,9742.264873342836,14580.07766632213,12113.07992732333,12338.224407312986
2014-04-04,14794.559899620775,13854.635798736954,9799.506347034583,14661.538155885875,12197.302211203507,12382.462977622501
2014-04-07,14635.592120050427,13887.356945211606,9679.299806663412,14651.521920639343,11964.672489064193,12387.071972403965
2014-04-08,14695.282492152235,13906.45960278002,9650.678673830755,14628.820084227667,11939.437499665997,12372.327161661176
2014-04-09,14857.021997797008,13902.366176158217,9676.43682220922,14619.47220930274,11959.011477859924,12362.186380002475
2014-04-10,14546.783052672354,13961.01097545693,9642.094472309594,14673.556415571367,11893.834909409386,12404.58764228275
2014-04-11,14410.247890679946,13989.651137335983,9493.268383052906,14668.882987529883,11718.658062699507,12417.48935168269
2014-04-14,14528.74804000521,13967.83473560729,9530.473717406723,14675.559458852285,11748.69901473466,12398.12809761237
2014-04-15,14626.926851668197,13984.194617620937,9453.201648192036,14736.989515606876,11540.549971906863,12448.818764046204
2014-04-16,14780.748520681147,13962.376833444885,9573.405812642495,14742.330285128015,11721.841152983852,12435.920365111177
2014-04-17,14801.554185526522,13883.26904837923,9627.781133985773,14713.61931887359,11837.438559508524,12412.876218820076
2014-04-21,14857.637340315663,13880.545627087453,,,,
2014-04-22,14918.471411863138,13875.08357758298,9762.297052812915,14706.941828709232,12076.936926101629,12390.759830322122
2014-04-23,14887.328422262855,13910.544734717685,9716.503557070091,14720.964150517597,12006.615324030545,12408.2697068873
2014-04-24,14913.23616792171,13906.45960278002,9733.678295900965,14697.59395378431,12012.262821536193,12394.446033007818
2014-04-25,14792.536679192948,13925.552583216939,9653.541658284947,14731.647727243782,11827.17306262856,12434.99591778295
2014-04-28,14841.318413765115,13905.092362344707,9687.884800158141,14717.62540543542,11883.544842168292,12422.092553150549
2014-04-29,14912.224557707797,13917.372642210114,9805.22439620727,14718.292746915075,12056.84697032398,12421.176381984618
2014-04-30,14957.53116419905,13954.195509990706,9793.77800220549,14765.700481861302,12080.887840171275,12450.666831086428
2014-05-01,14956.387464753385,13994.37081261016,,,,
2014-05-02,14936.198216322859,14014.866977113654,9816.67395810333,14795.747149916991,12021.496363248709,12469.097016898684
2014-05-05,14965.31691159912,14006.669064291198,9785.19221673719,14792.408404834814,11988.134726906885,12459.8831654169
2014-05-06,14831.113178241962,14023.06074259404,9782.335568071554,14807.098068122828,11910.17665659671,12462.648231239285
2014-05-07,14920.758810754469,14033.995901181832,9790.917393672004,14793.07676515642,11977.818860786607,12446.05700868873
2014-05-08,14903.999586764745,14049.027251286143,9882.502009236947,14851.834399466536,12086.133612272453,12478.315834077846
2014-05-09,14929.336019648865,14038.09900493513,9873.914639821509,14839.816139781042,12053.488201957558,12470.940945857763
2014-05-12,15074.316301303914,14001.20563233937,9942.608051330024,14825.793817972677,12205.718788408467,12465.408331364299
2014-05-13,15084.389447595317,14055.866218357422,9951.190668904042,14862.517976192721,12271.096833820267,12505.042872589724
2014-05-14,15016.386045062618,14120.091957633244,9976.94960925608,14916.60218246135,12271.046464579951,12544.674103350233
2014-05-15,14878.619124136707,14170.65220479271,9859.605261365534,14898.574792933108,12147.334696292215,12599.31332681448
2014-05-16,14934.438100462345,14140.586739689381,9902.537356601306,14891.2299612891,12113.431283487484,12575.227211690579
2014-05-19,14992.984773118487,14122.823673609155,9908.258573668272,14851.16705798688,12151.536228045383,12571.526111912752
2014-05-20,14896.037720389004,14163.820149958212,9882.502009236947,14796.415510238596,12125.986738024727,12566.892288644405
2014-05-21,15019.068637753015,14141.959509914117,9954.054445331807,14812.439856485924,12199.944753542999,12549.293857142682
2014-05-22,15056.633526588112,14126.922630020385,9979.811009763132,14814.442899766838,12228.92918004958,12561.330707582913
2014-05-23,15120.81063698475,14155.623619583113,9999.845565153923,14846.493629945395,12288.180605913705,12562.260120608516
2014-05-26,,,10091.429388745295,14897.9064326115,12445.192584640441,12562.260120608516
2014-05-27,15211.466805814976,14159.717046204916,10091.429388745295,14921.27662934479,12505.576704152643,12586.346235732415
2014-05-28,15196.906921228749,14237.606895149733,10091.429388745295,14983.373008737082,12503.50050863719,12627.103852181122
2014-05-29,15280.394832969945,14219.846593964221,10088.561652449685,14961.339532647007,12503.161437653598,12615.060380811059
2014-05-30,15308.678037007965,14208.911435376427,10082.842019329857,14948.652912639905,12508.6578274383,12607.649077476879
2014-06-02,15321.213627270175,14143.897701107555,10105.73955917484,14949.987595599217,12517.27588160452,12600.243567456313
2014-06-03,15316.199605944532,14072.711339393107,10057.085454898532,14920.609287865134,12479.057913385423,12564.113980962347
2014-06-04,15347.913908319548,14061.766503673818,10074.257817808699,14890.56160096749,12487.775477514218,12545.58696405125
2014-06-05,15449.083520880353,14082.295846913861,10125.772530618491,14946.649869358987,12514.395006762072,12579.860207342697
2014-06-06,15522.849450385298,14071.338569168367,10185.87540481729,15087.53635355446,12563.910427028577,12623.394476241001
2014-06-09,15538.200796465851,14050.809225928324,10228.805124132354,15100.890315041213,12590.881312440582,12602.092462112767
2014-06-10,15534.462563817624,14026.180926277055,10257.423089070735,15036.122532046402,12616.25512437916,12576.15745233241
2014-06-11,15481.23812069455,14045.343029081785,10197.325758686922,15038.125575327314,12516.885212862559,12589.122888182013
2014-06-12,15375.88997804634,14100.092091730636,10200.186367220404,15031.448085162961,12502.90959145202,12598.386396637561
2014-06-13,15424.319474667165,14072.711339393107,10171.563650440607,15055.4856233759,12470.415288858072,12614.133450634143
2014-06-16,15437.339392112468,14072.711339393107,10117.130515026749,15068.172243383004,12434.072039193166,12623.394476241001
2014-06-17,15471.164974403147,14013.85917299096,10157.714408628584,15012.08499383346,12479.787653110974,12585.418477939269
2014-06-18,15590.76479343016,14087.766191102472,10143.221292304454,15026.774657121476,12492.379963189913,12606.725457764886
2014-06-19,15612.846246952953,14052.177848810996,10198.295134336142,15084.864949951938,12585.056908334802,12646.552833571757
2014-06-20,15639.942795697585,14068.605470745099,10209.894379236861,15060.16007025934,12563.973081449458,12629.878849398265
2014-06-23,15637.918501373566,14059.030640355837,10151.916370125362,15091.542440116293,12480.541963197653,12648.402555844443
2014-06-24,15538.641093905027,14116.516948770026,10134.52067066856,15111.5738917674,12502.129482486154,12647.476453283754
2014-06-25,15615.133645844286,14130.204560044078,10038.861351087902,15165.65809803603,12413.654069094435,12701.203643663213
2014-06-26,15599.386032068474,14167.158760323513,10006.969367412694,15177.676357721524,12334.589104015367,12709.540221941847
2014-06-27,15630.045768381855,14167.158760323513,10038.861351087902,15164.989737714423,12347.508199897333,12695.647855915326
2014-06-30,15624.898583928263,14178.111890726937,10021.46723557824,15170.99988639912,12370.026935872647,12703.058331633274
2014-07-01,15732.09490192482,14131.768108003977,10120.026762370864,15205.05264101664,12457.256631955093,12712.321012472592
2014-07-02,15743.355777405803,14074.169821353933,10146.116747675003,15128.266598336333,12468.401747763497,12678.973044125603
2014-07-03,15829.657297172957,14045.372060476268,10241.78398699136,15148.29703114549,12617.047518525593,12676.194736443542
2014-07-04,,,10206.995755972035,15184.353847885877,12591.44765926462,12706.761914259787
2014-07-07,15768.16385336291,14079.652607568747,10093.939152987434,15191.030319208276,12461.861117630788,12709.540221941847
2014-07-08,15661.62798152512,14144.095391079496,9983.779589320522,15206.388342817905,12294.043094079238,12737.327436843572
2014-07-09,15735.305851542227,14146.851991107822,9983.779589320522,15186.356891166792,12338.74026652822,12735.47605933843
2014-07-10,15670.249220163432,14177.015609973445,9873.623193547886,15177.00901624187,12151.20944224236,12754.93248927513
2014-07-11,15694.838221297145,14200.333349531009,9864.925739806271,15195.037424612063,12160.279591053366,12753.072835607692
2014-07-14,15770.891549693417,14168.78451841444,9948.993734221907,15195.704766091718,12307.050643261267,12751.221458102553
2014-07-15,15740.495991843543,14156.443410865359,9931.598826738675,15210.394429379734,12227.042176314824,12746.590117682892
2014-07-16,15808.455364632324,14177.015609973445,10062.048753259367,15236.43501087359,12402.985618291947,12755.856936603359
2014-07-17,15622.919393244354,14259.296111721653,9992.476251088568,15269.820424011456,12270.405178154466,12779.937258413649
2014-07-18,15783.383110211711,14230.499733291344,9975.086887420324,15273.826510573288,12227.808771582067,12781.792773999943
2014-07-21,15747.226099285785,14234.604219491996,9908.412216540779,15293.857962224398,12091.982586739365,12784.570254065773
2014-07-22,15826.226198835962,14252.437790387386,10059.15250591525,15277.165255655465,12245.811475181754,12766.047375235821
2014-07-23,15854.158238818834,14251.069167504718,10059.15250591525,15310.55066879333,12270.002224231941,12785.497184242688
2014-07-24,15862.076075450657,14193.470880854673,10122.926177609259,15291.186558621872,12320.951325070362,12762.340482144387
2014-07-25,15785.450360383455,14248.330539292023,10056.252298703286,15319.230183396647,12132.188297173849,12786.420803954683
2014-07-28,15790.069187910034,14231.875268410795,10030.163105372718,15345.93912521211,12074.521659602586,12779.937258413649
2014-07-29,15719.338089046829,14251.069167504718,10050.456636120774,15377.32149506906,12144.290428548255,12801.244238239264
2014-07-30,15722.85724687166,14150.959242203187,9977.98075884373,15333.919846684665,12068.87293357888,12771.60150775125
2014-07-31,15409.407352129596,14146.851991107822,9864.925739806271,15329.246418643177,11834.633852785577,12770.678715655482
2014-08-01,15365.376534315763,14230.112648031598,9702.58778947822,15327.243375362263,11586.30366988442,12795.681001945313
2014-08-04,15475.91589116148,14238.350651827384,9711.286827166974,15353.28395685612,11515.930470054966,12797.539000380291
2014-08-05,15327.460481425516,14245.232474766706,9757.670343219168,15300.5344335468,11560.716095804015,12770.678715655482
2014-08-06,15332.34241351941,14257.588789236708,9690.992504445347,15317.895500437335,11485.613101457102,12823.474837776877
2014-08-07,15250.834766358312,14322.162905246298,9618.522170983293,15324.571971759737,11371.04642158182,12848.48788307769
2014-08-08,15427.090126845398,14309.799678539517,9543.146086494286,15355.954341616687,11333.747384868971,12860.523905901693
2014-08-11,15472.484792824484,14302.928915179044,9656.204273426023,15366.637918342874,11549.394073395479,12859.599458573466
2014-08-12,15447.983851178606,14282.309712860846,9656.204273426023,15392.01115835708,11409.415497521864,12858.67418362901
2014-08-13,15555.575362974228,14329.030903712057,9685.195257915697,15418.719081330588,11572.21379629463,12887.385845858962
2014-08-14,15623.975033202187,14357.890874720753,9714.183074511091,15465.458455955208,11605.198277593114,12901.280694734169
2014-08-15,15624.854554184345,14415.595609817228,9728.67539886165,15515.536575662005,11438.51294768964,12934.628663081157
2014-08-18,15759.14634702934,14370.249954085468,9804.051483350657,15472.135946119563,11630.648257651195,12890.671482289634
2014-08-19,15841.094291629614,14355.138422034497,9864.925739806271,15500.84691237399,11742.547824825855,12906.49550459555
2014-08-20,15881.385802899027,14312.545218988993,9862.027116541445,15516.872277463268,11717.752644891882,12922.313733587853
2014-08-21,15928.627570330267,14342.776577775072,9922.906916812046,15514.201892702695,11827.148492267432,12913.93825734644
2014-08-22,15899.02454787091,14344.139670868317,9899.712386878457,15534.232325511857,11748.69901473466,12926.967419645709
2014-08-25,15975.386084474607,14355.138422034497,10059.15250591525,15607.680641951938,11963.77935643713,12951.166090576804
2014-08-26,15992.32035354381,14352.388734242952,10082.342284007424,15637.727310007625,12061.917064343079,12956.755810590097
2014-08-27,15996.410824143377,14392.226719707485,10102.635022781911,15677.121852988239,12038.718957882531,12983.746031062921
2014-08-28,15971.514688698433,14411.464857116807,10035.958767955228,15655.088376898166,11903.923499689216,12997.707089236479
2014-08-29,16025.838801523258,14412.84315713097,10047.55563693524,15650.413930014729,11913.497340903381,13001.423913722665
2014-09-01,,,10070.74779094812,15657.091420179084,11924.643685229841,13010.73376868706
2014-09-02,16017.876935147517,14320.762486074434,10076.544245504205,15610.351026712508,11959.85424124667,12966.988457650259
2014-09-03,16008.332145783126,14341.41624957654,10140.324252986773,15590.320593903352,12110.148683240563,12957.68356838324
2014-09-04,15984.227471832508,14290.488271420314,10247.580441547441,15654.420016576558,12233.142996983313,12963.26501223424
2014-09-05,16065.118702578759,14294.617641673378,10209.894379236861,15727.199972695036,12261.774838807682,12992.114886374502
2014-09-08,16018.49227766617,14279.47569578057,10163.513239105376,15700.492049721526,12275.626379894515,12981.881411698108
2014-09-09,15913.935596512285,14246.44211620341,10128.725008086049,15629.715136883964,12216.085023769061,12932.550518729164
2014-09-10,15973.581938870178,14210.657466387349,10134.52067066856,15596.3297237461,12202.837913566016,12937.206687635706
2014-09-11,15992.10020482422,14192.768597597707,10114.231099788354,15561.608608806971,12191.654713697859,12935.343723503349
2014-09-12,15897.08938693092,14139.092314097292,10117.130515026749,15526.22015238819,12141.14542232366,12903.698161740214
2014-09-15,15885.91657093777,14165.24130584042,10117.10358792538,15543.580200436778,12151.838443487279,12919.518873581208
2014-09-16,16005.033136677883,14161.116082929424,10076.084900833825,15538.239430915639,12118.249531305006,12923.246457078374
2014-09-17,16026.145935834487,14125.334198008073,10117.10358792538,15572.959527012808,12154.191055565441,12931.622760936021
2014-09-18,16106.774062013425,14115.688862803643,10234.302212679117,15548.254647320216,12326.071788329778,12899.050268995967
2014-09-19,16099.296522820776,14169.365146304059,10254.810368264541,15611.686728513769,12327.493183721128,12942.79061433539
2014-09-22,15970.282929764933,14199.647655642319,10193.283525587556,15635.72426672671,12264.945643911462,12961.404530950573
2014-09-23,15879.670790678623,14229.926017638509,10070.225088392168,15632.385521644534,12070.571974050996,12964.197735724762
2014-09-24,16004.3286607752,14190.014762464094,10146.404234080777,15647.743545254156,12154.78197275061,12966.988457650259
2014-09-25,15745.5551168093,14258.832991857314,10040.924442236776,15671.781083467098,11963.615963535618,12992.114886374502
2014-09-26,15883.541112558603,14228.550482519058,10084.875015483083,15671.781083467098,11939.135284224103,13005.150669603603
2014-09-29,15844.437330478773,14273.969407960698,10049.714556886036,15658.426103138387,11854.04443807799,13005.150669603603
2014-09-30,15801.153944415348,14261.582679648862,10079.011243173583,15703.162434482094,11918.69274376424,13016.317695386746
2014-10-01,15593.228311297162,14381.409069144971,10011.623796081378,15751.905871229583,11802.617443715599,13054.481562572548
2014-10-02,15594.636189206334,14338.66103199557,9777.227338547475,15721.19084285229,11568.187942623537,13047.033844124278
2014-10-03,15768.999344601154,14334.523367058368,,,,
2014-10-06,15744.718551674865,14357.966909325349,9891.494077146463,15721.19084285229,11585.586215339436,13031.208994202134
2014-10-07,15506.618583322585,14442.070859136424,9730.352006908544,15715.849054489196,11430.474754046078,13041.449917424592
2014-10-08,15782.767767693058,14493.102520844368,9651.239391118048,15739.219251222483,11316.147635191808,13047.963257149882
2014-10-09,15457.485684695272,14468.268236537018,9613.153382154807,15744.561039585577,11328.336991348222,13048.892670175486
2014-10-10,15282.02178570251,14524.814480748972,9472.517091581605,15749.23446762706,11056.344322161169,13051.686702565901
2014-10-13,15030.329513233997,14600.64863047507,9460.796674724734,15735.880506140305,11086.0584883933,13055.410975598152
2014-10-14,15054.17000872111,14629.601225456634,9469.586789373996,15792.636116011461,11102.136104198478,13100.084872044326
2014-10-15,14933.64663896802,14712.328257700907,9191.242134514494,15811.999207340961,10783.534688466556,13154.997208864268
2014-10-16,14936.329231658416,14672.342350369254,9135.571936384882,15689.141131515686,10797.31006143389,13087.98926085181
2014-10-17,15128.771429464296,14629.601225456634,9390.476549504208,15676.454511508584,11133.661106045862,13055.410975598152
2014-10-20,15267.329811884529,14650.28402035322,9340.667747763388,15633.053881966141,10966.963490961823,13068.438482664958
2014-10-21,15566.484000503873,14610.292583232143,9528.18412181694,15665.103593302745,11179.817757945946,13052.613632742816
2014-10-22,15454.625899133012,14606.165977873792,9621.94428877764,15674.451468227668,11246.717937229729,13065.65024358815
2014-10-23,15644.78069804756,14545.494510750845,9674.681808778932,15671.11272314549,11381.537965784175,13045.173362840615
2014-10-24,15755.27602514936,14557.897828430956,9645.381954597106,15664.436251823088,11306.674532458277,13050.758117156529
2014-10-27,15731.742663973479,14573.068805718245,9572.13390308968,15677.121852988239,11199.505988319128,13065.65024358815
2014-10-28,15919.52200450886,14537.220563323795,9668.82120436371,15682.463641351333,11407.806138867873,13045.173362840615
2014-10-29,15899.156637102662,14488.959326117742,9683.474299348904,15676.454511508584,11426.197054173408,13039.591918989614
2014-10-30,15999.314639449556,14504.130303405029,9753.793632595858,15714.514371529885,11466.491217907958,13086.12298625454
2014-10-31,16187.093979984937,14480.69090848012,9929.58642189826,15782.619880764925,11733.225829813271,13094.505911042015
2014-11-03,16185.290908276702,14475.302128685527,9844.61716156039,15740.554953023746,11638.661880933627,13079.612956994166
2014-11-04,16139.544004346273,14473.916916434582,9733.283893063293,15766.595534517603,11531.441739036105,13118.698788659509
2014-11-05,16237.194459082248,14478.06702339799,9900.289735610713,15748.567126147407,11718.89762372052,13104.740213334639
2014-11-06,16303.482849394542,14433.85497449834,9909.078266312834,15766.595534517603,11796.805324790383,13109.398037473637
2014-11-07,16312.324236752442,14526.397382971856,9876.846525976258,15780.61683748401,11689.14537342864,13118.698788659509
2014-11-10,16364.184831710265,14467.00606210078,9938.374160626812,15792.636116011461,11764.67589205921,13110.324140034323
2014-11-11,16375.577796423002,14468.395421693791,9970.60510898982,15797.97790437455,11786.26341134771,13111.255208292385
2014-11-12,16368.803659236844,14462.868397163578,9891.494077146463,15794.639159292374,11587.410564653312,13115.905583885322
2014-11-13,16378.832775784329,14486.346500614463,9894.42675527478,15806.657418977866,11634.648312443102,13138.247083997667
2014-11-14,16384.726318092133,14516.734075951796,9888.56852678027,15818.008337183708,11640.222098865359,13146.619249774165
2014-11-17,16397.659249945795,14500.159914597933,9938.374160626812,15829.360274231502,11707.410979892415,13136.365084692039
2014-11-18,16485.104469158614,14516.734075951796,9982.32948571454,15823.350125546798,11896.338629208496,13127.015504148636
2014-11-19,16461.396062903255,14478.06702339799,10008.695077820907,15787.961669128019,11916.805740029486,13089.616354358788
2014-11-20,16494.474213443526,14504.298961982491,10005.766359560435,15831.363317512414,11930.857529559527,13127.9465724067
2014-11-21,16583.151191589848,14533.306854858303,10196.213827795169,15904.143273630893,12243.571886764788,13154.131522288326
2014-11-24,16630.876212307987,14549.882398659523,10202.07364023682,15911.488105274902,12310.233733545612,13145.713837619214
2014-11-25,16613.54567554353,14585.787321395577,10240.161233147199,15952.218350056773,12405.426683670175,13169.094823715675
2014-11-26,16664.042422336097,14610.661696676258,10219.653869535343,15952.885691536429,12473.798627585624,13186.857123230817
2014-11-27,,,10248.952139770028,16015.650431250328,12548.411443228,13207.431662693418
2014-11-28,16622.431092645347,14667.289505282228,10266.530785121415,16026.334007976515,12555.933659287839,13206.497283970442
2014-12-01,16509.605410804492,14631.314077731005,10202.07364023682,16020.992219613421,12534.120092676945,13177.508370303642
2014-12-02,16615.877104178777,14566.285136541215,10251.883233951208,16004.966854524144,12497.097472526804,13160.677966662794
2014-12-03,16682.780837009726,14571.8163084135,10325.129701511498,16022.995262894337,12544.536697277856,13169.094823715675
2014-12-04,16663.69125828095,14623.00971646212,10196.213827795169,15985.603763194638,12393.022336853875,13150.396490245095
2014-12-05,16691.57819462371,14541.385877208122,10363.219670342585,16004.966854524144,12689.622222712265,13141.040288771857
2014-12-08,16572.901926322775,14589.808860754856,10284.11101441994,16063.058166196555,12598.88265054245,13193.402739989055
2014-12-09,16534.06232270645,14643.768545963298,10046.784254678425,16046.365459627623,12320.51151560614,13205.561250015004
2014-12-10,16299.348349051057,14710.174404719895,10026.27530711943,16029.004392737083,12328.085329424352,13214.910002942177
2014-12-11,16377.689076338662,14685.272380492092,10020.41470270421,16027.001349456166,12407.08764008254,13218.648345450325
2014-12-12,16112.800767449176,14805.64898403598,9780.156848781517,16052.374589470368,12070.194819007656,13250.441222902295
2014-12-15,16011.058768217441,14751.676856801332,9533.62022839884,16081.753916046402,11742.207525324211,13250.441222902295
2014-12-16,15875.095992895962,14826.406431089803,9745.477910114803,16091.10179097133,12031.3969902659,13273.823864231215
2014-12-17,16199.014227728494,14724.014085203135,9718.99272999942,16103.787392136475,12006.916310954382,13279.426826104176
2014-12-18,16590.584701038577,14640.99812146141,10025.016861117298,16102.452709177167,12342.3373673976,13277.557241041988
2014-12-19,16666.46191045918,14694.96195401192,10077.980093585935,16122.484160828279,12312.019998799737,13286.906821585391
2014-12-22,16732.3100033323,14694.96195401192,10125.057378485119,16132.499377232856,12411.150349295325,13276.625345167697
2014-12-23,16762.397352974753,14573.212580243293,10139.767495567325,16149.859425281444,12482.039526708504,13275.6876559798
2014-12-24,16760.68126685816,14583.735769518931,,,,
2014-12-26,16816.149079128645,14603.134270821576,,,,
2014-12-29,16833.523645637022,14653.01297143442,10186.850324281495,16165.884790370721,12488.354109518823,13325.249453876742
2014-12-30,16753.20372766551,14669.647960471959,10077.980093585935,16194.595756625147,12335.406068522929,13324.311764688848
2014-12-31,16580.555584491092,14686.271889930647,,,,
2015-01-02,16577.21254564193,14761.096853086698,10063.26522466231,16285.40412111382,12284.05524228004,13365.446774138154
2015-01-05,16275.243675100439,14851.167445687272,9866.120035949263,16242.670833051026,11917.259063192327,13353.294057425808
2015-01-06,16130.570527756618,14950.935906491814,9742.535728303646,16268.711414544887,11912.856054477896,13388.825277385928
2015-01-07,16323.232874282088,14948.151657516362,9830.813062241836,16225.978126482094,11973.893745596148,13384.155039003486
2015-01-08,16615.56889597135,14887.181581764467,10104.461313833468,16227.981169763012,12375.738316317233,13357.039848480023
2015-01-09,16475.998903337208,14960.631009801069,9995.587123270054,16226.646486803706,12137.837023197553,13376.671733057352
2015-01-12,16342.6757648584,15013.281517363159,10039.723810305226,16266.708371263969,12305.655046749105,13377.60693939656
2015-01-13,16302.163030973206,15027.137787214671,10192.733103956669,16280.06335159268,12505.802751475036,13376.671733057352
2015-01-14,16207.899644830313,15096.417754024875,10048.554315606538,16354.846350992071,12349.911181215812,13411.266091445801
2015-01-15,16058.432624880434,15225.278436993958,10298.662736788217,16350.84026443024,12621.048801835552,13422.488567516313
2015-01-16,16274.18803514261,15113.037536141494,10392.8196825073,16394.908235452338,12791.07938640683,13432.775009631387
2015-01-19,,,10407.53613537806,16394.908235452338,12884.901310380357,13435.579801032782
2015-01-20,16299.919661825792,15147.691344020157,10498.74931533885,16378.883889205013,12903.49493116521,13428.095667470421
2015-01-21,16379.008894759998,15075.631275576574,10592.911012899349,16323.463981135123,12956.457573098205,13375.736526718143
2015-01-22,16629.249259575423,15038.222250116936,10719.43591840898,16436.306840555815,13128.03609042065,13425.289220836565
2015-01-23,16537.976674330348,15136.59996888111,10919.52724880103,16511.08983995521,13397.198254005567,13483.263737705247
2015-01-26,16580.59961423501,15101.961367923364,10998.97566138505,16479.040128618606,13584.326124368901,13444.927726343729
2015-01-27,16358.642453457607,15122.742316582242,10940.121729505545,16463.01476352933,13370.780201718979,13450.539791995216
2015-01-28,16139.192840291125,15239.14300152961,10940.121729505545,16450.996503843835,13474.426584590194,13468.305401975273
2015-01-29,16294.246268237575,15185.092074795657,10919.52724880103,16442.98331187822,13508.267342974048,13473.916640010528
2015-01-30,16082.801477294559,15318.11668920171,10881.275717361741,16479.707470098263,13453.481580245232,13515.99347672888
2015-02-02,16291.69469088274,15298.973940659967,10884.215523252185,16473.030998775863,13621.663245141503,13506.641413336789
2015-02-03,16527.33221526421,15169.8948310086,10957.780364187462,16464.35046533059,13700.842462399823,13487.940597017523
2015-02-04,16463.551372562833,15194.865977604215,11031.341245254891,16471.6952969746,13726.468120539981,13465.503093422563
2015-02-05,16636.287575225087,15139.353804014723,11025.452921764734,16464.35046533059,13719.03312926215,13468.305401975273
2015-02-06,16583.898623340254,14970.03026937609,11037.2256088772,16434.971138754558,13644.78518348255,13461.75812998458
2015-02-09,16514.22423833107,14963.087618753092,10963.663935836203,16408.263215781048,13414.721835563227,13474.846880652363
2015-02-10,16691.315090056396,14925.613618267715,11034.284219039613,16376.212485602488,13528.345013571132,13465.503093422563
2015-02-11,16696.59328984555,14920.05756234302,11001.915467275494,16380.886932485928,13526.181593273668,13472.98143367132
2015-02-12,16861.675834339483,14925.613618267715,11101.961528458303,16424.955922349982,13736.947379561772,13504.771828274603
2015-02-13,16931.790516787845,14875.654735708207,11149.03564546321,16441.648628918916,13791.984988492166,13489.807699231022
2015-02-16,,,11151.979411221504,16426.290605309285,13741.451126756834,13488.931253644101
2015-02-17,16961.481598735034,14770.180914664497,11154.923176979799,16402.92142741795,13706.71723574592,13468.263193547575
2015-02-18,16956.906800952373,14840.955307066788,11257.908252079485,16410.266259061966,13788.965291109333,13467.327987208364
2015-02-19,16941.643514359657,14803.488218818191,11307.930094710535,16427.62630711055,13840.468453591226,13475.780431759113
2015-02-20,17047.520013934874,14795.147913918045,11331.469133146915,16455.002590405667,13901.732192031868,13482.351704620462
2015-02-23,17042.50491871304,14863.16570629201,11422.692608764106,16507.751094873034,14002.724975901081,13483.294359505733
2015-02-24,17090.054894351702,14961.70931873893,11460.940972309118,16523.776459962315,14096.849115316505,13487.0500819547
2015-02-25,17079.84965882855,14975.59185509021,11440.348075551745,16556.494531620523,14102.54698206247,13522.736893765941
2015-02-26,17057.41704125061,14886.75578797875,11575.698734521273,16636.619319383008,14249.633763410888,13534.949198846802
2015-02-27,17007.139369281438,14939.49753706635,11616.89165579815,16613.249122649722,14343.316864844033,13519.92299858602
2015-03-02,17112.26843710625,14828.285177046922,11599.240940851929,16588.544242957127,14354.26173220923,13492.685320860606
2015-03-03,17034.807230800805,14796.317464381416,11484.479218771929,16552.487426216743,14190.721408530351,13489.86480475085
2015-03-04,16963.54884890678,14807.437870914946,11569.811994978254,16550.484382935825,14329.126252773609,13472.964881346734
2015-03-05,16984.57466247174,14815.776793367737,11681.627575379252,16617.255209211555,14472.072928271684,13491.74763167271
2015-03-06,16745.94633719245,14664.256415782655,11684.568173243268,16569.180132785674,14531.148676053732,13448.54192641747
2015-03-09,16813.597501773806,14732.36544968213,11672.798654025079,16648.637579068505,14570.323659838828,13522.736893765941
2015-03-10,16529.48752492379,14794.925339893693,11558.044851680774,16714.073722384925,14467.50652665574,13577.218870146602
2015-03-11,16500.323726007413,14821.338379081857,11725.762678467285,16796.201553428327,14851.965109841492,13599.75403245663
2015-03-12,16712.47191895692,14835.237504801413,11734.592391795028,16761.4804384892,14843.661556297731,13565.005737449512
2015-03-13,16611.34633614003,14812.989779497573,11781.670468667784,16740.11430387878,14972.255455341925,13552.790949519962
2015-03-16,16836.47149068712,14864.436175412386,11873.185390558598,16719.414491906067,15307.021711661037,13524.61889307157
2015-03-17,16780.56338097745,14895.01038114281,11802.397208958424,16671.339415480183,15071.938638962929,13525.557409875699
2015-03-18,16985.013886014727,15065.99423505628,11846.640020451923,16699.38405909691,14998.87375607172,13581.912281783465
2015-03-19,16902.45167279199,14995.105099523422,11879.088761546578,16728.76236683099,14969.475318980105,13590.363071101754
2015-03-20,17054.821434151854,15056.270100352545,11994.135594111645,16752.799905043932,15145.557583497612,13597.88113692952
2015-03-23,17025.042292716826,15075.728046891509,11926.288802349056,16690.036184171982,14964.996142146174,13565.9459094861
2015-03-24,16921.93751921603,15121.600415065994,11955.777938214023,16670.004732520872,15103.188452765662,13553.735259637695
2015-03-25,16675.96267007965,15056.270100352545,11820.091482450976,16670.004732520872,14926.602495844998,13564.065565412928
2015-03-26,16636.726798768068,14971.470779521282,11734.54328943371,16668.001689239958,14899.378535713357,13569.705770016211
2015-03-27,16679.349738672732,15029.850148927597,11749.292213220828,16662.659900876864,14930.388788495075,13578.154076485811
2015-03-30,16884.987972899584,15028.460789334586,11882.04123901414,16660.656857595954,15204.230377357135,13573.462320081406
2015-03-31,16738.16058979238,15067.38774199136,11805.345726558136,16723.421597309847,15053.471555537892,13596.93351634687
2015-04-01,16673.89541990791,15139.096668806464,11823.042375971396,16735.439856995345,15097.765774064348,13593.182759595282
2015-04-02,16733.18952431446,15095.929750108126,11840.74456919964,16700.05140057656,15055.005974590438,13588.482727028584
2015-04-06,16843.90500013585,15115.419492936282,,,,
2015-04-07,16809.50703117424,15127.95967290466,12023.62948181803,16743.452030119002,15251.417755906607,13585.663038535055
2015-04-08,16861.01538818072,15114.027368448556,12041.334842940554,16753.468265365536,15141.142289602616,13613.842543529512
2015-04-09,16936.189195594834,15052.764213857141,12182.922293770875,16741.448986838088,15305.412353007046,13617.604059292085
2015-04-10,17024.2508312225,15048.591987736034,12265.521969188427,16764.151842091724,15567.441740756032,13615.71543905662
2015-04-13,16947.80123513097,15079.222873808063,12283.219410575255,16746.790775201185,15522.15365112188,13618.536782782607
2015-04-14,16975.469096650337,15123.775004757346,12250.77542132202,16748.793818482103,15382.350753330342,13636.385982001833
2015-04-15,17062.915389759346,15132.12498678899,12330.416283483453,16794.865851627066,15387.05597748667,13660.805626466177
2015-04-16,17050.026487649604,15143.267512480217,12209.472415718965,16758.141693407022,15094.596197478628,13665.503176184186
2015-04-17,16857.189096044658,15173.90392834167,11988.232223123665,16711.402318782402,14704.413948667725,13682.405582436992
2015-04-20,17013.29816394894,15146.057291245092,12123.926598622409,16716.744107145496,14960.05258548689,13680.526893596281
2015-04-21,16988.356924863885,15114.027368448556,12194.723491931849,16702.721785337133,15020.021465896001,13654.233525988599
2015-04-22,17075.362920533724,15026.312466143,12171.124263504178,16695.376953693125,14929.181155245555,13605.39423705991
2015-04-23,17117.282458431895,15072.260868922078,12144.57255760895,16696.045314014733,14748.292928091092,13604.451582174639
2015-04-24,17155.90298722482,15125.165746797715,12197.67280150513,16686.697439089807,14858.078215690546,13610.085993464316
2015-04-27,17084.908783794304,15101.50101295374,12309.767156602637,16718.079808946757,15145.29345211547,13606.327788166664
2015-04-28,17133.77750395811,15031.882346541259,12135.726212836244,16721.417535186978,14859.097885677425,13611.9638546888
2015-04-29,17070.832152494975,14976.179395216606,11849.590121998777,16578.528007710596,14382.389881630443,13510.536175312292
2015-04-30,16898.75639599149,14972.014081332281,11823.042375971396,16521.773416681397,14409.638412123213,13437.268965756966
2015-05-01,17083.368816653383,14890.153843580367,,,,
2015-05-04,17133.557355238525,14859.471806956157,11882.04123901414,16442.98331187822,14617.799740131577,13367.76823766159
2015-05-05,16932.317799818662,14834.3693278617,11687.34641652551,16254.690111578477,14250.249250957186,13320.809292806072
2015-05-06,16863.214727584214,14761.864111369407,11607.700802522659,16159.875660527976,14278.517451436834,13265.398731016036
2015-05-07,16931.086040885162,14824.612014421415,11634.24538065576,16217.965953358434,14351.254320006963,13256.943803616603
2015-05-08,17159.290055817903,14881.788654627808,11955.777938214023,16285.40412111382,14730.870085014063,13301.08388759482
2015-05-11,17075.362920533724,14735.369507787222,12032.478202511444,16213.292525316949,14685.102873337884,13265.398731016036
2015-05-12,17025.921813698984,14746.513415925809,11884.991340560991,16118.477055424493,14432.32054100004,13194.961141348991
2015-05-13,17024.47097994209,14727.001553939952,11861.384984371192,16101.78434885556,14280.164894150577,13175.234080905282
2015-05-14,17209.918891842222,14777.202364786799,11976.430232989122,16120.480098705408,14542.282735199627,13171.477530840086
2015-05-15,17225.18217843494,14883.179396668178,11911.539086588373,16206.615035152594,14400.392585230129,13238.084912597518
2015-05-18,17278.66972612533,14782.78192231655,11976.430232989122,16145.853338719611,14585.633451858708,13234.303534045443
2015-05-19,17271.01606795701,14717.234563368173,12165.225644357615,16219.301655159694,14911.518751147512,13259.79245867816
2015-05-20,17256.808421322123,14749.308724480108,12230.126294441201,16181.241795138394,14905.4044167804,13242.799014640119
2015-05-21,17299.563450458536,14837.163253968643,12286.165552254259,16182.577496939653,14925.68356433875,13236.192981897137
2015-05-22,17261.11904064128,14803.695585921625,12250.77542132202,16206.615035152594,14863.31170261116,13260.730975482284
2015-05-26,17083.940129428116,14895.737548452189,12174.07674097174,16199.937544988241,14624.442337262974,13307.925790963178
2015-05-27,17243.305250589918,14887.36406481549,12289.117237748249,16246.677938454814,14808.110700779256,13317.362271210668
2015-05-28,17224.434746684532,14901.308811297802,12238.975807108183,16225.978126482094,14690.412528377998,13323.027304300831
2015-05-29,17116.05069949839,14909.672617803004,12014.777593230338,16273.385861428324,14358.614371683347,13366.43908599719
2015-06-01,17153.044275558754,14843.88886035671,12041.334842940554,16201.273246789502,14386.579128203046,13335.299197750212
2015-06-02,17136.593259776455,14740.53986089953,11926.288802349056,16030.340094538344,14251.658361167969,13205.048127952781
2015-06-03,17176.093309551543,14614.838070139436,11929.241279816615,15893.459696904709,14365.910540420795,13070.077162799149
2015-06-04,17028.29727207815,14686.07281751135,11823.042375971396,15933.522600206927,14266.502544844441,13105.9443949484
2015-06-05,17004.544836078876,14579.92712705251,11705.044649885907,15859.40694228719,14086.043070491689,13090.844536843199
2015-06-08,16897.3044883384,14600.86567471,11607.700802522659,15814.670610943482,13919.696811571805,13052.150167654361
2015-06-09,16904.826057274964,14553.37999047079,11569.353442281441,15761.253746154509,13839.650260565608,12999.290319083299
2015-06-10,17109.54074077574,14497.519440147527,11775.83995924821,15754.576255990154,14171.88822672448,12978.528738352854
2015-06-11,17144.246917944773,14612.052438716628,11867.293107200592,15860.074283766842,14256.66580076619,13048.371271950971
2015-06-12,17025.350500924247,14603.662365711656,11755.192416314529,15817.340995704053,14085.212592285508,13089.90022672547
2015-06-15,16947.009773636644,14638.581603482717,11549.749720512527,15745.896741386838,13819.119266805681,13100.279361858231
2015-06-16,17043.692647902622,14694.450448490115,11627.32432363081,15772.604664360348,13893.391782946412,13118.212977932857
2015-06-17,17077.826438400723,14702.823932126812,11579.587324748129,15777.946452723441,13810.363618617133,13114.441530775532
2015-06-18,17249.11073340989,14691.66066972524,11591.51919854809,15822.682784067145,13964.20479224009,13123.880493871711
2015-06-19,17157.66202918914,14769.867099114634,11645.226094198604,15847.387663759742,13888.472796648259,13157.857450553036
2015-06-22,17262.218710343026,14645.574022210536,11907.789091736198,15863.413028849018,14417.337534783186,13064.414612557672
2015-06-23,17274.623285269678,14600.86567471,12051.005632199238,15883.444480500128,14520.544108190179,13079.518608744016
2015-06-24,17148.117239824755,14644.168073249251,11982.38112239128,15889.453610342876,14430.873346729504,13101.227810057113
2015-06-25,17097.840641751773,14607.849798753683,11970.44291280276,15890.120951822528,14433.225958807667,13090.844536843199
2015-06-26,17094.18939469519,14538.01547055363,11982.38112239128,15850.726408841918,14457.50516115792,13041.766066824219
2015-06-29,16739.172200006295,14707.01827740562,11630.305312146878,15808.660462258782,13942.693441071091,13142.755109599151
2015-06-30,16784.698955217133,14666.51118742067,11487.091939578118,15859.40694228719,13768.79916721218,13167.28979271938
2015-07-01,16905.266354714142,14589.857246412326,11672.081125970999,15835.369404074245,14065.096837628673,13127.650285796577
2015-07-02,16899.98815492499,14641.61469298229,11630.305312146878,15788.630029449627,13963.009444171134,13111.606945189875
2015-07-03,,,11576.603168337784,15857.403899006275,13911.481711328108,13159.741105091125
2015-07-06,16835.283761497536,14745.130968569576,11415.480105465536,15796.64220257329,13700.439508477295,13182.396271754413
2015-07-07,16937.8161483274,14784.299849513693,11230.499630781922,15926.845110042574,13431.416167432759,13280.549901327457
2015-07-08,16660.74341323085,14843.046949916767,11239.450516065817,15936.860326447151,13520.129913327437,13241.856359754847
2015-07-09,16698.52845078554,14739.53758656626,11478.142638241363,15940.199071529327,13833.511355837369,13209.766368076527
2015-07-10,16904.562952707653,14637.41758280877,11737.715935553626,15866.751773931195,14235.090566658253,13077.629160892318
2015-07-13,17093.13375473736,14598.255614101434,11958.511039002797,15920.167619878219,14447.37848681834,13118.212977932857
2015-07-14,17169.407231853223,14644.418296220727,12036.088810015362,15938.196028248412,14488.289366617246,13125.76332079357
2015-07-15,17157.04668667049,14700.357646043294,12083.825016924475,16026.334007976515,14516.921208441616,13184.28323675742
2015-07-16,17294.94569682815,14694.769793829406,12253.89579718634,16026.334007976515,14739.71295798462,13161.632208175275
2015-07-17,17314.167364788686,14696.163300764487,12253.89579718634,16105.123093937736,14685.191326637952,13206.936748188247
2015-07-20,17327.93578788059,14666.794589128698,12304.61536853223,16125.8218870685,14763.564636051218,13222.977605946258
2015-07-21,17254.697141406465,14707.35559456054,12143.500225395677,16079.082512443882,14598.86704836313,13209.766368076527
2015-07-22,17215.329180863126,14725.545836873838,12083.825016924475,16123.15150230793,14493.031446315266,13239.970222368069
2015-07-23,17118.734366084984,14785.696121343488,12027.135548810757,16141.847252157779,14482.263485550202,13240.91287725334
2015-07-24,16935.572779179987,14799.680958799128,11916.740768993666,16190.589670063313,14275.120599010663,13274.894799632044
2015-07-27,16837.83426495618,14848.641714367437,11651.195990966433,16183.913198740916,13908.979220047055,13276.778454170133
2015-07-28,17046.508403720964,14806.685819553157,11776.51076086168,16197.267160227671,14056.806797783533,13277.722764287864
2015-07-29,17173.365613221038,14785.696121343488,11898.837414478734,16165.884790370721,14104.534724277857,13266.39518095622
2015-07-30,17175.256744417107,14802.481797142855,11955.526090618881,16242.670833051026,14161.523219881945,13314.530996089929
2015-07-31,17136.37311105687,14889.208249588706,11976.41122562345,16262.034943222485,14226.737872392232,13312.640720622005
2015-08-03,17089.175373369544,14934.600908530578,12071.889183256666,16264.705327983056,14396.227909018655,13332.461301699634
2015-08-04,17051.214216839184,14857.547440236283,12053.992164530291,16254.690111578477,14411.764976878982,13328.687371693626
2015-08-05,17110.81652945316,14800.106752584847,12194.219796741569,16134.502420513772,14638.494126793013,13239.970222368069
2015-08-06,16982.94663584298,14851.942998654118,12107.691140445108,16188.5866267824,14574.084153609721,13282.44265964407
2015-08-07,16934.737287941745,14910.785487924772,11982.38112239128,16242.670833051026,14455.492848581402,13323.967476337422
2015-08-10,17152.032665344843,14849.144925205104,12062.94067389348,16219.968996639349,14598.842478002003,13300.373792870007
2015-08-11,16991.260740170066,14947.210210866768,11892.869893631614,16287.407164394734,14207.440310761012,13351.340883124452
2015-08-12,17011.31897326503,14941.605769284604,11567.651491080318,16285.40412111382,13743.187022770644,13380.599599682031
2015-08-13,16992.22832064006,14902.380207998882,11707.88704302729,16267.376731585578,13856.431817217152,13352.286848474643
2015-08-14,17058.77981551967,14886.961772634828,11689.980520618083,16235.994361728628,13819.333028947509,13325.855268956655
2015-08-17,17150.88896589918,14913.583561373784,11719.82129274796,16282.066394873593,13762.962477925834,13347.015760709666
2015-08-18,17109.101517232757,14889.766758320622,11758.60582239961,16244.673876331944,13732.254440586012,13337.536244418248
2015-08-19,16968.959137927683,14980.838242807109,11534.828146487233,16241.336150091724,13438.171788225354,13346.066484894558
2015-08-20,16610.995172084884,15021.464223264695,11299.122556642742,16260.699241421224,13123.721535006285,13383.978756746626
2015-08-21,16084.516489514961,15081.707131707211,10908.264592667401,16256.025813379738,12736.670778721355,13401.040065315476
2015-08-24,15451.018681820344,15106.93403106373,10347.33268053592,16216.630251557173,12137.748569897487,13380.190757264712
2015-08-25,15242.257557463916,15024.263679161066,10782.946654877876,16083.75695932732,12741.200324795604,13252.238805352528
2015-08-26,15838.45465478694,14931.794540397428,10580.055697917205,16108.461839019914,12576.791438850789,13278.772181666729
2015-08-27,16224.967077027459,14923.393407813606,10979.874050859275,16121.148459027017,12977.075791640142,13256.971942568402
2015-08-28,16236.8432950271,14926.195628604688,11024.623725437335,16131.8320357532,12955.57672565171,13256.02349436952
2015-08-31,16102.463442694268,14900.979788827019,10973.904946065017,16083.088599005712,12906.426175247978,13212.427154254012
2015-09-01,15626.965834100007,14967.910977578984,10690.459981417132,16046.365459627623,12599.612390268001,13199.155500399535
2015-09-02,15915.519593397126,14927.215874753587,10702.391855217094,16072.406041121481,12640.471672308533,13209.582637273601
2015-09-03,15934.91738033333,14963.702807826616,10967.935841270757,16149.192083801789,12979.868213182526,13265.505493509629
2015-09-04,15691.890376247049,15010.003734681532,10675.539991338977,16201.273246789502,12627.879362229593,13315.740143401066
2015-09-07,,,10738.194604379109,16172.562280535074,12716.656991063206,13312.89314357197
2015-09-08,16087.37627507722,14944.055465999849,10869.473727227198,16221.972039920265,12921.396896284268,13310.049454207789
2015-09-09,15865.154935836314,14949.672349608218,11018.659372484492,16211.28846319408,12961.350760517174,13297.728731400879
2015-09-10,15950.224696669966,14915.994549563055,10872.461051531818,16203.276290070417,12844.759482884809,13309.105144090057
2015-09-11,16026.762352249336,14955.272643848313,10747.146281636573,16231.988275166796,12735.463145471833,13340.384071863577
2015-09-14,15962.23407779755,14969.315544092917,10672.553459007926,16226.646486803706,12745.754441230984,13342.274347331497
2015-09-15,16167.255895609558,14851.448082500587,10781.72859952779,16175.900006775297,12816.692759366422,13272.132216658343
2015-09-16,16308.630033848134,14847.231618064081,10953.586072162729,16129.828992472287,12865.855594950717,13244.648736912804
2015-09-17,16269.569207616029,14970.713198370067,10932.47680863796,16134.502420513772,12868.837208273799,13235.17501393499
2015-09-18,16006.748148898285,15040.876549040902,10721.42377206874,16285.40412111382,12474.554166190359,13329.958590221966
2015-09-21,16079.985721476216,14955.272643848313,10832.984336980318,16258.028856660656,12515.250055329381,13319.527315266749
2015-09-22,15882.309353625104,15029.649694060945,10498.314521849126,16334.147557861306,12039.914305951488,13384.927204945505
2015-09-23,15850.595051250084,15012.808720367328,10495.300270443135,16328.137409176608,12092.70004128435,13382.081032732638
2015-09-24,15797.283622535368,15035.259665432532,10284.248025847482,16325.467024416039,11859.994151025532,13383.978756746626
2015-09-25,15789.9811284222,14995.976041357848,10573.690606338134,16266.041029784317,12188.195206850807,13344.172898961715
2015-09-28,15389.262133442984,15081.577181655726,10338.520390626709,16318.789534251686,11930.32926679524,13385.877308376846
2015-09-29,15409.143173666089,15133.48807988223,10251.082548672319,16345.498476067149,11888.627221367959,13391.565514721435
2015-09-30,15704.030772710194,15136.301360252164,10525.450704238738,16354.177990670465,12152.858113474158,13391.565514721435
2015-10-01,15736.14134278047,15148.099165990248,10501.331149175825,16422.284518747456,11962.660176487676,13438.002233736206
2015-10-02,15962.981509547957,15221.178098135375,10561.632016767031,16450.996503843835,12017.786238718136,13461.70185208098
2015-10-05,16255.801858420318,15136.858486536727,10860.119727396363,16424.28756202837,12347.03030637336,13417.152925685445
2015-10-06,16197.387274995926,15167.765862080001,10911.371504981038,16374.209442321573,12457.784894719382,13388.71354919496
2015-10-07,16333.878407244418,15129.828741730287,10938.50847934422,16382.889975766844,12542.788516083483,13397.25206583356
2015-10-08,16477.97916791731,15090.477377735146,10971.673164545817,16390.902148890505,12571.307334246656,13398.198031183754
2015-10-09,16490.4707284356,15098.91445395023,10989.763424823175,16375.545144122836,12701.547447486535,13371.65224062611
2015-10-12,16511.452512256645,15149.498202714753,10965.641493839554,16406.26017250013,12730.771435014127,13407.675064626483
2015-10-13,16400.38587238011,15163.553544985562,10869.164065561472,16412.93664382253,12621.312933217696,13396.301962402224
2015-10-14,16323.981379928688,15246.469972517638,10790.770561772197,16446.990417282006,12474.163497448399,13437.06206169962
2015-10-15,16567.3155183262,15194.473362555045,10938.50847934422,16430.965052192725,12661.543214013313,13427.580062559513
2015-10-16,16643.016608771133,15181.83641127173,11007.858436941955,16452.331186803145,12711.397705263407,13433.267441287873
2015-10-19,16647.767525529467,15174.80666646529,11041.019954249272,16449.660802042574,12786.726746932713,13419.047339234516
2015-10-20,16624.542372561005,15122.800379371203,10995.795887503005,16377.548187403752,12765.806312948882,13367.865896376656
2015-10-21,16529.838688978936,15174.80666646529,10998.810138908999,16447.65775876166,12879.554799798547,13414.313374402409
2015-10-22,16805.10835236725,15190.25966301325,11227.951059834872,16580.532069833465,13198.92403931577,13486.34247007857
2015-10-23,16990.556264267383,15104.542397137448,11451.061894001625,16569.848493107278,13579.558245791697,13479.708298383792
2015-10-26,16958.182589629792,15143.885466448452,11396.791113169538,16567.845449826364,13588.11241701898,13486.34247007857
2015-10-27,16914.89920356637,15181.83641127173,11279.207589260965,16627.27144445809,13450.802182364045,13531.83570659184
2015-10-28,17116.75517540108,15103.132300834091,11390.760234436848,16651.308982671027,13626.632600679974,13533.728464908452
2015-10-29,17111.03667817275,15010.38252525714,11399.807740496237,16545.81095489434,13587.483415774062,13455.066852769973
2015-10-30,17028.73756951733,15039.889481628554,11405.83545133465,16549.14969997651,13649.502692819442,13462.650300279862
2015-11-02,17230.944705407186,14996.674177272744,11435.988261050963,16486.384960262614,13775.970027107864,13433.267441287873
2015-11-03,17278.230502582344,14957.266132936,11481.216287665075,16487.05230174227,13776.574457991655,13425.687304242902
2015-11-04,17223.114928263196,14941.786869888272,11523.42372708464,16467.02085009116,13643.33921773007,13406.722478346457
2015-11-05,17207.147165767798,14931.935550027763,11484.232914991771,16448.99346056292,13696.804323548165,13400.089134267908
2015-11-06,17203.144754656067,14830.595246579185,11523.42372708464,16352.843307711153,13822.969442394697,13331.853831387265
2015-11-09,17037.71104610698,14805.264663670949,11381.715896271739,16372.206399040659,13605.863274417086,13364.077069278514
2015-11-10,17067.885381341075,14833.405762054406,11423.92967147986,16448.325100241316,13627.336541526336,13404.828892413616
2015-11-11,17012.813836765847,14826.370487458542,11490.259833856617,16474.36568173517,13722.12776624643,13410.518753990664
2015-11-12,16777.836758543137,14834.815858357762,11306.33981178273,16489.723705344793,13564.57523957484,13410.518753990664
2015-11-13,16590.01338826384,14891.116026940304,11218.90355377548,16538.46612325033,13471.19435358359,13450.32957747295
2015-11-16,16840.165693591425,14910.820049108677,11261.112577142185,16551.820084737086,13477.27060389095,13473.601318227133
2015-11-17,16821.16310045429,14906.60773201424,11544.528238767993,16567.177089504756,13801.595685248023,13480.265284106172
2015-11-18,17094.40954341478,14899.560015392168,11526.43797849063,16594.553372799874,13787.644634198612,13495.490939878235
2015-11-19,17075.93530720465,14931.935550027763,11553.571784959533,16627.93878593774,13945.51166149266,13520.23252705581
2015-11-20,17143.630501529926,14912.234292754103,11577.692131996018,16637.286660862665,13988.773924851674,13518.334803041822
2015-11-23,17123.177074635892,14931.935550027763,11541.512403414865,16589.211584436784,13954.153057501955,13481.219525618655
2015-11-24,17144.59808199992,14946.011629008915,11396.791113169538,16615.25216593064,13754.986938703154,13493.589905399327
2015-11-25,17144.158858456936,14954.454235013423,11550.554365659265,16688.032122049113,14051.309179480775,13542.124631555602
2015-11-26,,,11671.159268735955,16686.697439089807,14241.556257189519,13540.221114228008
2015-11-27,17158.10232662832,14969.932115613796,11644.019126478495,16719.414491906067,14207.57790478334,13557.353597792586
2015-11-30,17079.36640554165,14975.566971037797,11701.312078452269,16694.04227073382,14318.874269592268,13541.173700508034
2015-12-01,17263.18629081302,15055.211145677671,11656.080883943876,16706.728890740917,14166.66825350249,13549.735390401062
2015-12-02,17077.34211121763,15012.926228392607,11665.133141844684,16726.09198207042,14077.072431643259,13558.304528840154
2015-12-03,16832.600094910944,14855.039680732078,11261.112577142185,16465.68616713185,13572.891078299168,13379.386314289748
2015-12-04,17178.204589467205,14910.014082299995,11252.074574765631,16436.974182035472,13526.168079575045,13347.991520244115
2015-12-07,17059.440261678432,14957.943532140554,11315.388109815689,16561.16795966201,13694.728128032712,13428.877764807194
2015-12-08,16950.220723254053,14966.406874855405,11104.336657193608,16577.860666230943,13427.4148841228,13439.340489179125
2015-12-09,16820.10746049646,14988.958738577616,11050.065084387952,16537.797762928723,13325.379088423631,13418.410902354115
2015-12-10,16859.827658991137,14956.540348073977,11031.980367925578,16575.857622950025,13333.479936488073,13444.10259296303
2015-12-11,16535.029903176444,15076.35844288595,10808.862405996697,16599.895161162967,13007.820684521661,13474.556387355848
2015-12-14,16614.77743447703,14964.991248762622,10615.901213651978,16540.469166531246,12755.314768746526,13455.521214079907
2015-12-15,16791.34100317154,14926.935237940274,10922.763252806517,16447.65775876166,13146.603912326318,13384.151728538567
2015-12-16,17036.61137640523,14887.458071235715,10956.093460484162,16421.617177267803,13170.354851912283,13350.844313386819
2015-12-17,16782.98286910054,14949.482954320414,11095.46892913452,16504.41234979086,13508.581843596505,13416.504074561604
2015-12-18,16484.313007664292,15003.051406927043,10983.360318512763,16565.842406545446,13345.129973217694,13456.471317511245
2015-12-21,16614.469226269604,15010.094976207045,10834.896161177392,16541.1365080109,13206.220208053219,13453.61852436854
2015-12-22,16762.705561182174,14967.808676474624,10862.165395126702,16487.05230174227,13194.873615283552,13413.649626186441
2015-12-23,16972.17008754509,14933.984337009699,11122.732619268845,16455.002590405667,13495.39738781434,13391.762487384029
2015-12-24,16945.074612696655,14961.370619136651,,,,
2015-12-28,16908.257155611962,14964.20325376957,11046.989851017099,16533.124334887238,13402.64550306801,13438.392868596477
2015-12-29,17091.286653285206,14885.128647440464,11246.965553267984,16468.356551892422,13662.082717717816,13380.34303865092
2015-12-30,16969.662539934172,14890.78009223274,11180.302761991985,16482.37887370078,13514.73303350531,13394.620246224107
2015-12-31,16809.991358357336,14907.719219688648,,,,
2016-01-04,16556.58299977223,14971.263412417848,10831.86527832644,16541.1365080109,12936.59366464295,13430.78210975102
2016-01-05,16589.925328776004,14967.01791658686,10916.70307105175,16585.20549787495,12970.130979066851,13460.28166263135
2016-01-06,16378.216359369482,15057.373293342816,10765.208822838997,16608.57569460824,12849.262001561814,13483.12056009756
2016-01-07,15990.473252091655,15089.845599293349,10510.697028610202,16557.82921457983,12554.675656798003,13455.521214079907
2016-01-08,15817.252722246307,15127.976262272936,10350.114883686008,16607.90733428663,12390.494046693637,13489.783698360368
2016-01-11,15830.71293713079,15079.966630485715,10337.994520176477,16538.46612325033,12359.962915953947,13458.374007222608
2016-01-12,15954.272211421809,15147.730052546134,10413.74204026964,16531.12129160632,12561.695408972739,13462.185179958944
2016-01-13,15557.774702377725,15207.034279233767,10486.457885538279,16571.18317606659,12530.912432031471,13482.1754223636
2016-01-14,15817.781079173319,15175.97345203395,10292.546324910008,16565.17404622384,12321.128231670495,13485.027387890073
2016-01-15,15476.79541214364,15246.570891174642,10010.766880679044,16589.211584436784,12007.972836482957,13516.432940946688
2016-01-18,,,9974.408166071156,16597.224776402396,11978.510516452405,13518.334803041822
2016-01-19,15485.108442574528,15226.803276427883,10122.871531432955,16608.57569460824,12157.60019317218,13513.574354490376
2016-01-20,15306.302578628802,15301.62547468922,9795.643099961953,16593.88603132022,11814.706061391382,13559.252977039028
2016-01-21,15386.31428839289,15263.504488841127,9992.587919361886,16680.68830924706,12044.31731466592,13601.126220164953
2016-01-22,15698.444364713618,15229.623469034597,10256.186026354979,16651.97632415068,12284.24320554268,13579.240736595
2016-01-25,15453.042976144363,15280.449146086461,10216.794844948998,16668.001689239958,12248.101432839037,13587.806564569171
2016-01-26,15671.657098072605,15291.742358539519,10307.695195349785,16720.08285222767,12357.043957051745,13614.451669074344
2016-01-27,15502.396023491265,15303.03833588729,10347.081624914346,16728.095025351337,12430.096554762391,13607.791013660222
2016-01-28,15589.489004752744,15322.808715528761,10147.11305042559,16752.13256356428,12126.628024450212,13641.095945963285
2016-01-29,15975.825308017591,15404.689689991017,10386.472014346758,16852.28880297787,12326.04721796865,13700.098362188864
2016-02-01,15969.227289807104,15369.205031251258,10383.444299390085,16801.54334179142,12275.437188113818,13668.69529198094
2016-02-02,15670.381309395185,15478.07552544923,10165.288843848472,16818.903389840005,12052.972224373834,13704.855500275393
2016-02-03,15754.00023647194,15461.108749046198,9995.617218265697,16866.311124786233,11869.027444294845,13737.212811995803
2016-02-04,15781.183770808217,15497.872171590472,9974.408166071156,16812.89425999726,11816.870710206904,13703.905396844053
2016-02-05,15490.387716259873,15517.65499325815,9892.601256196796,16802.878024750727,11682.101050892772,13712.468741969538
2016-02-08,15272.565055825957,15633.602235472672,9529.012526170765,16767.489568331945,11296.05767941416,13771.475296276267
2016-02-09,15265.614799664128,15636.427957868811,9365.39949839562,16759.477395208283,11170.30779967072,13764.815468478377
2016-02-10,15267.990258043294,15683.093850825773,9547.192279461497,16782.84759194157,11343.77332072792,13761.956882022067
2016-02-11,15083.025599430062,15755.19815758476,9201.782510752626,16781.51189014031,11011.13240064652,13822.86695365639
2016-02-12,15379.012868175914,15635.013714223385,9495.68390244026,16756.138650126108,11281.14961279875,13742.923363978583
2016-02-15,,,9768.375449959784,16805.54942835325,11582.227446973015,13772.546231677097
2016-02-16,15638.182679837073,15588.365793082054,9744.134722940718,16759.477395208283,11491.991567206356,13752.47571049819
2016-02-17,15897.528610473903,15550.190891787068,9977.438256948537,16768.157928653556,11796.553478588805,13744.83681270093
2016-02-18,15824.202978408135,15622.293816098696,9986.52694563355,16841.605226251682,11905.282240659684,13792.60764907748
2016-02-19,15826.094109604208,15622.293816098696,9931.98689378779,16840.270543292376,11810.190029015755,13798.340546698455
2016-02-22,16054.825407567767,15606.745430683155,10080.45105112316,16885.674216115734,12043.599860120936,13820.316240437416
2016-02-23,15855.829221295318,15637.84773130366,9953.196737955905,16881.000788074252,11846.319516538832,13813.624135606577
2016-02-24,15927.04464734162,15637.84773130366,9741.105424036905,16903.034264164326,11533.114980629034,13837.512450451652
2016-02-25,16111.657068003511,15684.498417339704,9928.958386857546,16923.06571581543,11739.025663557923,13855.662901978378
2016-02-26,16083.416819813212,15608.158291881224,10089.54369967602,16937.088037623795,11967.754840867905,13847.06479697126
2016-02-29,15954.272211421809,15633.602235472672,10168.317350778714,16993.842628652994,11945.237333410647,13880.508768800857
2016-03-01,16335.373270745231,15511.411860997407,10319.817934780027,16977.81828240567,12224.211670712688,13857.574695468264
2016-03-02,16405.268878370196,15484.508052997779,10362.233663248404,16911.04745612994,12299.012449617709,13807.896203682976
2016-03-03,16464.34283405716,15502.919486888073,10331.930378553861,16947.771614349982,12267.939542415108,13847.06479697126
2016-03-04,16519.106170424966,15450.526114534243,10416.771339173452,16889.680302677567,12358.830222305869,13781.146819532905
2016-03-07,16534.853784200775,15419.378193150984,10389.503689171283,16910.37909580833,12301.917894821287,13808.846307114316
2016-03-08,16352.044435247119,15508.573696575064,10280.426753374046,16959.122532555823,12193.59208667293,13835.597346496848
2016-03-09,16437.510463776034,15447.700392138104,10325.874156666945,16919.0596292536,12231.671232351646,13782.095267731784
2016-03-10,16441.1176810887,15392.474385151354,10141.050492750117,16869.64885102646,11948.696840257702,13716.17563506097
2016-03-11,16715.287674775263,15348.5720044595,10419.801430050835,16947.103254028374,12367.585870494417,13737.18798350892
2016-03-14,16695.31750116813,15359.903925438532,10501.605964004484,16955.783787473643,12567.7716592801,13730.501671991691
2016-03-15,16664.92301721445,15357.07267325297,10374.960678512269,16897.02513432158,12496.807542265473,13700.885425223012
2016-03-16,16759.362522333013,15437.786862146566,10378.000273072485,16915.05354269177,12559.154833631936,13698.016079755722
2016-03-17,16870.07692425821,15454.778522602013,10384.075502325077,17004.52620537918,12444.412475674575,13763.942333356372
2016-03-18,16944.370136793972,15481.676800812216,10414.473031874402,17005.861907180442,12518.130930171832,13781.146819532905
2016-03-21,16961.173390527612,15437.786862146566,10390.15706736622,17007.864950461357,12515.413448230895,13762.031367482714
2016-03-22,16948.900904832717,15405.219167328456,10378.000273072485,17018.548527187544,12567.444873477076,13784.008716454127
2016-03-23,16840.69405051844,15476.011531546377,10368.878321497552,17014.54244062571,12608.870502341648,13793.55278681144
2016-03-24,16834.359136875264,15460.441026973138,10207.76713822885,17022.554613749373,12393.022336853875,13805.98523780932
2016-03-28,16843.68485141626,15483.092426904996,,,,
2016-03-29,16995.61538923314,15587.870876928522,10268.56536522178,17092.66418510728,12439.0536799122,13846.107244993853
2016-03-30,17071.316479678073,15566.630955747376,10393.194286005733,17090.661141826367,12638.660836693278,13823.178137358638
2016-03-31,17036.567346661315,15623.271206379552,10298.960518850397,17092.66418510728,12536.63609765662,13828.914345444535
2016-04-01,17144.554052256004,15618.735396603755,10162.167676010582,17092.66418510728,12321.681064795914,13827.958448699592
2016-04-04,17093.26584396911,15637.160654967614,10219.927100416864,17100.00901675129,12356.201193665,13846.107244993853
2016-04-05,16919.914298788204,15699.558798838496,10022.33444663698,17093.331526586935,12030.731133479285,13868.084593965274
2016-04-06,17103.866273291333,15665.531239612204,10101.371824938362,17085.319353463274,12107.657248622018,13861.399110064269
2016-04-07,16899.63591697365,15746.361554083725,10043.615568426358,17057.943070168156,11989.543837117672,13890.058632471773
2016-04-08,16946.87768440489,15722.246142401616,10131.772522381965,17087.989738223845,12104.826743019883,13887.195080318088
2016-04-11,16900.47140821189,15719.417655110765,10180.409995213311,17065.95524329182,12181.225823916384,13876.68104373993
2016-04-12,17064.322193772325,15657.018128792528,10247.28345145883,17019.215868667197,12279.953220489446,13838.463381499221
2016-04-13,17238.202095880242,15668.370786481904,10511.748769510665,17081.31326690144,12612.85827195299,13857.574695468264
2016-04-14,17242.953012638576,15631.488473464993,10536.067901913122,17036.575916715785,12697.83732295596,13831.77789759822
2016-04-15,17225.973639929263,15678.287081368157,10505.669580390228,17064.620560332507,12644.90047990215,13859.485661341925
2016-04-18,17338.976514641985,15662.687545400435,10539.11224831476,17043.25340688014,12731.374637379862,13832.73544957562
2016-04-19,17392.420032588452,15637.160654967614,10703.260650222972,17010.535335221924,13019.809792234868,13821.268826717442
2016-04-20,17406.67170896726,15557.748731483587,10757.976520201188,17036.575916715785,13110.008816459833,13843.247003305085
2016-04-21,17316.71894214352,15532.23428307697,10700.220263689183,16953.112383871125,13128.17491296103,13767.76343748746
2016-04-22,17317.59846312568,15515.209443884976,10681.978736460025,16954.448085672382,13049.876543149208,13773.491369411056
2016-04-25,17286.279354549726,15498.198429166543,10624.22406389516,16904.369965965583,12950.317439851911,13746.74612334213
2016-04-26,17318.610073339594,15465.575436454183,10663.74275304585,16882.33547103356,12906.58956814949,13715.218910699798
2016-04-27,17348.477274262455,15550.65954144083,10703.260650222972,16891.016004478828,12957.211883184887,13720.950153088314
2016-04-28,17189.508420795915,15604.548721834104,10718.456247103357,16938.422720583105,12984.032889394002,13756.300125094194
2016-04-29,17102.63451435783,15598.883452568267,10481.35123996134,16896.35779284192,12629.048911419364,13732.41098263289
2016-05-02,17236.35499442809,15553.577887809835,10505.669580390228,16916.38924449303,12735.098275609058,13726.679740244372
2016-05-03,17087.23913853336,15645.883897785438,10320.239264719066,16975.815239124757,12487.900786355982,13796.432063673485
2016-05-04,16989.456594565636,15674.287661166578,10207.76713822885,16963.128619117655,12363.962970745852,13790.693372738902
2016-05-05,16989.456594565636,15716.897453580355,10265.524978687992,16986.49779700899,12393.664851797417,13829.871897421937
2016-05-06,17045.671838586528,15679.965372458622,10229.04430015038,16997.18137373517,12416.421920275689,13847.06479697126
2016-05-09,17058.691756031832,15709.791674169324,10280.726911356933,17026.560700311205,12555.481564643054,13863.307593089241
2016-05-10,17271.983648427005,15706.947979957555,10381.037491711997,17025.22499850994,12637.189072061614,13865.213593265522
2016-05-11,17115.830550778806,15731.088275692076,10338.479208001088,17038.5789599967,12548.977790052038,13863.307593089241
2016-05-12,17114.599865741497,15688.489542857147,10277.680189034585,17003.858863899524,12406.571662498818,13840.37434737288
2016-05-13,16970.850269123755,15748.137998936481,10329.359632346861,17037.911618517046,12520.773472511324,13860.443213319326
2016-05-16,17138.83662892387,15691.330472174202,,,,
2016-05-17,16982.770516867313,15670.03110575674,10350.637586241959,17052.601281805062,12441.884185514336,13852.450095775892
2016-05-18,16988.797222303063,15543.628414187035,10432.714559103562,17013.20673882445,12508.608686716041,13827.52312256293
2016-05-19,16925.98396007168,15559.252834207167,10320.239264719066,17003.19050357792,12323.25356790821,13814.09587685733
2016-05-20,17030.58467096948,15569.199542935256,10466.151683213107,17018.548527187544,12474.377259590226,13820.811982558816
2016-05-23,16995.703448720975,15579.132427189781,10405.356624114454,17008.53229194101,12381.625374843894,13804.505459991173
2016-05-24,17228.613276771935,15553.577887809835,10660.703158485632,17040.58302211957,12652.120480520094,13816.010980812134
2016-05-25,17349.841122427708,15546.47349084616,10788.373257776942,17091.32848330602,12838.179540174291,13835.187676463302
2016-05-26,17348.609363494208,15594.759612104624,10806.613201058963,17090.661141826367,12923.094708238325,13849.575784611223
2016-05-27,17426.11352564738,15564.936075288635,10840.055077009927,17095.33456986785,12940.203050692893,13842.858023677276
2016-05-30,,,10864.373417438816,17075.97147853835,12999.229657752683,13827.52312256293
2016-05-31,17409.750569352913,15583.398659731114,10773.176868922988,17085.319353463274,12910.5527673997,13837.106918499254
2016-06-01,17432.404409546634,15578.139829988007,10657.665147872553,17091.32848330602,12837.211467945785,13853.41178583444
2016-06-02,17483.692617833527,15626.48954382486,10669.821150192718,17109.35587283426,12841.689416261659,13867.797411133673
2016-06-03,17432.975722321375,15771.559422045764,10581.66578018425,17151.421819417395,12709.925940631741,13908.060940693436
2016-06-06,17518.793988801623,15730.316870067298,10627.26286648181,17102.012060032204,12732.343938126425,13888.890038355878
2016-06-07,17541.754963306576,15753.074718445589,10745.816558013172,17152.75854006061,12941.926661526137,13919.569771979317
2016-06-08,17603.424526092294,15771.559422045764,10685.02545878237,17164.776799746105,12853.049522729949,13910.942700404168
2016-06-09,17573.95359286469,15795.738426306258,10590.787731759186,17186.143953198476,12691.82372706948,13930.116913206648
2016-06-10,17412.96151897032,15851.207744027706,10335.439613440869,17183.472549595954,12371.976594028285,13940.667364898893
2016-06-13,17276.822624673172,15882.495292593945,10137.848543608123,17144.74432925304,12149.084106004646,13935.86553553598
2016-06-14,17246.91139400639,15878.235972289396,9952.42060385767,17116.701723320224,11975.17754696517,13969.425373637694
2016-06-15,17216.51691005271,15926.588451020962,10047.76630190476,17135.39747317007,12085.26505000652,13980.935860156033
2016-06-16,17273.30346684834,15943.66029342307,9986.126207007319,17106.018146594037,12014.514695133723,13990.524621789731
2016-06-17,17217.088222827446,15889.61489647854,10112.4935097766,17114.698680039306,12116.275302788237,13964.63844136691
2016-06-20,17317.202195430422,15821.342733791029,10497.763308244668,17150.08713645809,12532.245374122755,13925.328325703404
2016-06-21,17365.71975153908,15785.783422894034,10568.650486541042,17151.421819417395,12599.574306208247,13936.82722559453
2016-06-22,17337.172369037555,15817.075118802342,10611.799582534892,17146.081049896256,12669.418014755363,13929.156878380556
2016-06-23,17569.11461661852,15741.69302936173,10765.907343527406,17126.7169397248,12903.369622323451,13890.801831845765
2016-06-24,16937.992267303074,15959.309597495614,9970.711233448148,17113.36195939609,12022.931272338681,14021.212631575467
2016-06-27,16631.492628722834,16097.269548963417,9607.023506725915,17220.86404929565,11659.997554020549,14061.481126832603
2016-06-28,16930.734876830014,16094.413412725442,9847.431835626836,17314.34279854489,11884.702106177498,14071.068233233844
2016-06-29,17221.267826811043,16028.990474039125,10146.39710631865,17355.074062168715,12092.259003302073,14082.570443589888
2016-06-30,17454.881056868493,16064.551167383475,10238.860812545876,17380.445264499012,12177.577125288632,14083.53875457827
2016-07-01,17492.13773749617,16106.992301219796,10331.32372679953,17448.552811417958,12298.383448372788,14082.570443589888
2016-07-04,,,10251.189465104218,17443.210004212913,12214.05919749392,14094.079274875767
2016-07-05,17373.54952868307,16195.293361204393,10084.75621944764,17463.242474705974,11992.047556916781,14131.477597049385
2016-07-06,17472.69592081605,16198.146732547655,9924.484528162739,17471.923008151243,11791.584123050334,14137.232840308554
2016-07-07,17459.19167618765,16176.78515599916,10032.356080187008,17454.561941260705,11848.849035217128,14122.84555977686
2016-07-08,17725.575922474145,16208.110030644018,10186.46542512666,17499.297253762456,12114.136452851903,14139.149599495819
2016-07-11,17786.01372632636,16122.66095955533,10352.899462756808,17495.291167200623,12370.454460156303,14123.803939370491
2016-07-12,17910.760729806967,16027.233383449353,10473.102043260129,17443.210004212913,12534.825262041364,14068.189783988028
2016-07-13,17914.807170662618,16068.543675348275,10429.952947266282,17483.941267836737,12492.857856713887,14108.463244942543
2016-07-14,18009.422794756854,16001.602809464814,10537.826875211258,17435.866191410856,12665.946222727744,14070.10985364021
2016-07-15,17992.751630254963,15940.352096899605,10513.171154041709,17393.131884506114,12664.185756352806,14038.475050888055
2016-07-18,18036.34215062962,15936.084481910919,10537.826875211258,17402.48077827299,12659.442448136728,14053.812434851086
2016-07-19,18010.87470240994,15978.811782349978,10488.511473004313,17423.179571403754,12556.425066510432,14056.689228864443
2016-07-20,18090.049847039594,15946.050544901993,10596.38856884357,17411.16131171826,12758.673537112947,14039.426809551851
2016-07-21,18024.9932156608,15981.665153693239,10590.228598419031,17417.17044156101,12776.53741817225,14034.634911583693
2016-07-22,18107.161308980663,15968.840189569475,10574.81362485986,17429.1887012465,12765.529896386171,14043.2636383913
2016-07-25,18052.749136668004,15956.020755235138,10593.305415737022,17445.213047493828,12829.411606805179,14055.725883573434
2016-07-26,18059.082976414986,15965.989583120925,10611.799582534892,17431.860104849027,12891.707300413267,14045.18205281102
2016-07-27,18038.14629623405,16034.354369781306,10664.194969954106,17487.27899407696,12982.019348299427,14088.324031616597
2016-07-28,18068.672869419483,16042.899276890175,10543.991597477216,17492.62180128201,12925.887129780709,14086.407272429333
2016-07-29,18098.4069072144,16104.148607008026,10636.45688765158,17546.03764722903,13004.600738695623,14118.052006576241
2016-08-01,18075.401902965532,16048.236906132584,10565.567333434496,17526.673537057573,12995.819291627888,14090.24244603632
2016-08-02,17960.905238648193,16009.728835024745,10426.872170080444,17451.222177336575,12761.604781195712,14037.510050364588
2016-08-03,18022.70581676947,16018.287566607176,10429.952947266282,17454.561941260705,12794.149453029977,14046.140432404654
2016-08-04,18031.107980584387,16056.790107925592,10522.419821387784,17536.02243082445,12866.673787976335,14098.872828076386
2016-08-05,18186.601705970013,15956.952524753238,10630.292957359194,17519.998084577128,13041.975943527972,14073.949992944574
2016-08-08,18171.77764292028,15948.399322960231,10636.45688765158,17534.019387543536,13123.935297148113,14076.82513172547
2016-08-09,18179.56339032035,16005.444630667784,10728.920593878805,17549.375373469255,13451.695314991108,14085.45220330062
2016-08-10,18134.212754085183,16048.236906132584,10704.263288762117,17596.115766935825,13398.84569671931,14118.052006576241
2016-08-11,18222.49561232863,15971.213851680126,10815.219577840071,17590.106637093082,13514.519271363482,14104.624760870638
2016-08-12,18208.902234316203,16028.266071624459,10790.561480749817,17604.12794005949,13477.521221574474,14117.090316517691
2016-08-15,18261.950558463606,15981.19926893419,10784.399134404568,17572.74557020254,13509.95286974754,14080.65699486754
2016-08-16,18165.13666886207,15954.1046831994,10695.020957204599,17515.98996033139,13431.252774531249,14048.216093907962
2016-08-17,18203.580004783133,15979.776730604626,10599.47172195012,17538.693834426977,13256.41499880496,14061.681409960116
2016-08-18,18244.136768412245,16008.302149353116,10691.936220150912,17584.763829888034,13338.63848380724,14090.538732646442
2016-08-19,18220.339228772857,15954.1046831994,10602.554875056667,17523.335810817352,13264.831576009916,14051.09950885115
2016-08-22,18210.399245609402,15989.759382963977,10614.880359720733,17569.407843962315,13201.917937819419,14094.388803345559
2016-08-23,18246.424167303576,15988.329932397633,10704.263288762117,17562.73035379796,13325.869267128168,14096.307217765281
2016-08-24,18151.80746931315,15982.63010194789,10750.496329836084,17569.407843962315,13363.72236548449,14092.46542322846
2016-08-25,18127.350557411188,15956.952524753238,10667.278123060654,17552.715137393385,13246.250240405629,14078.993486246469
2016-08-26,18099.156486757194,15895.625777583435,10719.675094427008,17572.07924756484,13319.4404321386,14090.538732646442
2016-08-29,18196.23455482224,15961.23396421549,10695.020957204599,17564.73339707888,13264.93231449055,14085.728627121234
2016-08-30,18163.639657568867,15959.815573227996,10753.579482942632,17572.74557020254,13407.337213525714,14089.573732122975
2016-08-31,18123.83247348255,15941.272806838855,10695.020957204599,17516.658320652994,13325.63093462521,14067.448239846497
2016-09-01,18123.304116555537,15966.256395460678,10718.832434548929,17497.96257080315,13252.187668172604,14067.448239846497
2016-09-02,18200.414158805834,15924.852097141535,10922.828986612796,17488.615714720177,13440.272554101939,14050.136163560142
2016-09-05,,,10944.46016071995,17514.65527737208,13425.678988108988,14054.951234782726
2016-09-06,18255.000302301778,15999.118551565667,10898.100403874843,17589.438276771474,13444.448286975921,14107.860740327547
2016-09-07,18256.7593442661,16007.682812937523,10935.190902061062,17613.476833826368,13527.276202861993,14121.319435449868
2016-09-08,18216.95216017978,15929.126624367003,10898.100403874843,17529.344940660096,13429.541448878568,14061.681409960116
2016-09-09,17770.44223152622,15853.430719376527,10774.470161762187,17430.523384205808,13301.414386695838,14003.961798890086
2016-09-12,18032.252753926245,15867.710018119045,10669.38002091444,17406.486864834824,13123.19204372394,13985.68968777764
2016-09-13,17770.310142294467,15809.152313003777,10555.020621407806,17387.791114984975,13066.368169539424,13974.14278614521
2016-09-14,17761.11759088142,15844.85954576789,10545.752154722491,17421.844888444448,13056.0535319372,13999.153348597338
2016-09-15,17943.618731627652,15849.146515019565,10625.499933315825,17411.16131171826,13122.475817697012,13994.34489830459
2016-09-16,17876.098582381852,15866.290244684196,10553.62516397813,17418.505124520318,12927.447347712441,14020.318806047724
2016-09-19,17875.9664931501,15839.154185528721,10656.751210373206,17431.191744527416,13050.354436673178,14012.621975114409
2016-09-20,17881.508871402755,15863.42719620944,10638.002820059486,17482.604547193525,13075.502201289366,14032.820776808872
2016-09-21,18076.941870106457,15889.132422351215,10688.003279404156,17452.55889797979,13129.130700008975,14014.550320928885
2016-09-22,18194.739691321425,15936.27111230401,10856.76651130257,17570.742526921626,13428.144623848348,14094.388803345559
2016-09-23,18090.402084990936,15943.405923109522,10784.887782097027,17539.360157064675,13368.754375443841,14086.690317179784
2016-09-26,17936.536386234067,15989.120692285396,10622.377181530795,17585.43219020964,13075.313009508669,14112.664224922919
2016-09-27,18052.970359283783,16016.251221651448,10622.377181530795,17608.13402662132,13034.768228090594,14144.403307319977
2016-09-28,18152.600004703665,16009.109498609156,10694.253534815634,17620.154323990722,13131.457513207952,14154.983553196484
2016-09-29,17983.866213153146,16019.101828099998,10703.632877800695,17582.094463969417,13090.195277244891,14122.2778150435
2016-09-30,18127.21954207563,15979.114538320991,10722.377308246567,17593.444363333303,13222.888741043565,14121.319435449868
2016-10-03,18070.34385189597,15941.932234227777,,,,
2016-10-04,17982.54639473181,15868.994311712984,10806.762092090052,17546.706007550638,13359.496263370193,14105.925773583236
2016-10-05,18067.13290227856,15833.238693291405,10741.132826322413,17427.854018287195,13316.937940857542,14032.820776808872
2016-10-06,18076.327601483994,15800.354418028717,10697.38183041565,17436.534551732464,13295.576468891435,14025.123945875555
2016-10-07,18018.088063139083,15823.22424464286,10587.999192820538,17416.5020812394,13197.528442803608,14001.078383946897
2016-10-10,18101.091647697183,15781.759118640042,10681.75619188696,17387.122754663367,13365.11919051471,13974.14278614521
2016-10-11,17875.878433662263,15777.468002046298,10613.000214466443,17420.508167801232,13306.093811972976,13998.186692841413
2016-10-12,17897.87182769722,15777.468002046298,10581.750521356202,17366.4239615326,13238.048653860553,13960.675814860597
2016-10-13,17843.02043184158,15810.364719335194,10491.121817889796,17399.14101434886,13100.92638246826,13977.989546379407
2016-10-14,17846.671678898165,15761.737133579736,10619.252845798628,17399.80937467047,13310.144236005199,13973.176130389284
2016-10-17,17792.96398248819,15796.060536540263,10547.372532645943,17391.1288412252,13213.517605308722,13973.176130389284
2016-10-18,17902.578714711635,15827.518126131317,10694.253534815634,17414.499037958485,13374.51612512874,13989.534792779381
2016-10-19,17944.410193121974,15834.66399651568,10738.005322695966,17426.51729764398,13392.291552887978,14001.078383946897
2016-10-20,17921.008921177847,15820.372255746955,10766.135431915458,17445.881407815436,13462.374822456108,14014.550320928885
2016-10-21,17919.558087420948,15837.529809885149,10759.883592556842,17443.210004212913,13474.125597666356,14009.733594473842
2016-10-24,18004.759937486353,15816.079756705854,10763.01030420972,17427.854018287195,13537.578555283651,13993.378242548662
2016-10-25,17936.93265392933,15813.216708231099,10728.633107473031,17425.850975006277,13532.722223406377,13984.726342486632
2016-10-26,17905.965783304717,15778.89054037586,10691.128407109898,17348.396572004363,13472.803712237583,13933.74187229137
2016-10-27,17853.1376078769,15724.552064591813,10694.253534815634,17248.24033259077,13482.113422069602,13861.598565575554
2016-10-28,17798.6384499726,15727.408200829786,10656.751210373206,17232.882308981145,13455.834192323397,13867.36787831062
2016-10-31,17796.570125904662,15740.291227742511,10600.49891166992,17224.87013585748,13416.608839297984,13868.32956836917
2016-11-01,17675.95869666374,15740.859413605924,10481.747226746153,17172.12061254816,13241.935684991262,13857.749322492667
2016-11-02,17562.868836359376,15788.116994031354,10359.860910433808,17250.909698509382,13046.655368805114,13901.037789370845
2016-11-03,17491.61045446535,15778.08733846189,10356.740534569488,17218.192645693125,12989.982602341543,13876.992227442184
2016-11-04,17462.842923244236,15826.781281690444,10275.485630273159,17214.8549194529,12906.010936144887,13899.117719718663
2016-11-07,17851.15841719299,15760.902135376571,10453.61790950023,17220.19568897404,13154.869381810327,13883.72488546826
2016-11-08,17927.299805077102,15705.044349948023,10484.87077050475,17194.156126322137,13186.785052399675,13857.749322492667
2016-11-09,18127.086378947683,15465.87404508313,10653.630042535317,17170.785929588852,13392.70679199107,13863.522773308883
2016-11-10,18164.16801449588,15372.789717245969,10619.252845798628,17009.867993742275,13372.71757469405,13781.755117461506
2016-11-11,18138.787551867845,15341.283741997444,10581.750521356202,16895.02209104066,13420.307907166049,13748.083551168826
2016-11-14,18139.315908794855,15252.480853622534,10603.627999243508,16845.61131281352,13452.689186098803,13730.771474882471
2016-11-15,18279.238139380344,15252.480853622534,10628.626644968701,16929.07484565818,13504.832406488124,13744.81198421405
2016-11-16,18255.440599740956,15266.807155575163,10619.252845798628,16881.668129553906,13415.17515872607,13742.879500318426
2016-11-17,18341.919312379974,15199.497176247593,10678.626312339802,16866.311124786233,13442.435974399403,13764.112822299625
2016-11-18,18301.05541443963,15132.185814472661,10625.499933315825,16854.95918773844,13416.042492473945,13765.076995206864
2016-11-21,18437.854754895543,15145.075753622168,10663.005425652529,16858.297932820617,13441.91999681568,13771.83613695228
2016-11-22,18478.63059334805,15159.395143338017,10663.005425652529,16927.071802377264,13478.049484338759,13823.939544289678
2016-11-23,18494.20208814819,15104.966808475812,10672.376848901897,16842.273586573294,13413.376608291379,13787.273662479069
2016-11-24,,,10709.882341238603,16856.294889539702,13447.115399676544,13805.60784480872
2016-11-25,18566.911303799112,15092.086546457798,10731.759819125908,16862.30401938245,13459.707709755485,13820.086990741875
2016-11-28,18471.76839667406,15160.827358799073,10644.257035338811,16907.04136956811,13313.02511084765,13863.512841914127
2016-11-29,18500.800106358678,15176.588641107473,10684.882111566267,16944.432869267806,13360.603158139082,13833.598653302874
2016-11-30,18455.668544946908,15074.893048688346,10716.13101270294,16909.711754328677,13385.523646914819,13792.097009863946
2016-12-01,18391.535464294186,15017.380473774387,10678.626312339802,16834.260394607678,13251.86088236958,13736.125324270384
2016-12-02,18398.837958407355,15084.792754206319,10641.123987897376,16931.07890778105,13225.819985126333,13780.521969279715
2016-12-05,18507.748214728123,15079.056980125313,10713.00509302363,16865.64276446463,13441.54284177234,13736.125324270384
2016-12-06,18571.398042093937,15084.792754206319,10809.882467954374,16871.651894307375,13555.379781922074,13699.461925308466
2016-12-07,18819.483097249784,15134.9894177111,10922.391025228793,16929.743205979787,13821.283915621203,13723.58362793023
2016-12-08,18861.975021818886,15077.626147111616,11053.646388869793,16874.990639389547,14063.738096658202,13715.860313277573
2016-12-09,18974.184287244894,15000.177298873436,11159.902314812029,16878.996725951383,14094.194287796448,13741.917810259878
2016-12-12,18953.64280086303,15003.050024479688,11109.89868757308,16842.940928052947,14077.311992664272,13706.214446124048
2016-12-13,19080.85224831444,15011.646082140736,11213.033445677425,16947.103254028374,14196.118288352474,13744.81198421405
2016-12-14,18927.20777217335,14886.877443346099,11141.15234055117,17014.54244062571,14146.03652126193,13788.236180153848
2016-12-15,19001.587970300756,14845.286514633863,11270.048414928258,16962.460258796043,14298.959991896696,13739.987809212944
2016-12-16,18968.862057711827,14863.937111916784,11301.478678012376,16973.14383552223,14346.272679287928,13773.765310382983
2016-12-19,19006.779184498268,14932.770548230927,11298.334542940967,17047.25949344197,14374.817296330286,13826.837856324995
2016-12-20,19078.652908910946,14901.22862935114,11332.90973307006,17043.92074835979,14422.671760184428,13802.716153703233
2016-12-21,19032.42382558981,14925.598411346797,11336.05149222076,17058.61041164781,14427.577232783964,13822.978681847359
2016-12-22,18999.34567504954,14919.135469956413,11301.478678012376,17027.22804179086,14411.801832420677,13811.397020333294
2016-12-23,19025.033271988803,14933.506010224442,11304.623605057353,17065.287901812164,14404.040055339825,13839.387828827448
2016-12-27,19067.965493997082,14911.953655940788,11307.766156181622,17079.97756510018,14432.106778858211,13870.264535113483
2016-12-28,18911.900455836716,14966.540972248958,11354.90838291352,17088.6570797035,14435.566285705267,13873.157881451425
2016-12-29,18907.23759856622,15012.508729291025,11326.62225490081,17120.707809882053,14405.44916555061,13880.874575174246
2016-12-30,18820.451751615972,15057.031828845827,11354.90838291352,17098.672296108074,14443.2015254263,13870.264535113483
2017-01-02,,,11439.765183004502,17129.388343327322,14590.728116238937,13885.70371587273
2017-01-03,18980.651290119822,15049.850014830205,11480.616763672868,17005.861907180442,14573.003057720018,13819.119507369716
2017-01-04,19093.565031448514,15067.091898257127,11468.04735114936,16981.157027487847,14573.090282502026,13808.50036353043
2017-01-05,19079.050250502398,15164.772863553759,11493.190136064226,16957.78683075456,14573.883905166515,13822.011198475204
2017-01-06,19152.066600464546,15095.819154319624,11480.616763672868,16906.3730092465,14591.58316480625,13774.727000441535
2017-01-09,19084.196361059792,15153.280578681402,11417.763365266763,16967.802047159137,14547.528507300807,13794.98870096943
2017-01-10,19084.28442054763,15146.091852428997,11439.765183004502,16968.470407480745,14571.819994831625,13794.025355678421
2017-01-11,19140.058293233156,15163.336500750635,11458.621281723688,17018.548527187544,14650.910758789876,13820.086990741875
2017-01-12,19099.458573756317,15171.957442464096,11373.762105711998,17014.54244062571,14493.497054658672,13831.661203709875
2017-01-13,19134.736063700086,15138.905891071303,11496.33110324136,16973.14383552223,14629.537001643204,13809.471157367503
2017-01-16,,,11392.620580351895,16987.16615733059,14535.853900210059,13831.661203709875
2017-01-17,19077.950580800647,15215.048326557842,11367.479379384167,17008.53229194101,14517.34873272527,13835.518722955056
2017-01-18,19114.765890092953,15107.312821639338,11392.620580351895,16957.119489274904,14592.06105833022,13798.850358295758
2017-01-19,19046.103115297683,15049.850014830205,11389.477237254057,16927.740162698876,14588.916052105627,13777.625312476855
2017-01-20,19110.807508725138,15057.031828845827,11376.904656836268,16860.969336423143,14630.732349712162,13733.232805548672
2017-01-23,19059.915568133507,15136.044225043905,11310.90949927946,16927.071802377264,14524.582247041835,13785.343661432134
2017-01-24,19185.101795157094,15078.586948024194,11345.477561646429,16874.990639389547,14586.46393006489,13746.741157644756
2017-01-25,19339.09850924952,15003.886405130206,11493.190136064226,16795.53319310672,14852.040049442938,13692.70112833059
2017-01-26,19325.288204206085,15024.003779058092,11527.762950272612,16727.427683871683,14905.605893741666,13671.472772046767
2017-01-27,19309.540590430275,15042.676495498717,11486.901865921409,16725.424640590765,14862.380485924346,13687.875298097024
2017-01-30,19194.382406057975,15038.359112405204,11373.762105711998,16687.36478056946,14695.846263741818,13699.461925308466
2017-01-31,19177.404107244856,15090.080615343908,11285.768298311734,16721.417535186978,14511.448160499987,13713.931139846869
2017-02-01,19187.47725353626,15061.154286862113,11389.477237254057,16665.33028563744,14667.680030260857,13685.94446943386
2017-02-02,19199.573620255487,15066.920474784954,11361.192693188488,16737.44290027626,14627.990297410093,13730.339459210732
2017-02-03,19340.771639518392,15078.425201683516,11417.763365266763,16707.39623222057,14657.603725161593,13738.05532531732
2017-02-06,19299.950697425775,15150.355320075618,11348.62169671784,16643.96415102702,14479.407181068882,13787.273662479069
2017-02-07,19305.22997111112,15177.689069203034,11376.904656836268,16678.016905644537,14529.224816777281,13799.820324516602
2017-02-08,19324.759847279074,15239.54667615763,11408.332543999675,16770.828313414124,14521.600633718754,13850.965352260364
2017-02-09,19439.52069005992,15148.920339719849,11508.907643526993,16804.881068031642,14646.74731109646,13844.207865747409
2017-02-10,19509.98761045962,15138.843680940276,11530.902333502603,16745.45507339992,14677.076964874886,13836.492827257045
2017-02-13,19617.36004743185,15115.823167564302,11618.901684717857,16761.4804384892,14812.26186329211,13819.119507369716
2017-02-14,19701.59431702726,15061.154286862113,11615.755965699309,16745.45507339992,14808.965749346567,13800.78366980761
2017-02-15,19802.809033228175,15032.39523451042,11656.616258076941,16732.10111191317,14836.792911843939,13793.303674326397
2017-02-16,19787.72079171493,15092.819243556603,11618.901684717857,16810.222856394736,14790.637488461913,13811.696617408332
2017-02-17,19821.327299182216,15133.091317490995,11618.901684717857,16795.53319310672,14790.359843381148,13858.14823351523
2017-02-20,,,11640.901918508454,16793.5301498258,14879.175556274511,13869.761344446017
2017-02-21,19941.234252520462,15125.88738431767,11719.469656483048,16746.790775201185,15055.132511950256,13865.888100492477
2017-02-22,19921.48530152911,15150.355320075618,11728.896517882287,16792.862808346148,15094.25589797698,13901.703192819272
2017-02-23,19932.129760595246,15190.637071141502,11728.896517882287,16825.580880004363,15030.39998643716,13934.602593169933
2017-02-24,19966.702774636335,15261.126679388408,11612.616582469318,16895.689432520314,14849.499474102133,13987.8315585793
2017-02-27,19989.838794220763,15206.455033791506,11606.332272194344,16915.720884171427,14872.948198246206,13968.478580671273
2017-02-28,19938.903897781405,15199.264925091744,11618.901684717857,16938.422720583105,14887.717442321231,13958.80209171726
2017-03-01,20215.14006774352,15093.380517183232,11807.469007698299,16873.65595643024,15180.555605890671,13884.275250260805
2017-03-02,20098.31090089474,15050.163830380068,11816.89349317683,16852.28880297787,15170.969479495941,13856.213266770921
2017-03-03,20109.000463600987,15064.575844068786,11804.323288679752,16840.270543292376,15130.449268438997,13806.854234850176
2017-03-06,20043.548638423126,15061.696206225753,11747.755784495756,16826.915562963666,15043.697465880521,13819.431518688196
2017-03-07,19986.496829267795,15040.08164181107,11722.612207607317,16824.2451782031,15053.433471478142,13846.53429496822
2017-03-08,19946.601585693643,14989.659639387224,11713.18376226094,16744.120390440614,15054.905236109806,13795.237813454474
2017-03-09,19962.787349116243,14947.880697834542,11741.470682247214,16718.079808946757,15068.844001978652,13748.782059266428
2017-03-10,20028.415293269776,14979.570538581444,11722.612207607317,16613.249122649722,15049.709833248946,13673.295182983882
2017-03-13,20042.315805593433,14942.113127464343,11779.180503764883,16622.596997574645,15083.487937211918,13689.741572694295
2017-03-14,19975.54308809804,14957.960121508828,11741.470682247214,16632.613232821175,15081.927719280184,13710.068654904311
2017-03-15,20143.485418154236,15089.064516537077,11791.217710049606,16705.393188939655,15108.446510047404,13744.912125777806
2017-03-16,20111.463981467987,15047.284192537038,11885.799945575576,16644.631492506673,15200.67013202945,13712.972760253237
2017-03-17,20085.114864473766,15087.618476602458,11917.323661540911,16639.28970414358,15215.842330027002,13720.719248160316
2017-03-20,20045.307680387446,15123.632612679656,11895.256109996892,16637.954002342318,15162.578701170169,13721.689214381158
2017-03-21,19798.365250781073,15174.055997550857,11835.357564979056,16663.32724235652,15048.389176338225,13697.488888217602
2017-03-22,19836.501452390905,15202.867582902085,11784.912016488253,16737.44290027626,14975.412746747083,13742.979641882182
2017-03-23,19815.69578754553,15187.027501094379,11882.647890768472,16724.088938789504,15145.947023721517,13722.649249207248
2017-03-24,19798.936563555806,15195.667797070828,11870.036503645772,16768.157928653556,15176.881108383734,13733.300670079483
2017-03-27,19778.790270973004,15233.111383714368,11825.90060858417,16787.521019983054,15091.086321391258,13731.363220486486
2017-03-28,19922.363748615076,15181.27099030303,11885.799945575576,16815.56464475783,15284.000511800621,13749.75368071973
2017-03-29,19948.051345554344,15224.479382422058,11926.786161750782,16867.645807745543,15351.404383487563,13796.209434907778
2017-03-30,20007.214434625334,15181.27099030303,12018.213966548936,16866.311124786233,15418.619063393804,13808.790856826947
2017-03-31,19962.127976853673,15211.512026220602,12049.74005843498,16852.956144457527,15489.62126446818,13811.696617408332
2017-04-03,19930.32561499082,15286.39643461297,11983.532651961512,16881.000788074252,15419.588364140369,13862.987305608469
2017-04-04,19944.709380601376,15264.75145635645,12015.06428766254,16911.714797609595,15451.214104468385,13880.403661539722
2017-04-05,19885.81046999389,15293.61695715457,12005.60337139981,16922.39837433578,15369.695788830522,13882.342766365182
2017-04-06,19930.106540167424,15283.50573719109,12030.825353671637,16922.39837433578,15386.489630662632,13874.597933690562
2017-04-07,19913.699554129038,15237.33752528237,12065.505084311922,16959.122532555823,15379.155377865434,13909.439749331597
2017-04-10,19928.521469386385,15264.75145635645,12052.89607310993,16938.422720583105,15348.283947624097,13926.861070960233
2017-04-11,19902.745812959285,15335.456726390928,12059.200974697713,16915.720884171427,15271.33203360218,13931.700970669695
2017-04-12,19828.187348063824,15383.06130110277,12071.811569846843,16929.07484565818,15290.643108932021,13940.409148635325
2017-04-13,19693.19215321234,15429.236425248271,12027.675674785238,16911.04745612994,15233.152149442833,13950.092258519173
2017-04-17,19862.893525232856,15404.695219780444,,,,
2017-04-18,19805.755804382075,15492.715642951727,11898.411332698275,16947.771614349982,15096.583939694015,13965.576958171036
2017-04-19,19774.524755293958,15452.315001413206,11929.938216557886,16929.743205979787,15116.72426471198,13925.894415204306
2017-04-20,19924.47502853074,15417.690224929023,11952.008144022613,16923.06571581543,15130.39889919868,13890.080150493737
2017-04-21,19863.993194934603,15424.906600128554,11961.462724496787,16909.044412849027,15157.131452107727,13887.18018322596
2017-04-24,20079.661619605136,15393.168373724182,12229.448365065602,16971.80813372097,15668.396440565495,13789.433740837772
2017-04-25,20201.989134962656,15313.807600792336,12254.667179443155,16907.04136956811,15683.567410044989,13753.623614208353
2017-04-26,20192.399241958155,15354.204094988789,12305.115103854663,16901.699581205015,15690.81320954212,13774.917352174296
2017-04-27,20205.63823422685,15364.30702026813,12302.058085875911,16971.80813372097,15654.318852156268,13827.178834211505
2017-04-28,20167.14979466568,15380.173368575603,12270.208868773465,16955.115427152035,15647.04725377995,13809.755857350414
2017-05-01,20202.16310614594,15346.951776157995,,,,
2017-05-02,20226.18186840111,15378.732858430409,12359.38034087176,16951.77770091181,15734.969834046253,13800.076885547714
2017-05-03,20204.538564525104,15346.951776157995,12362.564074621649,16975.146878803145,15760.053715723501,13802.015990373171
2017-05-04,20217.384510787128,15312.264789542782,12451.734754746378,16951.77770091181,15910.93907490256,13742.010503277568
2017-05-05,20300.297888065008,15315.155486964662,12547.264190661617,16965.131662398566,15997.878840723679,13714.911865078693
2017-05-08,20303.113643883353,15277.593009848488,12544.086792700284,16947.771614349982,15969.775261663597,13714.911865078693
2017-05-09,20283.231529764053,15260.240530633062,12591.850718684336,16913.71784089051,16038.424850659809,13703.294616066763
2017-05-10,20313.93422192516,15254.46328313137,12607.777307169483,16939.091080904713,16048.916394862164,13712.004449264852
2017-05-11,20276.54545206573,15266.024690371538,12569.559038620115,16905.705667766844,15990.54458792648,13701.355511241307
2017-05-12,20246.94242960637,15344.051401604622,12617.327716445585,16950.44199911055,16065.207772809174,13736.208085893324
2017-05-15,20346.13177758708,15333.942946535852,12633.253512957162,16927.071802377264,16111.288256589754,13710.88137404157
2017-05-16,20336.234750271346,15354.168151357526,12630.066611312996,16942.429825986892,16108.130965184597,13706.026577239976
2017-05-17,19972.553361096416,15476.987539379876,12464.471273693076,17010.535335221924,15890.597272923333,13754.565441477396
2017-05-18,20046.583469064863,15472.657714260158,12432.62205659063,17036.575916715785,15838.326286656136,13778.842735950288
2017-05-19,20182.678333618096,15468.315447114233,12505.870108098059,17038.5789599967,15899.504028832827,13760.396825429669
2017-05-22,20287.235014771977,15450.979557267086,12502.683998427457,17009.867993742275,15875.312051264586,13736.124496654158
2017-05-23,20324.97602258275,15410.520852939604,12534.531631582766,17005.193546858834,15925.242710634182,13732.2338727598
2017-05-24,20376.308260613558,15442.307465001444,12540.900683029686,17001.85582061861,15904.76208611457,13730.295595550573
2017-05-25,20469.64702213418,15450.979557267086,12540.900683029686,17046.592151962315,15878.154842047283,13768.160693277565
2017-05-26,20478.70855821167,15461.08939478321,12518.610586912604,17085.986694942927,15853.573424255137,13798.25530222683
2017-05-29,,,12537.716157306228,17086.654036422584,15887.250789737476,13834.177157047216
2017-05-30,20457.198417463616,15500.107588965499,12489.942727639338,17097.337613148768,15849.170415540706,13837.087055709748
2017-05-31,20450.952637204467,15507.341935980661,12477.214128428335,17088.6570797035,15869.776348902076,13835.152916581668
2017-06-01,20608.29346404225,15499.22973489429,12550.456636120774,17071.964373134564,15932.500795311877,13828.35239402478
2017-06-02,20685.051268341205,15567.243379926187,12575.929674014174,17091.995824785674,16131.290987585397,13861.367660647553
2017-06-05,20660.59435643925,15541.199454182135,,,,
2017-06-06,20603.23541297269,15590.404902932496,12467.65025560155,17139.4035597319,15964.202703759394,13870.096529018916
2017-06-07,20639.87675108171,15561.463367529783,12464.471273693076,17108.021189874955,15942.024267285726,13861.367660647553
2017-06-08,20645.946412365185,15536.854422141498,12467.65025560155,17160.770713184273,15993.715393030261,13863.302627391864
2017-06-09,20628.88005406423,15522.387110558531,12509.052257900808,17190.15003976031,16122.207325075768,13862.326867857413
2017-06-12,20610.185669134517,15519.48950089987,12391.22163823851,17223.535452898173,15964.605657681921,13870.096529018916
2017-06-13,20708.451466389142,15525.279190427767,12448.547061128638,17230.21090537862,16058.377212415133,13855.534621462823
2017-06-14,20689.31678402025,15606.3113422133,12429.44069876145,17274.94825556428,16109.917230438721,13886.59754140047
2017-06-15,20646.781903603427,15578.821376534628,12379.54240400726,17213.51819880969,15966.328039997108,13825.434219199955
2017-06-16,20652.80860903918,15587.511440615903,12456.914261891723,17201.499939124194,16042.966681914624,13843.882612569256
2017-06-19,20825.456752213595,15544.097063840796,12566.523403927746,17216.18960241221,16214.331437095238,13837.087055709748
2017-06-20,20686.193893890682,15583.16502612791,12466.583467203265,17252.246419152598,16121.037775885996,13848.732443673478
2017-06-21,20675.98973226372,15581.721751088002,12463.360134774895,17258.255548995345,16070.050590987825,13839.996954372278
2017-06-22,20666.75207721056,15596.191827565683,12453.69092946335,17262.261635557177,16094.883854981552,13851.65227373076
2017-06-23,20698.99473651259,15600.53271226425,12421.449685443939,17258.923909316953,16018.661680685185,13851.65227373076
2017-06-26,20705.768873698744,15613.555366359955,12469.808383578775,17260.926952597867,16065.736035573462,13855.534621462823
2017-06-27,20538.619079033066,15536.854422141498,12369.86527896002,17124.045536122278,15940.174119092662,13751.658025663553
2017-06-28,20723.62776739022,15522.387110558531,12379.54240400726,17137.400516450987,15910.29655995902,13745.826641711283
2017-06-29,20546.052588481798,15464.492980174253,12186.107611467905,17004.52620537918,15619.598474843975,13663.309165560078
2017-06-30,20578.602382095058,15428.322627545804,12160.318576120224,16990.50490241277,15505.03179496869,13644.869875969296
2017-07-03,20628.087518673714,15371.656110413858,12298.944045800148,17025.22499850994,15693.970500947278,13645.831566027846
2017-07-04,,,12237.692809925393,17025.22499850994,15645.94035901106,13656.515263933024
2017-07-05,20662.089219940062,15383.247931495862,12295.719129424639,16996.514032255516,15666.76005451426,13650.689673294357
2017-07-06,20475.937906033436,15354.25524554097,12205.45552577383,16864.308081505318,15575.643327301104,13567.20305853854
2017-07-07,20607.281853828335,15329.621416100272,12199.004901049237,16834.260394607678,15584.98989267482,13568.17219714315
2017-07-10,20626.504595685066,15349.904683710907,12250.58613963888,16834.260394607678,15656.998250037455,13592.443698302437
2017-07-11,20610.62596657369,15370.201775795103,12163.540324601456,16855.62754806005,15645.801536470679,13580.793344641332
2017-07-12,20762.99465403736,15415.123020188501,12353.750200765298,16915.05354269177,15884.269176414395,13613.797024636895
2017-07-13,20802.451747964726,15399.183402171147,12395.660650096257,16870.31721134806,15902.824713139498,13593.409526442136
2017-07-14,20900.015217109056,15420.92791663732,12421.449685443939,16896.35779284192,15890.734866945659,13595.35028650005
2017-07-17,20899.57491966988,15439.76652676069,12418.224769068427,16936.41967730219,15834.678816546444,13607.980537776752
2017-07-18,20912.50677762735,15496.290651814943,12292.495796996267,16975.815239124757,15637.461127385222,13626.421482599992
2017-07-19,21026.78436712129,15496.290651814943,12382.76336051492,16992.507945693687,15664.709657877991,13639.043457714399
2017-07-20,21024.980221516864,15500.638448750293,12331.18291389885,17037.911618517046,15658.671491630383,13650.689673294357
2017-07-21,21017.194474116794,15528.17680008643,12208.674898334353,17037.911618517046,15398.025415212996,13675.932795906945
2017-07-24,20995.33424320978,15518.035166281114,12169.990949326046,17075.97147853835,15358.889744005708,13680.78593747608
2017-07-25,21056.65156804416,15431.066785547922,12231.24376914794,17016.545483906626,15428.531975591557,13632.2454180062
2017-07-26,21062.67827347991,15480.348268902877,12289.270088647187,17016.545483906626,15479.859459991374,13637.097731959104
2017-07-27,21044.422038196986,15455.717204356893,12282.822631816873,17044.5891086814,15362.776775136415,13663.309165560078
2017-07-28,21016.975399293395,15481.79983862692,12147.422870486029,17027.896402112467,15300.707128850721,13656.515263933024
2017-07-31,21001.7561424446,15486.147635562269,12134.53191669325,17042.586065400486,15244.788672473831,13652.632088584733
2017-08-01,21053.264499451077,15524.61423324942,12228.02043671957,17117.368045957923,15412.15337286254,13704.083334333372
2017-08-02,21067.648265061634,15510.098536008987,12169.990949326046,17116.033362998616,15324.332759594925,13708.938131134966
2017-08-03,21025.64174157182,15563.809380693308,12176.4399901035,17139.4035597319,15290.66767929315,13729.323974097271
2017-08-04,21065.756059969368,15521.709711353977,12302.16896217566,17139.4035597319,15470.562035339919,13709.904786890891
2017-08-07,21101.033549913136,15530.416364803525,12289.270088647187,17146.74737253396,15419.550280080619,13729.323974097271
2017-08-08,21052.605127188508,15517.35776707656,12308.614043085265,17146.74737253396,15463.429259503984,13712.821306483258
2017-08-09,21047.413912990996,15536.224026147056,12215.119979243957,17163.44007910289,15289.762261485523,13762.330964557752
2017-08-10,20750.326974543397,15594.289580003506,12095.844007817095,17163.44007910289,15114.019067951607,13772.0422133934
2017-08-11,20778.170955038437,15611.707034244673,11970.115035744935,17181.469506315036,15113.716852509711,13804.080065249265
2017-08-14,20987.98879324889,15573.96345652483,12089.393383092503,17172.788972869766,15303.751396594682,13781.755117461506
2017-08-15,20982.3572816122,15527.52013759222,12118.409710736407,17136.065833491677,15318.746687992101,13754.565441477396
2017-08-16,21018.11802484287,15556.543237388953,12195.784736515145,17134.060752526857,15427.966857285575,13751.888930591555
2017-08-17,20694.596057705596,15611.707034244673,12144.201122004797,17150.08713645809,15351.983015492166,13758.707660705484
2017-08-18,20657.164331998447,15614.607408798047,12050.708642110629,17166.11148270541,15303.83984989475,13776.243193373773
2017-08-21,20681.795215083686,15624.776691550489,11995.902487145479,17175.460376472292,15179.045757199254,13790.845654125113
2017-08-22,20888.137925213225,15594.289580003506,12105.51638102292,17153.424862698314,15384.539972506995,13790.845654125113
2017-08-23,20817.89007963692,15647.997659793116,12034.592771942338,17156.764626622444,15315.299466325614,13814.21836405928
2017-08-24,20775.091020756587,15623.31682714231,12057.154514993803,17187.478636157786,15323.514566569309,13821.035438940751
2017-08-25,20812.172656304785,15649.450611964516,12053.93118256543,17150.753459095788,15307.299356741803,13813.248397838433
2017-08-28,20823.214456962374,15663.966309204949,11957.21933011074,17165.443122383807,15251.355101485726,13827.854996670916
2017-08-29,20843.667883856408,15700.259699648104,11857.2809773334,17165.443122383807,15027.946635878367,13859.023023869697
2017-08-30,20945.27779385639,15687.191424789646,11947.545372957777,17190.816362398007,15099.136800215385,13839.54755875972
2017-08-31,21066.065342072987,15711.86949254574,12047.48214178798,17190.816362398007,15166.27654052018,13841.491629282556
2017-09-01,21109.21663890466,15665.637688058634,12121.62908329693,17183.472549595954,15275.470910934468,13824.934338997404
2017-09-04,,,12044.263561201025,17210.84883289107,15224.610263396115,13836.621107772602
2017-09-05,20949.80748799894,15774.675458386711,12031.365479646121,17210.84883289107,15251.65731692762,13867.782514041544
2017-09-06,21015.52349164031,15736.866905641125,12037.814520423573,17210.84883289107,15365.92178136101,13854.150019511055
2017-09-07,21016.580205494334,15805.19989601231,12060.377847422174,17210.84883289107,15469.191009188886,13894.077536881683
2017-09-08,20986.184647644455,15793.56660150962,12095.844007817095,17274.27989524267,15478.438064600025,13879.470938049204
2017-09-11,21213.947291241828,15703.43932856744,12208.674898334353,17274.27989524267,15693.88327616527,13863.888579682272
2017-09-12,21286.5705951973,15665.637688058634,12266.704385727875,17188.813319117093,15756.191254953921,13802.535733365226
2017-09-13,21302.977581235686,15633.660298261635,12266.704385727875,17188.14699647939,15792.422709475688,13797.665211855272
2017-09-14,21286.482535709467,15636.557907920296,12292.495796996267,17190.816362398007,15775.917569386853,13786.951719765837
2017-09-15,21328.48905919928,15655.458728174699,12259.158461556493,17157.430949260142,15748.693609255213,13757.736039252184
2017-09-18,21360.336524702245,15594.407088028787,12288.598495060143,17134.060752526857,15799.743448574263,13742.158646582628
2017-09-19,21384.26507967719,15576.960602393141,12301.683482377479,17134.060752526857,15802.763145957097,13745.080131872372
2017-09-20,21397.85630989723,15546.430634978116,12291.870929849832,17154.761583341526,15812.047056909933,13758.707660705484
2017-09-21,21333.373139085557,15526.074097657603,12334.390406855828,17154.761583341526,15850.869456012819,13741.183714664408
2017-09-22,21347.66884520828,15553.694013387758,12337.66204967195,17154.761583341526,15841.207161498587,13743.128612803472
2017-09-25,21300.20692905745,15600.214749372317,12373.647744728543,17164.108439424497,15844.301798482868,13793.767139414853
2017-09-26,21303.41787867486,15587.13126759294,12367.096539360611,17166.11148270541,15857.373230603835,13785.980098312533
2017-09-27,21390.467904088615,15507.181572087336,12396.53736483783,17110.024233155866,15923.053491457531,13735.338261236237
2017-09-28,21420.73029881054,15504.265990613045,12422.703379604654,17110.024233155866,15982.481823921791,13715.858658045117
2017-09-29,21500.610993239072,15485.372082595422,12494.65893024645,17129.388343327322,16138.738264043788,13739.236333676656
2017-10-02,21583.96466795613,15467.758320829673,12556.8098480963,17115.36500267701,16231.566316909622,13750.923102451858
2017-10-03,21631.514643594794,15489.596841716068,12556.8098480963,17115.36500267701,,13750.923102451858
2017-10-04,21659.92993686457,15485.22277828095,12566.62081667681,17087.322396744188,16316.945864799009,13750.923102451858
2017-10-05,21785.99675876651,15469.21265544843,12579.702636099866,17087.322396744188,16313.838942634164,13745.080131872372
2017-10-06,21769.456609600184,15450.285568694257,12543.728028673244,17112.69563675839,16298.605318733787,13739.236333676656
2017-10-09,21730.17778244087,15467.758320829673,12563.35075780783,17138.735199410294,16324.344000535142,13754.812898729984
2017-10-10,21781.24584200818,15473.582571541478,12556.8098480963,17132.726069567547,16290.188741528831,13754.812898729984
2017-10-11,21820.922010758935,15491.055323676892,12563.35075780783,17137.400516450987,16317.147341760272,13736.309882689542
2017-10-12,21785.99675876651,15505.609729443302,12563.35075780783,17162.105396143583,16332.507503020466,13754.812898729984
2017-10-13,21805.43857544663,15558.021073612765,12605.871818760968,17162.105396143583,16343.804955067873,13795.713692786376
2017-10-16,21844.058030343367,15531.82369621217,12599.3293251023,17256.92086603604,16358.687222804096,13823.959407079185
2017-10-17,21858.705974417433,15525.98976836887,12573.164102309047,17280.957385407026,16347.817295040344,13832.728828645786
2017-10-18,21875.860392206218,15486.682642689131,12612.413520446064,17230.21090537862,16408.164559010853,13832.728828645786
2017-10-19,21884.83386879587,15502.69414796901,12527.374566434068,17231.547626021835,16341.57765183147,13801.55997383078
2017-10-20,21998.275967051577,15438.638449718004,12556.8098480963,17179.46646303412,16343.062930161757,13747.999961929656
2017-10-23,21911.447164253605,15453.195620379125,12576.433369204457,17202.83665976741,16357.982053439675,13766.500495121412
2017-10-24,21947.47208594778,15406.612674263537,12540.452425989277,17202.83665976741,16370.625961276988,13726.575460599468
2017-10-25,21845.11474419739,15381.858571902849,12458.683530846261,17167.44616566472,16295.422228449443,13726.575460599468
2017-10-26,21872.870665204595,15361.467473398428,12596.06085018046,17240.228159467108,16521.699283718688,13767.475427039633
2017-10-27,22049.477189746827,15410.974295672448,12674.559686454497,17240.228159467108,16627.698278668067,13818.117264115928
2017-10-30,21980.85737079928,15466.303986210916,12677.832121244184,17339.047678237486,16642.83239260587,13833.69962248286
2017-10-31,22002.322407907228,15456.11120185342,12677.832121244184,17339.047678237486,,13833.69962248286
2017-11-01,22037.337867179875,15465.441339060628,12775.959230467794,17345.056808080233,16939.644812088027,13816.167400279488
2017-11-02,22043.89078175025,15485.854556722748,12720.354766144459,17352.402658566196,16908.723012606377,13822.01285370766
2017-11-03,22114.31474630223,15510.644602714698,12759.60576822862,17365.089278573294,16956.439882438193,13830.778137193116
2017-11-06,22144.267858920542,15529.602103310704,12766.145885966578,17389.12579794428,16943.771404239753,13858.045609102786
2017-11-07,22140.221418064888,15535.429118917224,12710.537461775395,17389.12579794428,16831.154382520104,13864.86433921672
2017-11-08,22172.597240494866,15516.482677900065,12694.190335324778,17389.12579794428,16835.117581770315,13868.758273575997
2017-11-09,22094.606603366214,15510.644602714698,12556.8098480963,17389.12579794428,16583.692761884882,13816.167400279488
2017-11-10,22082.73145926277,15431.897636409018,12517.559637985714,17301.65617853779,16514.389601282623,13789.877343136724
2017-11-13,22104.94392812112,15424.617668631103,12425.977398341482,17301.65617853779,16447.65281490035,13785.980098312533
2017-11-14,22057.30589299462,15446.48383846462,12357.285570780103,17335.041591675654,16396.15088093651,13803.510665283447
2017-11-15,21940.433770298114,15501.896475844464,12304.952749272888,17351.065937922976,16324.305916475392,13817.028948774281
2017-11-16,22127.46567908309,15462.522992691624,12399.812967521797,17351.065937922976,16413.43490147316,13818.003053076272
2017-11-17,22070.151839256643,15482.936210353744,12373.647744728543,17362.41787497077,16346.145281965471,13823.86836929395
2017-11-20,22099.005282173202,15458.151694151218,12458.683530846261,17379.110581539706,16427.826990504847,13827.777200745353
2017-11-21,22243.899652132808,15461.071422967581,12511.017936300615,17413.16435499918,16564.79815417619,13839.499557018418
2017-11-22,22229.16364857091,15510.644602714698,12475.040160979715,17415.167398280093,16372.952774475963,13827.777200745353
2017-11-23,,,12488.118812508494,17415.167398280093,16364.788043472587,13828.754615512262
2017-11-24,22275.921088819054,15497.519647514633,12465.22523253136,17415.167398280093,16429.311040317076,13814.097532089787
2017-11-27,22269.851427535577,15507.733168582474,12406.350709339047,17404.483821553906,16354.284214089665,13832.660964114975
2017-11-28,22490.049546348662,15510.644602714698,12478.309427875125,17409.158268437346,16428.92160009317,13833.640034114344
2017-11-29,22484.63925732776,15461.071422967581,12504.476234615518,17409.158268437346,16431.8651293565,13788.692196696242
2017-11-30,22677.124410981363,15412.938753365655,12461.949629847393,17407.155225156428,16384.199857283056,13802.36855488689
2017-12-01,22632.126012697532,15469.899731784475,12360.558797543361,17488.615714720177,16179.78673786502,13868.811241014675
2017-12-04,22608.81387413743,15462.601792190928,12501.20379982583,17444.88090501693,16427.68816796446,13835.595691264389
2017-12-05,22525.281932652317,15474.277942561663,12478.309427875125,17463.576654866778,16415.09585788552,13851.713517331735
2017-12-06,22523.25871222449,15506.404636673135,12475.040160979715,17474.59237406986,16352.58517361755,13875.658937696639
2017-12-07,22593.24237933729,15478.668595365056,12468.496083373908,17498.96511128556,16410.831671711476,13880.538562985113
2017-12-08,22720.01152934953,15466.97862052076,12573.164102309047,17496.627887843842,16547.38759627973,13872.2334341232
2017-12-11,22792.853908128396,15456.759569663493,12560.08149091242,17498.29675096395,16509.58486716372,13875.658937696639
2017-12-12,22828.966889310406,15443.616642647796,12651.660562662375,17456.56498454162,16584.913908833027,13856.111469974705
2017-12-13,22818.938846659115,15506.404636673135,12618.954430157593,17430.523384205808,16512.087358444776,13854.153329975974
2017-12-14,22729.953660305375,15500.572091277192,12566.62081667681,17430.523384205808,16439.67727567767,13854.153329975974
2017-12-15,22935.151597093052,15497.648215118763,12539.73014609378,17440.540638294297,16484.310565187716,13860.509422617677
2017-12-18,23059.104991286942,15462.601792190928,12680.959624870631,17445.881407815436,16746.90629976074,13851.218602826559
2017-12-19,22984.988971623043,15392.50203409848,12625.127864132817,17347.059851361148,16625.496774310854,13784.786675709754
2017-12-20,22968.977179383728,15347.229648076596,12552.86977958742,17321.020288709242,16441.048301828705,13752.536126482935
2017-12-21,23014.591994082402,15358.05559332325,12621.841965792444,17325.026375271074,16492.08585596719,13734.955902538259
2017-12-22,23004.16660983966,15363.906110534821,12566.00545321321,17322.354971668552,16445.602418264083,13734.955902538259
2017-12-26,22980.94038297501,15369.758010193753,,,,
2017-12-27,23000.734437606472,15435.574946376595,12589.003573701537,17345.72516840184,16442.117112537842,13764.266758918291
2017-12-28,23047.27280303122,15416.563530333693,12546.297190933106,17283.62878900955,16328.79737848989,13725.183410101637
2017-12-29,22929.255906992857,15441.424081140813,12566.00545321321,17283.62878900955,16250.422840558565,13714.435985746793
2018-01-02,23120.686494584825,15390.236202881615,12514.985723884436,17187.478636157786,16192.240225403579,13697.43343793023
2018-01-03,23268.658651033886,15406.316830529304,12585.656693396304,17216.18960241221,16326.620444493805,13715.037662745563
2018-01-04,23367.233730392134,15399.011978698976,12717.134601610365,17251.578058830994,16565.23796364041,13714.055282281277
2018-01-05,23531.567769239467,15379.989503077224,12842.039921170119,17251.578058830994,16756.139841473258,13712.590401555259
2018-01-08,23571.112922654665,15372.679121457471,12861.760063053769,17279.622702447716,16816.700867585594,13724.81429326333
2018-01-09,23608.85178267305,15299.547656312805,12925.850524175627,17239.559799145496,16839.105351381655,13698.410852697141
2018-01-10,23582.768991934718,15295.158385956769,12883.121966147248,17210.180472569464,16707.958591816092,13679.830040731136
2018-01-11,23750.490099375133,15305.395408629665,12853.541753321775,17154.761583341526,16609.281564483346,13623.591862711712
2018-01-12,23910.86575685465,15295.158385956769,12884.7684791985,17201.499939124194,16662.281061958034,13638.264670842544
2018-01-15,,,12851.899200138374,17177.463419753203,16606.27415228108,13623.102741520142
2018-01-16,23827.02668105831,15302.470150023879,12874.906824309533,17210.84883289107,16663.916219491213,13642.665106334201
2018-01-17,24051.31634436715,15268.832440952045,12868.331859734511,17202.83665976741,16585.45445677788,13644.62076348425
2018-01-18,24014.586946770294,15220.56014416714,12883.121966147248,17204.839703048325,16708.07161547729,13634.839167269107
2018-01-19,24120.46237244932,15181.063623199596,12955.437864763226,17226.204818816786,16900.571795301617,13640.216189911444
2018-01-22,24315.413191762313,15175.213105988021,12998.164046870897,17247.57197226916,16937.3560829488,13640.216189911444
2018-01-23,24369.251903507848,15219.093367522179,13011.313976020941,17266.936082440618,17058.010069793952,13642.174329910176
2018-01-24,24355.615569647696,15189.84216391167,12939.00282924638,17239.559799145496,16875.776615367642,13620.166359138271
2018-01-25,24370.351573209595,15223.486785220284,12869.975996865052,17193.48776600053,16729.370433022515,13590.33989784733
2018-01-26,24659.345629945896,15178.13836459381,12930.786103461527,17162.105396143583,16781.966976574677,13569.310169458564
2018-01-29,24494.79036848278,15140.119679850077,12911.06200171003,17162.105396143583,16762.22960547924,13500.848099731069
2018-01-30,24229.505791898035,15105.001369659718,12804.239814665512,17099.340656429682,16602.751991013145,13513.562767863164
2018-01-31,24242.042456056435,15109.398934699891,12777.947876101121,17086.654036422584,16592.399269351172,13501.8205488006
2018-02-01,24231.002803191233,15031.462082544964,12702.34211927692,17098.672296108074,16358.939069005675,13488.620897558078
2018-02-02,23718.599678024442,14975.788162614794,12526.492307877508,17034.572873434867,16083.763309534275,13443.633334560967
2018-02-05,22746.710736502708,15098.850861371842,12325.988359255683,17054.604325085977,15960.894304633288,13465.636339635495
2018-02-06,23145.935941877302,15032.92056450579,12035.09725910619,17107.352829553343,15589.99733227304,13508.673211179937
2018-02-07,23030.777757505002,14988.971180603821,12283.259009253736,17098.672296108074,15838.791894999544,13467.103703210201
2018-02-08,22169.605365700852,15002.154198592847,12061.388405697013,17055.271666565633,15423.475395271078,13443.144213369398
2018-02-09,22507.996499527966,14975.788162614794,11908.547802415898,17047.927853763576,15231.240575346947,13450.971807666956
2018-02-12,22821.97367730085,14971.391980021977,12040.026502603534,17043.92074835979,15451.754652413236,13449.497823162415
2018-02-13,22882.89580833616,14996.295386697138,11964.43024946217,17023.890315550638,15343.227367303618,13454.877328653442
2018-02-14,23196.125554358638,14905.464448050636,12090.974162337476,17025.22499850994,15522.694199066731,13446.56723409415
2018-02-15,23481.687438861747,14909.863395538165,12173.149339921709,17015.87712358502,15531.51250167616,13439.718709795958
2018-02-16,23492.55097275128,14945.017649359785,12309.554907685977,17087.322396744188,15664.596634216796,13492.536349939319
2018-02-19,,,12217.517283239209,17036.575916715785,15581.115146724676,13465.149701292614
2018-02-20,23356.941509277334,14928.90246052819,12299.694044770582,17021.88625342777,15709.809784249503,13465.149701292614
2018-02-21,23229.027585923242,14884.953076626223,12302.982319031664,17039.91466179796,15687.90776433854,13477.374420616914
2018-02-22,23253.572557313037,14905.464448050636,12281.618831991043,17051.2655800038,15677.114004694291,13496.936785430975
2018-02-23,23627.767390218545,14962.602379731054,12312.83763813207,17094.66620954624,15704.63895174977,13541.434399620292
2018-02-26,23908.490298475488,14980.1815803129,12370.361054414603,17115.36500267701,15759.047559435241,13543.390884386568
2018-02-27,23608.104350922644,14933.300025568364,12357.214293158839,17100.675339388992,15713.370029577187,13522.855242886744
2018-02-28,23348.582301310144,14968.46672141619,12270.11462391868,17130.723026286632,15644.329771839011,13522.855242886744
2018-03-01,23041.072126412186,15032.874943743032,12120.554375162948,17158.76766990336,15336.233414008067,13559.529400859647
2018-03-02,23160.100632664464,14977.11807697149,11857.604102549805,17143.409646293734,14987.476794061737,13558.069485831005
2018-03-05,23415.7502126046,14958.043068350202,11984.14801542511,17154.093223019918,15210.344711724247,13567.842805883856
2018-03-06,23478.78362355557,14956.574909257883,12010.446289778063,17128.719983005714,15239.278768990509,13528.720559104422
2018-03-07,23469.019759367784,14956.574909257883,12063.034918748262,17163.44007910289,15404.693811223582,13541.92352081186
2018-03-08,23580.12935509204,14987.388278380935,12187.938654360874,17223.535452898173,15543.338216487855,13568.823531115684
2018-03-09,23990.525228667404,14955.108132612922,12247.10303987967,17190.15003976031,15532.153788101643,13553.665739874428
2018-03-12,23960.043759122076,14990.332891249709,12258.608039925604,17215.521242090603,15622.365097507172,13576.156210908066
2018-03-13,23808.94871254344,15015.273624003488,12141.91707023,17229.54458274092,15374.086512364389,13588.380102616138
2018-03-14,23679.275747225023,15044.614686692155,12136.990994626934,17239.559799145496,15395.107684828852,13613.321145304995
2018-03-15,23662.20938892407,15038.742050322882,12197.802685170547,17263.596318516484,15530.744677890858,13627.503177011804
2018-03-16,23703.33746532792,15021.136583241268,12240.529659251788,17264.9330391597,15586.122586322897,13634.348390845076
2018-03-19,23366.793432952956,15006.466051896936,12107.407613907182,17290.9726018116,15369.040988706418,13636.790686338003
2018-03-20,23401.85184807333,14977.11807697149,12156.711928484154,17309.66835166145,15482.651881533759,13626.037468669556
2018-03-21,23361.207024956384,14987.388278380935,12141.91707023,17280.957385407026,15484.94183919104,13613.321145304995
2018-03-22,22774.24758268652,15049.017781521752,11969.357909012375,17351.065937922976,15221.930865514927,13672.98565451409
2018-03-23,22297.03388797566,15069.548507209152,11852.672483131755,17367.75864449191,14953.007034432965,13678.362677156429
2018-03-26,22902.55669983968,15028.473231360791,11773.783995861462,17361.749514649164,14828.402133518168,13679.830040731136
2018-03-27,22506.93978567395,15113.579455505138,11921.699315513084,17396.471648430244,15059.334043703426,13679.830040731136
2018-03-28,22445.09410391256,15110.645902215214,11979.21639600706,17421.844888444448,15021.44286128735,13706.721774872665
2018-03-29,22755.20095980546,15141.462036232977,12043.312400943907,17458.568027822537,15217.717048581195,13711.61629725327
2018-04-02,22247.15355759794,15156.892913623236,,,,
2018-04-03,22528.71410488551,15108.380070998348,11972.646975247026,17447.216090774742,15099.112229854254,13704.769428187534
2018-04-04,22790.918747188407,15099.576646233865,11916.766904121463,17473.257691110553,15043.068464635602,13709.654846789615
2018-04-05,22950.635032405353,15061.350594386699,12217.517283239209,17430.523384205808,15479.960198472007,13689.607498865134
2018-04-06,22447.99791921874,15127.495170592965,12176.433654314942,17447.88445109635,15399.547549084977,13715.527611553358
2018-04-09,22529.592551971476,15130.431488777602,12201.084623643073,17433.86314812994,15425.312029765519,13703.306202693977
2018-04-10,22907.13149762234,15103.975593721394,12296.401810641653,17410.492951396653,15595.859820438573,13691.567294096327
2018-04-11,22781.593032647408,15118.68206869699,12229.026243152992,17423.179571403754,15465.844526003028,13710.635572021443
2018-04-12,22972.319144336696,15064.291059913401,12296.401810641653,17421.844888444448,15618.113196513688,13701.834701038122
2018-04-13,22906.42702171966,15077.523846007252,12327.634080333362,17422.511211082146,15652.570670961893,13699.38826746405
2018-04-16,23092.799558242063,15070.169226072101,12284.903146384277,17413.830677636877,15588.424829160744,13686.190271453986
2018-04-17,23338.949452457917,15078.990622652214,12391.726125402363,17446.549768137043,15832.67878915049,13701.345579846555
2018-04-18,23358.39126913804,15020.193754144317,12419.662993070866,17445.881407815436,15839.295587402701,13681.78487026495
2018-04-19,23227.530574630044,14979.039678796651,12427.882886749996,17357.077105449633,15809.845552552717,13617.234114837547
2018-04-20,23030.38256370594,14929.07111910565,12429.526231906968,17361.749514649164,15775.980223807734,13624.080156287051
2018-04-23,23031.658352383358,14914.368791472125,12482.11723679788,17318.34888510672,15816.097480942153,13584.956254275157
2018-04-24,22724.015014357457,14896.73429299603,12477.187201326968,17331.70386543543,15788.963202628636,13584.956254275157
2018-04-25,22765.757359383762,14864.39055464963,12388.443394956268,17330.367144792217,15627.284083805323,13582.508993084854
2018-04-26,23003.37407444914,14907.01831887904,12505.127236889748,17379.110581539706,15725.622040154482,13628.97136820274
2018-04-27,23030.294504218105,14932.008819737643,12539.641445053981,17403.815461232298,15826.765931744641,13649.019543743452
2018-04-30,22842.51516368272,14948.176541568773,12570.867378957135,17392.465561868412,15866.0662243715,13657.337086848807
2018-05-01,22900.885717363195,14924.760648248921,,,,
2018-05-02,22735.84720261318,14927.705261117695,12646.467591966346,17378.442221218098,16105.26237552271,13639.727068719874
2018-05-03,22687.066541937205,14965.99075820118,12559.36317088477,17439.20391765108,15964.240787819146,13691.07486243984
2018-05-04,22981.82097785336,14967.46168218821,12651.398419410829,17396.471648430244,16127.08822731417,13672.492395241374
2018-05-07,23061.701672281888,14960.101532463632,12753.29373887871,17423.847931725362,16288.79191649861,13687.163548139746
2018-05-08,23055.8059821817,14935.06955818434,12750.00229672335,17356.408745128025,16243.592280164525,13657.337086848807
2018-05-09,23281.76662796703,14901.19545061459,12833.818443543847,17359.080148730547,16282.401165568792,13658.807760888432
2018-05-10,23505.22080003763,14932.129092657635,12845.325819510492,17346.39352872345,16382.803032252838,13662.222505450889
2018-05-11,23553.561163274422,14933.59863419731,12855.183514531607,17367.092321854212,16355.592585819819,13657.822897575461
2018-05-14,23575.42354197382,14901.19545061459,12848.608549956583,17309.66835166145,16325.991443248884,13605.986810280156
2018-05-15,23415.17889982986,14818.733848262716,12856.828443635717,17268.939125721532,16316.342662433277,13584.447270294082
2018-05-16,23516.788809829846,14787.809883351167,12894.628550140322,17220.86404929565,16349.415597031826,13606.029018707852
2018-05-17,23503.416654433197,14778.980192086912,12978.447072881527,17210.84883289107,16498.212475514865,13586.898669565533
2018-05-18,23443.463177764075,14836.40152547536,12947.217971084096,17213.51819880969,16451.803977413205,13642.827319115166
2018-05-21,23617.342005975803,14846.720112542276,12947.217971084096,17213.51819880969,,13642.827319115166
2018-05-22,23543.709239598804,14840.822592120589,13039.254803557293,17188.14699647939,16567.792052679837,13662.941703954228
2018-05-23,23620.86223769683,14908.559747681238,12906.131174265547,17211.51515552877,16324.896833660561,13722.31240940189
2018-05-24,23573.926530680623,14946.852157001504,12819.024377263262,17244.234246028936,16171.735030522837,13755.664515830023
2018-05-25,23521.099429149,15005.748561719052,12850.255063007833,17255.584145392822,16276.048498698723,13816.996671741335
2018-05-28,,,12800.949956457294,17207.50906896694,16182.264658784947,13883.220867184566
2018-05-29,23250.09742923212,15167.731300896094,12631.673525685763,17088.6570797035,15934.500822707829,13952.402963031627
2018-05-30,23549.46961877866,15102.93875820422,12684.266906497383,17071.964373134564,16082.001614641282,13850.846175523337
2018-05-31,23392.614193020167,15095.58690316378,12605.37683527995,17186.143953198476,15856.982561861874,13879.793708378666
2018-06-01,23648.57305506392,15039.805152339823,12758.222982376054,17197.493852562362,16007.162751676513,13839.564111084308
2018-06-04,23755.064897157798,14986.69014246604,12782.875535651323,17253.581102111904,16065.63529709283,13796.87152789129
2018-06-05,23773.187969312774,15025.055821496186,12746.71560640941,17211.51515552877,16086.241230454201,13853.300057643472
2018-06-06,23977.593370709932,14964.558542740122,12759.865535559456,17047.927853763576,16140.26039791577,13754.68296298197
2018-06-07,23964.79467588041,15028.008729049096,12723.70560631754,17019.215868667197,16116.33255172967,13728.683399135722
2018-06-08,24040.6267816609,15007.346670862855,12699.053053042271,17009.867993742275,16060.3514409319,13776.760453517143
2018-06-11,24066.447541728117,14992.597340019218,12796.02071295995,17057.275728688503,16156.412953322395,13730.154900791576
2018-06-12,24109.465675431846,14983.742764702552,12792.730854751733,17071.29703165491,16155.645129537093,13733.591990992227
2018-06-13,24013.311158092878,14966.033614069223,12799.308987221031,17114.698680039306,16216.381833731506,13751.252493711154
2018-06-14,24079.99581610043,15013.246956179253,12958.72455507717,17221.53240961726,16488.763943142465,13797.373063326299
2018-06-15,24058.002422065474,15025.055821496186,12809.64741019891,17270.942169002446,16367.30404845226,13820.427968628384
2018-06-18,24007.241496809398,15032.432560589039,12718.229901057159,17270.942169002446,16145.342777115437,13828.523710584263
2018-06-19,23911.78930758073,15072.269163606215,12631.80261737761,17344.39048544253,15948.917482100645,13849.867933140196
2018-06-20,23952.698309161184,15023.573837930304,12680.002920798526,17341.384901679205,15970.543085448899,13853.054255623345
2018-06-21,23803.01006659552,15063.41873563162,12558.669402037782,17282.96042868794,15740.01412918617,13896.960951824874
2018-06-22,23848.008464879353,15066.359201158326,12704.930288902455,17276.61711868439,15825.318737474108,13892.059808514434
2018-06-25,23520.74719119766,15087.022641791922,12429.025704610964,17250.909698509382,15436.105789409768,13902.113690469048
2018-06-26,23572.56268251537,15094.399380884775,12437.340635118453,17210.84883289107,15390.829984956183,13889.116805202728
2018-06-27,23369.697248259134,15151.94651698264,12528.753392418785,17255.584145392822,15534.582568299309,13899.902299904123
2018-06-28,23517.272063116743,15137.193038796935,12437.340635118453,17277.953839327605,15318.986249013116,13907.25815295093
2018-06-29,23536.582864461307,15125.38417348,12537.065947005563,17334.70741151485,15480.97863994083,13914.129022887317
2018-07-02,23609.865540679348,15115.040702360673,12424.043398884456,17355.074062168715,15395.648232773705,13923.944551367866
2018-07-03,23493.036373830568,15153.467209074495,12525.427103426366,17367.426502015016,15535.248425085922,13927.869107527626
2018-07-04,,,12540.386692183,17356.74292528883,15495.584491114345,13915.605490240545
2018-07-05,23701.312097107708,15154.9547224298,12600.220295368128,17333.372728555543,15680.107903197937,13918.79346795615
2018-07-06,23904.00356018066,15168.259395786177,12615.177508204055,17343.38794496012,15720.21287515179,13926.644235508133
2018-07-09,24121.871324254687,15129.825976835573,12688.313891438163,17355.406204645613,15780.244409981782,13915.85377510936
2018-07-10,24206.14854969782,15117.997757255655,12741.50283637414,17347.39403152195,15863.222205070746,13895.97774374436
2018-07-11,24034.42395724948,15149.043377534552,12573.629782767983,17347.39403152195,15620.780309214308,13907.999697092462
2018-07-12,24247.100507126,15143.129267744593,12678.339776302311,17368.761184974323,15716.187021480699,13920.763194582096
2018-07-13,24273.36156463239,15168.259395786177,12711.584450834438,17402.48077827299,15776.270154069063,13932.78018223282
2018-07-16,24249.564024993,15143.129267744593,12665.042540068318,17367.092321854212,15801.793845210532,13908.24798196128
2018-07-17,24346.29200289909,15134.258103059652,12696.624862077802,17427.185657965587,15928.248894318393,13926.882588982195
2018-07-18,24398.854925967207,15122.42711858502,12766.43258039878,17407.155225156428,16059.584845664654,13926.882588982195
2018-07-19,24304.94270387946,15163.820357325316,12739.838107930793,17418.505124520318,15959.384455941872,13938.172929583516
2018-07-20,24282.90635399678,15110.604428794526,12716.569924455225,17356.408745128025,15802.29753761369,13899.4173167937
2018-07-23,24327.597617969375,15036.704322919795,12694.960925608024,17318.34888510672,15786.1326970265,13867.524297777978
2018-07-24,24445.08615708073,15047.042264249698,12802.998792081913,17319.01724542833,15963.283772253146,13883.220867184566
2018-07-25,24667.747793760816,15036.704322919795,12773.07644667436,17332.370188073128,15824.82855876957,13887.15204427416
2018-07-26,24592.97025404196,15020.437064879015,12879.448000757759,17315.0111588665,16114.043822590445,13873.902736057875
2018-07-27,24431.625942196246,15044.081062012649,12927.654639967232,17295.647048695042,16178.415711713988,13873.902736057875
2018-07-30,24293.067559776013,15024.86642620838,12891.08922025767,17232.213948659537,16100.167711142481,13826.801441210902
2018-07-31,24412.49125982736,15045.560280683816,12944.27499729937,17260.926952597867,16109.350883614683,13832.201637107666
2018-08-01,24387.110797199322,15010.017559155096,12864.49712371039,17195.490809281448,16023.240367481692,13787.560845310667
2018-08-02,24509.790550508184,15027.783390130031,12766.43258039878,17169.451246629542,15783.31447660493,13813.067977500428
2018-08-03,24626.926851668195,15066.302520816718,12854.518256733121,17210.180472569464,15870.657196348575,13866.049485657204
2018-08-06,24716.39529130884,15073.704143961986,12836.24346661404,17242.89752538572,15848.579498355537,13884.208213346223
2018-08-07,24786.467017909476,15042.605990683549,12889.426867735028,17233.55066930275,15911.455052486283,13863.111448042875
2018-08-08,24780.704490937227,15055.9272534082,12861.172418665106,17237.55675586458,15893.024824602942,13874.390202016986
2018-08-09,24751.365646941376,15097.397909200443,12896.073109931316,17256.92086603604,15946.578383721104,13896.472658249537
2018-08-10,24582.720988774883,15162.572007362638,12764.76943590257,17272.94521228336,15629.86274320588,13952.891256606965
2018-08-13,24484.629162703543,15158.123291770286,12726.541663670369,17226.204818816786,15547.325986099197,13955.347621575791
2018-08-14,24643.20282237102,15143.320045479753,12723.218542572224,17246.903611947553,15547.489379000708,13945.53209309524
2018-08-15,24460.393473417367,15180.350280363778,12525.427103426366,17224.87013585748,15301.096569074625,13974.477143101882
2018-08-16,24661.456909861554,15175.901564771426,12611.859138947328,17235.553712583667,15394.390230283867,13965.861658153946
2018-08-17,24745.472104633573,15181.828116587592,12606.869705458694,17238.891438823888,15360.902056582225,13974.7254279707
2018-08-20,24806.48014736433,15229.217029511863,12684.986810472172,17283.62878900955,15512.805857230107,13979.14986433301
2018-08-21,24858.65002442577,15208.484466510454,12718.229901057159,17293.644005414128,15579.719550212512,13948.640619652826
2018-08-22,24849.500428860443,15236.631094683335,12709.922890285368,17252.914779474206,15581.241684084493,13925.018797233613
2018-08-23,24808.988768871444,15235.149111117455,12693.298573085382,17251.578058830994,15555.930526566795,13930.433062606273
2018-08-24,24963.030586603985,15239.596444262454,12698.286422626874,17232.213948659537,15592.336430652582,13924.03227868818
2018-08-27,25157.362841709742,15205.534323852256,12774.74196709128,17195.490809281448,15773.224657807046,13896.972538452086
2018-08-28,25164.358201511684,15171.45699652114,12754.798488660997,17173.457333191374,15759.525452959215,13893.524689240452
2018-08-29,25309.9978554293,15167.019340507637,12791.367076264836,17160.102352862665,15802.624323416714,13866.452534760916
2018-08-30,25202.011149834616,15195.156291549023,12763.105499432788,17186.81027583618,15717.785323472182,13922.05758636486
2018-08-31,25207.947647990142,15198.124406022853,12655.070800853176,17182.804189274346,15554.017723952853,13940.763368381504
2018-09-03,,,12671.690366211747,17198.16221288397,15531.814717118054,13938.800262685394
2018-09-04,25168.623717190727,15163.39318109224,12571.964262351064,17238.891438823888,15360.47453229857,13912.225505559722
2018-09-05,25098.24485627886,15161.905667736935,12434.0151380996,17232.882308981145,15146.928609648647,13884.660919423699
2018-09-06,25013.967630835727,15193.074325830537,12380.82619316362,17265.5993617974,15039.734266630312,13915.175129801262
2018-09-07,24960.655128224815,15124.80492803774,12379.169384455969,17240.228159467108,15045.244170113632,13879.742396172443
2018-09-10,25007.983881247703,15133.717566143368,12424.043398884456,17272.276851961753,15078.84536747647,13862.027270782377
2018-09-11,25103.216995652976,15078.797080022343,12414.074827563594,17245.568928988243,15058.628874339003,13845.789440361768
2018-09-12,25112.409547066025,15096.611296654748,12470.582141756298,17251.578058830994,15136.663112768683,13857.597868722687
2018-09-13,25251.715361236667,15095.125165746796,12462.268795195952,17245.568928988243,15165.911670657406,13847.756684139027
2018-09-14,25262.447879790638,15066.919092337599,12500.50211124314,17208.845789610154,15252.437425893488,13822.657566750353
2018-09-17,25122.130455406088,15069.894119048211,12519.724101751497,17232.213948659537,15217.314094658666,13815.769316873153
2018-09-18,25258.006245135923,15007.562332650428,12538.195301315849,17228.876222419312,15294.379032341783,13790.67019948448
2018-09-19,25289.72054751094,14982.329903504484,12573.456340556237,17196.159169603052,15371.556993686094,13781.32558463845
2018-09-20,25489.113001478647,14983.811887070364,12670.831074888705,17201.499939124194,15506.74312062137,13795.103739625316
2018-09-21,25480.315643864666,14989.74535112331,12724.55697790489,17230.879265700227,15638.077843449575,13806.414770632371
2018-09-24,25390.756996943797,14973.424177635638,12650.683267277458,17150.08713645809,15537.362704661125,13752.28784161412
2018-09-25,25359.482992007957,14958.584987713846,12721.19980194325,17143.409646293734,15567.353287455964,13722.760977398217
2018-09-26,25275.996154162953,15007.562332650428,12758.133489362686,17169.451246629542,15581.48001658745,13732.603817214334
2018-09-27,25350.554619058414,15007.562332650428,12793.390568735227,17159.433992541057,15644.002986035988,13727.681983498163
2018-09-28,25351.43306614438,15014.97916271661,12697.692442449657,17128.719983005714,15406.417422056826,13787.722230475396
2018-10-01,25443.93848421915,14976.905180078631,12729.59313783413,17075.30311821674,15522.53080616522,13782.795431061848
2018-10-02,25434.788888653824,15015.573615079791,12635.573995516163,17085.986694942927,15457.806332359467,13782.795431061848
2018-10-03,25452.86685716869,14904.040527273717,,,,
2018-10-04,25250.879869998425,14865.370709825198,12565.055876903232,17020.551570468455,15403.158163652979,13721.282854812529
2018-10-05,25111.617011675506,14829.686978666141,12464.323966609129,16975.815239124757,15236.800848070585,13698.640102392683
2018-10-08,25101.765087999887,14835.632884745295,12311.541969372163,16952.445042391468,15029.557223050413,13730.631607739702
2018-10-09,25073.48081006567,14863.890108706675,12353.513400667982,16961.79291731639,15067.372237346985,13723.74418547873
2018-10-10,24249.652084480836,14871.319380799065,12147.010252256254,16949.774657630896,14734.354162222247,13718.81573083272
2018-10-11,23750.84233732647,14932.296368787738,11895.166616983526,16947.771614349982,14516.530539699652,13747.363525049257
2018-10-12,24090.81639414224,14914.448973418786,11886.775657013353,16948.438955829635,14496.981131866854,13765.083616136697
2018-10-15,23949.09001795232,14923.378200892688,11910.27747269196,16947.103254028374,14610.642393934511,13760.159299571835
2018-10-16,24464.570929608573,14921.885157747958,12076.491341669753,17003.19050357792,14814.928975992729,13776.3987852249
2018-10-17,24459.381863203453,14878.761094917661,12047.952574088336,17001.85582061861,14737.537252506592,13804.450009703802
2018-10-18,24109.72985389535,14905.52527573431,11958.96642380533,16966.467364199827,14579.254986109454,13845.789440361768
2018-10-19,24101.679928031775,14887.684792602136,11967.36213561692,16978.48562388532,14534.747005441168,13832.994493455419
2018-10-22,23998.663214018812,14890.652907075968,11937.138840252912,17015.209782105365,14497.648217171525,13815.769316873153
2018-10-23,23867.583444687418,14929.319959629773,11728.955123926442,17027.22804179086,14183.072655110693,13856.615488258403
2018-10-24,23130.935759851895,15009.623561658569,11705.450140353554,17048.59519524323,14079.098257918398,13856.615488258403
2018-10-25,23561.699148625838,14973.934300710087,11770.927347195828,17084.650993141666,14224.38526031407,13870.396126093956
2018-10-26,23153.502614453977,15040.853047435847,11675.230012883829,17132.05770924594,14090.40799514637,13912.712143902601
2018-10-29,23001.922166796056,15039.366916527899,11782.681818916191,17156.096266300836,14260.062653192363,13891.06335857425
2018-10-30,23364.329915085957,15006.645770053246,11782.681818916191,17119.373126922746,14199.564281500907,13899.922162693627
2018-10-31,23618.66289829333,14969.474525538884,11984.151183319389,17130.054665965024,14400.995787595863,13882.209520152252
2018-11-01,23868.683114389165,14982.28704763644,12031.160358491588,17134.060752526857,14427.4519239422,13875.80625338547
2018-11-02,23720.00648203742,14898.828700740723,12056.343534058507,17130.054665965024,14490.918395258117,13849.233151492257
2018-11-05,23853.506813388092,14907.77728247761,12051.306582155694,17129.388343327322,14460.688251442263,13853.657587854568
2018-11-06,24004.689919454566,14891.373162148564,12016.047918836015,17098.672296108074,14447.328117578025,13843.817230887136
2018-11-07,24514.10116982734,14891.373162148564,12152.04007639694,17099.340656429682,14566.536138670695,13826.104588345761
2018-11-08,24465.45152448693,14870.51341399038,12168.837043835105,17075.97147853835,14501.397654279908,13815.769316873153
2018-11-09,24244.594033411275,14928.637030635795,12121.821532874348,17104.68346363473,14503.71218229832,13815.769316873153
2018-11-12,23766.897085413515,14973.350907925758,12012.688366953666,17108.021189874955,14247.432259053672,13882.695330878903
2018-11-13,23732.5001903481,14985.271751478544,12091.601405404617,17098.005973470375,14432.080979979026,13863.010478862892
2018-11-14,23559.059511783165,15016.570359623633,12016.047918836015,17098.005973470375,14356.991499330734,13873.836526759524
2018-11-15,23816.339266144445,15026.999542479047,11885.095089098611,17114.698680039306,14282.945030512396,13914.615661230197
2018-11-16,23871.013469128226,15073.196785782247,11863.2698814669,17114.698680039306,14267.006237247599,13907.208495977166
2018-11-19,23474.43004838869,15095.550959532518,11782.681818916191,17066.62360361342,14145.65936621859,13906.223632664194
2018-11-20,23050.088558849566,15092.571785479839,11650.049213237617,17082.64794986075,13921.571530125995,13929.421715573959
2018-11-21,23122.138402237913,15089.592611427159,11774.284523157465,17082.64794986075,14145.193757875186,13906.71689193691
2018-11-22,,,11703.768780465243,17132.726069567547,14012.24844787493,13906.223632664194
2018-11-23,22971.792935202073,15098.537045821979,11747.420779675804,17132.726069567547,14080.432428527738,13934.845912341374
2018-11-26,23331.339824033515,15086.612054927122,11878.378361254625,17201.499939124194,14284.265687423114,13913.627487452304
2018-11-27,23407.6573308933,15101.512072532589,11866.626265454966,17207.50906896694,14226.888980113179,13926.457194240289
2018-11-28,23946.93578218894,15100.024559177284,11856.551569675776,17207.50906896694,14214.019024953475,13926.948798280548
2018-11-29,23900.17834194079,15138.77594101982,11885.095089098611,17207.50906896694,14213.202060445914,13959.027203331652
2018-11-30,24099.965989707565,15168.581506020178,11873.343785272524,17207.50906896694,14161.636243543138,13967.419231897655
2018-12-03,24363.66549551127,15201.738123412042,11982.472991325354,17300.98781821618,14423.577177992058,13977.287727816887
2018-12-04,23576.523211675572,15271.924975687936,11901.88334482751,17326.361058230385,14259.8611762311,14007.884699817389
2018-12-05,,,11759.1744594226,17326.361058230385,14089.930101622398,13998.01289343324
2018-12-06,23548.019858917964,15310.755157029776,11413.317225646893,17354.40570184711,13600.24034727257,14049.336686282551
2018-12-07,23002.626642698735,15355.556128503184,11458.649792772196,17341.71908184001,13571.443884028633,14020.222802565117
2018-12-10,23043.35952530352,15364.522682055702,11265.57297228631,17346.39352872345,13362.59090035447,14023.188979131244
2018-12-11,23036.321209653855,15325.699412950642,11431.785257316964,17341.0507215184,13561.908126874221,14030.587868221979
2018-12-12,23161.374273549496,15283.878997977272,11616.467157964831,17352.402658566196,13749.249759379383,13998.01289343324
2018-12-13,23161.06713923827,15292.833109503585,11603.033702276862,17361.749514649164,13743.30004643184,13989.127605594522
2018-12-14,22721.81567495396,15316.731476950767,11534.196151578673,17391.797201546808,13669.165124313437,14018.744679979427
2018-12-17,22251.068983118028,15361.535213318884,11389.49228475188,17384.451351060845,13551.454666731615,14013.807121554895
2018-12-18,22254.410948071,15399.393534169294,11313.595873627628,17405.152181875514,13512.06592080469,14022.685788463776
2018-12-19,21913.865578480494,15453.26750764165,11349.010555740526,17449.219134055656,13543.918936973154,14022.685788463776
2018-12-20,21568.745411107328,15433.81923823418,11178.669712491417,17476.595417350778,13348.789728507953,14034.042338363448
2018-12-21,21124.69792642458,15447.282893036523,11205.653043982093,17476.595417350778,13377.37242961006,14018.244799776878
2018-12-24,20553.531201570637,15486.20293345652,,,,
2018-12-26,21573.27725304227,15412.868248550487,,,,
2018-12-27,21759.999879723626,15451.782759181058,10984.710633448973,17463.242474705974,13059.96513342904,14045.88883707092
2018-12-28,21736.55457803558,15535.579805679052,11185.41415941034,17461.23943142506,13283.197920954322,14037.001893999743
2018-12-31,21923.98382841201,15593.948115506517,,,,
2019-01-02,21951.870764754767,15626.869716847825,11220.833593364656,17513.98691705047,13309.905903502242,14102.635171455187
2019-01-03,21414.087176959943,15751.081229357902,11124.697505695083,17481.938224555823,13104.184412354052,14126.816462445468
2019-01-04,22149.328057782488,15623.87671832158,11411.417281053362,17427.185657965587,13545.781370346782,14065.625828909382
2019-01-07,22304.64351640006,15580.473401125326,11421.536327352454,17403.1491385946,13520.77119975292,14060.191700747215
2019-01-08,22521.41161077234,15541.569950073606,11505.864881072495,17372.43309137535,13591.434329843707,14044.404093555397
2019-01-09,22620.91024085666,15550.555857889112,11561.521615651425,17405.152181875514,13703.824075722903,14049.836566485103
2019-01-10,22723.09146363138,15543.067140560404,11612.119223067592,17405.152181875514,13739.387216421945,14071.054991374172
2019-01-11,22719.83541037386,15589.452396704051,11625.612868746854,17463.908797343676,13696.451738865955,14082.403265111549
2019-01-14,22602.96328767735,15580.473401125326,11556.461696515094,17487.27899407696,13656.762006015193,14090.790327980176
2019-01-15,22845.769069147853,15565.515320730896,11607.060887878402,17513.320594412773,13701.898987928398,14118.922658849557
2019-01-16,22897.10345497105,15556.530795362747,11671.149765053122,17527.34189737918,13751.527431856099,14096.221145677426
2019-01-17,23073.18162258627,15528.096618139769,11679.582699622482,17521.332767536434,13735.651293012183,14076.972447414302
2019-01-18,23378.00920479383,15478.712833680454,11880.285433610281,17519.32972425552,14096.597269114927,14056.740541070665
2019-01-21,,,11868.480275581458,17510.64919081025,14009.367573032481,14062.659652343253
2019-01-22,23047.977278933908,15532.588189600167,11821.255683598321,17534.019387543536,13951.386434838758,14082.403265111549
2019-01-23,23098.738204189976,15525.10638450824,11806.07751013647,17549.375373469255,13928.024935476695,14094.25141905148
2019-01-24,23131.287997803236,15574.49155141491,11826.317186681792,17634.17562695713,14001.79375921427,14137.18483856725
2019-01-25,23328.436008727338,15538.570039310582,11892.092967559813,17630.169540395298,14192.51995896504,14112.508633071795
2019-01-28,23145.319525462455,15543.067140560404,11770.658076182155,17621.489006950032,14102.597351302786,14109.050852465409
2019-01-29,23112.02230009879,15587.966265796103,11861.735036688968,17627.498136792776,14113.316171345592,14114.481670162657
2019-01-30,23473.98975094951,15623.87671832158,11917.390979294327,17627.498136792776,14066.556317079772,14123.856906809173
2019-01-31,23680.858670213674,15695.712830293458,11930.882249052878,17687.591472904154,14055.787127796653,14142.612345799582
2019-02-01,23705.315582115632,15611.733300744441,11952.808829301503,17635.51030991644,14065.298314589936,14147.543283294279
2019-02-04,23866.350611857724,15577.244004101167,11974.734617576554,17610.137069902237,14060.165566149954,14127.31468741556
2019-02-05,23978.957218875188,15604.232141389526,12140.02346142503,17603.461617421788,14300.947734112082,14137.18483856725
2019-02-06,23927.932115155607,15616.223489757482,12141.70640526048,17595.44740661422,14246.525612727986,14137.18483856725
2019-02-07,23707.514921519127,15667.215060492095,11962.929459547733,17606.799343662013,13865.728013350552,14193.92951771906
2019-02-08,23731.40052064635,15688.211670938543,11908.954876830687,17621.489006950032,13720.756740095396,14219.102292952146
2019-02-11,23748.466878947307,15664.217914623783,11998.346517581338,17615.479877107282,13856.381447976835,14192.454705598288
2019-02-12,24056.286335948877,15643.222686624691,12057.376267593296,17620.820646628425,13996.636440413156,14176.660477476633
2019-02-13,24131.02091982001,15604.232141389526,12126.529815745764,17645.525526321017,14048.390220578574,14190.480013274966
2019-02-14,24075.42101831777,15677.718895504744,12096.17188487492,17656.87746336881,13950.983480916231,14198.3688511735
2019-02-15,24339.077568273755,15662.724871479055,12269.887327504197,17656.87746336881,14215.17628896268,14200.92949578723
2019-02-18,,,12301.930578131201,17656.87746336881,14214.421978876,14195.98531643286
2019-02-19,24377.38988885926,15689.71439121477,12278.31867812642,17672.901809616134,14227.01428895494,14211.321045163435
2019-02-20,24425.423117784827,15686.70895066232,12347.466682463899,17653.539737128587,14343.706305067939,14203.405723545558
2019-02-21,24341.40792301281,15640.220010966954,12330.601605298747,17644.19084336171,14370.51502609649,14172.23935157924
2019-02-22,24498.222540715968,15686.70895066232,12369.394846659661,17669.564083375913,14413.81537351525,14202.907498575467
2019-02-25,24531.826900390868,15662.724871479055,12394.692066420605,17686.925150266452,14473.808824285492,14191.036171381114
2019-02-26,24512.69436581436,15709.208281384994,12431.801571972499,17706.95558307561,14518.342603832964,14183.117539298324
2019-02-27,24503.147428657587,15653.720991847915,12401.438097286667,17654.874420087897,14451.08983986697,14146.01219326991
2019-02-28,24441.21583520075,15613.222196547104,12411.557935559327,17632.83890631392,14486.703349806327,14113.361077788064
2019-03-01,24611.091178404546,15561.988697525148,12457.096415812734,17631.50422335461,14594.941933172671,14103.47271907933
2019-03-04,24516.16734610289,15610.074363916963,12502.635688039709,17662.88659321156,14583.595340403004,14138.095216419577
2019-03-05,24489.203960486204,15619.081008442814,12534.681314587424,17669.564083375913,14618.920148599085,14131.669604014603
2019-03-06,24330.587344971005,15662.66404379538,12511.070206556209,17741.675679172782,14577.267243894066,14172.732610851956
2019-03-07,24138.01413182956,15715.253723673797,12479.026955929205,17859.19298547692,14489.420831747266,14235.561924522228
2019-03-08,24088.88123320225,15737.787615580373,12366.019455305921,17851.180812353257,14413.991051597328,14223.194027590245
2019-03-11,24442.44652023806,15725.760323581157,12460.467847298627,17846.506365469817,14521.727171078572,14232.5957479561
2019-03-12,24442.44652023806,15769.346123828436,12436.855947293841,17843.168639229592,14497.434455029696,14236.551753532578
2019-03-13,24687.848982703505,15763.329712934115,12531.306715207256,17835.82278874363,14558.120789983795,14236.551753532578
2019-03-14,24674.78396161809,15740.798585922248,12627.442802876827,17838.494192346152,14577.065766932801,14204.892122293542
2019-03-15,24798.73950360437,15790.380060353504,12730.865839360516,17843.168639229592,14700.627656017647,14207.85829885967
2019-03-18,24890.93563957552,15769.346123828436,12752.865281177543,17878.55709564837,14664.60996363771,14212.309218941324
2019-03-19,24888.384062220688,15758.822934552798,12827.311588695813,17838.494192346152,14829.849327788705,14191.036171381114
2019-03-20,24816.203203496778,15868.51598492773,12708.870357411337,17849.17776907234,14597.722069534491,14211.321045163435
2019-03-21,25086.895921310042,15861.001001099254,12695.337113053592,17923.292408150126,14529.878388383331,14250.402738747629
2019-03-22,24612.807264521143,15978.20488796059,12551.517088730501,17980.716378342884,14296.15405665569,14311.255704862122
2019-03-25,24594.024820103594,16018.76727583979,12499.059927372855,17952.00337440455,14274.114442722403,14312.247189104932
2019-03-26,24770.67644828594,16005.249705590553,12600.581435315877,17958.014541931203,14365.734862338717,14299.879292172945
2019-03-27,24656.00151720054,16051.828504364077,12622.57295739721,18033.463863968296,14365.180800695243,14368.645924672855
2019-03-28,24748.373772147363,16053.325694850875,12597.199708173579,17998.075407549517,14376.653930824728,14356.279682973329
2019-03-29,24916.13998322789,16027.786362391847,12691.951426043448,17997.40908491182,14499.787067107862,14357.271167216137
2019-04-01,25204.605683037178,15917.57074691626,12834.080586795393,17938.65043175975,14695.972801101638,14321.64394377341
2019-04-02,25205.96953120243,15944.673627335187,12888.227819750615,17958.680864568905,14787.555136658199,14339.95081476749
2019-04-03,25260.160480899307,15894.995381588995,12999.898468988373,17912.60883142394,15038.665455921171,14291.963970555073
2019-04-04,25318.619094067617,15911.55018867987,12974.522051870468,17939.318792081354,15080.946133353054,14296.9098051419
2019-04-05,25436.240796306913,15919.077614534554,12993.134222730212,17945.994244561803,15108.295402326457,14289.984312534374
2019-04-08,25463.33519725916,15893.488513970702,12969.447085236316,17952.00337440455,15049.98747832971,14288.997793988943
2019-04-09,25316.55291779206,15922.092732218496,12903.454303600218,17952.00337440455,14908.046959119894,14296.9098051419
2019-04-10,25406.72583333539,15959.72986149191,12942.372676785135,18012.765070837533,14977.664620344614,14324.120171531742
2019-04-11,25407.999474220425,15923.594070047364,12962.68204700458,18022.78232492602,15014.51156241268,14299.879292172945
2019-04-12,25578.493381631455,15849.817001987336,12988.061632016768,17950.000331123636,15095.941424750474,14235.561924522228
2019-04-15,25562.96484267904,15870.895176827804,13010.05077817739,17920.62304223151,15121.542512529502,14235.065354784598
2019-04-16,25575.94180427662,15816.69771067409,13054.046493917169,17919.286321588294,15223.49108344666,14234.57375074434
2019-04-17,25520.38700641449,15819.704533673896,13054.046493917169,17906.59970158119,15288.592712295753,14215.770310012627
2019-04-18,25561.293860202557,15857.341662947307,13109.883006496399,17957.3461816096,15375.796609499013,14268.712920206626
2019-04-22,25587.819096172454,15834.763532725328,,,,
2019-04-23,25815.317561306318,15863.370515867833,13140.345477878436,17903.930335662575,15392.301749587847,14253.370570546216
2019-04-24,25758.794109077997,15923.594070047364,13130.19079276871,17903.930335662575,15489.986134330955,14308.289528295994
2019-04-25,25749.29442335372,15904.019997930476,13111.576245988259,17941.321835362272,15451.54089027141,14306.799819083093
2019-04-26,25870.741343832888,15946.18049495348,13136.958206921152,17997.40908491182,15492.526709671762,14316.20153944895
2019-04-29,25899.639890389564,15913.054291403452,13165.720311049203,17992.734638028378,15508.679265078385,14294.435232616028
2019-04-30,25924.977397169874,15944.673627335187,13177.570611571495,17993.402998349986,15528.883473035288,14279.101159117912
2019-05-01,25730.731053759562,15937.42683829382,,,,
2019-05-02,25677.111416837426,15892.17242408757,13094.654938699661,17989.396911788153,15530.56899980878,14273.657099560993
2019-05-03,25927.131632933262,15913.29345479608,13153.873178421192,18000.07845083043,15615.270405730987,14271.180871802662
2019-05-06,25813.427504006435,15954.028648594807,13011.745601616387,18008.092661638002,15456.925484912968,14286.518255765695
2019-05-07,25387.36992835072,16008.342240326445,12869.61723283801,18037.471988214034,15212.69732380241,14331.050629836644
2019-05-08,25347.298565800895,15978.163414539904,12878.077094508739,18037.471988214034,15322.38187292123,14341.437213515472
2019-05-09,25279.559341731703,16020.413770641062,12702.103735232466,18004.75289771387,15063.221074834131,14348.860931093088
2019-05-10,25382.311877281158,16009.853255286807,12739.330452872662,18007.424301316394,15171.296265298966,14341.437213515472
2019-05-13,24770.764507773776,16089.801568345052,12570.12450774883,18017.439517720974,14940.855762336303,14368.15266540014
2019-05-14,24972.180182169308,16074.72321503063,12734.25390229137,18009.427344597312,15085.487964607868,14354.30002495263
2019-05-15,25123.011050284436,16126.009247052121,12776.553210645012,18037.471988214034,15221.289579089444,14392.214779653386
2019-05-16,25353.765568675823,16094.326318541998,12955.910672984292,18070.189041030295,15486.476258243587,14389.240326924966
2019-05-17,25208.344989581594,16101.88001089645,12910.221717752658,18090.21947383945,15396.61753352027,14394.194437674087
2019-05-20,25038.59851392097,16074.72321503063,12773.173859423425,18062.176867906634,15147.972849996657,14382.298281992853
2019-05-21,25251.979539700173,16056.613154663995,12866.235505695715,18056.834060701585,15276.515151282478,14356.013190547465
2019-05-22,25181.16038134913,16104.893746133035,12847.620166941693,18088.216430558536,15308.305513030064,14377.334239848979
2019-05-23,24883.7663085903,16202.952119557918,12668.265872496691,18119.598800415482,15036.16173612206,14412.051085439376
2019-05-24,24921.155078449727,16198.435664045108,12756.250968187687,18150.981170272433,15109.91827467907,14409.074977478496
2019-05-27,,,12793.47293398647,18141.634314189465,15185.5741021514,14433.37378997335
2019-05-28,24712.570073068968,16269.33447670946,12749.477218246691,18143.63735747038,15130.058599697037,14454.199924769686
2019-05-29,24542.471359457006,16263.304241341577,12583.662503947988,18187.706347334428,14891.993913675846,14465.10790667303
2019-05-30,24597.280873361113,16322.138435928095,12658.110395413396,18171.6799634032,14972.846372527094,14465.10790667303
2019-05-31,24277.496064975876,16430.767001838725,12544.741754842364,18171.6799634032,14752.393721363627,14489.901633673058
2019-06-03,24210.547228504816,16509.820871457487,12575.201058330122,18237.784467041227,14835.383801633156,14490.896428380784
2019-06-04,24730.736101071674,16449.35124164855,12654.72946024467,18266.49543329565,15059.76156798708,14487.422095449809
2019-06-05,24935.626903548124,16449.35124164855,12707.175533972339,18305.221615954655,15071.888269722613,14505.775312952734
2019-06-06,25095.431248252906,16446.327829280468,12700.412871661318,18333.932582209083,15037.079439110252,14513.212272390021
2019-06-07,25361.287137612388,16511.330503970497,12820.547342437649,18408.049258970776,15153.117883617202,14538.992517935481
2019-06-10,25479.611167961983,16429.705282269137,,,,
2019-06-11,25472.001539537585,16429.705282269137,12940.684189134692,18384.010701915882,15292.038705444184,14507.754970973432
2019-06-12,25420.4931825311,16472.033055422246,12906.841574557498,18352.628332058932,15241.55521294917,14521.14580156494
2019-06-13,25532.262150517934,16512.84428382557,12954.215057571728,18381.341335997266,15308.694953253967,14519.157867381951
2019-06-14,25494.566246347276,16524.93655085053,12891.61429873433,18416.72979241605,15217.301809478104,14530.067504517752
2019-06-17,25518.494801322224,16521.91175603509,12882.888333944209,18409.383941930086,15203.992044854178,14521.642371302574
2019-06-18,25767.241376533024,16553.654129781527,13108.99520412485,18582.988497783765,15513.372204054145,14609.907642166883
2019-06-19,25844.21825565538,16599.003932855358,13095.287725581793,18535.581781679488,15484.161730225174,14564.289435602977
2019-06-20,26091.467819572983,16626.214644168074,13165.52073370966,18565.627430893222,15543.110940647406,14595.03206805985
2019-06-21,26060.14871099703,16558.19685179411,13119.26868527002,18506.870815425063,15523.649986114673,14557.34076974103
2019-06-24,26015.062253225366,16615.632009656118,13074.73205158219,18538.919507919712,15441.440014811014,14582.634376943606
2019-06-25,25768.031764131156,16641.3372357979,13059.314702102309,18565.627430893222,15383.408507376975,14601.482508951707
2019-06-26,25736.229402268305,16573.298706713587,13025.061845216052,18541.590911522235,15404.643441983266,14573.212793788247
2019-06-27,25838.498684530856,16623.18708445792,13028.486338931109,18559.61830105048,15436.986636856267,14580.651408457992
2019-06-28,25988.494061407746,16630.740776812378,13115.844983528534,18580.31709418124,15597.721025294142,14600.977663051779
2019-07-01,26188.105590198847,16609.85752704914,13218.619393658699,18665.78367030682,15751.927068779874,14639.168841573151
2019-07-02,26265.786945223885,16668.9018536338,13268.292767919114,18709.85266017087,15758.644605512718,14635.696163874636
2019-07-03,26316.855004791185,16700.70643751127,13395.051305631787,18816.018029427214,15871.261627232363,14650.078478708954
2019-07-04,,,13403.615707813706,18801.996726460802,15888.446137806433,14660.491546107123
2019-07-05,26428.626120570407,16594.70866891955,13300.84129768354,18721.204597218664,15811.242377582937,14617.84779227164
2019-07-08,26301.195450503208,16578.051560724314,13285.419196362243,18701.1721267256,15779.766516457812,14635.696163874636
2019-07-09,26341.399976180983,16567.456484186147,13220.332432489797,18697.834400485375,15645.21061928551,14621.318814737697
2019-07-10,26460.516541921093,16576.540545763946,13192.925395139373,18653.09705029972,15565.780784343668,14572.224620010356
2019-07-11,26521.086435005065,16494.7729319849,13179.226628305578,18611.69946403819,15513.837812397553,14532.052128235826
2019-07-12,26646.18460254082,16512.935525351077,13198.064511632665,18559.61830105048,15502.767636190592,14521.14580156494
2019-07-15,26650.847459811313,16547.76905138605,13232.316576545354,18635.069660771478,15583.304365901327,14562.799726390076
2019-07-16,26560.981678579217,16511.425892838073,13268.292767919114,18653.765410621327,15638.190867110772,14570.733255564997
2019-07-17,26387.893237965625,16588.664609078103,13222.044679347324,18703.175170006518,15525.046811144894,14599.496230001174
2019-07-18,26485.104469158614,16629.5366651651,13186.076407709259,18751.918606754007,15382.665253952802,14618.83596604953
2019-07-19,26322.57457591571,16599.25000848477,13204.916666957057,18754.59001035653,15423.19897870837,14634.208109894196
2019-07-22,26397.70220579352,16606.82305510221,13223.76167804627,18750.583923794697,15460.096290016749,14654.046070912644
2019-07-23,26578.928631758525,16579.565340579386,13352.226126827914,18750.583923794697,15713.382314757751,14668.919989787217
2019-07-24,26704.598112069012,16603.798260286774,13365.932021423836,18836.716822557974,15753.826357695196,14683.79721912671
2019-07-25,26564.192628196626,16575.030913250946,13275.144131269935,18817.354750070426,15551.552088213493,14673.880721466176
2019-07-26,26760.76932634599,16571.996441304018,13329.958997944354,18809.342576946765,15624.265614940548,14672.88427152599
2019-07-29,26717.61802951432,16587.13838719682,13333.38349165941,18825.366923194088,15621.207833497965,14686.283378279793
2019-07-30,26651.41877258605,16594.70866891955,13134.68524277633,18822.695519591565,15281.258459498555,14690.247660018566
2019-07-31,26362.029522050685,16637.10556444047,13136.395905686719,18892.13774946982,15333.842717870151,14729.915305893168
2019-08-01,26127.40468177932,16825.82068814497,13216.904770880465,18885.460259305466,15414.493699760138,14748.75681697143
2019-08-02,25939.44922226827,16860.70674717948,12857.195127398452,18938.878142936395,14935.559620994809,14773.053974233826
2019-08-05,25168.35953872722,17006.32822189552,12586.55003958284,18950.89640262189,14666.434312951584,14794.376678767798
2019-08-06,25497.91035909263,17033.641234312592,12500.904433816511,18992.962349205023,14552.522433200405,14825.625812357057
2019-08-07,25518.142563370882,17033.641234312592,12554.006261659832,19079.0952479683,14655.918198388099,14865.790027969293
2019-08-08,26003.494243433153,17035.152249272953,12785.250664386627,19010.321378411656,14901.555469709445,14844.467323435321
2019-08-09,25835.508957529233,17009.365458737164,12670.486566385916,18922.85175900516,14710.829269958675,14862.810609543492
2019-08-12,25521.750854579743,17117.067784919116,12622.519103194474,18973.598239033567,14693.066127380001,14880.172342803611
2019-08-13,25908.922649082833,17056.38802311203,12704.743383140023,19023.676358740366,14781.692648492666,14892.565068222477
2019-08-14,25157.362841709742,17170.155145845776,12490.624616882786,19107.139891585026,14457.79509141925,14929.758141571208
2019-08-15,25224.180662845243,17279.37816411959,12464.93141033703,19229.9979674103,14357.16717741281,14984.801241755393
2019-08-16,25592.260730827165,17233.87490938922,12625.951516645226,19169.904631298927,14545.956004188509,14958.673397393592
2019-08-19,25903.51236006193,17151.95660884834,12764.696574334164,19169.904631298927,14737.964776790246,14927.364675435814
2019-08-20,25700.423555397527,17227.800435705933,12680.764007398935,19193.274828032216,14657.21305641963,14966.130219620383
2019-08-21,25913.45234322538,17182.291651186137,12836.641037345991,19177.24844410098,14848.014195771846,14945.252772617823
2019-08-22,25901.04884219493,17144.36973775734,12781.825378698002,19133.84781455854,14777.805617361959,14903.511120472373
2019-08-23,25229.193610274695,17259.658935030293,12658.492918647524,19155.21496801091,14607.308195929218,14943.261527969913
2019-08-26,25509.433265244734,17242.97279544058,12691.040656438381,19153.878247367695,14665.843395766417,14936.809431845599
2019-08-27,25427.838632491996,17317.304224890453,12774.97401534718,19245.35599101993,14756.393776155533,14963.147490729667
2019-08-28,25595.207501981073,17323.370403889596,12735.574914205503,19293.43106744581,14719.911703950243,14982.02872738694
2019-08-29,25924.272921267195,17289.996742262807,12872.610100957621,19272.732274315047,14893.340369465748,14953.702734319882
2019-08-30,25944.419213849997,17294.543611617453,12975.382927140648,19267.38946711,15019.64431085266,14979.047653728683
2019-09-02,,,13002.791548438212,19265.386423829084,15037.885346955307,14977.06303001061
2019-09-03,25767.241376533024,17332.538794756125,12977.100717813164,19320.13899041932,14983.891978372923,14976.068235302884
2019-09-04,26048.79977602821,17359.886368357107,13091.864023840306,19282.079130398015,15127.530309536796,14943.763063404922
2019-09-05,26393.743824425706,17220.098821484367,13191.211564334706,19155.21496801091,15255.5197776972,14856.295614585746
2019-09-06,26418.772049102397,17230.72984165379,13232.316576545354,19227.32656380778,15337.22728511576,14903.511120472373
2019-09-09,26418.421958943443,17124.37125430209,13196.352264775138,19148.537477846556,15380.463749595587,14854.309335635211
2019-09-10,26427.790629332165,16999.772656532266,13194.63843397047,19081.098291249218,15434.067677954066,14818.526520341362
2019-09-11,26620.232827138043,16983.058867995427,13317.965350205961,19123.164237832352,15547.741225202288,14840.887055626985
2019-09-12,26700.99196865254,16945.074744435595,13345.37872334494,19131.84477127762,15612.125399506394,14780.759081329436
2019-09-13,26688.98366142115,16790.085806433734,13377.924085215089,19031.688531864027,15685.442128599181,14700.741833807213
2019-09-16,26606.156195838717,16863.022346501166,13320.293752500656,19068.411671242116,15574.460264412714,14724.093853335648
2019-09-17,26674.952133761934,16907.08785598106,13304.710880544726,19028.350805623802,15564.77462805541,14726.085097983556
2019-09-18,26684.232744662815,16913.163712111695,13311.634313490384,19094.453271577928,15586.172955563212,14751.92989759491
2019-09-19,26686.34402457848,16920.76164278155,13389.5391695872,19073.75447844716,15671.817863352797,14734.536714918075
2019-09-20,26557.023297211403,17018.00575471361,13420.704913499061,19072.419795487855,15684.787328475077,14755.405885758342
2019-09-23,26554.38366036873,17042.321621262374,13322.021838829576,19189.268741470383,15526.681968678073,14815.538825753267
2019-09-24,26333.042916006176,17127.411256038442,13315.103157725338,19210.633857238845,15482.425834211366,14834.428338572836
2019-09-25,26495.26567493785,17014.96298808254,13237.190381892822,19179.919847703502,15390.62850799492,14813.552546802735
2019-09-26,26432.496442450385,17051.431949339938,13341.065635284767,19178.585164744196,15459.013965608987,14813.552546802735
2019-09-27,26295.78516148231,17075.742286099277,13393.009597769296,19176.58212146328,15575.2538870772,14757.392164708874
2019-09-30,26429.856805607713,17089.416072899767,13431.094022785397,19178.585164744196,15634.55568218164,14803.614531120234
2019-10-01,26107.03931437312,17136.742775693012,13261.42952496475,19163.227141134572,15427.928773225825,14811.564612619743
2019-10-02,25639.591631642437,17196.096770485467,12877.094255308837,19136.519218161062,15001.994191935184,14788.209282626392
2019-10-03,25850.418932274413,17285.881196483304,,,,
2019-10-04,26218.017894761822,17319.361306556526,13000.010929235259,19189.935064108082,15112.144349397415,14822.998958444978
2019-10-07,26100.703326833755,17261.526621408564,13096.959581787269,19173.24235753915,15218.596667509633,14813.055977065102
2019-10-08,25695.18938535229,17298.05779279699,12935.956106924035,19203.29004443679,15058.541649556993,14836.917808190838
2019-10-09,25937.249882864773,17253.921778501935,13006.935154154486,19139.856944401286,15214.608897898293,14791.190356284651
2019-10-10,26104.223558554782,17145.877987822987,13105.614268956126,19039.70070498769,15302.594132585476,14715.650512563423
2019-10-11,26392.24896092489,17028.70313235613,13398.198608597475,19009.655055773954,15739.687343383144,14672.905789547955
2019-10-14,26355.65272645598,17075.872236150764,13328.948439669512,19043.70679154952,15708.123028957953,14688.812573476805
2019-10-15,26618.121547222385,16993.7009477437,13458.789338515166,19015.664185616704,15888.30731526605,14643.086776803078
2019-10-16,26566.65614606363,17027.176910474853,13457.059668239104,18981.61041215723,15939.03036878208,14618.241737596829
2019-10-17,26642.09305804506,17021.091377212717,13443.21280234779,19006.98365217143,15919.958854473252,14623.214055902996
2019-10-18,26538.371868129412,17036.310740157478,13398.198608597475,18976.26964263609,15893.099764204386,14615.255698241193
2019-10-21,26721.53345503441,16973.919508523377,13486.490990033488,18909.49881636036,16036.96537120871,14561.586440997793
2019-10-22,26627.049920171925,17013.478239621953,13502.07069409514,18952.899445902804,16045.432317653982,14597.370911524104
2019-10-23,26703.807724470884,17019.56792022615,13509.000462829355,18976.26964263609,16100.155425961915,14609.795086359687
2019-10-24,26755.13996250169,17016.529300937153,13599.027266382844,18997.634758404554,16193.13335803064,14633.14545065566
2019-10-25,26864.57857574947,16980.00504178551,13619.795981272675,18954.902489183718,16221.32539039079,14598.364050999371
2019-10-28,27014.528848986247,16916.09311805955,13659.613244459115,18882.788855702944,16280.703353614734,14551.645114850375
2019-10-29,26992.361483768007,16931.305568767526,13637.110107451806,18912.836542600584,16278.07432497386,14575.498669813818
2019-10-30,27082.358280335662,17013.478239621953,13640.574199845343,18914.8395858815,16241.102074064038,14569.533212032384
2019-10-31,27002.30146693146,17121.528942537676,13581.709972309436,18982.945095116538,16186.45390535755,14618.73996256692
2019-11-01,27265.605778936104,17089.219765375183,13676.933706426802,18932.86697540974,16305.032925205303,14586.4331354365
2019-11-04,27366.951510472583,17002.349538404284,13808.50902738993,18898.815239634176,16525.473291188202,14573.510735630825
2019-11-05,27334.62079168272,16910.906175578973,13839.668435513235,18898.815239634176,16540.845737628963,14532.757257263265
2019-11-06,27355.82379811954,16959.673388517404,13867.366919137281,18876.113403222495,16580.33399351846,14542.698583410682
2019-11-07,27443.314120972474,16824.040095950142,13924.504644291406,18751.2502464324,16718.17371945574,14461.19659237294
2019-11-08,27518.617869825954,16801.17303423071,13879.485698699675,18759.26445723997,16641.56087641741,14480.576054000307
2019-11-11,27464.514979616913,16819.45451806952,13872.563849701157,18709.85266017087,16603.582469219327,14462.18476615083
2019-11-12,27508.942065126004,16827.08286258121,13931.421741448507,18715.861790013616,16710.688358937594,14458.212208249763
2019-11-13,27529.483551507874,16872.80730888858,13893.338900379546,18715.861790013616,16643.461393850786,14518.343493012231
2019-11-14,27559.569827254134,16958.151313978196,13850.059128746709,18743.238073308734,16580.762746320175,14569.533212032384
2019-11-15,27776.51404060208,16944.436053757014,13915.842037386854,18772.61739988477,16658.15446980631,14549.720079500816
2019-11-18,27790.940762060363,16973.394178528008,13905.4560959948,18793.98455333714,16614.451168465024,14546.729074447807
2019-11-19,27776.161802650742,17005.397834824777,13884.679461369271,18779.294890049125,16632.20202586313,14553.202688594085
2019-11-20,27677.23448534116,17067.880307984386,13834.474672843637,18804.668130063328,16552.972439364494,14561.674168318108
2019-11-21,27635.094798723396,17025.209687886934,13777.346451372348,18777.291846768207,16527.259556442328,14530.785875404861
2019-11-22,27695.576632319528,17022.165538808513,13839.668435513235,18817.354750070426,16560.193668500495,14569.149198101948
2019-11-25,27906.801274542955,17029.781441293988,13981.634449709836,18816.018029427214,16664.06732721216,14558.684818497555
2019-11-26,27968.823075280015,17061.782332696046,14002.409500388227,18839.3882261605,16651.449218254034,14581.603167121788
2019-11-27,28088.90614759393,17017.593785401456,14043.956433850724,18818.02107270813,16715.16753577153,14577.117487158503
2019-11-28,,,14024.915805289813,18802.66508678241,16662.972717623834,14573.633222832776
2019-11-29,27982.459409140167,17003.87437783821,13962.58748536037,18790.646827096916,16651.39884901372,14557.68836855737
2019-12-02,27741.938878768608,16942.82412013965,13734.065095792372,18685.147780478273,16309.599326821244,14495.910127498422
2019-12-03,27558.69138016817,17093.920086386373,13649.2288870142,18783.96933693256,16340.559210362648,14558.186593527465
2019-12-04,27735.826261637412,17028.291163043978,13822.357477228385,18740.56870739012,16530.870171010327,14526.796765179208
2019-12-05,27785.090175600282,16988.609394130697,13787.727640922983,18677.135607354612,16422.97065862757,14499.397702289065
2019-12-06,28040.258650045904,16936.71923261453,13957.39689058505,18681.141693916445,16563.590520926668,14495.910127498422
2019-12-09,27953.910952742444,16950.456611993406,13917.574875557193,18724.542323458885,16486.890453106327,14513.351311916558
2019-12-10,27924.17691494753,16930.608815299987,13884.679461369271,18731.888173944848,16442.997959984343,14504.381607222444
2019-12-11,28005.68348821243,17000.827463865076,13924.504644291406,18775.9571638089,16538.63194809118,14527.79487035185
2019-12-12,28249.85526564057,16866.513026075652,13969.512502253165,18716.530150335224,16632.855597469177,14462.03413999708
2019-12-13,28256.8055218024,16965.720213253564,14113.208186725826,18778.626529727517,16709.6944878299,14497.901372146329
2019-12-16,28459.582896570802,16886.351145637578,14311.51678461265,18745.909476911256,16866.869859458147,14479.966928455477
2019-12-17,28469.30595270325,16887.88151486093,14210.646278943861,18777.960207089815,16716.123322819472,14496.911543135982
2019-12-18,28459.451881235243,16842.092093527815,14208.908688932108,18707.849616889955,16633.510397593283,14455.063956113168
2019-12-19,28588.156192187467,16855.239167885586,14240.213820192223,18680.473333594837,16620.678526493328,14448.080530369587
2019-12-20,28731.07029756697,16855.239167885586,14348.037853802314,18675.800924395306,16755.209853304503,14451.073190655057
2019-12-23,28755.922403267996,16839.950682573013,14365.428009444126,18679.138650635527,16732.66654696806,14444.098041073767
2019-12-24,28752.31625985152,16868.993136632733,,,,
2019-12-26,28902.442652063968,16893.441718127695,,,,
2019-12-27,28903.84945607695,16917.904124096218,14424.567843782263,18712.52406377339,16778.118029503723,14446.590821156686
2019-12-30,28740.572131083634,16907.20398155898,14363.692003379509,18645.084877176054,16667.2872730382,14392.285954649116
2019-12-31,28827.04869593027,16846.066629676985,,,,
2020-01-02,29072.144024084486,16924.01592385812,14429.779029870391,18664.44898734751,16839.53287566531,14432.142297024018
2020-01-03,28869.935814298435,17037.1153245188,14370.647115267951,18755.258370678137,16629.710591244584,14483.95603868113
2020-01-06,28972.074081225426,17018.775777891027,14311.51678461265,18719.201553937746,16513.78639891689,14480.968344093037
2020-01-07,28893.778457577933,16994.323049054,14339.346735849254,18735.89426050668,16639.385170939382,14477.972373342649
2020-01-08,29036.338177213707,16954.584599799116,14372.387873173986,18711.855703451783,16756.819211958493,14477.972373342649
2020-01-09,29237.31355417006,16966.81234666499,14407.169768404752,18677.80396767622,16976.818539959117,14424.170697502544
2020-01-10,29153.87181996517,17003.48867502582,14374.12704713288,18701.840487047208,16962.037010703527,14432.640521994112
2020-01-13,29357.35367063625,16983.62567141148,14360.21207151458,18644.418554538355,16922.045062410867,14390.78796927392
2020-01-14,29315.69938509778,17017.248173562395,14398.480234398834,18653.09705029972,16928.29821931836,14399.75436350312
2020-01-15,29371.078063984238,17060.043213921912,14394.998718586765,18683.813097518967,16897.866598541244,14431.144191851376
2020-01-16,29617.84437461494,17024.88066541615,14431.519787776426,18673.797881114388,16894.255983973246,14442.601710931034
2020-01-17,29732.91235170702,17011.13360890578,14581.083996400004,18687.8191840808,17015.905070444147,14446.089285721677
2020-01-20,,,14560.21390889326,18702.508847368816,17044.60079520745,14437.617805997654
2020-01-21,29654.616728059522,17078.379995654966,14521.955249691842,18702.508847368816,17053.31835933625,14466.021594990274
2020-01-22,29664.24957691175,17081.440734101667,14528.913529474563,18744.57479395195,17002.8471520218,14481.461603365753
2020-01-23,29700.274498605922,17124.237156908534,14421.084744023054,18835.382139598667,16842.66559670934,14523.310845621023
2020-01-24,29432.52855194656,17185.374508790534,14544.564511157483,18862.758422893785,17079.496850601823,14546.729074447807
2020-01-27,28969.479548022864,17301.52911810849,14219.340564791199,18980.27572919792,16611.632948043454,14591.567666523628
2020-01-28,29261.330168632845,17243.452504673187,14321.950244418884,18952.899445902804,16761.23573437155,14560.179493407832
2020-01-29,29236.65418190749,17325.987376734945,14386.302848792287,18991.625628561807,16788.04322688204,14583.097842032064
2020-01-30,29332.677683910897,17342.7924067973,14248.90810603956,19035.02625810425,16551.689866513527,14615.479154623128
2020-01-31,28815.74486460156,17429.914239187034,14111.51336328683,19078.4289253306,16331.350239011259,14650.85809319704
2020-02-03,29025.25342070839,17415.068137028455,14111.51336328683,19055.72708891892,16410.88204095179,14645.874188263659
2020-02-04,29460.108353978096,17314.05547360331,14358.474481502823,19027.01408498059,16708.46228421925,14610.996785124758
2020-02-05,29792.163500265844,17239.067381659224,14534.129467404111,18986.951181678367,16955.772797133523,14576.124347683235
2020-02-06,29896.23692813283,17251.314482788082,14593.266133847968,18982.945095116538,17077.15775222228,14572.635117660133
2020-02-07,29740.610039619252,17333.954420848906,14549.785200928447,19006.315291849824,17000.40608664357,14588.081746965445
2020-02-10,29963.05260147594,17367.619778867866,14570.65370448805,19041.703748268606,16975.523681927585,14615.980690058139
2020-02-11,30014.78003330582,17326.30119228481,14697.61023559313,19014.995825295096,17143.856454544803,14598.542816104919
2020-02-12,30209.773808466533,17281.91633746563,14805.439021044638,19023.007998418758,17297.257818703536,14584.590861709883
2020-02-13,30170.18569920361,17297.22279459383,14810.656542921326,19039.03438234999,17291.784770761908,14585.585656417608
2020-02-14,30230.71263643985,17340.082809979085,14796.741567303023,19043.70679154952,17290.250351709365,14608.5056602743
2020-02-17,,,14835.00339439872,19046.378195152043,17340.16749738034,14603.844525670382
2020-02-18,30144.32198328867,17367.619778867866,14781.087417725827,19045.043512192737,17210.97162448847,14611.33610777881
2020-02-19,30291.370589011658,17364.564570210598,14897.612072971811,19056.393411556623,17346.596332369907,14616.331599339399
2020-02-20,30177.224014853273,17415.068137028455,14770.655541866732,19101.79708437998,17189.346021140216,14642.303851850076
2020-02-21,29860.871378701224,17485.469268644567,14715.005143076361,19091.115545337703,17082.831048607113,14626.32092722812
2020-02-24,28863.86615301496,17621.674894417312,14127.170680758305,19109.811295187552,16398.364670474293,14671.280351273435
2020-02-25,27990.421275515906,17670.656386695962,13862.816239006219,19123.164237832352,16090.468561086554,14705.240755630171
2020-02-26,27884.895939995837,17661.472788908515,13868.029009041487,19098.459358139757,16070.83069995369,14683.262579042525
2020-02-27,26658.940341522615,17747.176230310753,13384.548152151428,19089.778824694487,15558.295423825522,14733.21749464843
2020-02-28,26443.669258443533,17946.13114158286,12960.192082101683,19123.83259815396,14958.089413632631,14797.149193136249
2020-03-02,27661.70809418113,17933.884040454006,12937.582820636044,19119.15815127052,14917.230131592096,14828.120247672436
2020-03-03,26885.032002643504,18142.2741549324,13120.196086320051,19234.004053972134,15077.650019407514,14863.083722899191
2020-03-04,28021.123967677016,18102.434787020506,13308.021330065756,19221.98579428664,15256.66475652584,14833.114084000566
2020-03-05,27076.41963438775,18263.319862996705,13099.327582760445,19221.98579428664,15026.487156427265,14889.554200379962
2020-03-06,26615.52486622744,18448.726790177738,12633.232921644352,19250.02840021946,14519.701344803432,14927.017076619471
2020-03-09,24596.269263147202,18614.218180744898,11640.1733028244,19203.956367074494,13366.301024885046,15062.880212068385
2020-03-10,25811.930492713236,18272.522815047138,11541.043555061646,19103.133805023197,13178.192797112637,15018.425633922998
2020-03-11,24552.368386772738,18090.16833162866,11476.693326608949,19175.913761141674,13131.885037491606,14941.0054461286
2020-03-12,22221.994317585682,18099.367136337027,10069.714265439765,18317.90823596176,11524.724202303263,14947.998803266935
2020-03-13,24293.243678751685,17981.383549166774,10358.414766695674,18548.934724324292,11613.979724660849,14765.184999124798
2020-03-16,21382.94633515205,18456.39522566276,9858.34602338983,17646.193886642624,10997.772266782278,14699.248814129398
2020-03-17,22665.64446067698,17993.64032742713,10022.33286268984,17950.000331123636,11245.409565499576,14670.777160605965
2020-03-18,21490.975996594458,17743.876328471422,9579.218898643541,17797.762928722328,10619.692149345781,14418.529665283033
2020-03-19,21593.68557629619,17802.099481326488,9961.270908498225,18070.189041030295,10831.941985446114,14323.626912259026
2020-03-20,20660.989550238315,18255.658339748465,10053.73144683117,18311.89910611901,11232.64157733856,14535.917096027071
2020-03-23,20055.776020477915,18471.712742369808,9685.637179167546,18532.242017755358,10996.38895545068,14600.345364252527
2020-03-24,21939.72929439543,18346.064867056604,10512.541535053859,18434.088821622678,12203.341605969174,14484.465850278433
2020-03-25,22192.874548413227,18356.792658540962,10838.770495879995,18418.732835696963,12421.843370458944,14451.50024062942
2020-03-26,23579.07478903041,18401.22728146497,11096.961007339694,18719.201553937746,12581.232531624973,14543.905247873132
2020-03-27,22784.80398226482,18537.597418473106,10770.734422434267,18825.366923194088,12117.733553721282,14661.28109198996
2020-03-30,23552.242418749283,18580.50581951583,10903.319509698666,18781.29793333004,12348.514356185591,14671.775265778608
2020-03-31,23177.519228916757,18614.218180744898,11063.812953583063,18687.8191840808,12499.311262064584,14636.310255116843
2020-04-01,22154.562227827722,18690.003944813532,10758.522189990656,18661.11126110729,12007.319264876907,14663.280612800163
2020-04-02,22664.061537688332,18693.06744815494,10765.501061086186,18641.747150935833,12040.11578291275,14646.801118440575
2020-04-03,22323.99942138473,18706.875332348984,10673.040522753243,18602.352607955218,11983.441787931124,14637.311670754403
2020-04-06,23894.370711328436,18622.507335092865,11076.027561947381,18602.352607955218,12674.588847255094,14600.345364252527
2020-04-07,23856.322569206437,18539.661412375957,11288.860955101116,18467.474234760542,13028.754632204114,14486.458750158801
2020-04-08,24674.60784264242,18516.64642878941,11330.727845885744,18448.112162272995,12998.800904950971,14483.462779408414
2020-04-09,25035.256548968002,18556.536947253484,11463.311349203004,18515.549311186427,13290.469519330638,14509.436687151549
2020-04-13,24782.81577085289,18516.64642878941,,,,
2020-04-14,25543.568129639032,18541.197311388732,11548.793808413991,18466.807912122844,13456.298572148746,14553.393040326846
2020-04-15,24982.427299643994,18706.875332348984,11168.487308306758,18478.826171808338,12931.96338008807,14630.319968848526
2020-04-16,25127.89298237833,18726.821282804696,11257.45761911837,18504.867772144145,12959.363018301787,14641.307401909893
2020-04-17,25802.209584373177,18677.72504739548,11545.305956813363,18538.919507919712,13367.258040451046,14643.303612255178
2020-04-20,25340.78860707824,18726.821282804696,11634.276267624977,18436.7602252252,13430.30927266387,14609.338242201064
2020-04-21,24564.157619180733,18778.978256660615,11189.421545672642,18359.974182544895,12894.336329054138,14653.29128491144
2020-04-22,25128.112057201724,18720.67630430625,11409.232225974769,18289.197269707332,13102.134015717784,14597.346083037222
2020-04-23,25116.632106897345,18732.953819276943,11498.20174481281,18374.66384583291,13226.374046769804,14598.347498674782
2020-04-24,25466.810325340073,18737.555986525836,11388.297988608887,18453.452931794134,13002.82675862206,14640.305986272333
2020-04-27,25841.973812611774,18637.84282361555,11639.508836999483,18506.870815425063,13410.294256487665,14573.868265841922
2020-04-28,25706.67148344906,18719.1459350829,11798.264690872125,18542.259271843843,13580.92927194273,14639.304570634773
2020-04-29,26390.930216399745,18709.942983032463,12007.608648478097,18593.672074509952,13973.564871312426,14649.297208988412
2020-04-30,26148.73870355171,18665.45997445099,11765.117429089063,18715.861790013616,13663.969721452573,14753.194495193413
2020-05-01,25417.896501536154,18691.25920701299,,,,
2020-05-04,25526.0614738989,18694.326857696466,11395.276067730847,18671.126477511865,13167.260214928005,14741.207301726949
2020-05-05,25756.815992290285,18680.503766581507,11630.78524813007,18633.06661749056,13497.687345471624,14750.19355874565
2020-05-06,25579.064694406192,18611.39937058554,11564.498644299643,18532.242017755358,13342.62625341858,14679.266847887036
2020-05-07,25882.44251675305,18725.035160820447,11723.247370410158,18582.320137462157,13535.187859145737,14729.22010826048
2020-05-08,26324.11239526425,18663.604730098927,11850.599096326478,18624.38608404529,13717.86358007238,14708.241692077934
2020-05-11,26328.996475150525,18611.39937058554,11773.840225984906,18587.6629446672,13617.864667310861,14688.757950805666
2020-05-12,25792.445720185395,18672.821506622924,11808.729829621143,18602.352607955218,13610.957938797319,14685.25878938781
2020-05-13,25343.86854136009,18711.214834600196,11587.1752235187,18645.084877176054,13262.692726073581,14698.249053724296
2020-05-14,25641.350673606754,18740.390003606113,11372.598696538222,18639.07574733331,13003.996307811834,14711.234352363404
2020-05-15,25744.76258141878,18728.112488635423,11407.488300174455,18606.35869451705,13165.209818291736,14694.473468485825
2020-05-18,26558.782339175723,18612.93388715096,11866.296012476434,18627.057487647817,13912.0861422119,14646.41213881276
2020-05-19,26282.765244037004,18665.14201155906,11796.518389151102,18675.132564073698,13932.742444813586,14628.381691639299
2020-05-20,26725.31571742655,18669.759385728874,11918.635169772208,18709.85266017087,14119.45507607383,14634.39184069712
2020-05-21,26519.327393040745,18682.036900699564,11806.98431987369,18709.85266017087,13920.967099242207,14658.427471231029
2020-05-22,26586.319185359527,18717.36257799336,11810.475339368593,18695.83135720446,13930.956179559462,14647.411899217863
2020-05-25,,,12051.220257036606,18725.8790441021,14330.258946421685,14648.413314855425
2020-05-26,26913.49239955339,18668.220721821384,12121.003424176926,18677.80396767622,14472.878836116735,14581.323432836256
2020-05-27,27313.06769508694,18683.575564607054,12157.635369666334,18722.53928017797,14665.403586302195,14573.313762968231
2020-05-28,27258.700626414386,18666.683440361256,12366.984079113725,18779.96325037073,14820.69072567763,14575.313283778434
2020-05-29,27394.13611870505,18726.57520717529,12164.614240761866,18779.294890049125,14576.285657966937,14597.341117339845
2020-06-01,27498.252502419757,18719.195703187725,,,,
2020-06-02,27724.872520467656,18688.454221327196,12494.32867726792,18759.26445723997,15122.800515019338,14576.314699415996
2020-06-03,28106.10566902283,18577.775485987273,12811.835633171782,18681.141693916445,15709.130413764267,14511.719252712202
2020-06-04,28017.560780108262,18503.98182855897,12731.589703203152,18737.897303787595,15637.674889527048,14490.191299353342
2020-06-05,28752.31625985152,18411.742176056465,13049.08953134489,18702.508847368816,16162.413035510252,14436.116510157544
2020-06-08,29099.019350213333,18431.72959993287,13003.733996986066,18752.586967075615,16127.075942133606,14482.179974252862
2020-06-09,28874.11541828203,18497.82855537638,12832.766702643386,18715.861790013616,15873.463131589579,14472.170783574635
2020-06-10,28720.821032299897,18636.18250434071,12773.45659398778,18672.461160471175,15762.972674625704,14493.695426468576
2020-06-11,27031.20001348814,18702.289754468362,12246.607264425087,18774.620443165684,15058.65467321819,14573.808677473406
2020-06-12,27392.420032588456,18660.780390150143,12325.11085254054,18819.357793351344,15032.224335751036,14603.351266397665
2020-06-15,27621.063271064177,18645.415870232984,12266.7819991377,18834.713779277063,14984.50746591922,14601.346779890087
2020-06-16,28145.29858448669,18606.97968638767,12615.094350979243,18852.74320648921,15493.13114055555,14586.328855791598
2020-06-17,28043.952852950213,18636.18250434071,12729.448206670888,18834.04745663936,15576.762507250562,14586.328855791598
2020-06-18,28061.635627666015,18677.693251106284,12627.41666774903,18879.45112946272,15450.195662999562,14606.353858077888
2020-06-19,27908.29828583616,18683.839612052096,12697.779559542314,18886.128619627074,15512.126486744874,14606.353858077888
2020-06-22,28089.567667648887,18666.930898438022,12618.622593231921,18951.562725259588,15426.846448818063,14636.39467197224
2020-06-23,28210.662350176717,18660.780390150143,12769.909344369433,18922.85175900516,15754.920967283519,14594.338525659623
2020-06-24,27481.450322582306,18696.136481285776,12411.032857082666,18954.902489183718,15214.207172493825,14591.3359339794
2020-06-25,27784.035609538645,18699.213809100747,12513.068355872372,18976.26964263609,15319.790928340111,14667.441867201529
2020-06-26,27111.256826892335,18749.94133239032,12458.535431788741,18979.607368876314,15208.482278350619,14675.449881837096
2020-06-29,27512.767283365873,18768.385945017166,12516.584718521506,18974.932921992877,15388.037563413798,14668.438317141714
2020-06-30,27938.95587435715,18734.56437044695,12525.380376985757,18992.293988883415,15487.180199089951,14662.43313378127
2020-07-01,28080.108789979946,18705.339433336216,12578.15274382411,18902.821326196008,15423.827979953288,14598.342532977407
2020-07-02,28213.8303439464,18728.408332369654,12833.239510864452,18972.26355607426,15861.474023876372,14636.39467197224
2020-07-03,,,12734.725918538865,18957.57389278624,15760.481240007159,14629.383107276859
2020-07-06,28662.010181180245,18700.712382034904,12922.95586077865,18972.92987871196,16018.712049925498,14628.381691639299
2020-07-07,28352.079444263018,18760.72442176893,12842.03754524941,18978.272685917007,15871.965568078727,14619.372261366172
2020-07-08,28574.43394663187,18731.496719763472,12759.352336686336,18998.303118726162,15718.501549499111,14634.39184069712
2020-07-09,28421.22762013757,18791.499082366005,12674.912114692977,19014.327464973485,15711.771727585703,14655.923104520898
2020-07-10,28718.79781187207,18754.57114858634,12789.259634596066,19014.327464973485,15893.238586744768,14666.435485866594
2020-07-13,28449.950047718576,18774.57101448895,12917.678148910672,18944.887272779142,16102.393785860826,14601.346779890087
2020-07-14,28835.098621793844,18773.029585686752,12808.608340875562,18997.634758404554,15973.310936630152,14632.385698957081
2020-07-15,29097.567442560245,18766.877694951512,13019.716023621086,18996.300075445248,16267.205625728166,14634.39184069712
2020-07-16,28999.389704793455,18780.731199908318,12966.940488888453,19033.69157514494,16196.743972598642,14659.428886868589
2020-07-17,29083.447855413197,18776.109678396435,12996.842242983194,19013.661142335786,16252.901989996546,14639.40057411738
2020-07-20,29327.971870792677,18788.42451944575,13079.523491678417,19068.411671242116,16413.05774642982,14648.413314855425
2020-07-21,29377.633126347002,18808.42023800629,13121.745978595805,19073.75447844716,16570.195033998316,14646.41213881276
2020-07-22,29547.201335239573,18814.57765853094,13017.948338613685,19114.483704387083,16485.17912745365,14679.453889154878
2020-07-23,29185.410003364515,18833.044390315485,13016.193325183398,19122.49791519465,16484.09680304589,14661.433373376167
2020-07-24,29005.32835074137,18823.811024423212,12791.019399867771,19071.751435166247,16150.31090413585,14626.380515596638
2020-07-27,29219.940061557878,18794.57226283891,12761.114477878753,19117.823468311213,16151.066442740585,14678.452473517318
2020-07-28,29031.149110808583,18839.19904594543,12819.163764611516,19117.823468311213,16146.8145417471,14696.477954993403
2020-07-29,29392.014744165175,18863.816286017853,12808.608340875562,19108.474574544336,16130.434710500027,14683.462862170036
2020-07-30,29286.491556437486,18889.969425103045,12578.15274382411,19173.24235753915,15573.631014724588,14728.526565860253
2020-07-31,29514.29930367497,18894.59094661493,12414.555555520357,19116.486747667997,15490.237980532534,14720.012050092302
2020-08-03,29727.15197252716,18885.35205093323,12694.265572813893,19133.17945423693,15909.932918614302,14708.496597876589
2020-08-04,29834.479305859273,18950.021555810406,12688.983901078063,19191.938107389,15851.925981541393,14738.040842033306
2020-08-05,30026.350190890415,18886.894862182788,12736.485683810572,19143.196708325417,15926.62602196578,14686.965334052811
2020-08-06,30222.705666424004,18908.441686677015,12660.837952387183,19184.594294586943,15840.364398111842,14722.51807203489
2020-08-07,30248.174188539877,18868.406011240542,12696.023754138458,19169.904631298927,15945.030450969936,14686.468764315177
2020-08-10,30331.484907409205,18848.389555969658,12736.485683810572,19187.26366050556,15960.944673873604,14712.505570891748
2020-08-11,30089.909810976013,18783.714521303067,12956.37952133751,19132.513131599233,16287.219413386314,14656.426295188365
2020-08-12,30515.57004504028,18728.279764765524,13091.837096738938,19104.468487982504,16427.788906445094,14634.39184069712
2020-08-13,30460.67461944072,18689.785518131244,13023.23080232308,19025.67940202128,16346.119483086286,14587.328616196699
2020-08-14,30457.682744646707,18699.02164891823,12870.184285913863,19036.362978747464,16229.917645677824,14586.328855791598
2020-08-17,30540.995611308426,18729.81842867301,12907.124309121855,19092.45022829701,16254.222646907263,14625.771390051807
2020-08-18,30616.123241186237,18762.156637229986,12840.274612083427,19120.49283422983,16205.285858645362,14631.79147050438
2020-08-19,30486.36221637999,18737.518660447222,12919.441082076657,19145.86607424403,16325.513549724912,14650.863058894414
2020-08-20,30583.661507060813,18791.40922328785,12805.09118625286,19161.224097853657,16140.171944615704,14669.936302516908
2020-08-21,30690.769765569534,18805.27655271821,12757.590987467493,19146.53443456564,16058.149936574684,14684.992296961947
2020-08-24,31002.635663426758,18779.09299979118,12972.215032862154,19129.841727996707,16437.7399027026,14669.936302516908
2020-08-25,31114.494838693812,18734.441332632246,12921.197679454082,19028.350805623802,16431.550628734043,14604.690349456818
2020-08-26,31431.94714454761,18726.743865752745,13046.101415066696,19031.02017154242,16593.24203273792,14593.64994895677
2020-08-27,31486.535435835936,18660.527402283955,12963.42016637147,19035.02625810425,16475.253930075334,14587.629868504197
2020-08-28,31701.71845942718,18691.318652249305,12900.089207902884,19034.359935466553,16395.798296254306,14589.634355011778
2020-08-31,31635.781233170033,18711.339254862254,12803.333796901863,18994.965392485938,16285.320124470993,14574.57505010182
2020-09-01,31874.454662089433,18772.674296716195,12778.705002833682,19039.70070498769,16321.63880377477,14592.646878086753
2020-09-02,32367.635045399496,18798.87167411679,12986.289195167948,19139.856944401286,16660.26752086346,14660.395542624514
2020-09-03,31236.689190923385,18823.52347537312,12776.946029535546,19148.537477846556,16426.706582037335,14673.948585996983
2020-09-04,30982.6225339719,18718.731200876027,12655.561032492775,19110.47761782525,16156.098452699936,14658.892591551945
2020-09-07,,,12847.312881196678,19085.104377811047,16480.185201554053,14643.836597106905
2020-09-08,30123.999571730197,18758.79729015434,12696.023754138458,19120.49283422983,16314.191527316376,14678.967250811997
2020-09-09,30732.512110595846,18749.55977692,12914.159410340832,19093.78491125632,16652.44308936173,14632.794541374398
2020-09-10,30193.542941403823,18772.674296716195,12827.960215049334,19063.070901720977,16616.81606572375,14603.687278586798
2020-09-11,30211.09470078406,18801.950384379117,12854.350358336362,19131.176410956014,16609.205396363843,14657.887865449466
2020-09-14,30605.611945248045,18785.008492028497,12878.976776483834,19149.205838168164,16597.657326632914,14655.876758012051
2020-09-15,30765.811483751895,18775.75438942588,12959.109454232004,19160.55573753205,16627.86167156958,14655.876758012051
2020-09-16,30624.8776429525,18764.9671527052,13024.584285153569,19177.91680442259,16675.288611140066,14656.886449811906
2020-09-17,30367.68594807905,18771.12457322986,12962.647992141088,19177.91680442259,16615.847993495245,14664.409481337048
2020-09-18,30028.549530293916,18754.179915984525,12886.550419730152,19171.90767457984,16500.2751573317,14655.378533041961
2020-09-21,29682.63682753023,18788.080290054048,12468.915829365813,19229.9979674103,15778.421289185964,14701.04639657963
2020-09-22,29994.943022826632,18788.080290054048,12467.147352384838,19234.672414293742,15843.77353571858,14679.970321682016
2020-09-23,29285.61096155913,18788.080290054048,12562.706091322156,19243.35294773901,15904.887394956331,14678.967250811997
2020-09-24,29374.553192065152,18797.327480419877,12440.599606357457,19222.654154608248,15859.09684143708,14676.45791840449
2020-09-25,29844.816630614183,18812.737621099794,12424.673809845879,19229.329607088694,15686.284891985928,14695.029626591973
2020-09-28,30325.679424589234,18809.656145942754,12706.050139529903,19240.01318381488,16191.586653797529,14693.526675519404
2020-09-29,30183.557854600254,18823.52347537312,12626.413237236316,19265.386423829084,16134.913887333962,14707.073097962038
2020-09-30,30433.711233824033,18772.674296716195,12612.257501652848,19227.32656380778,16053.030701833324,14684.992296961947
2020-10-01,30598.090376311484,18783.310846675045,12647.650008505796,19252.031443500375,16015.339767860458,14699.043565304508
2020-10-02,30305.13793820737,18764.806788811882,12675.96385559344,19282.079130398015,15962.843962788926,14709.077584469618
2020-10-05,30853.08058398904,18646.07391517455,12785.683081955644,19244.687630698318,16138.045379859934,14676.957798607042
2020-10-06,30423.15483424573,18689.24774610967,12789.217659996877,19248.025356938542,16235.804704204485,14671.439253589479
2020-10-07,30953.019511512543,18635.279766217092,12771.527346372175,19237.34178021236,16264.173643164768,14651.366249561883
2020-10-08,31210.38517756927,18669.200876996954,12877.702491010308,19285.41685663824,16407.132603843405,14690.009306544502
2020-10-09,31485.47872198191,18659.948156841696,12950.259941565024,19315.46454353588,16418.48042513113,14697.034113099555
2020-10-12,32002.28052595569,18679.99640840177,13044.054163389215,19343.50918715261,16528.15268906939,14706.06837185956
2020-10-13,31800.46750996871,18721.630192982047,12969.72665190639,19355.5274468381,16377.922130014435,14720.119640202123
2020-10-14,31592.9821742897,18727.804202874977,12959.109454232004,19373.55483636634,16389.331377204984,14742.205406899591
2020-10-15,31545.60831762671,18707.75733376226,12698.97227173817,19388.912859975968,15981.349130273715,14775.833109532112
2020-10-16,31550.40433802515,18696.959037462737,12854.697242759856,19420.295229832915,16239.541856132304,14789.37953197475
2020-10-19,31035.23056068013,18666.115254497847,12835.232116365627,19393.587306859405,16171.194482577986,14798.412135502296
2020-10-20,31182.49824122651,18626.022898719762,12771.527346372175,19363.539619961764,16023.115058639933,14772.319051022128
2020-10-21,31114.713913517207,18601.353125647805,12617.563724569332,19338.16637994756,15797.541944217048,14758.262816982191
2020-10-22,31279.752428267224,18536.5868494557,12592.79316723219,19301.44324056947,15779.200169633774,14731.160040702169
2020-10-23,31388.136475453364,18562.802198671925,12683.042515358744,19328.81952386459,15908.384985863135,14737.185086852118
2020-10-26,30804.87123608781,18612.151421947332,12447.680642043468,19335.49497634504,15318.922366074179,14740.194299462175
2020-10-27,30712.19184682976,18653.786588974966,12327.342634059742,19387.57613933275,15176.001489455291,14777.332750139767
2020-10-28,29628.400774193244,18652.241012830702,11964.567260889713,19367.545706523593,14543.150068947505,14794.403162487137
2020-10-29,29984.869876535227,18573.59773007674,11976.95689541292,19417.623826230392,14590.401330435914,14799.420172069693
2020-10-30,29624.397289185315,18513.46265252801,11980.493057401294,19397.593393421233,14538.08120344646,14792.390399817266
2020-11-02,29989.708852781398,18545.24373480042,12180.46638373147,19420.295229832915,14829.685934887191,14805.445218219642
2020-11-03,30523.750986239414,18503.58230127302,12458.299423664994,19412.283056709253,15207.967529284953,14783.359451522176
2020-11-04,31196.748843709123,18659.42144439897,12727.279783037255,19448.337835765735,15503.899101320612,14805.445218219642
2020-11-05,31809.793224509707,18656.338586794573,12844.083212979749,19451.009239368257,15810.688315939464,14790.884138279776
2020-11-06,31804.69006980003,18593.072265983978,12828.157416468172,19436.31957608024,15699.895643533693,14773.318811427229
2020-11-09,32179.72254173617,18455.75238764211,13327.196594133504,19284.750534000537,16474.76252285274,14665.917398106996
2020-11-10,32140.046372985413,18403.28436313104,13440.44723064266,19267.38946711,16559.22559627199,14642.831871004428
2020-11-11,32385.932088737758,18432.59915931994,13606.79652710086,19297.43715400764,16625.98695301539,14657.384674781997
2020-11-12,32069.40333361004,18537.526913657934,13493.544306644562,19340.837783550083,16420.643845428596,14688.001509572005
2020-11-13,32508.918976357854,18512.844698559773,13488.230163992383,19368.2140668452,16450.545974923367,14700.048291406987
2020-11-16,32887.99788914964,18498.94833773493,13633.345065101812,19380.232326530695,16528.40453527097,14699.8711815339
2020-11-17,32735.14380060669,18546.783781155264,13617.415308722384,19407.608609825813,16521.937616221647,14714.468676587858
2020-11-18,32362.57484653755,18540.613918604402,13679.360313444131,19398.928076380544,16608.010048294887,14707.927197910769
2020-11-19,32492.423930831636,18560.67599463804,13576.712619085105,19411.614696387645,16462.42205897538,14718.497512392521
2020-11-20,32272.04969304288,18593.072265983978,13642.192993821656,19430.978806559102,16526.69320961829,14735.601029389069
2020-11-23,32457.58673832704,18556.05032578409,13608.568963949681,19426.97271999727,16513.7606000377,14730.57408841176
2020-11-24,32982.56948349996,18526.73138225312,13748.371306354067,19418.9585091897,16721.923156564124,14715.976593357802
2020-11-25,32931.501423932656,18532.901244803983,13734.2155707706,19424.301316394747,16718.601243739395,14717.991011260134
2020-11-26,,,13732.439966027501,19443.6654265662,16714.538534526608,14733.594887649031
2020-11-27,33013.75542894797,18588.44244978796,13780.224483324364,19440.994022963678,16776.318250550976,14733.594887649031
2020-11-30,32867.192224304265,18576.104107133586,13629.80494324559,19410.946336066037,16720.312569392074,14716.984629925199
2020-12-01,33238.659360879275,18477.290917452206,13750.13740741433,19342.840826830998,16834.966474049368,14672.698885490607
2020-12-02,33301.3405338789,18446.405661066623,13732.439966027501,19352.856043235577,16748.08936264913,14669.679741485797
2020-12-03,33286.73769344495,18495.819859367773,13735.983255778001,19398.928076380544,16672.131319734908,14693.836203989194
2020-12-04,33582.90108116647,18423.241373165605,13803.226563680535,19382.903730133217,16730.124743109194,14690.813749519466
2020-12-07,33517.93250927551,18480.37653995131,13774.913508566462,19436.98793640185,16694.95104263406,14732.581885384257
2020-12-08,33612.196969314595,18498.901334524817,13790.841680998748,19477.050839704065,16704.37377612728,14756.236812452647
2020-12-09,33346.648214266344,18472.655571466756,13833.307303802012,19473.711075779935,16782.080000235874,14752.212942345359
2020-12-10,33306.22461376518,18514.347418835998,13778.450462528404,19469.036628896498,16726.06203389641,14746.677845003207
2020-12-11,33264.832358897824,18551.40115532508,13663.427389170427,19510.436252841933,16497.821806772907,14778.8853581861
2020-12-14,33125.87878267853,18540.595946788773,13727.132159163879,19495.07822923231,16634.76840008312,14763.286447494582
2020-12-15,33554.35262476875,18522.064239978485,13779.68277340274,19505.093445636885,16810.5238787976,14753.722514347764
2020-12-16,33613.910907638805,18506.622303009375,13889.779771157653,19442.328705922988,17066.037206775007,14711.451187815504
2020-12-17,33809.037845927465,18493.1849147068,13927.067470762711,19450.34087904665,17193.43452923219,14717.48451012775
2020-12-18,33692.77999185342,18477.73191815884,13879.122974804788,19432.31348951841,17147.21522291122,14711.949412785596
2020-12-21,33562.22643165666,18490.096527312977,13571.921178988878,19442.328705922988,16663.878135431463,14726.042061939628
2020-12-22,33495.19168349015,18520.99422572476,13733.512298240774,19457.018369211004,16880.01623118056,14734.093112619123
2020-12-23,33520.70316145374,18482.368646591643,13866.690573708822,19387.57613933275,17092.769759684055,14676.221220162886
2020-12-24,33642.811601987865,18508.63099901798,,,,
2020-12-28,33936.24729337888,18510.180722504316,14024.736819263077,19426.97271999727,17348.21920472252,14690.813749519466
2020-12-29,33860.72232190962,18507.08957021578,14115.295829055356,19444.331749203902,17311.85015617843,14713.460640020461
2020-12-30,33909.855220536934,18519.45003202785,14104.642200596769,19428.975763278184,17258.259741518574,14691.820130854405
2020-12-31,34130.88883058826,18531.80496405049,,,,
2021-01-04,33629.08720863988,18536.441692483295,14095.762592934138,19462.36117641605,17268.27339219696,14743.657045765938
2021-01-05,33871.32167733565,18493.1849147068,14095.762592934138,19438.990979682763,17173.268405335035,14716.48143925773
2021-01-06,34065.26088643473,18385.037440476135,14283.989367279644,19405.6055665449,17476.132504763424,14685.781842844784
2021-01-07,34578.45439919965,18320.1425966799,14351.467099358786,19405.6055665449,17572.080993492724,14683.265889507442
2021-01-08,34772.786654305404,18267.617891827227,14436.700878868909,19426.30435967566,17674.344065032343,14686.28999920963
2021-01-11,34544.80493588464,18232.08070008793,14342.590659590434,19382.23536981161,17532.353176582208,14661.623725108928
2021-01-12,34559.18870149519,18228.99507758882,14337.262261414004,19306.78401009061,17517.759610589263,14633.94492793325
2021-01-13,34638.4959353566,18292.33743300401,14363.896332560473,19383.57005277092,17536.1898384726,14682.254542475128
2021-01-14,34512.47421709477,18250.619319135003,14459.786908423463,19402.265802620765,17597.81967529408,14712.96075981791
2021-01-15,34264.78435573799,18300.058401488564,14305.2997920911,19393.587306859405,17344.99925889648,14702.392100568615
2021-01-18,,,14330.156674547332,19368.880389482903,17421.258288734545,14685.276996944856
2021-01-19,34544.89299537247,18310.88019939315,14298.194205224429,19382.23536981161,17379.37933670713,14680.746625705184
2021-01-20,35026.32710212227,18318.603932772414,14415.395205898873,19379.563966209087,17513.118269371873,14685.781842844784
2021-01-21,35040.35862978148,18292.33743300401,14394.083197140279,19313.461500254965,17494.62538706765,14657.093353869253
2021-01-22,34935.18768000514,18320.1425966799,14323.05742346922,19305.449327131304,17453.488459946348,14670.177966455889
2021-01-25,35061.5165325782,18394.30536755232,14196.976815132142,19389.581220297572,17164.123316922585,14710.94303145066
2021-01-26,35009.52492228482,18388.127210317314,14287.54057676584,19376.226239968863,17449.740251356023,14695.845656194151
2021-01-27,34110.6115226699,18409.759746547632,14133.053460433475,19401.599479983066,17134.572543591967,14707.420696778381
2021-01-28,34447.022391916915,18361.85379831213,14150.807923917317,19386.90981669505,17191.773572819824,14704.399897541114
2021-01-29,33786.29487234972,18329.41328865079,13864.914968965724,19369.54874980451,16898.584053086233,14682.254542475128
2021-02-01,34328.65325792721,18352.288645054363,14058.470141487662,19350.184639633055,17136.53448692817,14671.187658255742
2021-02-02,34806.17408694929,18305.91583093692,14250.251293213643,19333.49193306412,17404.665923863697,14650.047029292236
2021-02-03,34841.27545791739,18261.087210516387,14271.560134077958,19326.816480583675,17528.541085052948,14632.941857063232
2021-02-04,35222.94890391174,18254.893846360468,14372.777524170242,19336.163336666647,17687.87987697866,14620.858660114156
2021-02-05,35363.925700558866,18216.255825201148,14360.345123074276,19315.46454353588,17683.38841496416,14610.794846764788
2021-02-08,35626.35156547755,18223.98094102777,14401.18720005981,19320.13899041932,17687.401983454685,14616.834790006867
2021-02-09,35592.79016165037,18237.893891220887,14406.515598236243,19326.816480583675,17626.879041402102,14616.834790006867
2021-02-10,35581.39612304144,18284.27361757511,14358.571102278316,19316.79922649519,17527.710606846766,14610.294966562238
2021-02-11,35647.728543097655,18270.360667381992,14431.374064639615,19346.178553071222,17663.49993614777,14627.908295156089
2021-02-12,35817.51797460601,18210.066608387293,14536.142664218094,19302.77792352878,17674.796159677127,14599.719686383109
2021-02-15,,,14722.595417767641,19244.01927037671,17749.761560001712,14559.333669621397
2021-02-16,35801.5512860068,18078.66222228274,14699.512556107367,19198.61559755335,17693.301327161913,14532.065370095497
2021-02-17,35795.919774370115,18091.02959633159,14569.882322231235,19198.61559755335,17497.895702134003,14545.193018726062
2021-02-18,35639.15240809946,18089.4784903979,14479.32172849182,19129.841727996707,17469.792123073923,14523.987835696664
2021-02-19,35575.10738693457,18016.82258714378,14555.675900339313,19121.829554873046,17603.518770558097,14495.718120533204
2021-02-22,35302.96061367583,17987.446963271206,14497.07935986994,19171.90767457984,17549.185102474068,14522.983109594184
2021-02-23,35348.047071447494,18001.35576612226,14438.474899664869,19114.483704387083,17441.964960576548,14501.769650402492
2021-02-24,35749.733646896704,17976.623782919265,14509.507009124485,19079.76360828991,17581.84279796953,14483.60347416741
2021-02-25,34879.5877785029,17736.991740637393,14434.92844202009,18954.902489183718,17460.23179555838,14411.910390680383
2021-02-26,34717.936332345955,17896.233086707027,14232.495245782662,18994.965392485938,17343.187194763173,14433.11557370978
2021-03-01,35544.75478493242,17876.11986012121,14486.422563517071,19137.185540798764,17628.162842771126,14508.339268031381
2021-03-02,35257.786096416334,17908.60737299266,14509.507009124485,19145.86607424403,17662.103111117554,14526.515375661214
2021-03-03,34798.87159283612,17812.700087654073,14530.814266041663,19062.40254139937,17712.713140972384,14478.045203570835
2021-03-04,34338.06703195604,17724.528977720962,14486.422563517071,19077.760565008994,17682.91052144019,14494.708428733347
2021-03-05,35008.996565357804,17699.776257807633,14378.102754452395,19059.064815159145,17512.26322080456,14488.650277934223
2021-03-08,34821.745581749434,17630.16173873722,14663.99570940399,19048.38123843296,18091.220782692537,14466.438713569887
2021-03-09,35317.8727362134,17713.704414921667,14779.416353493918,19087.775781413573,18162.965008673033,14483.60347416741
2021-03-10,35532.74647770103,17750.827273778563,14829.142789983498,19099.127718461365,18291.670702860367,14493.693771236118
2021-03-11,35904.56800001976,17744.633909622644,14916.155342130998,19167.233227696404,18328.32845314773,14509.855460963621
2021-03-12,35949.961592102656,17616.241876307322,14866.428905641418,19111.14597814686,18244.042286328615,14479.056550603149
2021-03-15,36184.94081811774,17637.897914142693,14876.407772618684,19168.56791065571,18192.502268305027,14520.962070762018
2021-03-16,36129.119693999724,17634.79984961737,15002.738644603762,19162.558780812964,18313.471984290696,14520.455569629632
2021-03-17,36233.45515253783,17605.409018823888,14940.462594929913,19077.760565008994,18362.57216545411,14483.60347416741
2021-03-18,35700.424629293724,17495.587400844826,15008.073378568752,19065.073945001892,18587.640358955778,14462.401601602929
2021-03-19,35682.65379509008,17484.75592580875,14878.186545256063,19102.46544470159,18393.254403914747,14489.65831450162
2021-03-22,35933.423590728715,17541.985099014684,14920.891344077352,19124.500958475568,18438.80662493104,14506.8247303316
2021-03-23,35659.341656529985,17628.61616259295,14899.534984798858,19181.254530662813,18444.857076359214,14535.599291394987
2021-03-24,35466.54722077276,17651.823306362017,14904.872886658128,19203.956367074494,18379.906555231068,14546.707556425841
2021-03-25,35653.53402591762,17628.61616259295,14894.200250833868,19233.335693650526,18393.707727077588,14575.487083186606
2021-03-26,36246.78435208675,17569.83450100597,15045.433939742217,19191.938107389,18554.203783012505,14544.183326926206
2021-03-29,36215.37933181535,17509.508645722082,15072.1250329857,19145.19975160633,18640.728309730534,14515.40711063036
2021-03-30,36104.793797433325,17494.03767735849,15178.879902276798,19083.76969485174,18880.86919126718,14473.0033655014
2021-03-31,36238.42943970433,17469.280810103093,15153.973917459247,19108.474574544336,18880.52889176553,14485.62120253466
2021-04-01,36666.99134128239,17546.679890236446,15251.831755669185,19145.86607424403,19004.85737611762,14520.455569629632
2021-04-05,37201.38786048413,17497.1454190153,,,,
2021-04-06,37166.81269865066,17582.284821896195,15355.02749573839,19114.483704387083,19137.588923976047,14510.361962096005
2021-04-07,37222.41045236052,17571.44228728127,15306.98637900497,19118.489790948915,19091.89910893743,14512.379690463258
2021-04-08,37388.1083393731,17631.8109984332,15404.848969056326,19144.531391284723,19125.00889907767,14525.50733909382
2021-04-09,37677.19260338962,17585.37320929002,15411.96722750011,19071.751435166247,19164.611407146425,14485.62120253466
2021-04-12,37670.41846620347,17574.533439569805,15344.356443861272,19067.076988282806,19140.50788287825,14486.629239102056
2021-04-13,37794.547979373034,17647.287496586217,15365.703299456927,19058.396454837537,19164.863253348005,14483.095317802565
2021-04-14,37644.59770613625,17625.61763427728,15401.289839834433,19018.333551535317,19133.14905971992,14454.31744627426
2021-04-15,38063.04350557519,17738.611968938894,15483.137140360843,19073.086118125557,19191.24322157484,14482.590471902638
2021-04-16,38200.36905516573,17690.625838756736,15625.476966082306,19039.03438234999,19448.403992265987,14455.330448539033
2021-04-19,37997.63463624505,17672.056805867825,15620.137480275898,18991.625628561807,19333.472442527927,14426.044420645883
2021-04-20,37740.44508916399,17724.687959166928,15333.677472248455,19021.673315459448,19032.960955177703,14450.280334307301
2021-04-21,38091.677873668355,17733.968328269315,15433.317250990047,19035.02625810425,19116.567751511582,14455.330448539033
2021-04-22,37743.87726139718,17747.90201517277,15541.850892918521,19028.350805623802,19273.25171591724,14444.727029408104
2021-04-23,38157.65805577323,17724.687959166928,15525.835603393574,19021.673315459448,19221.80015119372,14448.259295475134
2021-04-26,38225.66145830593,17706.10924914653,15557.864598496328,19013.661142335786,19242.833608838744,14443.71402714333
2021-04-27,38217.70173972257,17636.45878644486,15550.74950794682,19001.640844966387,19183.619038516314,14441.691333078705
2021-04-28,38185.678155243935,17659.670077555988,15554.300717433018,18972.92987871196,19237.60012191813,14423.523501611164
2021-04-29,38445.99059245457,17628.717081249957,15518.722096791209,18919.51403276494,19064.021577199735,14390.203672215974
2021-04-30,38172.43916297524,17644.19081450826,15470.680980057788,18922.85175900516,19041.012662519886,14399.790778617213
2021-05-03,38277.3888901358,17674.236925348603,15597.010268095726,18939.544465574094,19167.516852350003,14406.860276448651
2021-05-04,38021.784413835776,17697.47310051215,15342.576087276753,18982.945095116538,18689.48941991036,14435.641458441874
2021-05-05,38048.74779945247,17719.15955218936,15648.60576220962,18958.90857574555,19084.87935676269,14430.084843077757
2021-05-06,38365.452673555854,17726.908169621038,15643.27102824463,18953.565768540502,19117.53705225815,14431.59938077754
2021-05-07,38654.79896824349,17733.10429867167,15782.051724744199,18912.836542600584,19372.798534033973,14417.46369557958
2021-05-10,38252.18669427582,17697.47310051215,15799.844202959383,18921.517076045857,19373.754321081917,14411.910390680383
2021-05-11,37920.92408337859,17668.04494364004,15504.48557990364,18844.731033365544,19020.68314572122,14363.446839519836
2021-05-12,37112.709808441614,17582.857155101676,15550.74950794682,18787.975423494394,19059.014137601516,14328.099350362641
2021-05-13,37570.829628838925,17641.717616187965,15556.082657964671,18763.2705438018,19121.234891608157,14319.521935761259
2021-05-14,38134.30296136541,17680.43443684659,15735.790964595297,18759.26445723997,19394.17106266259,14327.094624260166
2021-05-17,38037.88426556293,17663.397155628387,15719.777259017486,18725.8790441021,19368.98644250471,14321.407245531806
2021-05-18,37718.58485825698,17663.397155628387,15741.127282507425,18733.891217225766,19356.35604836602,14314.32285060824
2021-05-19,37612.88340376124,17610.736970934802,15527.615959978091,18731.21981362324,19012.895569761182,14321.407245531806
2021-05-20,38013.29633832541,17683.535266266616,15737.571321179814,18762.60218348019,19335.82505460609,14310.265875851775
2021-05-21,37985.00991259881,17689.73001286989,15814.077551952674,18794.65291365875,19420.42572204767,14335.59093247107
2021-05-24,38365.27655458018,17706.76176429867,,,,
2021-05-25,38284.29619044991,17771.818354435585,15849.66409233018,18871.438956339058,19455.121528998832,14371.554168102926
2021-05-26,38356.65531594187,17751.684391139428,15853.221637604933,18932.86697540974,19437.0438857977,14404.48005217293
2021-05-27,38404.731500715156,17720.710658123047,15910.156617525236,18894.809153072343,19381.705289943468,14376.620834659247
2021-05-28,38439.04033629274,17719.15955218936,15999.120592548288,18916.17426884081,19524.174071917572,14388.27036070412
2021-05-31,,,15927.949095740416,18916.842629162416,19399.819788686294,14388.27036070412
2021-06-01,38421.3167535216,17715.906653560145,16050.717670609323,18913.504902922192,19583.778082463905,14379.663151918478
2021-06-02,38480.96094808711,17736.06411846136,16089.86175626158,18941.54750885501,19628.24797907244,14398.905229251766
2021-06-03,38347.54867622427,17691.105547989344,16070.298425144718,18923.520119326768,19665.93768452725,14390.296365233666
2021-06-04,38686.7323454419,17788.750569654716,16136.124100357623,18954.902489183718,19741.707764178835,14411.571068026333
2021-06-07,38656.82218867132,17774.808588067113,16152.13463804115,18921.517076045857,19721.894224963893,14396.882535187142
2021-06-08,38664.38671345561,17825.954992905627,16175.266602062744,18976.26964263609,19675.913251145885,14418.663739112195
2021-06-09,38595.369552916614,17881.750568203144,16200.178922668849,19018.333551535317,19601.112472240868,14442.977448699176
2021-06-10,38776.81505370502,17945.29890827441,16212.630331130484,19029.685488583113,19588.633185823124,14443.99045096395
2021-06-11,38853.26787148513,17918.943931875205,16317.604843837067,19075.08916140647,19742.172144004184,14463.237493994611
2021-06-14,38933.4535524325,17863.149739025044,16344.29752102769,19038.366022028382,19717.477702550837,14447.027802525805
2021-06-15,38856.519629157876,17866.246421103002,16361.879334273357,19009.655055773954,19787.774734260795,14430.821421521914
2021-06-16,38647.58238582577,17743.80997099833,16403.188675664966,19029.685488583113,19763.93656989282,14445.511609593565
2021-06-17,38631.74886035451,17807.35001638546,16392.409915382377,18988.287902321583,19785.44792106182,14426.769412462827
2021-06-18,38126.691185148615,17908.100014812924,16135.574470700305,18968.25543182852,19433.67283225071,14435.37662124847
2021-06-21,38662.273285747564,17850.753333581713,16245.134510375012,18940.88118621731,19628.91506437711,14400.426387881384
2021-06-22,38860.389951037854,17883.29614434741,16281.05209570462,18924.854802286078,19670.542170202945,14390.296365233666
2021-06-23,38818.38342754804,17847.659416398463,16149.944039147571,18944.887272779142,19444.17666163363,14405.49139920524
2021-06-24,39047.33380033499,17844.54614495223,16320.565241040324,18962.246301985775,19611.29074433882,14406.507711934933
2021-06-25,39178.10858314754,17807.35001638546,16340.324981602454,18900.81828291509,19634.864777324652,14383.713505745109
2021-06-28,39268.766899770155,17863.149739025044,16225.37635376002,18954.902489183718,19567.196774255568,14411.064566893945
2021-06-29,39283.14851758833,17872.452227285128,16290.0346599313,18942.215869176616,19738.801090457197,14397.895537451912
2021-06-30,39336.418064351514,17900.351397381244,16171.49522392419,19002.9775656096,19538.08703890723,14428.792106527453
2021-07-01,39544.474712805255,17887.469752915873,16270.278087263445,19012.324421692574,19629.63129040404,14425.754754965596
2021-07-02,39846.13644903552,17952.618967025657,16315.178236819736,19058.396454837537,19687.851989618775,14449.057117520266
2021-07-05,,,16365.466974543755,19019.670272178533,19702.79691177588,14426.769412462827
2021-07-06,39767.39838015646,18047.22536940203,16286.445435713764,19108.474574544336,19513.354513394133,14478.940684331033
2021-07-07,39901.02972684269,18099.961588700207,16394.202943544005,19120.49283422983,19741.46820315782,14493.630872402682
2021-07-08,39567.25849443834,18146.486472026834,16101.451497479464,19126.504001756482,19399.20307262194,14513.89091769812
2021-07-09,40014.07663129933,18054.982281517852,16320.565241040324,19111.14597814686,19735.454607271342,14498.689262796706
2021-07-12,40152.106656792545,18045.675645915693,16415.758880162044,19129.1733676751,19864.50060096032,14503.757584585484
2021-07-13,40011.04394844997,17989.841362092197,16421.14588438263,19149.205838168164,19863.405991371994,14502.746237553172
2021-07-14,40062.50505402396,18067.39527632945,16394.202943544005,19161.224097853657,19862.57674168387,14512.876260200888
2021-07-15,39932.65811752226,18143.38840750152,16264.889499095725,19173.91071786076,19662.151391877174,14525.035597843067
2021-07-16,39631.61064991446,18140.28757808149,16209.213757151127,19208.63081395793,19549.748132299355,14541.745169514428
2021-07-19,39003.39426369758,18295.38296452979,15842.823024635763,19229.329607088694,19037.60352491315,14568.086538863412
2021-07-20,39595.89286253152,18272.12190531383,15900.293378689132,19263.383380548166,19142.104956351675,14596.4555679744
2021-07-21,39922.275689127244,18166.64946671748,16169.699027868282,19245.35599101993,19401.543399519538,14581.76372467029
2021-07-22,40005.764674764636,18208.527944479807,16259.500910928,19296.76879368603,19517.32999782491,14601.5189240658
2021-07-23,40413.47580785721,18180.613567462773,16440.904040997622,19311.458456974047,19712.00588312727,14600.504266568569
2021-07-26,40510.2037857633,18168.20748488795,16437.313232832945,19306.78401009061,19648.716318411487,14601.5189240658
2021-07-27,40319.475526281625,18245.754486888418,16329.546221319866,19332.157250104814,19523.104032690375,14626.33582432025
2021-07-28,40312.22028360095,18261.264163777985,16455.26885760347,19334.828653707336,19587.55208993342,14634.4448081358
2021-07-29,40486.539409251855,18205.42296771771,16518.13255166598,19343.50918715261,19675.749858244373,14634.4448081358
2021-07-30,40270.8280287336,18256.609463529552,16455.26885760347,19345.51223043352,19554.880880739336,14640.522821724431
2021-08-02,40196.7120090697,18336.689109086637,16559.438725163312,19393.587306859405,19585.50169329715,14662.302370417026
2021-08-03,40526.565668161566,18341.347956677142,16606.13665472265,19398.928076380544,19568.329467903644,14660.271400190106
2021-08-04,40339.22662506536,18336.689109086637,16699.529345947045,19412.283056709253,19740.73846343227,14670.90792397021
2021-08-05,40584.367056859686,18269.958375201324,16767.78162817728,19428.975763278184,19806.833963389057,14665.338066746423
2021-08-06,40657.12137615072,18162.86570830347,16764.186068171184,19373.55483636634,19827.943589153587,14628.361828849795
2021-08-09,40622.01785739024,18124.067323250823,16787.535032950855,19378.89764357139,19807.76518007587,14626.33582432025
2021-08-10,40662.35339840357,18089.923638446606,16861.174319401674,19382.23536981161,19839.592397365148,14625.832633652783
2021-08-11,40764.31769414728,18110.101840058167,16933.018993743724,19370.21711012612,19909.260427830184,14625.832633652783
2021-08-12,40895.39746347867,18091.481656617078,16968.93816302047,19388.912859975968,20049.426966966443,14629.376486347022
2021-08-13,40962.73934595641,18195.45966962135,17003.062720188453,19385.573096051834,20099.65984177793,14628.361828849795
2021-08-16,41071.254408478104,18235.813307949757,16922.23706556686,19376.226239968863,20034.608582169152,14630.089891536758
2021-08-17,40783.80246667512,18226.50114255818,16925.832625572955,19373.55483636634,20029.852988772513,14631.106204266447
2021-08-18,40353.170093236746,18217.1889771666,16956.363206681977,19399.59643670215,20085.229668686494,14644.31661451995
2021-08-19,40406.57280312788,18257.537085705582,16690.54994961464,19402.265802620765,19833.42769375772,14648.38021020625
2021-08-20,40737.52613192149,18240.463860856125,16753.41364367715,19417.623826230392,19886.55372859223,14653.463429087155
2021-08-23,41088.45392990701,18245.122708446623,16864.768295460628,19385.573096051834,19942.849340012457,14642.282333828112
2021-08-24,41150.12564048511,18195.45966962135,16862.965763616165,19386.90981669505,20009.598411575294,14638.728549739117
2021-08-25,41242.012494352646,18124.067323250823,16855.78731518109,19282.079130398015,19952.749967029646,14591.466697343645
2021-08-26,41003.341213225634,18124.067323250823,16819.86497801006,19275.40164023366,19868.413430970217,14585.373786662884
2021-08-27,41365.83702100337,18183.049439704457,16902.482076846147,19290.09130352168,19941.540968282305,14590.457005543789
2021-08-30,41546.57804588909,18218.738700652935,16915.055449237505,19325.47975994046,19986.274996272983,14605.193540124286
2021-08-31,41495.288763706005,18184.597780743436,16846.806334901547,19227.32656380778,19920.582450238722,14557.428497061344
2021-09-01,41510.99342163409,18192.367134885462,16911.463057125686,19226.66024117008,19906.996269052088,14548.788183626526
2021-09-02,41635.56108445045,18214.104737114845,16963.54799090561,19253.36816414359,19927.50146393283,14558.94965569096
2021-09-03,41622.674330133086,18170.61847307722,16859.381291240043,19214.639943800677,19852.789138327877,14537.610398832401
2021-09-06,,,16979.710587514506,19234.672414293742,20042.646775812715,14543.708275210538
2021-09-07,41482.53087693182,18099.17912349658,16891.704900510696,19141.8599876822,19930.646470157422,14494.420418285521
2021-09-08,41429.2656257534,18148.87672350576,16735.45168311807,19149.205838168164,19637.77145104629,14498.990515104204
2021-09-09,41241.96953850492,18200.130959238053,16728.26373100016,19243.35294773901,19653.962090512665,14532.528835183955
2021-09-10,40925.440783377206,18142.668152428923,16661.81081272011,19187.932020827167,19637.179305343063,14504.07373398511
2021-09-13,41018.9556638735,18164.41128444774,16699.529345947045,19195.27787131313,19752.42535570358,14506.106359444491
2021-09-14,40793.30430019179,18232.742892371563,16715.69352650308,19225.991880848473,19779.560862535156,14512.204235822626
2021-09-15,41140.09545004144,18201.68483006646,16573.999951214428,19171.90767457984,19644.966881303102,14487.811075077621
2021-09-16,41077.54744016975,18144.224788152038,16667.912177100498,19168.56791065571,19689.940470314796,14481.716509164404
2021-09-17,40703.4836225998,18091.41944648605,16528.852705904417,19133.17945423693,19486.6723297254,14459.357629111239
2021-09-20,40012.66767949397,18183.046674809742,16229.04635928166,19167.90158801801,19036.168615823175,14491.87632599638
2021-09-21,39982.01009097297,18172.16957901091,16436.744595809952,19195.94419395083,19308.48929933131,14498.990515104204
2021-09-22,40362.62897090568,18189.255245886583,16572.194251475685,19206.627770677016,19507.51782410779,14495.435075782752
2021-09-23,40854.04816445904,18024.632032259135,16731.12592348078,19105.80520862572,19680.152866958804,14432.935153371773
2021-09-24,40914.267967384054,17970.27973200152,16564.97145252071,19046.378195152043,19538.98017153429,14406.512677632309
2021-09-27,40801.57330087876,17922.13047303132,16536.073920912255,19039.03438234999,19591.97966900898,14403.971895808085
2021-09-28,39972.86049540764,17853.79610021278,16180.286130547023,18983.613455438146,19182.725905889252,14382.121172119763
2021-09-29,40039.502197567475,17872.435637916857,16276.007224066114,19006.315291849824,19329.54732733747,14395.334892838184
2021-09-30,39565.368437138466,17894.17876993567,16263.365741947766,18973.598239033567,19197.98655718687,14380.090201892843
2021-10-01,40020.27945571075,17967.221758449537,16230.853642967544,19021.673315459448,19066.839797621305,14406.512677632309
2021-10-04,39502.94929480996,17945.466184404515,16127.909750493478,19014.327464973485,18916.017092863127,14403.460428978324
2021-10-05,39923.24649128581,17889.51162766103,16342.829202029607,18969.592152471738,19114.706546656013,14376.023295741626
2021-10-06,40087.14023269397,17894.180152383025,16153.199050518728,18955.570849505326,18836.486519440656,14373.485824382322
2021-10-07,40429.09455408984,17822.689652250203,16424.099945797327,18976.93596527379,19185.620294430322,14377.551075301079
2021-10-08,40352.336749790884,17783.83873419802,16364.50076678881,18926.191522929294,19129.349253371223,14343.502943624027
2021-10-11,40075.30589664586,17740.319291423843,16380.758400226061,18888.13166290799,19120.555521122922,14321.14406357086
2021-10-12,39978.40609534888,17821.134398974446,16371.721981796645,18856.08093272943,19054.800320667786,14290.661302610015
2021-10-13,40100.06994285906,17855.323704541413,16478.283609536753,18894.140792750735,19183.757861056696,14313.016872198263
2021-10-14,40788.815414104574,17897.28651159248,16689.588493701118,18982.945095116538,19452.13991567575,14364.847166179961
2021-10-15,41093.11893496989,17808.704814794564,16805.17545224067,18949.559681978673,19608.938132260657,14350.105665902089
2021-10-18,41231.8061849333,17783.83873419802,16718.482857415296,18899.481562271874,19466.92144493134,14315.049497657641
2021-10-19,41537.25233134809,17720.117588207228,16787.110535117532,18846.065716324854,19518.952870177523,14287.609053956028
2021-10-20,41689.887345067655,17712.34685161785,16844.90718228159,18874.77668257928,19527.87191126758,14303.870057631058
2021-10-21,41817.84422426947,17665.723814528927,16826.84701699987,18830.041370077528,19464.51846361286,14271.351360745917
2021-10-22,41773.638361376165,17710.792980789443,16897.28356233513,18816.68638974882,19553.108129183835,14264.23717163809
2021-10-25,41972.15022046552,17732.544407492398,16917.14942735559,18861.42373993448,19623.870769237194,14292.693928069393
2021-10-26,42048.68465435631,17754.30551132684,17034.540501686744,18854.077889448516,19822.420171971644,14293.197118736862
2021-10-27,41837.0197146937,17853.775363502435,16951.462474233143,18922.85175900516,19757.947544367467,14332.323503597443
2021-10-28,42250.323699160006,17807.14679662409,17011.0632371888,18849.40344256508,19746.022319593198,14306.917340587668
2021-10-29,42337.36942898899,17814.92582789761,17011.0632371888,18715.195467375917,19736.511132799915,14250.516949787285
2021-11-01,42413.998365744774,17813.521261383677,17151.92999207076,18700.505804087898,19884.35222423501,14262.202890946253
2021-11-02,42570.194419240695,17857.064205762912,17177.219292096008,18839.3882261605,20070.73806969223,14329.277875873291
2021-11-03,42845.19775637312,17801.079235177593,17236.81688715739,18864.093105853095,20077.69516744609,14333.849627924435
2021-11-04,43029.98951769926,17897.500790932696,17303.638865120884,18989.622585280893,20165.340102631628,14403.460428978324
2021-11-05,43194.93997296144,17995.481747305632,17316.28034723923,19071.08307484464,20196.42529501479,14447.161876354965
2021-11-08,43233.77635488919,17917.71770107023,17316.28034723923,19031.02017154242,20186.561523539294,14421.249212212804
2021-11-09,43085.58727140912,18000.14750713291,17285.578699839163,19101.13076174228,20178.95085417939,14461.38859933816
2021-11-10,42740.729134707064,17846.184345069367,17325.313597774362,18998.303118726162,20213.370244567846,14410.579583783525
2021-11-11,42764.30759952306,17788.628914287365,17388.524176260373,18975.60128231448,20232.59286659762,14398.890332159637
2021-11-12,43077.22806344192,17825.961905142405,17433.6761734118,19004.980608890517,20246.380524745517,14429.87959425287
2021-11-15,43078.59405939956,17755.975507733172,17509.53140191043,18982.27877247884,20315.028885223674,14417.160788039622
2021-11-16,43247.41483654172,17740.421592528204,17534.814366147122,18996.968435766856,20439.848776798353,14423.280182439725
2021-11-17,43143.427320370196,17804.18974172911,17556.484346959183,18988.287902321583,20443.96185525146,14418.688567599076
2021-11-18,43293.334637759246,17815.07098487001,17489.659201101415,19051.052642035484,20406.977319161066,14445.71851365091
2021-11-19,43233.733399041455,17863.289366208024,17422.83880708506,19139.190621763584,20329.282151714975,14502.837275338405
2021-11-22,43099.5307395805,17732.646708596756,17402.971358117462,19064.405584680284,20273.578685997974,14463.058728889064
2021-11-23,43171.494671273394,17659.553951978065,17160.961658658758,18948.89335934097,20048.785680540954,14411.039738407066
2021-11-24,43272.44091342603,17713.98505173498,17193.4705897447,18929.529249169518,19975.053712345078,14408.485714723172
2021-11-25,,,17263.903967185684,18957.57389278624,20024.85906287291,14423.280182439725
2021-11-26,42289.99772011839,17942.601753482402,16611.925981516604,19081.098291249218,19193.39435669174,14502.837275338405
2021-11-29,42850.96243113775,17902.163785865265,16745.57152139073,19068.411671242116,19223.36036912545,14481.416912089364
2021-11-30,42044.023944878194,18009.474879445406,16590.25600070454,19083.101334530133,18996.000989448443,14493.149199757181
2021-12-01,41550.84356156813,18043.407049804122,16899.084510232453,19045.70983483044,19464.657286153244,14475.295862456805
2021-12-02,42147.21677786683,18004.500833857684,16689.588493701118,19127.170324394185,19201.030824930833,14508.446858141202
2021-12-03,41793.08017805629,18110.3313263193,16604.70476650877,19143.196708325417,19083.873200474427,14508.446858141202
2021-12-06,42284.58528330509,18020.060278852074,16832.2641162161,19171.90767457984,19349.07216480914,14512.017194554785
2021-12-07,43160.717049079314,17951.576601719058,17244.039686112363,19153.878247367695,19893.97643468949,14498.758782559977
2021-12-08,43294.78654541234,17893.993521989934,17141.0957936383,19030.35384890472,19734.398081742765,14443.166145199475
2021-12-09,42989.125619758925,17939.13457551297,17110.395730185373,19087.775781413573,19674.22772437239,14480.397288894757
2021-12-10,43400.09280610901,17951.576601719058,17056.215234340227,19104.468487982504,19654.16233895587,14472.748459702747
2021-12-13,43004.520995583385,18037.179124464295,17002.036322442218,19161.892458175265,19652.16231155992,14500.288217351886
2021-12-14,42689.43985252398,18006.051939791378,16819.624218044893,19133.17945423693,19440.616416305947,14484.98559327049
2021-12-15,43388.215514213174,17979.59742718252,16883.36700276969,19134.516174880144,19469.28634219007,14482.438190516432
2021-12-16,43010.67656856231,18031.938266536818,17079.70041857387,19088.44414173518,19670.63062350301,14471.217369678378
2021-12-17,42570.54665719203,18072.442591627056,16966.991491986337,19151.208881449078,19538.905231932848,14501.306185314035
2021-12-20,42086.16363149596,18056.865174817038,16748.832868550446,19129.841727996707,19171.542706021097,14493.149199757181
2021-12-21,42837.547319893376,17985.199103869978,17030.621816464245,19023.676358740366,19432.918522164033,14441.13020927518
2021-12-22,43278.162632342945,18002.340068639893,17172.419932264085,18995.63171512364,19616.623741222007,14427.868486815456
2021-12-23,43548.238933741355,17964.95316233796,17325.128275959072,18924.854802286078,19821.476670104264,14390.12918675533
2021-12-27,44152.48595692796,17971.18247012514,17441.475529125462,18909.49881636036,19920.783927199984,14380.43449024427
2021-12-28,44107.88490023558,17968.06781623155,17601.46052597816,18910.83349931967,20082.37459272323,14374.824907441473
2021-12-29,44169.8186414848,17876.155803752474,17514.19454228838,18820.69247631065,19942.169969527222,14332.498958238073
2021-12-30,44041.81451085049,17935.353581993677,17570.554549397133,18846.065716324854,19983.193872987325,14340.660909492304
2021-12-31,43928.28650089934,17915.10211067224,,,,
2022-01-03,44208.52615586937,17748.40937335251,17608.72925940017,18755.258370678137,20154.118818703722,14282.007747315525
2022-01-04,44183.62894652824,17739.06402922438,17735.985156514565,18755.258370678137,20320.024039641332,14278.948877731706
2022-01-05,43330.06618314848,17664.290216620517,17752.34733046301,18745.909476911256,20469.90201401407,14280.986468888459
2022-01-06,43291.44458045936,17620.667090294617,17525.104770183527,18709.18633753317,20193.494050932026,14262.120129323315
2022-01-07,43123.98550369007,17563.030095118596,17479.65657491706,18653.765410621327,20062.296922126145,14233.560748479567
2022-01-10,43061.832687617454,17558.35189326511,17196.055591475957,18671.126477511865,19836.522330742,14232.537814820043
2022-01-11,43456.261872593604,17600.417001420534,17359.669411224673,18649.759324059494,20054.836131969132,14221.31699398199
2022-01-12,43579.381923341636,17603.534420208838,17465.10802044306,18693.159953601935,20141.022816221623,14242.73735723103
2022-01-13,42963.43372723488,17659.61477966174,17463.294400968618,18742.571750671035,20167.7799394918,14265.180654139593
2022-01-14,42999.41784087371,17538.103186838383,17296.040670693903,18680.473333594837,19981.155761531623,14232.029658455198
2022-01-17,,,17412.392675701714,18638.40942469561,20044.659088389235,14208.060237219643
2022-01-18,42209.41254978717,17405.68684926907,17236.048672794852,18619.04531452415,19841.919210564127,14206.01768036551
2022-01-19,41801.25897146303,17447.750574977137,17270.589808060453,18604.355651236136,19888.66677964938,14199.89663073295
2022-01-20,41343.00598793779,17485.13471638436,17361.48778254053,18635.069660771478,20017.750857398107,14207.042269257496
2022-01-21,40561.45011209866,17586.397602780984,17030.621816464245,18675.132564073698,19629.719743704107,14240.186644012054
2022-01-24,40673.87845234806,17570.827098207745,16361.61323115396,18711.189380814085,18884.0387678529,14278.44072136686
2022-01-25,40178.98413071378,17547.454060755932,16501.59614353222,18690.49058768332,19025.86626340152,14266.710088931504
2022-01-26,40119.24972886806,17422.823666696917,16797.92255829005,18657.105174545457,19447.950669103146,14264.156065247611
2022-01-27,39905.87085088125,17496.04360847238,16925.178455404443,18659.10821782637,19529.569723221637,14234.068904844413
2022-01-28,40882.24438290542,17536.54655111526,16743.38409039143,18636.404343730785,19271.27748740047,14219.78921442254
2022-01-31,41655.13606425851,17536.54655111526,16865.18804145253,18564.292747933916,19462.80836647824,14155.526469442962
2022-02-01,41941.18334984091,17512.843108745314,17085.16028436286,18517.55235446734,19649.231067477154,14134.619228256144
2022-02-02,42336.79811621425,17548.71070540275,17128.790108313475,18512.211584946202,19642.1609460621,14121.868972626182
2022-02-03,41306.102619157646,17473.860858194286,16817.91989092306,18263.82402969313,19333.57318100856,13983.655407085804
2022-02-04,41526.07951535495,17339.762082192443,16619.76018406733,18144.303680108078,18995.283534903458,13925.517022203703
2022-02-07,41373.26838265971,17344.433371809148,16716.11168854784,18088.884790880144,19129.990539796705,13906.645716941182
2022-02-08,41721.24940949133,17288.29909690935,16725.20354512713,18027.45473412555,19174.951843627834,13863.808300908022
2022-02-09,42332.180362583866,17311.690106176797,17012.442855147085,18105.577497449074,19476.406832845438,13914.29951183057
2022-02-10,41570.68057204732,17152.642302737033,16963.35633330176,17955.34313832868,19487.012629227047,13836.777527239956
2022-02-11,40783.669303547176,17330.397383801326,16859.731343557818,17940.653475040664,19404.83951346508,13847.999175694236
2022-02-14,40629.98187155836,17210.335978254658,16577.950315379716,17947.33096520502,19013.411547344906,13871.45713010003
2022-02-15,41275.3118675087,17158.87852276099,16817.91989092306,17914.611874704853,19389.22750600331,13845.47825665952
2022-02-16,41317.18522787058,17194.740589629004,16792.470612236753,17988.060191144938,19368.294786838913,13881.323143170577
2022-02-17,40447.38944963572,17286.74107873888,16676.118607228946,18056.834060701585,19206.71640649623,13923.825374630835
2022-02-18,40163.49854760909,17342.879500980744,16565.22171616871,18086.213387277618,18923.514738561837,13963.766133861132
2022-02-21,,,16328.888883257077,18044.147440694484,18531.785785517826,13958.128412106538
2022-02-22,39756.668009394874,17341.320100362915,16321.613814046506,18008.092661638002,18483.83058318305,13917.16802968163
2022-02-23,39024.85930080552,17250.874864528796,16297.981322728914,18013.43343115914,18406.287751975964,13925.867931484965
2022-02-24,39611.73068358755,17291.422045487077,15752.596643742727,18124.273247298923,17677.576296038944,13980.661091567876
2022-02-25,40502.37293472311,17286.74107873888,16307.06842746678,18066.84927710616,18325.61219972485,13921.263074784647
2022-02-28,40407.89154765301,17483.22279169069,16268.892133516605,18195.050160136485,18191.998575901867,14018.041206184445
2022-03-01,39783.71730670701,17653.496067663058,15867.131861381817,18621.048357805066,17492.335429410366,14263.826673988313
2022-03-02,40526.74178713724,17388.1684763709,15999.839704549508,18442.76935506795,17612.173680266016,14150.150274416852
2022-03-03,40318.86125765916,17463.08191615775,15707.14369663484,18416.06143209444,17232.621798197848,14156.297807768755
2022-03-04,40001.76118975671,17636.32192415659,15127.222634224474,18550.271444967508,16472.96397241805,14281.749531051957
2022-03-07,38821.50631767761,17561.41263171181,14941.786774738324,18438.763268506118,16146.022147600672,14194.69920081239
2022-03-08,38541.70910793913,17447.475467953245,14941.786774738324,18345.952879578483,16142.071233531024,14071.806466910457
2022-03-09,39538.18597669838,17339.785583797497,15699.874963212827,18227.767212952742,17420.730025970257,13981.682369994942
2022-03-10,39372.135851734456,17260.189794815087,15369.005829242262,18013.43343115914,16910.19477723804,13890.538649884818
2022-03-11,38864.088449526935,17255.507445619536,15530.801277675122,18024.785368206936,17144.196754046447,13891.05177194704
2022-03-14,38584.11082522801,17037.00334628295,15699.874963212827,17881.894821888596,17522.85550348755,13787.617123214264
2022-03-15,39411.0194850947,17029.202195851733,15695.086691010878,17962.686951130734,17507.959722052703,13843.942200937774
2022-03-16,40294.1401672937,17005.786302531877,16163.29671353144,17905.93337894349,18166.487169940963,13775.32784982407
2022-03-17,40794.09468778992,16973.009858162975,16230.704751936455,17910.605788143024,18100.214763384043,13772.763067129197
2022-03-18,41270.294624494476,17022.95491624892,16401.959532684905,17940.653475040664,18131.70290968973,13798.880980096246
2022-03-21,41254.504054870944,16801.32786833461,16378.2700192703,17813.120952331952,18023.36358784276,13709.27331570787
2022-03-22,41720.85421569227,16709.2527270675,16544.058598441206,17744.347082775304,18207.32188162037,13663.186678358128
2022-03-23,41211.13583100826,16821.618048182027,16354.585257697112,17791.08747624188,17968.86775537527,13688.278347200736
2022-03-24,41805.88102067819,16727.97382916559,16330.90208007106,17722.313606685235,17956.463408558975,13632.46308107453
2022-03-25,42017.941154139866,16556.294604231934,16354.585257697112,17671.567126656828,17996.681404174025,13581.25598211356
2022-03-28,42318.193938564764,16593.753397796394,16372.806985587033,17638.85007384057,18137.08750433129,13555.656156906109
2022-03-29,42836.971711533864,16676.47213535653,16669.768563147696,17553.383497714993,18644.01213849551,13482.431155778482
2022-03-30,42571.73223858923,16742.025024094328,16591.428121587585,17509.31450785094,18374.447020988064,13453.757563895078
2022-03-31,41908.23621463619,16773.242067845404,16474.83218872033,17668.227362732698,18133.79139038575,13569.4773479369
2022-04-01,42051.150320015695,16664.020432018948,16533.12777923325,17608.13402662132,18173.708399076964,13550.022573232658
2022-04-04,42391.6956896062,16653.082508536438,16682.519337618647,17657.54582369042,18263.881624422742,13596.105072501254
2022-04-05,41866.36285427433,16454.646015022918,16686.160832091784,17477.263777672386,18145.881236579593,13511.10557527811
2022-04-06,41459.70413945101,16396.833449032656,16454.792089514554,17416.5020812394,17802.861795957033,13489.087673111455
2022-04-07,41641.23555193486,16356.20470368036,16449.324303989866,17381.78198514223,17710.34824371366,13458.364903444084
2022-04-08,41531.62081971141,16273.396107042068,16655.189913678052,17325.026375271074,17968.892325736404,13413.814321816091
2022-04-11,40830.6501142035,16195.27262449405,16582.315673695484,17214.186559131296,17854.55292170157,13315.499307078313
2022-04-12,40692.48692558232,16273.396107042068,16507.623062397062,17266.936082440618,17769.222514534446,13349.807310251394
2022-04-13,41154.962468938895,16309.334208514672,16516.735510289163,17292.309322454817,17708.197108596756,13358.514660600793
2022-04-14,40655.141111570614,16162.461618941245,16629.686780789,17203.50298240511,17818.15807427829,13313.96242374034
2022-04-18,40646.82915503592,16115.581446644064,,,,
2022-04-19,41300.11886956962,16009.33483752822,16516.735510289163,17120.039449560445,17805.08787067538,13254.054595359805
2022-04-20,41275.178704380756,16134.335727478705,16667.943856043283,17188.813319117093,18067.469843106574,13299.113333352645
2022-04-21,40669.56998082129,16045.271556553467,16700.736313667152,17090.661141826367,18244.0680852078,13221.795769970693
2022-04-22,39541.96609129814,16053.081001668821,16387.38088321526,17021.88625342777,17790.78423494376,13187.998406011144
2022-04-25,39767.840825388026,16156.210191996362,16126.861177487295,17180.132785671824,17516.640430639804,13319.083712967797
2022-04-26,38648.85817450319,16264.02173151946,15972.003417524347,17215.521242090603,17305.585942608428,13338.540970520724
2022-04-27,38730.36689556048,16173.394012634326,16084.956271971327,17206.84274632924,17352.811405217653,13347.246665637667
2022-04-28,39691.12597693679,16149.962912393552,16208.839945626263,17064.620560332507,17586.673330967616,13261.733218736075
2022-04-29,38253.77176505686,16064.02583738811,16340.016111910301,16983.160070768758,17735.167994008763,13222.305581567995
2022-05-02,38471.063920771376,15944.34598731176,16055.80530882059,16941.76146566528,17535.385159145608,13211.552363899547
2022-05-03,38657.17442662266,15963.11547506732,16210.663068783542,16951.77770091181,17661.687872014463,13210.528602623794
2022-05-04,39812.00373243361,16066.363555867498,16021.194479880862,16875.658999711162,17575.32673819795,13191.069689838407
2022-05-05,38396.9908569552,15905.235169156604,15913.70624306429,16793.5301498258,17489.4041853276,13133.719195606684
2022-05-06,38184.79756036559,15814.498236930325,15609.456924715943,16652.643665630334,17202.290915901365,13050.76804855128
2022-05-09,36964.297354553375,15931.826544053725,15166.753202978707,16714.74106386458,16832.9160774131,13104.532481661063
2022-05-10,37055.35086497506,15985.023118321526,15286.99538216051,16852.28880297787,17026.736914148147,13180.318127402415
2022-05-11,36446.66220713374,16083.575025452583,15556.627535780573,16911.04745612994,17396.46310880057,13189.0221672869
2022-05-12,36412.43928325161,16136.767452378317,15436.385356598772,17117.368045957923,17284.500887205028,13317.547657246052
2022-05-13,37285.71018956738,16052.284711991631,15809.861084667993,16994.5109889746,17647.170474141018,13247.907062007907
2022-05-16,37140.46358165643,16119.561512582657,15766.139391783305,17006.529248660096,17567.22466161545,13259.703076125386
2022-05-17,37891.58094379796,15997.532884448068,16008.44212146277,16836.931798210197,17845.948381233968,13139.546441477813
2022-05-18,36369.685328011394,16111.739625441094,15804.393299143307,16870.31721134806,17621.796662202436,13157.002522988078
2022-05-19,36161.40530914948,16169.61301911503,15638.611055760957,16955.783787473643,17463.967718968142,13226.326968826595
2022-05-20,36167.29885145728,16244.708941952902,15731.52381100216,16918.392287773946,17589.27778924736,13235.56978687641
2022-05-23,36842.762374586375,16146.15150503242,15944.675577530887,16829.586966566192,17832.68898585036,13165.735529440588
2022-05-24,36544.09036535774,16285.384690515311,15751.563910207937,16919.726970733256,17511.080157916167,13231.46315514618
2022-05-25,36890.04817176153,16318.234404594094,15859.050563077368,16938.422720583105,17622.010424344266,13237.1099806793
2022-05-26,37624.88956320024,16310.41389989989,16017.55140146059,16923.06571581543,17902.99830274088,13202.70680163984
2022-05-27,38562.4696691444,16333.883708666637,16258.029424035638,16957.78683075456,18193.47156905159,13232.490226886854
2022-05-30,,,16334.551494279893,16839.60218297077,18336.619721510928,13144.167022886488
2022-05-31,38323.92725556055,16163.36159217015,16217.949225624083,16710.066616981137,18100.57963324682,13073.815505307295
2022-06-01,38041.0071556925,16072.35370026205,16044.879241454053,16636.619319383008,18040.346621455566,13026.57351570133
2022-06-02,38748.75199838658,16095.84839308121,16159.650467216889,16528.449888003797,18222.379827438668,12964.438572047511
2022-06-03,38118.0699465103,16064.522135988997,16099.533337493835,16468.356551892422,18190.829026712097,12937.224895192752
2022-06-06,38237.97689984855,15943.913281289259,16274.42961271542,16408.9305572607,18434.52892505837,12880.225310242291
2022-06-07,38603.20040395679,16008.127960986229,16199.737001417,16489.723705344793,18312.264351041173,12916.170338317103
2022-06-08,38187.920450495156,15948.61221985309,16101.353292756832,16399.582682335775,18173.09168301261,12859.171580982871
2022-06-09,37282.8063742612,15934.515404161595,15890.019897543963,16213.292525316949,17862.12550700172,12772.902520463847
2022-06-10,36198.61796003323,15777.881353805811,15440.026851071903,16061.722464395294,17312.416503002467,12698.444371154432
2022-06-13,34795.44156839532,15497.504440593715,15101.169871678107,15811.999207340961,16891.237515108467,12569.554730054346
2022-06-14,34676.2798990151,15373.762960184757,14888.011769360823,15639.73035328854,16736.955303503237,12462.232767892132
2022-06-15,35183.36079464882,15588.351968608491,15123.780717090884,15897.46578346654,16964.52844532207,12567.502241805463
2022-06-16,34043.0913734241,15690.160921710833,14725.497208926745,15881.441437219213,16402.453178566266,12515.63801555836
2022-06-17,34118.74736022892,15694.86400761673,14751.310795455085,16018.3208160109,16512.86746741064,12564.9349762619
2022-06-20,,,14902.511221473509,15904.810615110548,16688.157337781715,12501.772133251181
2022-06-21,34955.81722587484,15613.408826940195,14954.139978477326,15889.453610342876,16721.872787323806,12478.665088126649
2022-06-22,34910.86178343874,15810.773923752637,14843.506022642208,16074.409084402398,16535.537311106902,12602.933320201826
2022-06-23,35245.2064764102,15900.053756465446,14727.34250734397,16318.789534251686,16244.070173688497,12784.715086905913
2022-06-24,36323.05675530642,15843.658199015324,15138.532016798708,16301.429486203097,16502.64005459043,12792.930005598826
2022-06-27,36216.169719413476,15754.39080832872,15186.471760915216,16163.881747089805,16588.109284297938,12687.147409623276
2022-06-28,35486.60545386773,15774.745963201876,15219.668125059596,16056.380676032202,16645.662898208004,12604.474341620946
2022-06-29,35465.31653573545,15901.624216662127,15142.222613633161,16247.345279934469,16358.246184821819,12726.686774982321
2022-06-30,35160.53190937562,16023.796619321762,14904.356519890733,16410.93360054162,16082.013899821846,12867.901276970462
2022-07-01,35532.044149590736,16195.571233122997,14928.327975896125,16653.9793674316,16118.823986348216,13024.519372219987
2022-07-04,,,14976.270887906912,16469.692253693684,16068.943696218934,12912.576828649097
2022-07-05,35594.76827843809,16255.187892913138,14666.492010095446,16627.93878593774,15600.740722676976,13054.304452699458
2022-07-06,35722.59414230435,16117.136699919825,14917.264105128472,16678.68424712419,15843.93692862009,13088.19368206047
2022-07-07,36261.34638446536,16018.304155975453,15208.602670344806,16528.449888003797,16156.802393546299,12991.655559367193
2022-07-08,36234.11667259278,15921.04207222776,15271.296882063414,16495.73283518754,16373.19233549698,12961.35818444173
2022-07-11,35817.034721319105,16046.53649588442,15212.288515337836,16625.26840117717,16143.242011238852,13058.923378875677
2022-07-12,35486.60545386773,16084.190214526107,15265.762570758878,16778.84048653779,16235.126562237307,13159.5714437641
2022-07-13,35329.131463902,16153.21719347012,15129.31661234256,16754.802948324847,16047.48271429025,13136.463571023338
2022-07-14,35227.7427765178,16063.800498469043,14887.763089659962,16637.954002342318,15749.763648482409,13102.058736751416
2022-07-15,35904.215762068416,16118.707160116503,15162.50664069838,16705.393188939655,16183.849447077808,13144.167022886488
2022-07-18,35603.91787400341,16071.64173987359,15315.546029345473,16616.5878677319,16303.47270727357,13063.546443133042
2022-07-19,36589.09091143395,15997.914439918388,15520.220510784937,16545.81095489434,16742.01311234177,12988.060394466725
2022-07-20,36805.37360472695,15982.22642731987,15487.032066376256,16538.46612325033,16708.764499661145,13006.548513415039
2022-07-21,37171.64952710444,16164.200737715382,15557.09955202807,16524.443801441965,16664.30565971512,13022.980006033327
2022-07-22,36825.16765935841,16349.309056267473,15592.136462748256,16796.86889490798,16673.162046384296,13227.868817861947
2022-07-25,36873.59608208304,16291.265621568722,15623.482776633993,16814.229961798523,16618.615844676497,13226.326968826595
2022-07-26,36448.290233762506,16297.537785223945,15612.420489813476,16944.432869267806,16475.970156102263,13318.758459789646
2022-07-27,37402.051807544485,16330.485653065021,15689.861249398497,16899.028177602493,16563.33867472509,13294.623515308214
2022-07-28,37860.48520563018,16492.060570271977,15874.25328771988,17113.36195939609,16708.927892562657,13443.538986310818
2022-07-29,38402.48920546394,16498.336881269268,16082.613614152377,17172.788972869766,16962.968227390338,13427.620615754753
2022-08-01,38294.32638089358,16594.830324286897,16034.677037930149,17290.9726018116,16957.4079546667,13486.676827035244
2022-08-02,38039.379129063745,16365.38691902045,16007.018152984585,17238.891438823888,16919.12733202672,13478.457770261186
2022-08-03,38634.82879463636,16432.965093135135,16082.613614152377,17144.07800661534,17093.18377026909,13376.78346124832
2022-08-04,38608.21764697102,16516.253399006033,16101.053926747512,17247.57197226916,17187.68506472785,13440.972548383483
2022-08-05,38550.37330242517,16277.389997454224,15981.201398561967,17063.952200010903,17076.03734375477,13289.487328988625
2022-08-08,38503.34953592113,16373.250279582693,16086.307378881107,17119.373126922746,17219.148640672414,13344.947547752423
2022-08-09,38342.18349084348,16324.53421719644,15971.981242264399,17079.309204778572,17027.025615891424,13319.270754235638
2022-08-10,39160.20458581596,16333.963890613299,16119.49582328979,17139.4035597319,17235.80365996414,13357.784703086472
2022-08-11,39143.138227515,16225.528867332541,16147.151540341074,17054.604325085977,17227.727382260826,13287.947962801962
2022-08-12,39826.252187123835,16289.960591264438,16184.032165531346,17006.529248660096,17355.213158018076,13257.138293430507
2022-08-15,39985.57542633411,16341.818956491412,16237.503053058112,17133.394429889155,17381.330223380824,13345.459842198416
2022-08-16,40062.59526130418,16322.967904341833,16265.165105897953,17000.52011881735,17498.9657413612,13277.951186367176
2022-08-17,39779.84698482703,16212.956891074968,16099.213380171706,16815.56464475783,17142.435059153453,13161.131500356498
2022-08-18,39876.17976893405,16244.385449271544,16195.097620246139,16787.521019983054,17231.376080888575,13139.51830252601
2022-08-19,39362.98625616913,16104.530162478346,16058.645326041264,16605.904291005714,17039.039293965758,13021.667406693516
2022-08-22,38524.6857054859,16033.809685522949,15907.44648396998,16497.735878468455,16644.090395095707,12956.308897826228
2022-08-23,38438.99738044501,15994.519149211483,15850.283415661623,16465.017806810247,16598.3747811779,12948.588893638489
2022-08-24,38551.86816592598,15941.094471129902,15874.25328771988,16404.25611037726,16630.86785525379,12898.156443468228
2022-08-25,39096.02854931552,16043.239358939807,15909.290198440069,16490.39104682445,16696.158675883584,12943.44277592415
2022-08-26,37780.033198426914,16024.38139455345,15643.762051857795,16375.545144122836,16318.141212867964,12877.571972610871
2022-08-29,37529.965730898584,15933.238022804437,15496.255390568102,16222.640400241873,16219.413816294904,12766.409871144291
2022-08-30,37119.08875182871,15928.525259767044,15400.366398652252,16215.96291007752,16305.1459488665,12760.232543608137
2022-08-31,36836.38343119928,15862.51754584904,15239.950568177677,16158.539958726711,16146.411587824576,12720.094811715242
2022-09-01,36953.12453856023,15736.420375145062,14991.020603667597,16105.123093937736,15888.861376909525,12697.964353741385
2022-09-02,36559.26666635882,15824.579043051966,15287.891896241326,16197.267160227671,16417.271563363553,12747.883681849426
2022-09-05,,,15184.62963039227,16124.487204109195,16053.093356254205,12710.830475643465
2022-09-06,36411.425525245315,15648.258942343442,15223.357137946907,16080.418214245143,16192.304108342516,12665.0277106604
2022-09-07,37080.29103016391,15750.584930757015,15144.064744156107,16157.87261724706,16248.322074681982,12697.964353741385
2022-09-08,37329.95900830841,15692.339658744251,15228.883529515746,15995.618979599218,16233.667082786207,12566.21943664991
2022-09-09,37903.329368150626,15693.919796072427,15455.688920384799,15992.28023451704,16465.000718375934,12585.261230855684
2022-09-12,38304.442483032704,15656.129215142471,15699.081405696064,16057.716377833463,16860.088439786367,12626.431827802857
2022-09-13,36649.35367020669,15567.970547235565,15466.752791152452,15969.578398105361,16591.7321840465,12548.208852265954
2022-09-14,36783.51337381994,15575.839437587238,15324.767769590175,15982.932359592118,16389.256437603537,12560.561024489578
2022-09-15,36370.91386525631,15522.31798819072,15236.630614973812,15906.146316911809,16299.510736541417,12505.493095818512
2022-09-16,36110.29214594206,15534.907936263924,14987.122509757906,15908.149360192725,16028.536508823187,12499.833028425723
2022-09-19,36358.29343719484,15490.834132099895,14990.846369482279,15870.757860493028,16106.508092831984,12467.925112317871
2022-09-20,35948.81896655318,15394.805191393962,14826.994957662675,15693.147218077516,15939.935786589705,12343.899371797905
2022-09-21,35335.862645240435,15456.19967848422,14972.228654807548,15753.240554188891,16061.106979536637,12371.17429225364
2022-09-22,35039.699257518914,15223.206148406967,14681.756508676386,15639.063011808887,15764.821594300709,12277.512963573716
2022-09-23,34436.685067162005,15242.098673977234,14359.635514755893,15545.584262559647,15453.542146185417,12244.061543198053
2022-09-26,34080.656262259196,14988.639393238325,14298.186285488731,15428.735316577118,15382.75370725287,12183.849979661332
2022-09-27,34010.54157981084,14886.314787272113,14238.606113845884,15211.061770859389,15271.747272705272,12058.793856935778
2022-09-28,34681.60212854817,15221.638453105003,14307.495142826097,15371.312365226313,15326.596918373021,12155.545504616237
2022-09-29,33953.79690496674,15150.792173440186,14082.196085686472,15303.873178628975,15065.2714714704,12119.521025383407
2022-09-30,33443.7713859715,15111.438044550334,14255.35952273772,15438.083191502043,15239.895485054862,12199.289160420582
2022-10-03,34309.69469453399,15290.778792732224,14354.048933195761,15726.532631215381,15359.556829310377,12377.867224700703
2022-10-04,35362.07859910671,15322.320711612012,14819.540902425371,15765.927174195993,15939.495977125487,12404.625712629302
2022-10-05,35294.16325606185,15177.212124865133,14691.068533908032,15550.257690601133,15746.643212618945,12292.43902227074
2022-10-06,34941.47641611201,15093.611385891723,14577.483684552493,15450.768792667193,15688.272634201317,12211.125727733297
2022-10-07,33964.13422972164,15019.476263966433,14404.320247501244,15299.867092067143,15439.46455777619,12127.756634482053
2022-10-10,33709.62727533098,14931.144790139999,14354.048933195761,15237.770712674852,15439.389618174746,12027.403200971292
2022-10-11,33490.440766731816,14969.001728543051,14277.707432925381,15229.090179229583,15373.10492643726,12053.649394453898
2022-10-12,33381.13316881959,15017.896126638261,14177.15846852586,15163.655054755112,15312.733092105624,12024.829314497894
2022-10-13,34252.335751067425,14954.805376641907,14357.771208972998,15245.782885798515,15543.350501668421,12068.575453150923
2022-10-14,33443.11201370893,14871.208785010565,14380.115951266382,15146.96234818618,15646.795407578371,12011.966503060734
2022-10-17,34328.74131741504,14886.978362003103,14653.828352717152,15268.484722210194,15912.511578014859,12082.468646793672
2022-10-18,34721.763698378214,14924.8339179588,14696.651947573884,15251.792015641262,16059.169606561563,12073.719088016574
2022-10-19,34489.99756977292,14768.67128215149,14622.17633703354,15154.974521309843,16028.725700603885,11989.321267792198
2022-10-20,34219.65279432622,14658.260741598677,14664.998347943134,15154.307179830188,16061.433765339661,11979.027377131062
2022-10-21,35032.17768858235,14691.385562701349,14596.106151068641,15110.23818996614,16015.504389280024,11949.181880666845
2022-10-24,35448.424148617785,14672.462623289246,14804.648631422153,15251.792015641262,16267.796542913333,12023.285810230082
2022-10-25,36025.26748874852,14855.430913333892,15007.602946268395,15480.148119243227,16420.65613060916,12168.927231429225
2022-10-26,35759.58771836471,14931.144790139999,15076.498311037165,15519.542662223837,16600.36129487523,12197.745656152767
2022-10-27,35542.7315645046,15036.823213392432,15100.705775166307,15805.32273601856,16619.760823505138,12341.326312940733
2022-10-28,36421.545922969206,14959.53334660022,15111.87577039229,15625.040690000522,16660.1422120217,12219.360509215716
2022-10-31,36151.422370138294,14891.707714408773,15160.287530756294,15526.887493867845,16673.2382145038,12176.645580384506
2022-11-01,36003.49316953696,14889.021619195613,15247.800610199796,15546.918945518957,16780.16842613999,12192.084761143751
2022-11-02,35103.525203860394,14863.731127260706,15208.699291120298,15536.903729114378,16677.01222197331,12182.306475393523
2022-11-03,34736.40949465989,14798.920612753202,15074.635589201409,15392.678499836731,16517.81225258798,12076.806924168424
2022-11-04,35216.87924262827,14767.301276821465,15327.86755414169,15340.597336849018,16932.52432143266,12040.782444935589
2022-11-07,35556.191779389075,14715.138773176124,15383.72861790158,15321.234245519516,17025.201266577544,12016.597015864161
2022-11-08,35755.54127750906,14813.143231154116,15521.511427703424,15388.005071795245,17220.481582763696,12051.58863004272
2022-11-09,35020.169381350956,14863.731127260706,15456.341506606168,15503.518315976513,17192.26498004242,12132.901096963933
2022-11-10,36964.21144285793,15197.271436004059,15906.9427887797,15769.933260757825,17795.816244903108,12288.321631529532
2022-11-11,37305.76627486996,15165.65348251968,15906.9427887797,15554.263777162962,17894.909739857,12150.914164196578
2022-11-14,36980.7924000796,15129.297881945493,15934.872528686075,15554.932137484571,18006.166792088123,12150.3993869019
2022-11-15,37305.809230717685,15241.523575877041,15988.872454557348,15655.755718377819,18088.20108530971,12192.88506603757
2022-11-16,37006.47999701887,15353.758946940081,15849.225338972608,15774.607707641264,17906.44552440737,12271.276875285272
2022-11-17,36899.81203594932,15249.432557202043,15795.228580995612,15749.90282794867,17947.14141354639,12246.521218631797
2022-11-18,37076.50661997939,15195.68576888646,15977.696123542808,15789.964712408933,18155.316255253372,12262.507453718667
2022-11-21,36936.719700314236,15186.19803268064,15972.114293824096,15806.657418977866,18089.98735056383,12288.294320193962
2022-11-22,37439.26875401302,15273.145676703489,16074.521228217955,15811.999207340961,18143.351717901296,12286.232728166555
2022-11-23,37662.673526858736,15355.337701820898,16162.035891608597,15898.134143788146,18149.943945792376,12328.52226225586
2022-11-24,,,16243.962389491968,16008.97294108597,18290.80214059443,12388.862933924363
2022-11-25,37653.08578164662,15350.598672283735,16256.99827444799,15825.353168827714,18293.092098251716,12277.97973912709
2022-11-28,37071.84591050128,15356.920604043782,16139.689565368073,15787.961669128019,18094.30313449625,12268.182418203585
2022-11-29,37016.06774223098,15292.111471983633,16102.45255207147,15894.79539870597,18059.192088441996,12343.992892431823
2022-11-30,38171.73468707256,15429.635952534221,16225.343090870098,15852.729452122834,18111.512215431452,12320.788188592222
2022-12-01,38144.904464583815,15598.160432600956,16378.022923516577,16028.33705125743,18228.833232789366,12436.309344738991
2022-12-02,38102.36958416699,15629.840596216367,16344.509769944349,15976.255888269718,18278.00835355423,12400.207897196822
2022-12-05,37421.05547457782,15471.452220165525,16268.171437568248,15952.218350056773,18175.129794468314,12373.904598194391
2022-12-06,36883.626272526715,15566.484416327616,16184.379049954843,16061.054104073686,18043.769272760925,12449.719210503778
2022-12-07,36815.79898896969,15702.703866573924,16087.55711317397,16107.126137218651,17940.613068594244,12470.86397754843
2022-12-08,37098.01890851983,15613.999131961305,16063.35440088625,16041.691012744184,17944.851455889107,12437.34055456081
2022-12-09,36826.88159768262,15498.373999980784,16221.617647198584,15898.801485267799,18078.40119677315,12344.508497342733
2022-12-12,37352.96616034967,15476.203691728893,16134.104567755081,15878.770033616689,17997.776013762348,12326.974619906901
2022-12-13,37626.736664652395,15615.58203418419,16337.06046654846,15917.497235117648,18238.381275124346,12365.136831860249
2022-12-14,37406.23141152808,15658.34942559658,16344.509769944349,15866.751773931195,18190.96784925248,12338.836843322732
2022-12-15,36476.65827559978,15688.819947775286,15878.02624980557,15598.332767027014,17594.712753129235,12179.991632799922
2022-12-16,36073.1267464908,15649.145091098788,15681.722928997035,15500.179570894335,17477.51704461308,12127.902294938423
2022-12-19,35750.569138134946,15522.192185481303,15711.63735466889,15442.089278063875,17540.16532290338,12099.022626613905
2022-12-20,35788.96951820829,15409.513048816912,15668.639525626839,15312.553712074247,17466.93704711066,12019.600435160615
2022-12-21,36326.17964543599,15428.559026043718,15934.113818006375,15321.901586999169,17735.09305440732,12015.472285408425
2022-12-22,35801.153944415346,15423.79234755943,15793.898065398644,15268.484722210194,17503.93509689967,11980.404530536765
2022-12-23,36012.24757130322,15353.96769649087,15793.898065398644,15233.096265791413,17537.724257525148,11941.725058440054
2022-12-27,35869.333465923715,15225.426358861076,15831.287137620611,15083.529248150675,17605.870154118205,11847.86179140016
2022-12-28,35438.48416545433,15188.922836419773,15792.02742382719,15090.206738315028,17518.438981074494,11858.69197737794
2022-12-29,36061.95393049765,15263.511401077907,15909.809733101738,15179.679401002439,17702.258452311722,11900.981511467246
2022-12-30,35972.48334306462,15200.033565821808,15754.633599763802,15100.890315041213,17515.910690914257,11863.848026487032
2023-01-02,,,15939.722574826455,15191.030319208276,17699.163815327447,11916.969401786577
2023-01-03,35829.87851978874,15319.055370956592,16021.98011766193,15267.817380730537,17840.57607177297,11968.543134737167
2023-01-04,36101.804070431695,15436.490126526422,16276.240064295582,15450.768792667193,18229.437663673158,12063.436783982648
2023-01-05,35687.14053338491,15414.27557995913,16229.499368163488,15388.6724132749,18160.913383518706,12027.33781928917
2023-01-06,36502.921480898556,15612.645715999553,16435.14956104073,15508.860104339607,18379.440946887666,12108.821602769867
2023-01-09,36481.76143030945,15652.317807781339,16541.714356675122,15512.19884942178,18609.417070024978,12098.505366470536
2023-01-10,36736.35644418795,15553.931794333032,16457.58458832105,15431.405701337688,18586.483094946572,12030.42896590594
2023-01-11,37209.21441593954,15653.90623979365,16534.236542230723,15594.326680465183,18804.508194430426,12124.292232945832
2023-01-12,37340.7366305025,15793.558306825482,16623.97665135201,15661.764848220568,18943.378647017093,12177.41112539669
2023-01-13,37491.34842379423,15709.447444777623,16723.060464647726,15667.773978063315,18978.879133295253,12187.21258440134
2023-01-16,,,16797.841776985944,15661.764848220568,19038.660050441722,12177.929213156287
2023-01-17,37415.29509539795,15660.255820500823,16861.408743578282,15786.625967326758,19105.372266462862,12259.41465186944
2023-01-18,36833.041466246315,15872.902490389053,16891.31683346158,15917.497235117648,19098.741954512032,12309.956347381984
2023-01-19,36556.31989520491,15842.75684333906,16637.061638669347,15874.76394705486,18769.85047153901,12271.276875285272
2023-01-20,37248.673657659296,15738.017101841511,16695.0198484416,15692.479876597865,18912.25537057418,12179.476855505243
2023-01-23,37691.26493910418,15687.231515762976,16786.627431240064,15648.410886733813,18999.548949595563,12153.171901270352
2023-01-24,37665.31531149379,15777.691958518008,16760.452704763975,15727.199972695036,18987.17040165845,12190.821818777702
2023-01-25,37658.85045641125,15795.14397394308,16721.191407023412,15698.48900644061,18972.740228567014,12187.72653407979
2023-01-26,38076.106378868215,15738.017101841511,16775.408333652762,15629.047795404309,19037.162486930873,12152.142346680994
2023-01-27,38171.77764292028,15714.20997591984,16837.10465867365,15583.643103738998,19058.775805098558,12132.543566752838
2023-01-30,37680.3154935192,15665.016969195687,16795.97271936163,15467.461499236126,19028.646399763336,12056.7330925246
2023-01-31,38232.78783344343,15744.366682548683,16756.708253726792,15524.217109107274,19031.40073724597,12095.410081772625
2023-02-01,38632.58220380037,15857.600180602922,16732.40733671643,15507.524402538342,19097.409012420747,12087.676008108985
2023-02-02,39202.56334725711,15851.236775422189,16975.449769709925,15876.766990335776,19510.600175911502,12290.356739837598
2023-02-03,38798.413253940904,15681.06580055418,17039.013568407983,15719.855141051026,19469.3870806707,12178.443162834736
2023-02-06,38562.778951248016,15545.881803377692,16896.9271742288,15593.658320143575,19305.193185385768,12097.475811881177
2023-02-07,39059.87261228578,15507.712431872129,16934.320998292187,15550.257690601133,19273.70503908008,12074.782574871339
2023-02-08,38628.2737322736,15564.97063647254,16981.056942582865,15488.828652688495,19388.397027797128,12034.557115658128
2023-02-09,38293.05059221616,15494.993916194797,17083.877287180072,15567.61773864972,19528.5009125125,12076.329389604063
2023-02-10,38384.9374460837,15420.243605195985,16924.97254227634,15478.813436283916,19257.47754407201,12025.786866475295
2023-02-13,38830.303675291594,15456.82592713659,17082.014565344314,15480.148119243227,19369.89186031234,12010.316236299332
2023-02-14,38824.14810231267,15386.847824411492,17085.75268059294,15400.02333148074,19348.78223454781,11948.946010041467
2023-02-15,38941.589389991525,15340.729380607596,17164.272108179786,15328.579077163524,19507.01413170463,11924.350910936495
2023-02-16,38408.16367294835,15289.833198740564,17188.576193084424,15337.926952088448,19541.357353973584,11923.315563033528
2023-02-17,38309.01728081537,15332.777543414548,17154.92523611108,15358.625745219215,19476.394547664873,11940.887510815914
2023-02-20,,,17182.969020211483,15345.271783732456,19470.796190881487,11932.618797068091
2023-02-21,37541.53803627557,15165.787579913233,17136.229908026526,15235.099309072328,19370.244444994547,11873.185192786994
2023-02-22,37483.122378954984,15192.826867753773,17095.10272055593,15253.127717442523,19373.099520957814,11895.408343778541
2023-02-23,37685.98996100361,15251.665209682356,17096.968610285963,15328.579077163524,19468.457092501943,11927.966766242695
2023-02-24,37290.50406217343,15159.4241747325,16902.535931048882,15246.45022727817,19133.891084626037,11871.118635062212
2023-02-27,37409.706539609,15205.549530773174,17125.009226492086,15211.061770859389,19349.87684413613,11832.357228958792
2023-02-28,37299.91568840988,15229.396747668174,17052.1017236196,15136.278771459994,19329.38393443596,11776.540307600126
2023-03-01,37125.94880071032,15107.648756346904,16949.275043233836,15028.777700402392,19253.75267732476,11718.142878838227
2023-03-02,37413.18166768991,15045.498070552785,17037.14609473081,14992.053542182348,19282.20884106705,11690.751264494149
2023-03-03,38020.46566931064,15166.611518537547,17197.92464910027,15048.809152053502,19597.652965393812,11703.673664299822
2023-03-06,38048.043323549784,15139.522462592184,17177.361847338543,15022.768570559645,19692.242713152642,11687.132098723032
2023-03-07,37465.922857526086,15141.110894604495,17042.75485155089,15056.153983697512,19573.927824687034,11718.658483749135
2023-03-08,37522.182131290894,15136.331774094,17061.447011741166,15121.589108171978,19664.93152823899,11742.432587554556
2023-03-09,36835.635999448874,15230.356166133399,17024.054771624917,15160.316309672937,19666.617055012484,11765.688603600382
2023-03-10,36305.157053559604,15510.836762897214,16803.44578196461,15277.832597135119,19408.424329153895,11880.422696713
2023-03-13,36251.22598674146,15698.885546976011,16365.978589469729,15521.546724346706,18819.050162665004,12095.411737005083
2023-03-14,36857.23419968477,15550.678895703817,16637.061638669347,15353.951298335773,19162.938165553496,11952.774562718621
2023-03-15,36601.230234000905,15775.386036327815,16136.330013485727,15699.824708241871,18536.99347355925,12259.243335309959
2023-03-16,37249.464045257424,15633.545555131068,16361.355047770261,15578.301315375904,18828.6485742403,12149.678533166101
2023-03-17,36839.8585592802,15818.409180501105,16175.710107261732,15735.880506140305,18578.432616122445,12278.882668433353
2023-03-20,37168.75000738304,15754.664532905254,16312.59957087704,15781.285197805617,18786.229074268034,12287.667814708315
2023-03-21,37654.052288220424,15617.611466903138,16518.875422874287,15593.658320143575,19115.775357365153,12126.42334473651
2023-03-22,37036.961466564186,15823.189683458955,16560.134077957442,15521.546724346706,19142.0054463891,12074.22476153273
2023-03-23,37150.669891075784,15914.026151894883,16530.13095124579,15699.156347920265,19134.7080491336,12214.797860943096
2023-03-24,37360.39752200601,15918.80803730009,16333.232066312898,15780.61683748401,18816.23317076149,12285.083996840163
2023-03-27,37421.93606945617,15722.792209107329,16494.496892454106,15674.451468227668,19030.658712339857,12181.722178335574
2023-03-28,37363.91560593465,15713.228438296916,16488.872296162637,15598.332767027014,19048.698271481237,12139.341606461037
2023-03-29,37895.893710909506,15686.135235009484,16704.526699171372,15583.643103738998,19283.64375015702,12112.984512403695
2023-03-30,38117.63179686352,15710.043279588157,16884.547043388433,15492.834739250326,19527.218339661533,12054.584600793105
2023-03-31,38669.35670503734,15796.100627513591,16985.81195189489,15590.320593903352,19661.119436709727,12117.634887996628
2023-04-03,38812.44692939251,15870.505326673348,16982.05799717487,15647.075184932553,19600.83605567816,12171.385251630509
2023-04-04,38590.97087410962,15972.699982588074,16953.93026387609,15633.053881966141,19629.203766120383,12164.148575320734
2023-04-05,38499.6123771691,16039.766651180951,16980.182603761998,15732.541761058128,19524.412404420527,12231.33528843874
2023-04-06,38645.4732537025,16044.556831270296,17077.69514149558,15727.199972695036,19622.184013945644,12236.502924175044
2023-04-10,38684.84228814203,15886.472593637825,,,,
2023-04-11,38683.257217360995,15880.089834194103,17156.452161153316,15578.969675697512,19694.242740548594,12132.107412999949
2023-04-12,38524.11439271116,15926.393525943733,17195.83383887646,15498.843869093072,19755.16740800565,12065.439615257768
2023-04-13,39041.13527150834,15873.701544960953,17278.346397201356,15494.170441051587,19787.69979465935,12064.404267354805
2023-04-14,38960.459893896914,15795.460554387657,17377.72957650639,15422.725167892417,19885.874358106994,12009.105433755736
2023-04-17,39090.00184387976,15694.858477827307,17358.980394219103,15385.333668192723,19863.268397349668,11978.09713648923
2023-04-18,39123.387128731265,15720.404722523115,17448.992942248336,15387.336711473637,19980.438306986638,11974.479625950571
2023-04-19,39120.08811962602,15686.878991687137,17426.48505339961,15335.255548485924,19996.201422169357,11938.821780707358
2023-04-20,38891.44702894268,15777.89656072673,17394.609701169367,15400.690672960396,19871.36924541411,11996.187172031208
2023-04-21,38927.25072802108,15739.570972669913,17465.869899017034,15362.631831781042,19979.168019316236,11965.69447967561
2023-04-24,38960.41693804918,15816.218001441477,17480.869878425718,15352.615596534511,19956.888844361936,11962.59422928032
2023-04-25,38346.05381272346,15972.699982588074,17430.23900811963,15492.834739250326,19967.178911603027,12067.505345366322
2023-04-26,38198.96439894513,15910.426258979256,17291.472567144312,15492.167397770672,19871.06825849027,12064.92152749817
2023-04-27,38947.31110890843,15806.640406157503,17313.970952310206,15399.355990001084,19877.00568625725,12006.006010976675
2023-04-28,39272.94220816898,15924.80232903671,17439.614391236842,15576.965613574643,20030.393536717365,12126.938949647416
2023-05-01,39257.85611444812,15737.365969136725,,,,
2023-05-02,38803.3402896749,15942.240519988218,17231.463145826725,15633.053881966141,19784.530218073625,12192.574709951548
2023-05-03,38532.207274422464,16046.283508018229,17317.723323083083,15653.752675096903,19895.38431638222,12187.406246599017
2023-05-04,38258.29931140702,16043.08452483591,17233.341707133877,15719.855141051026,19793.71339054583,12265.44466371677
2023-05-05,38967.28128251556,15956.65115122958,17428.36361470676,15605.677598671022,20079.002310658187,12172.418116684787
2023-05-08,38985.533222213715,15859.01027690628,17505.245240951623,15560.941267327318,20068.699958236528,12145.027329956936
2023-05-09,38809.76218890972,15839.801170891436,17437.735829929694,15532.897642552545,20072.03415624182,12130.557287802303
2023-05-10,38984.82874631103,15958.249260373383,17364.60815840485,15598.332767027014,19997.497508718945,12173.451809355294
2023-05-11,38926.94574150223,16017.477452456425,17383.355756745,15696.485963159694,19920.35640291633,12235.984008799216
2023-05-12,38874.11434438584,15921.433304829574,17471.49291136137,15635.056925247056,20019.625575952297,12197.224257928254
2023-05-15,38994.42078710792,15886.22098821899,17516.499185375986,15602.338853588846,20023.9278461861,12173.235801519422
2023-05-16,38747.74253596505,15835.004078565313,17437.735829929694,15544.915902238039,19999.635130137227,12123.005289709132
2023-05-17,39216.11162162943,15783.785786464277,17415.23902871094,15566.28305569041,20066.774870442023,12124.557897755465
2023-05-18,39593.60761143257,15686.142147246264,17499.61747676587,15430.069999536428,20333.547566407084,12039.636196457888
2023-05-19,39537.34833766776,15626.922249847361,17615.887116522437,15476.142032681393,20474.468415630017,12068.115298527384
2023-05-22,39548.03575258162,15598.110664496133,17621.513296761048,15430.069999536428,20409.820109943765,12032.386278288443
2023-05-23,39104.95907005744,15623.721884217683,17522.126949561738,15416.716038049672,20320.338540263787,12019.440705228344
2023-05-24,38819.48309724979,15583.70418059684,17205.210805940816,15423.393528214028,19929.4388369079,12033.939713951006
2023-05-25,39160.732942742965,15486.064688720895,17135.829169400295,15367.30525982253,19868.639478292607,11989.404857031368
2023-05-26,39674.49776828263,15514.877656519478,17349.603427154747,15340.597336849018,20107.873713503566,11955.229272454988
2023-05-29,,,17321.477277803104,15463.455412674293,20068.574649394766,12043.780070918438
2023-05-30,39677.79677738787,15636.524729183748,17162.079925339065,15590.320593903352,20013.44858716431,12125.076813131293
2023-05-31,39443.65733819579,15695.743244135296,16976.4334008834,15675.787170028932,19705.375571176435,12185.663286819923
2023-06-01,39839.581386672755,15739.38848961889,17128.32442785453,15735.880506140305,19943.943949600784,12220.877529764182
2023-06-02,40420.954420946044,15614.24659003807,17373.981957574928,15689.141131515686,20192.487894643768,12156.148009231234
2023-06-05,40340.67853271845,15609.431525896316,17295.221770022912,15606.344940150673,20082.612925226185,12101.773622960394
2023-06-06,40436.65907887413,15619.053359495689,17372.101812320638,15619.031560157779,20118.529879125494,12114.202763493357
2023-06-07,40283.71478305095,15505.139697342183,17340.22962798467,15507.524402538342,20078.423678653584,12037.5638454195
2023-06-08,40537.60961661154,15609.431525896316,17342.105021397543,15552.260733882049,20115.40944326203,12061.901555877133
2023-06-09,40585.29060758577,15553.276514286175,17310.2217494316,15621.034603438693,20064.93823594758,12096.597711061797
2023-06-12,40963.662896682494,15578.94579679669,17327.10029014744,15649.078228213466,20251.160688503285,12098.668406867728
2023-06-13,41249.27203261809,15468.243559851711,17441.48978464971,15595.662382266444,20418.23545863067,12047.918979681608
2023-06-14,41292.77341960872,15489.097778220468,17507.122218311633,15570.289142252243,20519.01448035805,12036.009582140703
2023-06-15,41802.977205372015,15609.431525896316,17480.732075024607,15503.518315976513,20493.011667174556,11975.942851444132
2023-06-16,41650.25198437223,15542.039982174725,17573.668589472898,15572.292185533157,20577.939120419156,12005.45730141659
2023-06-19,,,17397.286571834695,15490.164354489758,20381.150184059647,11958.334488547658
2023-06-20,41453.23498878369,15588.574542632845,17285.387042235317,15615.692815075601,20268.081067695217,12048.955155200805
2023-06-21,41238.53736627173,15603.015587716043,17201.936787203987,15583.643103738998,20157.137287568497,12028.242403827893
2023-06-22,41395.218820846945,15514.77120807305,17127.969623695342,15500.179570894335,20113.145284483937,11974.38941578157
2023-06-23,41078.55690259128,15578.94579679669,17054.002460186697,15663.100550021829,19914.104474526892,12092.45383660125
2023-06-26,40895.04522552733,15617.455250351884,17050.212074682473,15726.532631215381,19892.868311402544,12127.148336553453
2023-06-27,41363.50451847193,15562.896965438193,17063.485551709382,15659.761804939651,19935.3897783735,12081.57895934708
2023-06-28,41348.89953024559,15625.470680123317,17182.97060415862,15703.162434482094,20063.881710419006,12124.557897755465
2023-06-29,41538.747194848904,15465.030752195828,17203.83118798253,15577.63397389625,20061.01312075712,12040.669889128394
2023-06-30,42049.91748718601,15498.72790650398,17404.872094684557,15607.013300472285,20314.098897054915,12062.936903780097
2023-07-03,42101.29268106454,15431.49672667571,17370.736449886605,15532.897642552545,20229.988408317877,12024.6182723594
2023-07-04,,,17387.800312417734,15500.179570894335,20177.315696646212,12011.153783923473
2023-07-05,42023.615621624274,15357.513673959606,17253.147382163046,15502.849955654905,20049.515420266507,11998.208210863375
2023-07-06,41693.89083007558,15232.06901840777,16843.48479775054,15296.528346984967,19534.942032682633,11860.981991484658
2023-07-07,41581.14891213779,15212.770053314773,16879.522763062734,15327.243375362263,19629.116541338375,11881.177482714202
2023-07-10,41681.442225405015,15291.573699962059,16921.24234676341,15307.879265190804,19716.874500185106,11861.501734476713
2023-07-11,41963.17674387586,15323.741867494218,17033.143460309926,15280.504000737641,19864.28683881849,11862.018167003855
2023-07-12,42275.13070122092,15473.315759201725,17296.766118483683,15420.054783131849,20156.973894666982,11946.424263390523
2023-07-13,42637.71242069411,15601.971839962087,17406.764911515962,15541.57715715586,20305.456272527565,12027.725143684525
2023-07-14,42595.443866533176,15524.774597142743,17389.697881090553,15516.872277463268,20260.21855213373,12004.421953513627
2023-07-17,42759.68984589267,15550.514384468426,17275.90553465977,15535.568027313117,20214.402199735294,12026.170052789503
2023-07-18,43063.9461153255,15568.202798391412,17393.491434489053,15681.796299871678,20285.906864694767,12110.060544265261
2023-07-19,43166.25835343578,15621.273569949797,17425.731094561328,15615.692815075601,20265.07365549295,12068.63504151944
2023-07-20,42878.759160200294,15497.440848015327,17512.976486938296,15570.289142252243,20384.94876189029,12032.90271081558
2023-07-21,42892.65967252395,15510.308668007134,17558.494375878894,15604.34189686976,20350.982694664675,12058.276596792408
2023-07-24,43066.40748540011,15473.315759201725,17575.5614063043,15654.420016576558,20368.25565853881,12091.935748841652
2023-07-25,43188.38491059868,15444.36316422016,17668.499504699732,15632.385521644534,20394.220387662557,12087.275441853963
2023-07-26,43182.3152493152,15497.440848015327,17558.494375878894,15569.620781930633,20293.41679557404,12029.796667106684
2023-07-27,42907.878929372746,15328.567991214823,17789.875790033235,15602.338853588846,20638.82570381646,12058.276596792408
2023-07-28,43335.826562328344,15378.424572669968,17769.013622262188,15578.301315375904,20718.986507001908,12045.331023732311
2023-07-31,43400.7500305792,15397.729067552393,17780.39428245769,15578.969675697512,20690.153188216274,12048.437067441208
2023-08-01,43286.12235092629,15307.753863819395,17600.220295368126,15494.837782531242,20430.46412736489,11991.994468213124
2023-08-02,42687.549795224106,15277.120212852655,17399.182556560376,15514.201892702695,20153.2244575586,12010.636523780107
2023-08-03,42580.79592245911,15164.254445795174,17294.86854981086,15472.135946119563,19993.911464512075,11981.120418575185
2023-08-04,42358.2631533222,15325.490663399853,17344.179992149962,15491.49903744906,20067.480039806444,11996.137515057446
2023-08-07,42741.5667737377,15288.40374817422,17365.045327815285,15462.788071194638,20066.095499956788,11984.226462284085
2023-08-08,42561.61613645011,15365.80006341286,17313.836316803365,15604.34189686976,19844.900823887205,12075.365216696828
2023-08-09,42265.71907498448,15375.475812459128,17395.390587109014,15572.292185533157,19942.585208630313,12054.650810091458
2023-08-10,42281.685763583686,15257.770097207476,17541.425761506347,15550.257690601133,20123.66139904742,12029.796667106684
2023-08-11,42242.49284811982,15177.15820941824,17340.388022698597,15441.420917742265,19916.90918124984,11955.746532598358
2023-08-14,42487.98122228073,15152.966763131539,17370.736449886605,15415.38033624841,20007.586098998774,11939.692432980673
2023-08-15,42003.73135971259,15123.947810676877,17203.83118798253,15357.29004341795,19835.27784195078,11908.624547345653
2023-08-16,41693.05319104495,15065.907140872836,17200.042386425448,15381.994923110544,19863.167658869035,11924.174628679633
2023-08-17,41379.55711876658,15046.547348096166,17042.623383938335,15320.565885197908,19721.579724341434,11891.476339072715
2023-08-18,41376.17219796588,15091.695313855986,16949.6932052786,15420.722124611504,19592.457562532953,11950.647589009093
2023-08-21,41661.60091934105,14998.18380978575,16968.657804376824,15319.898543718253,19628.965433617428,11886.283874849532
2023-08-22,41546.48783860886,15004.63016180786,17072.9702271792,15406.032461323484,19757.709211864512,11932.999500533606
2023-08-23,42006.19702537198,15167.478313029906,17139.350283890846,15560.27290700571,19786.37913774863,12043.037699160675
2023-08-24,41442.01921694282,15111.044047053807,17072.9702271792,15568.953440450981,19651.873609816645,12050.304169654708
2023-08-25,41725.38176204242,15106.206863754353,17080.555750029063,15522.214065826362,19664.86887381811,12023.83203694148
2023-08-28,41987.32652146659,15148.132344726797,17268.31842786277,15514.201892702695,19867.143143299814,12005.665860706398
2023-08-29,42597.77207347985,15256.156781142754,17391.595449763376,15592.99097866392,20041.086557880986,12059.647129268278
2023-08-30,42768.17792140304,15254.546229972746,17357.455053124002,15554.932137484571,19992.0871151982,12035.251485674586
2023-08-31,42709.76226408246,15285.182645834198,17321.42183965323,15635.056925247056,20061.466443919962,12092.347901723888
2023-09-01,42788.76236363264,15191.748558815912,17325.213809104593,15546.918945518957,19927.18696331037,12037.327974794121
2023-09-04,,,17310.041179457727,15496.84082581216,19907.700209898452,12015.008820319965
2023-09-05,42611.14422887649,15099.609824970416,17275.90553465977,15456.110581030282,19840.850399854986,11985.942110727605
2023-09-06,42315.204211563134,15060.812822365122,17177.284233928716,15384.666326713066,19802.682800876202,11936.633563396852
2023-09-07,42185.09094880554,15112.538472645894,17173.48751263594,15449.434109707883,19774.113613472713,11976.599151114038
2023-09-08,42248.29618314742,15115.772017012121,17209.52231005385,15466.794157756469,19801.3363450863,11985.42319535178
2023-09-11,42532.410455582205,15089.909191871735,17264.52487446427,15419.386422810241,19877.685056742484,11963.102385645163
2023-09-12,42291.80186572282,15110.925156581172,17217.111000797995,15407.36816312475,19770.17621310169,11953.761908880282
2023-09-13,42344.67192310216,15128.707576924382,17173.48751263594,15378.657196870323,19692.80905997668,11942.341632530948
2023-09-14,42713.54667426698,15094.764346986822,17425.731094561328,15467.461499236126,19883.094221745174,11991.65100747793
2023-09-15,42195.911526847354,15047.880027347574,17473.4918526511,15362.631831781042,19994.100656292772,11938.70922490016
2023-09-18,42227.007265015134,15062.433050666627,17283.917139290093,15312.553712074247,19784.75626539602,11894.589831327676
2023-09-19,42136.12987356913,15007.468326230204,17270.51219465063,15285.84477025878,19705.955431699094,11864.486118599889
2023-09-20,41743.10964039834,14996.155759514158,17442.855147083752,15342.600380129934,19853.27931703241,11901.335731213423
2023-09-21,41059.86251766157,14884.614377023945,17203.49380724187,15287.180472060043,19589.439093668174,11877.460658228018
2023-09-22,40966.214474037326,14942.809880931882,17144.12746846282,15285.84477025878,19571.109604265464,11886.802790225356
2023-09-25,41131.60737453107,14832.892874085244,17038.809239227023,15231.093222510499,19380.145072011735,11852.0280114989
2023-09-26,40528.19369479032,14828.039101417515,16920.08606535176,15200.378194133204,19191.922592060077,11855.142331370093
2023-09-27,40538.30979692945,14761.765957607113,16897.109328149814,15152.971478028927,19143.59023468196,11817.251577539986
2023-09-28,40782.56963384542,14802.176276277129,16969.87427577977,15016.09108039529,19277.00115302562,11722.264407660585
2023-09-29,40673.440302701274,14805.407055748641,17027.324038520324,15148.29703114549,19356.35604836602,11823.478562049908
2023-10-02,40676.82522350196,14685.315236360135,16858.80790237564,15090.206738315028,19181.028093935194,11768.979205728428
2023-10-03,40120.96366719227,14563.759405221379,16661.57322064922,15010.749292032197,18977.23169058151,11737.836007016533
2023-10-04,40446.465898909635,14656.144214696287,16640.50989159149,15044.134705170063,18995.7368580663,11754.446264740363
2023-10-05,40401.02720318663,14683.69224316392,16697.956486437768,15090.874079794681,18958.373938414512,11803.756467303574
2023-10-06,40884.9291233882,14597.795259131808,16849.236109813155,15081.52620486976,19159.087989964482,11806.351044182707
2023-10-09,41142.64702739628,14784.180959041058,16793.70133916395,15206.388342817905,19031.200488802766,11909.64168769157
2023-10-10,41357.73984370729,14755.004407587783,17130.724107770497,15234.431967592674,19402.825972370505,11895.107919087273
2023-10-11,41537.29528719582,14836.03794182067,17138.38566008304,15314.55675535516,19448.730778069013,11938.189481908104
2023-10-12,41282.30507951826,14693.416377867654,17163.28055727062,15219.742304304658,19404.72648980388,11881.093893475034
2023-10-13,41075.257893486036,14787.417268301997,16987.110788549075,15264.478635648362,19104.856288879142,11927.288120934594
2023-10-16,41511.693601952,14699.895908626313,17046.470791539567,15222.412689065226,19169.429654963948,11887.321705601184
2023-10-17,41507.51829355318,14555.654116371792,17027.324038520324,15110.23818996614,19186.664534778334,11811.021282565149
2023-10-18,40951.34745513986,14487.585173445646,16833.91617308234,15054.818281896247,18989.434560436548,11784.030234476095
2023-10-19,40607.41716474867,14416.271626574426,16640.50989159149,15066.16920010209,18926.937389867195,11778.322992958228
2023-10-20,40097.65152863217,14500.551147199745,16414.555080336217,15108.235146685225,18616.51176180116,11816.731834547933
2023-10-23,40030.133527178754,14568.618707678534,16403.065127788104,15170.331526077514,18619.342267403295,11835.418581391299
2023-10-24,40321.808028813066,14594.5548025288,16460.508554740107,15175.005972960955,18719.002109181223,11861.889886488298
2023-10-25,39743.82421092524,14466.516675736673,16462.421962884317,15113.576935048313,18734.399125983113,11823.998305041965
2023-10-26,39274.17504099867,14576.725378975478,16395.40199152842,15168.995824276253,18531.69733221776,11856.699077497573
2023-10-27,39086.39784825568,14599.414104985955,16255.615488595424,15209.726069058128,18476.798545827747,11881.611981234631
2023-10-30,39559.34173170271,14550.792049019925,16328.382020172518,15241.108438915075,18513.44401093455,11888.358708736609
2023-10-31,39818.20226126026,14519.996651712503,16429.87026522561,15262.475592367447,18631.444398777698,11907.047110812437
2023-11-01,40236.695312131684,14687.236838185298,16548.596606995154,15323.904630280085,18773.510226829272,11946.494610770018
2023-11-02,40998.147851235735,14778.250259882821,16822.42463658709,15402.026374761655,19050.686013696624,11982.309703096818
2023-11-03,41385.23158625099,14892.016000169213,16843.48954959196,15494.837782531242,19108.114318764932,12036.289316426239
2023-11-06,41459.04261939605,14805.87708784976,16795.617915202438,15374.650091466536,19041.08760212133,11960.509463998489
2023-11-07,41577.5449165137,14890.388859630928,16774.55300219757,15456.110581030282,19062.05840534548,12010.855842080891
2023-11-08,41621.39854145567,14950.523937179656,16822.42463658709,15515.536575662005,19158.874227822653,12040.96121004114
2023-11-09,41292.99249443212,14802.629719009972,16973.70584390961,15481.483821044487,19313.533594471228,12019.162626175268
2023-11-10,41944.17307684254,14818.877622787764,16799.446315438006,15409.371206405662,19164.9001088897,11967.256191500468
2023-11-13,41911.711342717106,14810.751597227834,16927.746033717165,15404.02941804257,19304.04820655713,11961.026724141859
2023-11-14,42720.01152934953,15033.41133331725,17149.87086078974,15567.61773864972,19642.991424268283,12058.610953749083
2023-11-15,42796.10781359353,14916.395459296362,17214.979007948565,15520.878364025099,19811.23697210349,12028.279646558216
2023-11-16,42857.294123092346,15028.536823939177,17109.660778712765,15610.351026712508,19859.595128360786,12079.80703299996
2023-11-17,42913.15820305809,15038.284460247969,17285.830547434307,15592.323637184269,20026.34311268514,12072.000956724363
2023-11-20,43234.69990561526,15059.415168087973,17326.0453813527,15578.301315375904,20003.912830009893,12047.016877991577
2023-11-21,43148.354356104195,15078.91597049498,17308.81203647767,15644.40480017198,20002.906673721634,12102.190741540007
2023-11-22,43325.84362331717,15074.037313774837,17362.428647141245,15641.733396569454,20074.97768550515,12094.382182415722
2023-11-23,,,17419.875241987524,15562.944310608233,20121.410753967943,12043.374538966036
2023-11-24,43352.673845805904,14996.032721699452,17475.408428689592,15543.580200436778,20165.138625670363,12028.279646558216
2023-11-27,43268.703754673996,15109.794314643774,17416.04684175196,15653.084314775297,20085.733361089653,12101.670170931722
2023-11-28,43311.28159093855,15176.436571898288,17358.59866295854,15723.862246454813,20118.81858086877,12163.609797155403
2023-11-29,43277.8103943916,15256.068304511957,17433.283354521267,15818.008337183708,20337.434597537795,12227.630878195996
2023-11-30,43454.63384596484,15181.306933934293,17513.70827051663,15771.268962559087,20399.050920660648,12205.250480120867
2023-12-01,43713.58458280261,15324.547834302903,17707.111384113203,15917.497235117648,20628.120397472274,12292.172529844878
2023-12-04,43477.288760054755,15260.991199547498,17707.111384113203,15917.497235117648,20637.228630343034,12292.172529844878
2023-12-05,43454.41477114145,15368.548368757049,17707.111384113203,15917.497235117648,20798.69275850646,12292.172529844878
2023-12-06,43285.860320255175,15432.099473723028,17707.111384113203,15917.497235117648,20953.84230385957,12292.172529844878
2023-12-07,43637.707373382,15409.289092345201,17814.34460544035,16124.487204109195,20919.31111832797,12433.228957133204
2023-12-08,43817.43893584619,15309.875920511213,17954.135860214763,16006.302556325405,21083.141372268183,12348.90893283439
2023-12-11,43989.60167794132,15311.508590838923,17992.434118094665,16004.299513044489,21127.434362276585,12352.030701251648
2023-12-12,44193.70209281964,15344.101169709445,17959.87766859454,16065.06120947747,21124.05102354903,12383.26079966763
2023-12-13,44797.8159528783,15572.23954467161,17944.557731863726,16136.505463794689,21091.73362755522,12427.503508058293
2023-12-14,44926.743634238686,15701.683620425025,18099.667339421816,16255.35745305813,21074.347640019885,12494.127442140318
2023-12-15,44925.82008351261,15688.613963119207,18116.82465483416,16375.545144122836,21073.352540394135,12567.517966513822
2023-12-18,45129.78303967821,15654.289177711327,18047.642595633184,16302.765188004358,20946.43433997898,12514.426385398534
2023-12-19,45398.14969833719,15683.709039899297,18116.82465483416,16406.26017250013,21064.50966742358,12574.805127413589
2023-12-20,44736.80576235515,15760.524727248321,18162.950779476225,16452.331186803145,21050.219545390577,12607.59693765443
2023-12-21,45197.74348636318,15736.00978828026,18118.749150608346,16497.735878468455,20992.8158106834,12635.70444003693
2023-12-22,45272.83030818565,15721.304695752024,18149.498316422585,16505.080710112466,21016.41564254842,12622.172087070196
2023-12-26,45464.658237369076,15731.106247507707,,,,
2023-12-27,45533.36182021968,15853.68647213743,18184.091721943783,16576.52496442968,21061.566138160248,12688.275450543933
2023-12-28,45555.31225840691,15793.211312539066,18149.498316422585,16503.745008311205,21010.592466960697,12661.728832370058
2023-12-29,45428.80728685819,15753.987133700699,18189.858873477788,16430.297710713072,21073.605615113767,12606.037708678265
2024-01-02,45173.06964743021,15695.14740932476,18178.322986462637,16340.824029183706,21095.89584673058,12544.616170214178
2024-01-03,44812.8161349037,15732.743065177487,18009.20653435217,16401.585725616693,20805.336584155913,12594.583500063522
2024-01-04,44665.065201070414,15637.948649960666,18145.65407671563,16288.075524716342,20904.591014975205,12524.837797564245
2024-01-05,44746.659833823156,15580.74297835979,18093.767136328115,16240.667789770112,20875.558676264423,12489.442306665747
2024-01-08,45379.05582402364,15633.042344293399,18157.185211889362,16261.366582900879,21029.361765827627,12504.01828369774
2024-01-09,45318.402167036606,15626.503368298423,18116.82465483416,16191.258030384924,20993.997645053736,12448.843592533081
2024-01-10,45575.896700636506,15601.984281988294,18086.080240861338,16173.89696349438,20995.82322288567,12424.901482633095
2024-01-11,45546.957346024494,15685.341710227007,17930.414667857374,16186.583583501484,20816.204054883554,12432.70838652492
2024-01-12,45585.046296201836,15727.836759510219,18099.53111996784,16296.756058161613,21014.378759610772,12499.854546447687
2024-01-15,,,18007.283622525123,16213.292525316949,20910.79503116044,12433.749527741493
2024-01-16,45415.61125043721,15600.351611660584,17961.159081830192,16192.59271334423,20847.21430766527,12438.43466321606
2024-01-17,45161.45438620551,15549.690445844111,17768.978775425123,16100.449665896253,20671.106244268576,12369.207876092609
2024-01-18,45562.79087149575,15515.361513094162,17868.914752281755,16075.7437673617,20841.76705860283,12347.347221009537
2024-01-19,46126.48327884563,15516.999713211297,17818.947555827013,16097.110920814075,20826.395840680125,12345.78633680091
2024-01-22,46227.65289140643,15564.396920819705,17972.69021700393,16144.51763691835,20987.70763260455,12383.26079966763
2024-01-23,46363.74560816728,15525.174124428695,17920.80327661641,16073.073382601135,20916.920422190058,12340.059232493539
2024-01-24,46401.83885392939,15481.042257475705,18143.73274883572,16086.42734408789,21247.561314875504,12346.306079792968
2024-01-25,46648.56006091998,15548.055010621689,18187.9343777036,16172.562280535074,21268.947357202742,12399.396833292023
2024-01-26,46618.211754502605,15520.269201208785,18387.801579575444,16166.552131850376,21337.471637357194,12395.752839034025
2024-01-29,46971.29164045912,15613.426798755825,18420.47365721673,16252.018707975954,21312.714541482972,12449.886388982111
2024-01-30,46946.87983219728,15634.679161963179,18460.829462430516,16195.931458426408,21351.245781806472,12420.216347158528
2024-01-31,46192.197134694616,15765.429650468232,18458.908134550606,16314.116106210198,21264.97187277197,12513.386899414423
2024-02-01,46771.766023363474,15863.07881947567,18378.19177228162,16338.153644423139,21208.71311689343,12537.851235155154
2024-02-02,47273.70080843979,15656.635190874853,18385.878667748395,16221.30469844061,21283.15148297179,12444.1609399072
2024-02-05,47123.53146037962,15504.268755507757,18382.03442804144,16126.490247390111,21265.350256333364,12371.290158525751
2024-02-06,47233.76046122553,15587.829403507836,18503.109763418488,16145.185997239956,21427.858624844797,12387.424536917686
2024-02-07,47623.657804266746,15559.97032438505,18445.455671496966,16127.157588869763,21287.86899230868,12378.055921201005
2024-02-08,47656.87126572734,15509.181973411805,18435.845864203144,16071.070339320218,21340.540475462287,12337.976950060396
2024-02-09,47935.08770026956,15481.324276736377,18420.47365721673,16032.34313781926,21293.579144235206,12310.390845902413
2024-02-12,47890.22031732129,15496.070842685302,18531.937601352816,16071.737680799873,21433.028228826475,12328.08859135166
2024-02-13,47240.97274805848,15325.680058687656,18351.28843012148,16039.020627983615,21236.12626880577,12299.461345977104
2024-02-14,47702.43882899352,15383.02535747151,18445.455671496966,16119.812757225756,21317.45662118099,12339.540317117711
2024-02-15,47990.94748465054,15425.622707859082,18568.45233475392,16117.80971394484,21444.777775518673,12322.78108847259
2024-02-16,47768.02381729933,15358.449590819777,18695.28690192928,16071.070339320218,21533.781451674673,12283.101028354547
2024-02-19,,,18720.270500156654,16051.706229148765,21502.105342106344,12277.356544106362
2024-02-20,47482.857126595285,15384.664940036002,18689.52450223669,16102.452709177167,21472.12704449207,12310.772376984158
2024-02-21,47545.0099426679,15335.50787694311,18658.77533642245,16006.969897805056,21534.636500241988,12250.730474774467
2024-02-22,48551.82628397446,15337.150224402312,18831.737612187015,16024.998306175252,21852.06836678414,12258.561379536943
2024-02-23,48569.77323715376,15407.599741675887,18893.232775921217,16129.828992472287,21913.560609583288,12315.993807775376
2024-02-26,48387.6662163104,15384.664940036002,18824.049132773103,16038.352267662009,21918.467310700875,12256.474131406423
2024-02-27,48470.979082972124,15350.254442892034,18864.408105881164,16016.317772729983,22086.108427652292,12237.677311604544
2024-02-28,48395.144829399236,15405.964306453465,18797.14420666582,16017.653474531244,22142.379468711395,12238.199537445293
2024-02-29,48658.670364019665,15437.091491126383,18795.22129483877,16083.75695932732,22239.206347851075,12284.146307652267
2024-03-01,49051.16224026344,15507.564510005013,18920.139285975638,16057.048017511856,22310.762610568927,12276.31374765733
2024-03-04,48994.37460957161,15473.065536230246,18916.29663021582,16100.449665896253,22286.985872103778,12288.321631529532
2024-03-05,48496.13832298438,15568.343808021747,18877.860568934804,16206.615035152594,22264.63175754803,12354.107190371184
2024-03-06,48749.019398538665,15606.128859162276,18956.654019376743,16230.652573365536,22287.666471107066,12348.887414812429
2024-03-07,49258.11921901544,15632.416095641027,19173.819507956323,16278.059289469811,22446.34923439062,12370.815106810085
2024-03-08,48940.00968869145,15643.913910302806,19160.363877008404,16330.808812779132,22410.69764039151,12413.105468515618
2024-03-11,48885.20232257974,15624.20021100294,19104.63428086107,16274.721563229588,22324.851255640664,12378.123785731816
2024-03-12,49434.37565339871,15560.134835620443,19287.20477997232,16263.370645023748,22600.152323953822,12352.541340465183
2024-03-13,49341.29892254921,15525.637244293033,19333.32615277297,16244.673876331944,22595.461842014174,12323.304141929566
2024-03-14,49211.756972566356,15410.642508306953,19294.89325938623,16157.87261724706,22571.12981338749,12276.31374765733
2024-03-15,48894.351918145054,15384.358036722915,19227.638863853725,16141.847252157779,22564.350850751827,12261.695562197636
2024-03-18,49203.797253983,15366.289449776967,19212.223890294554,16127.157588869763,22559.35569633417,12244.464592301765
2024-03-19,49481.751657854096,15410.642508306953,19258.468810972066,16123.818843787583,22628.307500772276,12253.342431594418
2024-03-20,49928.91773708165,15446.782447093568,19256.542731250738,16141.847252157779,22663.079475842944,12267.958961821652
2024-03-21,50091.66885294033,15448.427559447482,19453.077308341602,16188.5866267824,22869.54176337919,12301.373967083222
2024-03-22,50023.93177666352,15523.993514386473,19456.92946778426,16260.699241421224,22903.117161862843,12368.726203447106
2024-03-25,49871.077688120575,15482.92238588018,19472.34285739629,16193.26107366584,22972.77413566537,12322.258035015617
2024-03-26,49731.50554769404,15505.92216254581,19495.465317735045,16233.322958126104,23127.557582637648,12347.841307898481
2024-03-27,50166.71271891508,15565.060495550697,19530.14742429604,16293.417313079437,23244.225028389516,12399.00785366421
2024-03-28,50224.24778135731,15550.279368417865,19587.95199119579,16264.037986503401,23263.598758140237,12390.655550677218
2024-04-01,50123.297243619905,15409.578023842654,,,,
2024-04-02,49761.815193848466,15376.6232437648,19414.541458390817,16127.157588869763,23000.224143119405,12313.904076796167
2024-04-03,49818.469661412346,15394.749893499713,19476.19818473322,16133.835079034117,23106.638377171876,12321.737464407332
2024-04-04,49210.17619737009,15447.468140982259,19507.023380010145,16210.621121714426,23151.18444189991,12349.408813036944
2024-04-05,49756.53592016312,15345.319105830284,19333.61284720517,16150.52778560305,22864.24439351964,12320.693012725844
2024-04-08,49738.76508595948,15310.72059584587,19445.36665366774,16116.474012143577,23045.310755792296,12285.711329942042
2024-04-09,49817.80814135739,15371.680994466271,19318.199457593142,16214.62720827626,22740.52034005134,12340.012058368464
2024-04-10,49347.59195424085,15167.387071504394,19345.17566132169,16142.514593637432,22766.44944215145,12291.45415895777
2024-04-11,49716.20037914979,15145.968814614293,19279.662023695215,16068.398935717698,22586.781133427074,12253.342431594418
2024-04-12,48998.55421355521,15208.57017824654,19325.908528319866,16210.621121714426,22556.38759670971,12355.15329728513
2024-04-15,48410.14501142465,15111.366157287808,19337.468174542104,16105.123093937736,22677.48262153714,12286.755781623531
2024-04-16,48310.646381340324,15052.056400810749,19046.51609242775,16047.700142586933,22349.962164715154,12250.730474774467
2024-04-17,48031.330277096364,15147.613926968208,19048.443756096218,16066.39589243678,22354.728814774306,12262.21778803838
2024-04-18,47928.3135630834,15094.892914590951,19115.88030554974,16054.377632751286,22439.49410363545,12244.464592301765
2024-04-19,47510.83427021827,15114.664676679778,19094.69026072087,16046.365459627623,22313.642256893323,12237.155085763805
2024-04-22,47925.67177844834,15116.315318823119,19250.76290813962,16089.766089170065,22468.931853304868,12246.031269823996
2024-04-23,48500.09455655981,15136.077403780455,19476.19818473322,16080.418214245143,22817.20935120917,12235.067837633285
2024-04-24,48510.65310393049,15089.950665292423,19395.274325388993,15960.89786466009,22755.628655109955,12170.326730473122
2024-04-25,48289.57653803144,15032.283256274566,19258.468810972066,15920.167619878219,22539.981966583448,12138.475919885097
2024-04-26,48783.37118996397,15073.477422595563,19491.61474223953,16005.63521484575,22846.59550312022,12177.633754162394
2024-04-29,48940.93323941753,15134.433673873895,19510.880291294216,16075.076425882049,22792.892064799165,12219.927426332846
2024-04-30,48172.8354306705,15063.586011761725,19410.686131053884,16002.963811243228,22558.714409908687,12169.803677016149
2024-05-01,48007.66590058492,15123.245527419911,,,,
2024-05-02,48446.65318640572,15194.293644398735,19360.589050933722,16055.713334552549,22513.841559377626,12202.17588582869
2024-05-03,49057.408020522584,15278.575929918767,19453.077308341602,16109.129180499565,22646.05712965233,12245.509871599483
2024-05-06,49565.32655518693,15291.790744196987,19591.805734585578,16138.508507075601,22864.460612697585,12273.182047845323
2024-05-07,49634.51553911683,15331.451776399923,19792.1924711191,16199.270203508586,23185.04977064489,12312.862107963367
2024-05-08,49634.29646429343,15288.489459910306,19865.41359552516,16151.86246856236,23271.00917905694,12280.490726767055
2024-05-09,49896.63212193189,15334.755825581316,19942.483711479592,16115.139329184267,23507.788835191044,12249.686023092976
2024-05-10,49986.7620816275,15285.182645834198,20088.924376344574,16083.088599005712,23616.291549939535,12236.634515155518
2024-05-13,49975.41314665868,15303.35768122658,20096.633447071297,16099.113964094991,23577.760309616035,12242.898742395762
2024-05-14,50224.642975156385,15347.97755209632,20135.166129127807,16057.048017511856,23545.30286256378,12212.093211105452
2024-05-15,50822.51105495589,15463.64968728695,20262.334909149544,16227.313828283359,23737.70107538942,12318.276373336028
2024-05-16,50727.14907300744,15433.904949970267,20235.360289368135,16196.599818748016,23573.470324562797,12285.26358956194
2024-05-17,50788.37833835398,15385.983794813845,20216.09157241917,16120.480098705408,23530.206832685733,12241.771529091333
2024-05-20,50839.2251753055,15362.849920754663,20293.166440215024,16110.46488230083,23611.399591038622,12226.051786430324
2024-05-21,50967.71041143433,15402.508188062884,20243.06936009486,16131.8320357532,23558.310411745813,12250.156109111269
2024-05-22,50830.42781769152,15382.674215843026,20181.41104980532,16098.446622615334,23499.737127848864,12223.433208680539
2024-05-23,50457.15868330447,15328.146344771172,20189.1185365849,16021.659561093076,23513.72749147608,12170.507978427357
2024-05-24,50811.60026963386,15347.97755209632,20150.581102686974,16032.34313781926,23516.30492235858,12180.988082740107
2024-05-27,,,20239.21403275793,16091.10179097133,23618.63310535519,12216.096390807006
2024-05-28,50824.31520056032,15262.047389327658,20096.633447071297,16032.34313781926,23496.805883766097,12182.560553575946
2024-05-29,50450.47045781376,15187.688310930658,19888.536055863915,15932.186898405665,23239.44363611369,12106.054881715021
2024-05-30,50154.17390696429,15263.699413918355,20007.997349106066,15968.242696304102,23269.00669462487,12135.399670360459
2024-05-31,50561.49414184257,15334.755825581316,20073.5094027854,15969.578398105361,23270.453888895405,12127.538971413725
2024-06-03,50623.90898858631,15435.197538248343,20154.436430023907,16061.054104073686,23409.111807858302,12195.660063254709
2024-06-04,50702.73296916081,15519.717604713647,20050.38535849951,16098.446622615334,23154.34173330507,12230.76754370538
2024-06-05,51304.20934016918,15576.07030629573,20258.48433365403,16154.53387216488,23368.578083102737,12251.203043641448
2024-06-06,51294.62159495707,15569.445618564663,20374.09029955925,16101.78434885556,23465.105203836636,12225.52707774089
2024-06-07,51246.764485007174,15405.357412064079,20323.994803386224,16004.299513044489,23345.091274898914,12163.695869243258
2024-06-10,51383.34260284731,15372.21323669842,20254.630590264234,15893.459696904709,23266.61845552307,12114.96334280816
2024-06-11,51523.04361081701,15453.425106640261,20069.655659395612,15930.18385512475,23109.429570196204,12163.171160553828
2024-06-12,51962.340178741426,15539.60963972247,20250.773678980164,16055.713334552549,23437.66748156317,12242.295410164537
2024-06-13,52084.841665282234,15642.36418681647,20004.143605716272,16063.058166196555,22978.270525450072,12296.268402564123
2024-06-14,52077.14397737,15678.827618284444,19799.899957898684,16143.182953959044,22646.585392416615,12413.644246680951
2024-06-17,52482.75027392407,15605.910432479992,19828.4648606079,16113.803627383008,22729.854346284967,12363.86478571568
2024-06-18,52616.68660712915,15673.856337591433,19964.945665861283,16152.530828883964,22810.064290192673,12375.915705631805
2024-06-19,,,19941.5475987203,16116.474012143577,22729.475962723565,12374.344062412198
2024-06-20,52484.154930144665,15634.079179810575,20109.224242881188,16107.794497540262,22963.803496816938,12357.053504147809
2024-06-21,52404.89279992337,15637.392906123461,19953.24504834365,16117.80971394484,22849.75279452538,12375.39265217483
2024-06-24,52247.68298842115,15650.65195871708,20120.920108557402,16125.8218870685,23053.625365998563,12360.720671660229
2024-06-25,52453.14510367232,15663.917923547482,20062.429692546357,16139.844208876864,22867.490138224864,12368.05666191753
2024-06-26,52535.75349443137,15569.445618564663,19949.3485383811,16071.070339320218,22839.337418442523,12337.664938741917
2024-06-27,52584.005798180326,15604.247348310444,19871.35814913876,16053.70927242968,22908.91822412555,12343.427630547152
2024-06-28,52375.730074903186,15521.377923988483,19836.262632374426,16031.007436018,22940.240520493615,12317.227783573393
2024-07-01,52517.49725914844,15405.83435640198,19890.856538422915,15936.860326447151,23009.69601733488,12218.191087483587
2024-07-02,52843.08969814604,15464.020183178422,19808.966471323747,15956.224436618606,22850.43339352867,12212.95227675156
2024-07-03,53113.299162672396,15567.089928269646,19949.3485383811,16034.346181100176,23115.203605061666,12252.252461020313
2024-07-04,,,20078.028403973683,16007.638258126666,23210.750368386496,12229.719781558973
2024-07-05,53411.13353287041,15653.546803481031,20046.830981119034,16079.750872765488,23242.161118054624,12277.405373463895
2024-07-08,53467.12648037933,15658.526378858178,20039.03320935251,16126.490247390111,23237.88587521807,12287.35994147098
2024-07-09,53508.037629752165,15636.91596178556,19847.963249892055,16049.035844388192,22941.17173718043,12255.396575075758
2024-07-10,54060.686088652066,15651.88095441677,20046.830981119034,16133.166718712511,23156.329475520455,12295.220640417714
2024-07-11,53588.97074244995,15751.625913616257,20148.216269608078,16222.640400241873,23316.52331601348,12355.48020569574
2024-07-12,53884.653024676954,15784.873772533632,20339.287813015675,16196.599818748016,23585.256726796688,12336.616348979282
2024-07-15,54042.38689752142,15735.000601710211,20120.920108557402,16240.667789770112,23387.386694547473,12361.243725117203
2024-07-16,54387.72613971797,15804.826635226127,20070.22904826002,16284.06943815451,23295.726962353354,12392.160984598479
2024-07-17,53630.84839839659,15818.12439634572,19984.44088725116,16289.411226517603,23194.170288696216,12400.020028312752
2024-07-18,53211.91719787837,15773.24047803094,19925.950471240114,16307.438616045842,23090.333485526244,12415.742253822451
2024-07-19,52835.215891258136,15723.367307207522,19781.673478167348,16231.988275166796,22860.332792027802,12372.772419192588
2024-07-22,53407.65840478949,15708.398167234242,19972.745021574945,16215.96291007752,23156.140283739758,12346.5717446026
2024-07-23,53324.435745407995,15720.038373973715,20007.840538339282,16256.025813379738,23345.631822843767,12394.781217580721
2024-07-24,52090.73950317482,15685.127430886792,19879.1606727467,16238.664746489198,23131.4716411656,12394.781217580721
2024-07-25,51823.3436466744,15720.038373973715,19746.57954535015,16276.724606510505,23019.836205373085,12428.840935884988
2024-07-26,52401.63674666585,15794.846747761489,19906.4536659031,16293.417313079437,23169.324739521922,12442.989862942617
2024-07-29,52444.9620146808,15821.447799790103,19851.861343801746,16353.51064919081,23047.448377210574,12470.237472062781
2024-07-30,52185.04477126924,15854.69842360219,19937.647920863466,16365.529927718257,23161.309887721436,12492.245442834686
2024-07-31,53013.27217566107,15971.065929813009,20101.42330322039,16421.617177267803,23283.928274938902,12526.829869828383
2024-08-01,52289.47043708756,16039.266205237996,19805.068377414056,16465.68616713185,22748.522906671264,12584.993910813593
2024-08-02,51328.97338638237,16287.71826165263,19329.340941770617,16529.118248325405,22217.85961810165,12658.35464100284
2024-08-05,49792.86797616853,16304.394724110856,18902.35631144329,16489.723705344793,21812.505171293193,12632.154794029082
2024-08-06,50309.09846736758,16159.32622833731,18956.947049597504,16497.0685369888,21831.778162563285,12627.437381521568
2024-08-07,49921.662494400975,16100.957918509845,19247.455626512867,16432.300753993986,22159.903050269055,12566.130054097137
2024-08-08,51072.355152076045,16052.604057330922,19276.70004254482,16441.648628918916,22241.987712730956,12580.80203461174
2024-08-09,51317.14334591904,16117.63438096807,19395.630713495324,16501.074623550634,22295.42824818792,12612.24151993376
2024-08-12,51326.37885317981,16162.66069136054,19383.93484781911,16497.0685369888,22299.944280563548,12608.051298964365
2024-08-13,52191.599833632004,16234.358558596794,19493.116324127535,16564.506704744188,22407.60423192529,12649.447007525929
2024-08-14,52392.74918177164,16256.035333142509,19590.603518706892,16574.521921148764,22500.128840831174,12651.017823129308
2024-08-15,53253.395364441174,16154.320386460395,19855.762605605716,16482.37887370078,22874.561488157975,12575.563223879708
2024-08-16,53366.884714129366,16186.004697417873,19890.856538422915,16483.04621518044,23049.62531120666,12572.46214586819
2024-08-19,53891.47011771083,16207.680089516232,20019.536404015493,16499.071580269716,23174.531199045294,12580.353466615412
2024-08-20,53786.16385701416,16272.709030706023,19918.151115526452,16544.475253093075,23093.805277553864,12618.227668120928
2024-08-21,54016.566137454196,16306.060573175117,19984.44088725116,16573.85457966911,23208.82405207393,12625.591797330031
2024-08-22,53535.043971216575,16231.019948231493,20054.627168938416,16525.77950324323,23264.731451788313,12599.816517481946
2024-08-23,54150.506766244056,16306.060573175117,20159.91688712571,16562.50366146327,23440.485701984737,12612.967339366935
2024-08-26,53980.93855735148,16286.048265246302,20156.01562532174,16533.79167636689,23420.256923666708,12595.081725033615
2024-08-27,54071.37350356592,16279.38348654191,20175.512430658757,16478.371768297,23501.76418264206,12571.9357819463
2024-08-28,53748.47010063589,16271.040416747051,20249.59997414998,16500.406263229026,23628.16640547349,12584.035531219964
2024-08-29,53749.12732510607,16242.696098602228,20421.176296167705,16493.729791906626,23792.06054235264,12581.403711610505
2024-08-30,54299.181250803405,16186.004697417873,20428.972483987087,16464.35046533059,23784.952336877835,12565.623552964753
2024-09-02,,,20428.972483987087,16428.96200891181,23815.055943333868,12528.800424070558
2024-09-03,53156.14332519284,16292.703366819203,20241.80220238346,16491.0583883041,23583.910271006782,12585.087431447515
2024-09-04,53073.09678478702,16388.030024268173,20035.13511544282,16581.19941131312,23388.59309927894,12640.32171098069
2024-09-05,52914.873215278494,16426.499386850035,19925.950471240114,16599.22781968331,23369.283252467158,12635.587746148589
2024-09-06,52008.088156568054,16449.909750380466,19711.48402858581,16633.947915780485,23023.83626016499,12684.510624316441
2024-09-09,52615.85326368329,16473.322878805608,19883.060350603533,16644.631492506673,23202.045089438267,12678.723104024328
2024-09-10,52852.63448751043,16543.56779387046,19762.176672830334,16680.019948925452,22978.572740891967,12714.49267745851
2024-09-11,53416.89391205026,16531.859847210533,19754.37573316953,16742.784688639353,23059.52470970579,12762.36448301504
2024-09-12,53818.09723421257,16505.10257863067,19925.950471240114,16696.045314014733,23296.18151403425,12708.705984782622
2024-09-13,54118.08798796635,16536.875366218945,20070.22904826002,16709.399275501488,23523.89224987541,12716.071769224185
2024-09-16,54197.0451316688,16580.360247809218,20039.359502463198,16742.1173471597,23440.4979871653,12741.847876688493
2024-09-17,54212.61662646894,16550.256074179913,20114.13447901286,16708.731934021835,23557.4553631785,12716.071769224185
2024-09-18,54056.50648466847,16478.342545156087,20015.749186405552,16642.628449225755,23539.10130341466,12666.09864606123
2024-09-19,54977.28226298279,16464.963219642475,20295.165381504754,16655.98241071251,23905.042433935057,12683.45789647266
2024-09-20,54871.0567471448,16459.944935739353,19988.1995938126,16624.60004085556,23549.818894939406,12659.259225541564
2024-09-23,55025.75793713992,16449.909750380466,20090.519411113797,16671.339415480183,23709.30756606801,12693.977726364421
2024-09-24,55164.22611227993,16468.310124691914,20208.583662979134,16723.421597309847,23897.808919618492,12747.109033058716
2024-09-25,55061.870918321925,16401.412114676496,20200.714613591343,16653.9793674316,23799.520103991596,12707.65573978753
2024-09-26,55287.565237851355,16389.704168016568,20448.646691403697,16693.373910412207,24201.903994139477,12722.91118974385
2024-09-27,55220.04723639795,16454.92803428359,20554.902617345935,16735.439856995345,24497.876107271,12747.634569364382
2024-09-30,55458.85168065291,16409.770391392274,20350.25981484925,16732.769472234773,24310.80966281049,12741.32316799906
2024-10-01,54943.32566535655,16469.48520494471,20259.745155576875,16849.618418217302,24170.17874384889,12832.854212504539
2024-10-02,54954.23215509381,16422.519320911444,20279.4241148349,16791.527106544887,24109.30321711409,12788.140590479354
2024-10-03,54862.03601912266,16338.65315204564,20090.519411113797,16733.43681371443,23921.433321844645,12745.530768909275
2024-10-04,55365.7749498034,16180.989178409462,20173.163437051247,16662.659900876864,24054.177154883633,12681.880459939444
2024-10-07,54835.73415356092,16122.284933874433,20224.326513596126,16606.572651327322,24033.00487469822,12642.952702973918
2024-10-08,55367.26981330422,16135.698820571952,20110.199954318967,16612.58178117007,23985.66761694586,12644.002947969011
2024-10-09,55762.75571213439,16075.314902499098,20240.0646123717,16603.233906245143,24222.749488521866,12634.534190688575
2024-10-10,55655.77846896123,16073.64214119806,20208.583662979134,16619.926612814077,24167.360523427316,12632.95675415536
2024-10-11,55993.06778529422,16078.674249574742,20314.84275681564,16591.882988039306,24372.32647597077,12626.11898886815
2024-10-14,56424.62370945867,16050.158507957747,20432.905424733843,16599.22781968331,24541.476213095546,12623.487996874923
2024-10-15,56000.01804145604,16132.343620838376,20271.551897552836,16686.029078768202,24513.67484947736,12666.624182366892
2024-10-16,56262.796144326065,16157.505545169151,20232.195562983914,16746.790775201185,24446.524052510056,12712.916068541523
2024-10-17,56253.73675604096,16073.64214119806,20397.489950647378,16741.448986838088,24635.954165711235,12699.239710350876
2024-10-18,56480.354626296474,16092.092283614327,20436.841533374874,16784.850635222487,24729.019322561973,12724.487798660837
2024-10-21,56379.58020753474,15967.969247735049,20295.165381504754,16635.950959061403,24482.224787231422,12637.165182681802
2024-10-22,56353.05926714961,15952.87568749971,20251.877690136225,16595.889074601135,24432.811333963604,12606.129574079723
2024-10-23,55836.03838835244,15915.974020219814,20192.84239630928,16610.578737889155,24377.09312602992,12599.816517481946
2024-10-24,55955.81217856274,15951.196013961888,20192.84239630928,16684.026035487284,24459.342409911387,12662.416581456682
2024-10-25,55939.49325201218,15915.974020219814,20204.650722232378,16628.606127417395,24485.244484614257,12631.378490005913
2024-10-28,56088.51997452288,15879.075117834629,20287.29316422269,16649.30593939011,24570.825509464903,12639.796174675028
2024-10-29,56179.04512801755,15885.781369959708,20153.489229634637,16573.85457966911,24503.46095035577,12592.452388272846
2024-10-30,55993.99563160507,15862.2977367194,19909.4885086219,16525.77950324323,24225.781471085258,12551.420003235982
2024-10-31,54955.950389002785,15853.911811056496,19693.040548096396,16485.71659994101,23999.591640598024,12511.44200127536
2024-11-01,55183.186823465534,15760.028428647434,19901.61787528697,16469.02389337208,24222.801086280237,12510.388445815346
2024-11-04,55030.68497287392,15844.157262510922,19822.908374043414,16491.0583883041,24088.042483628615,12534.587116746443
2024-11-05,55706.27736354618,15852.569454673596,19830.78217527262,16456.33829220693,24224.435015295356,12506.180844905133
2024-11-06,57115.658727387905,15689.364632033643,19740.265932053102,16459.67601844715,23951.500072758983,12543.003146183099
2024-11-07,57541.449976787735,15815.555809157842,19870.13850984154,16424.28756202837,24358.0977798406,12506.180844905133
2024-11-08,57769.914948495396,15849.200430466457,19740.265932053102,16511.08983995521,24173.122273112218,12566.674625576075
2024-11-11,57825.912191589094,15805.457031220569,19956.715476525747,16575.19028147037,24466.38673244726,12605.076018619711
2024-11-12,57662.06140602866,15706.189016358981,19551.361228332,16535.127378168152,23944.367296923047,12588.243959746404
2024-11-13,57677.98513878014,15696.091620869065,19555.30050486731,16521.773416681397,23905.958908405195,12561.94231597643
2024-11-14,57335.8546984086,15694.411947331244,19775.68615798099,16589.87994475839,24233.78158066907,12590.34610496905
2024-11-15,56586.45127459129,15701.144465956095,19598.589780182985,16581.19941131312,24167.247499766123,12586.948740347412
2024-11-18,56816.853555031325,15736.474290591956,19610.393354264666,16557.82921457983,24140.048109995612,12570.048816943294
2024-11-19,57042.77124496893,15770.127206584708,19531.685436968248,16587.875882635522,23977.918125045573,12596.982759512519
2024-11-20,57045.803927818284,15746.568921187161,19508.071953016322,16572.51887786785,23908.05967428178,12586.948740347412
2024-11-21,57359.12388112098,15738.158111471845,19600.55704252993,16591.882988039306,24085.929432571465,12620.219740385066
2024-11-22,57560.49659966878,15748.249977172338,19838.65122466041,16672.00777580179,24307.866133547162,12668.277759593211
2024-11-25,57734.68256219174,15918.184553542427,19834.716699966513,16720.750193707325,24411.788932981086,12719.503893727457
2024-11-26,58069.02510737083,15884.534402444388,19724.523081436106,16718.74715042641,24274.391473544143,12725.312932041536
2024-11-27,57851.77590750403,15948.473975117467,19696.973488843152,16766.154885372638,24231.329458628334,12745.381797987982
2024-11-28,,,19787.491316009808,16844.94397133386,24437.61729660056,12780.236027872463
2024-11-29,58181.89589285179,16015.774277313549,19897.683350593077,16895.689432520314,24690.12198385764,12815.619104527517
2024-12-02,58331.23189746611,16014.41947890444,20031.488869128265,16922.39837433578,25076.542510379593,12863.677951351892
2024-12-03,58358.723640009805,15968.855396490395,20106.262261730793,16931.07890778105,25181.12133845568,12845.721989639074
2024-12-04,58713.036358796024,16029.609810454716,20192.84239630928,16942.429825986892,25452.083280993345,12858.924951346515
2024-12-05,58606.85379880576,16027.925989574827,20263.684432112186,16905.03730744524,25611.422072919057,12790.2708746538
2024-12-06,58759.75084319644,16078.552594207395,20306.972123480715,16923.06571581543,25643.88934811576,12808.75320028851
2024-12-09,58406.932987911045,16022.857937566881,20330.584023485502,16925.737119417958,25595.26951751243,12790.2708746538
2024-12-10,58235.03227648703,15994.165242688287,20216.455880261197,16926.40446089761,25574.13409286872,12795.551066197298
2024-12-11,58711.408332167266,15946.914574499639,20267.614204964662,16919.0596292536,25662.194267157345,12783.93298956914
2024-12-12,58393.51787666668,15886.154630745892,20232.195562983914,16808.219813113818,25696.29792840528,12731.122797971846
2024-12-13,58399.32121169426,15811.902000795322,20137.744795070506,16747.45913552279,25670.698069144313,12680.951046913842
2024-12-16,58629.023311816396,15816.957610777063,20129.85673831704,16734.104155194083,25554.824246056934,12702.604797939568
2024-12-17,58403.67693465352,15816.957610777063,20050.857374747004,16743.452030119002,25469.98278907629,12709.997893716698
2024-12-18,56682.29865761902,15694.71055596019,20066.655663513873,16726.09198207042,25465.20385383657,12686.76091284415
2024-12-19,56633.3848338151,15623.590551718842,19794.09795952762,16654.64670891125,25122.132815455643,12642.399855332687
2024-12-20,57251.708488301025,15681.162571869118,19640.043260764265,16682.691352527974,25015.065009797123,12671.973893673663
2024-12-23,57672.39658299118,15611.736065639152,19655.84154953114,16625.935742656824,24969.801490524103,12624.971912774217
2024-12-24,58309.19554758343,15620.203555696073,,,,
2024-12-26,58290.234836397816,15632.056659328406,,,,
2024-12-27,57650.79838275529,15591.41961929197,19817.7985605722,16561.16795966201,25140.324710836026,12582.195740342031
2024-12-30,57034.23591802607,15682.856069880501,19736.822430972377,16583.202454594033,25045.748476775818,12601.20691274732
2024-12-31,56794.95036827659,15654.070751029041,,,,
2025-01-02,56670.73064782681,15662.535476191251,20003.45300476356,16584.538156395298,25191.072334713182,12609.65770206561
2025-01-03,57389.034037891564,15637.138535809914,19857.300618277928,16509.086796674295,25041.898301186804,12549.981606229303
2025-01-06,57711.28021635143,15621.901201049526,20086.407484340307,16511.757181434867,25432.01666705877,12538.889065906806
2025-01-07,57071.053375110765,15550.781196808179,20102.205773107173,16475.70138353643,25588.488097840655,12519.349874347168
2025-01-08,57161.40240962976,15577.877164990323,20078.508339956872,16419.614133986885,25575.11445027779,12489.2494720843
2025-01-09,,,20157.509287474048,16400.25002381543,25558.961894871165,12478.685778532381
2025-01-10,56291.606631394905,15464.429387595867,19975.802039553695,16336.817942621878,25430.254972165774,12440.662606105574
2025-01-13,56380.32763928514,15437.334801861078,19865.19976266136,16294.084654559088,25327.174936118598,12416.89677846245
2025-01-14,56445.12223999282,15442.412531000518,19853.347086218357,16277.391947990156,25501.383710599966,12388.380433662629
2025-01-15,57484.39601984002,15604.9689858304,20110.108085384887,16416.27538890471,25882.998274484966,12470.763835984673
2025-01-16,57364.00796100726,15642.21764739671,20315.51118250841,16436.974182035472,25984.532834817084,12485.551682771393
2025-01-17,57938.29757599077,15654.070751029041,20445.868448121455,16463.683123850937,26296.517452296797,12494.528836011572
2025-01-20,,,20449.82039623388,16479.040128618606,26405.862930432035,12504.563682792908
2025-01-21,58447.796885851385,15706.56089469781,20544.621216465068,16511.757181434867,26470.888391161625,12518.293008422237
2025-01-22,58807.52204145089,15665.923854661374,20623.62374792938,16502.409306509944,26737.92398999077,12488.718970081261
2025-01-23,59120.92790644904,15625.286814624938,20710.528591671417,16477.037085337695,26935.757166698288,12478.157759378033
2025-01-24,58957.73434535878,15657.456364604453,20706.57664355899,16449.660802042574,26914.87481677421,12462.313874282614
2025-01-27,58098.587321774845,15759.055185708647,20710.528591671417,16493.061431585018,26773.03503604503,12486.607721080092
2025-01-28,58634.16942237379,15760.744536377963,20773.729666474585,16467.02085009116,26959.72309694414,12476.046510376862
2025-01-29,58360.13259181518,15742.11882314745,20896.18303586278,16457.005633686582,27220.065729401576,12469.179778521622
2025-01-30,58668.91640759816,15775.983253585706,21073.93833567071,16527.782546524144,27332.870714383866,12509.31585518206
2025-01-31,58376.537430061166,15750.584930757015,21097.64052066243,16588.544242957127,27338.973992088468,12570.576836097642
2025-02-03,57935.92211761161,15761.795196368697,20927.784365237934,16688.032122049113,26956.77956768081,12627.084817007846
2025-02-04,58354.853318129826,15800.863158655811,20967.286422943664,16680.019948925452,27054.223162884846,12636.061970248027
2025-02-05,58583.49440881317,15892.59407053122,21066.03760734014,16733.43681371443,27155.153292333183,12646.097644645593
2025-02-06,58796.9634940802,15873.90891206439,21306.995565898378,16725.424640590765,27553.298795186198,12639.758104328475
2025-02-07,58244.40094687575,15821.248727370805,21224.042670268773,16712.738020583663,27408.100246090595,12633.949893630626
2025-02-10,58643.84737486613,15817.850671769187,21362.300664212395,16732.10111191317,27565.023771517266,12662.468721279134
2025-02-11,58665.17924884612,15777.085064128622,21409.700282354417,16644.631492506673,27723.64510889799,12603.848663751529
2025-02-12,58511.66364024821,15668.369404034547,21417.60101068499,16595.220714279527,27862.276000463644,12551.565663692354
2025-02-13,59122.33256266963,15785.577438237955,21670.408477791952,16680.68830924706,28445.976870567698,12612.297797837356
2025-02-14,59131.87735203402,15851.825697995942,21619.056911537504,16667.333328918354,28321.93831647694,12595.92589358759
2025-02-17,,,21737.559916760412,16611.91342084846,28680.05378697755,12562.107839222308
2025-02-18,59285.47887232738,15766.892279771126,21804.71135572887,16614.584824450983,28738.4378790938,12543.548545278265
2025-02-19,59427.426471133076,15792.37354944119,21599.305090711066,16526.446844722883,28221.56347719014,12505.897800154684
2025-02-20,59177.80144883631,15824.64816541978,21571.657293395478,16552.487426216743,28071.885751260597,12522.3359137028
2025-02-21,58170.10880823618,15918.072575306573,21690.16029861839,16617.923569533163,28037.806660373786,12566.879874400962
2025-02-24,57883.13797192771,15952.04621908597,21670.408477791952,16622.596997574645,28211.87538379672,12574.304419594811
2025-02-25,57613.23349392019,16077.74662739871,21690.16029861839,16655.98241071251,28192.174868242975,12601.347607506315
2025-02-26,57622.29717779007,16121.911673088249,21915.31680051548,16694.709612213468,28675.046347379328,12604.529791908315
2025-02-27,56708.647774613244,16103.227897068777,21824.4631765553,16723.421597309847,28369.076554304153,12635.815340611669
2025-02-28,57614.86152054895,16191.553841105786,21832.363904885875,16729.430727152598,28369.75469627133,12649.602599377055
2025-03-03,56606.37849235069,16250.331355350698,22069.37149927883,16635.950959061403,29119.008202630786,12580.137458779542
2025-03-04,55915.390725853955,16199.222276590806,21587.457166109485,16638.622362663926,28087.18325809991,12583.84848995212
2025-03-05,56540.57442922149,16108.934639755302,21777.061974466138,16304.768231285274,29035.99232348207,12322.426041110184
2025-03-06,55534.681638641014,16100.417381593557,21761.26368569927,16194.595756625147,29461.76474038926,12241.293994526975
2025-03-07,55849.586662724745,16079.972367642244,21694.105910942257,16245.342236653552,28945.303120552573,12293.791347189563
2025-03-10,54353.11231762155,16192.409576019294,21409.700282354417,16252.68706829756,28457.210439676168,12290.609990403791
2025-03-11,53942.35991051009,16134.489179135247,21038.38664213027,16198.60286202893,28089.647665321212,12241.824496530015
2025-03-12,54207.1182779602,16086.785068213754,21239.84412692992,16225.310785002443,28526.980437139893,12257.202433688286
2025-03-13,53458.59544902123,16151.522313011379,21188.494144622608,16246.009578133207,28389.519094764015,12276.822731638404
2025-03-14,54606.431542822625,16095.306473717568,21449.20075611301,16229.985231885881,28917.47718657326,12259.32361408421
2025-03-17,54960.70130576112,16108.934639755302,21622.598617340864,16322.796639655468,29128.507104243505,12318.713354705144
2025-03-18,54377.17188793206,16127.672331221667,21737.463295984915,16310.77736112802,29412.97783133025,12312.350641133606
2025-03-19,54964.74774661677,16177.075469943971,21777.071478148973,16334.814899340961,29296.438151456252,12339.924331048149
2025-03-20,54851.391560056516,16200.925451733683,21678.049438791688,16343.495432786234,28932.988455554398,12340.454005434958
2025-03-21,54898.10604445694,16187.294520801237,21543.377501171333,16370.203355759742,28797.790043438556,12371.73955413831
2025-03-24,55867.22433380044,16093.60329857469,21531.494729732687,16371.539057561004,28748.703375973764,12362.197139013459
2025-03-25,55957.39724934377,16120.858248202801,21682.01089058695,16352.17494738955,29072.172180245467,12338.863327042074
2025-03-26,55333.094140854584,16083.382865270069,21543.377501171333,16356.182052793334,28731.55572094139,12351.589581801381
2025-03-27,55150.325599956275,16069.750551890265,21444.357045761186,16387.56340380833,28529.91168122266,12363.787817406344
2025-03-28,54063.54694811052,16199.222276590806,21289.879433111655,16428.293648590203,28256.647495847148,12411.511479657815
2025-03-31,54368.593605141476,16246.92500506494,20969.04618821537,16416.27538890471,27881.725898333865,12407.799620869007
2025-04-01,54575.55058389347,16304.003491509042,21182.93607411099,16487.05230174227,28355.351550577136,12445.4478831439
2025-04-02,54944.335127778075,16288.623764670963,21091.833770449946,16463.683123850937,28167.73227299121,12416.81318922328
2025-04-03,52287.75649876335,16456.107261878453,20529.38839682691,16542.47220981216,27320.53147902456,12493.172373011603
2025-04-04,49170.545132259445,16502.247824840048,19450.039297728526,16602.56554592354,25967.33603906245,12575.365423600884
2025-04-07,49056.527425644235,16305.7135788887,18649.936911385445,16523.10911848266,24895.39015184299,12531.881639292573
2025-04-08,48286.4966037496,16223.679152769902,19190.599843949527,16515.095926517046,25512.61727970844,12516.50452975053
2025-04-09,52881.84016837834,16172.409710116688,18465.7523701393,16539.133464729985,24746.01709839146,12569.531556799926
2025-04-10,51060.83009813156,16071.578147295204,19180.693838540665,16525.112161763576,25867.96612754585,12563.168015612155
2025-04-11,51985.91864355742,15981.000196514891,19178.71707251088,16581.866752792776,25630.668036791903,12605.589140681932
2025-04-14,52399.04221346329,16109.175185595286,19695.61446219768,16661.99154055526,26361.22841240393,12613.01368587578
2025-04-15,52313.44409570262,16157.029983278608,20038.231732100052,16634.616276102093,26737.206535445788,12610.362003476816
2025-04-16,51142.51493816452,16227.097945081863,19986.740778497347,16686.029078768202,26809.315631289053,12645.359410968978
2025-04-17,51211.17986075218,16180.955999672913,19927.3300891984,16742.1173471597,26677.02389289485,12669.751744097755
2025-04-21,50008.49344499133,16093.795458757206,,,,
2025-04-22,51265.854063735955,16105.760540625393,20061.99885892448,16770.16097193447,26787.312872897463,12699.977944027489
2025-04-23,52121.04485374447,16122.846207501063,20414.518966341442,16734.77251551569,27628.213826270472,12647.481418981133
2025-04-24,53176.98979809356,16210.00674841677,20497.701534306234,16824.91251968275,27757.208222201076,12695.205908848833
2025-04-25,53569.2668950987,16271.533950453226,20572.956446839093,16780.17618833905,27981.056497272657,12676.64578728856
2025-04-28,53604.58519309782,16336.474415012217,20664.057166552993,16746.790775201185,28017.816214558712,12643.238230573055
2025-04-29,53915.79171869246,16392.874119804408,20759.117754115017,16760.144736687937,28211.750074954958,12655.965312948598
2025-04-30,53999.894972952316,16418.510223578374,20866.064281009963,16819.57073131966,28301.25744351412,12699.977944027489
2025-05-01,54340.7066687987,16347.007281419346,,,,
2025-05-02,55142.71811932426,16237.269992729018,21230.465575918428,16738.77860207752,29043.06367341518,12626.800944641167
2025-05-05,54793.63742279089,16208.125237564938,21309.686692087962,16746.12343372153,29367.48826473483,12636.876344617745
2025-05-06,54372.77320912507,16249.273783123179,21242.349931304216,16730.76642895386,29248.118079258704,12626.800944641167
2025-05-07,54609.51147710448,16292.137945850505,21147.28775979505,16802.878024750727,29079.93641436243,12675.055108895676
2025-05-08,54926.302262903315,16165.262457284967,21246.309799152335,16766.154885372638,29377.74147643423,12636.876344617745
2025-05-09,54896.87321162725,16177.26348278442,21349.293290304882,16732.10111191317,29562.203462615,12608.241650697126
2025-05-12,56690.74377728166,16074.388662770423,21638.44284057477,16620.59395429373,29646.764817478765,12522.3359137028
2025-05-13,57103.16287128484,16062.383489928907,21658.243763762523,16599.895161162967,29737.36802414431,12500.06724381864
2025-05-14,57164.26326908821,16002.37559753695,21606.752810159815,16581.866752792776,29597.036863588488,12483.627475038062
2025-05-15,57414.721634830836,16106.967417167383,21749.34606742356,16672.675117281444,29809.111021606743,12553.210964756378
2025-05-16,57824.50323978373,16112.105973990498,21852.331142523246,16711.402318782402,29899.48572391379,12573.975855951743
2025-05-19,57883.57612157449,16103.536182829217,21915.706451511734,16728.095025351337,30110.265023900512,12587.28806300146
2025-05-20,57660.16705314401,16082.962601273774,22089.984987349017,16722.753236988243,30237.48543975756,12585.69159129497
2025-05-21,56731.607675222,15971.513842756429,22074.14076411511,16682.02299220637,30346.03975226442,12544.160153671784
2025-05-22,56707.5481049115,16031.521735148386,21943.43027829001,16678.68424712419,30191.01551575307,12564.39288763165
2025-05-23,56330.537516187636,16077.814367319166,21741.42316383304,16738.110241755912,29726.0705720969,12610.716223222995
2025-05-26,,,21990.96294799173,16770.828313414124,30226.844016352312,12614.97596395566
2025-05-27,57487.74228037775,16144.68749328217,22038.490865852033,16806.216769832903,30476.98503486872,12634.14521106076
2025-05-28,57168.176546815914,16100.106330938404,21884.01800504392,16798.20459670924,30240.102183217867,12622.430303333766
2025-05-29,57398.402708280286,16166.975309559339,21864.21233001475,16847.615374936388,30108.0635195433,12665.559867895898
2025-05-30,57398.931065207296,16214.983558899203,21915.706451511734,16851.621461498216,30188.890179515358,12660.767142311508
2025-06-02,57641.34380067112,16159.934505174051,21864.21233001475,16835.59609640894,30104.8423451992,12646.390620790797
2025-06-03,57976.56694072855,16144.453859678966,21903.820512178812,16856.294889539702,30307.316863124106,12670.35259348029
2025-06-04,57983.25087063449,16263.153554579749,22002.844135483236,16838.934841491115,30539.872874180033,12658.638513369522
2025-06-05,57681.94137235558,16214.98494134656,22034.53258195105,16759.477395208283,30599.124300044157,12595.808372083016
2025-06-06,58281.65655360723,16085.968041826221,22105.827626635783,16794.198510147413,30575.072373534353,12606.990294958288
2025-06-09,58340.24832990349,16115.21233319995,22078.100631963232,16791.527106544887,30411.35514325534,12608.054609429282
2025-06-10,58662.05635871656,16142.736860062527,22086.021951606614,16843.6082695326,30176.410893097614,12645.327133936033
2025-06-11,58501.856820212706,16209.825647813102,22030.57113015579,16826.248221484017,30127.776320277608,12634.14521106076
2025-06-12,58726.099232089044,16280.353964585986,21955.313049728655,16891.68334595848,29904.542304234266,12686.858571559216
2025-06-13,58072.500235451735,16220.14423488002,21749.34606742356,16803.546385072335,29583.47648128104,12640.002251116148
2025-06-16,58627.48119688308,16173.70091594741,21843.155336745578,16830.922668367453,29813.55088586287,12654.911757488586
2025-06-17,58139.62304310609,16252.830820170764,21650.918008243494,16810.891216716347,29480.84853987865,12642.66386490986
2025-06-18,58123.61339865915,16263.153554579749,21566.810415149375,16850.95310117661,29333.863725528918,12676.209633535673
2025-06-19,,,21390.593128013657,16794.198510147413,29006.242530226304,12663.961740956951
2025-06-20,58000.27427308772,16273.473524094017,21438.651668165614,16824.91251968275,29375.051021890537,12659.702827840518
2025-06-23,58558.51128777658,16330.238194988257,21358.553045280933,16838.266481169507,29272.472221210402,12673.546364509499
2025-06-24,59211.05357055987,16387.01116056663,21598.850497882104,16829.586966566192,29741.166601974954,12654.379600253089
2025-06-25,59211.36285266348,16393.891601058593,21438.651668165614,16816.233005079433,29560.957745305725,12625.624901979205
2025-06-26,59686.94852074558,16452.376036463986,21450.66590721681,16832.257351326763,29750.8792657295,12637.872794557927
2025-06-27,60002.81575581834,16409.375011448392,21718.99922418269,16802.878024750727,30233.851483346487,12602.730554225625
2025-06-30,60317.80669159753,16474.73988734575,21602.854716250124,16794.865851627066,30078.34812479311,12596.87351417024
2025-07-01,60251.69334636471,16444.19609545716,21562.806196781356,16834.928754929282,29781.056583268924,12638.404951793425
2025-07-02,60539.19253960019,16409.68053231412,21606.862102512427,16764.819183571377,29928.016827257525,12599.00214311223
2025-07-03,61053.575929347084,16352.730613474147,21739.02506786422,16821.573774600576,30109.196213191375,12620.833004011045
2025-07-04,,,21626.886362246812,16827.583923285278,29924.670344071663,12638.404951793425
2025-07-07,60574.69125215974,16300.963489772688,21731.016631128172,16775.502760297564,30284.736701245973,12616.573263278382
2025-07-08,60531.670970663625,16276.805222222536,21827.135295379216,16738.77860207752,30452.353247836258,12584.09346435602
2025-07-09,60899.35584484649,16361.359849871746,21995.342561831756,16747.45913552279,30883.408292386317,12582.496992649529
2025-07-10,61075.169833998196,16352.730613474147,22111.488653711454,16708.063573700223,30766.72856145388,12567.58748627709
2025-07-11,60873.80141103516,16276.805222222536,21867.183814847984,16694.709612213468,30513.241059751617,12545.224468142776
2025-07-14,60959.61860361922,16269.901280125516,21863.181180427102,16684.026035487284,30394.146062320142,12538.835270851896
2025-07-15,60724.1131684695,16206.048801635878,21771.065150596944,16704.057487138394,30267.903546836053,12557.469877872813
2025-07-16,60918.0502297762,16250.916130582382,21606.862102512427,16732.10111191317,30203.86090055165,12581.964835414032
2025-07-17,61246.10403884841,16245.741630128008,21859.17537811194,16752.799905043932,30658.690226530744,12595.808372083016
2025-07-18,61244.3428490917,16290.61034152187,21859.17537811194,16737.44290027626,30556.263762089617,12576.639124977915
2025-07-21,61331.483081785685,16347.556113019773,21847.1595551136,16840.937884772033,30579.273905287522,12655.44308710785
2025-07-22,61371.90453449445,16394.15011871421,21755.043525283443,16876.326341190812,30244.770551832495,12666.624182366892
2025-07-23,61852.10795620694,16335.476288021016,21991.33992741087,16877.662042992077,30495.01230882954,12661.300127163235
2025-07-24,61895.789757758015,16311.318020470866,22035.395833141938,16754.802948324847,30564.34003979293,12573.975855951743
2025-07-25,62145.06254210344,16349.280024872993,21991.33992741087,16728.76236683099,30465.675297640748,12554.276934459835
2025-07-28,62156.016283273195,16313.039167429375,21955.295626310122,16774.834399975953,30154.77177605074,12587.821047853187
2025-07-29,61972.371443081305,16420.03782790701,22007.36155272437,16773.499717016646,30465.51067622118,12580.367536091311
2025-07-30,61895.30435667873,16363.08790906704,22007.36155272437,16754.13560684519,30521.934053519282,12566.522344189867
2025-07-31,61671.50009444917,16376.893028366367,21843.155336745578,16774.834399975953,30274.422063643746,12579.302394004086
2025-08-01,60687.82406831183,16565.43534615134,21318.502941865023,16780.17618833905,29469.929471392636,12589.950504411405
2025-08-04,61584.54027631564,16587.93882421608,21614.872123195608,16860.969336423143,29887.232484818433,12642.66386490986
2025-08-05,61286.263460886075,16575.82582048078,21630.88899666769,16868.981509546804,29998.415825966167,12653.845787785132
2025-08-06,61732.596196667764,16563.705904508693,21646.910621981195,16844.276629854212,30096.903661518212,12627.223028918155
2025-08-07,61684.21072979085,16551.587370983965,21851.166941375897,16864.308081505318,30434.225235394806,12635.209525531754
2025-08-08,62171.012169713824,16513.496798977707,21895.21967921269,16796.86889490798,30396.93725534447,12599.00214311223
2025-08-11,62021.50434170861,16518.692036142427,21875.193835531165,16785.51797670214,30294.385482061578,12577.704267065137
2025-08-12,62727.04984499919,16515.23177040978,21919.249741262236,16736.107198474998,30223.232173266257,12539.899585322892
2025-08-13,62931.72157265224,16574.09223149606,22035.395833141938,16824.2451782031,30425.532241627145,12605.39134040311
2025-08-14,62953.05344663224,16520.424242679786,22195.591494964156,16789.524063263972,30666.955696014757,12579.833723623356
2025-08-15,62784.851233697314,16487.52752539089,22191.588860543274,16698.715698775304,30644.061033514157,12525.523891418408
2025-08-18,62783.30911876401,16471.94319634409,22195.591494964156,16706.06053041931,30588.040610138578,12530.564901871618
2025-08-19,62420.77035513854,16513.496798977707,22343.77766957659,16724.756280269154,30724.283262602432,12557.842305176038
2025-08-20,62270.55805123065,16537.733866027163,22395.842012043697,16764.151842091724,30540.48959024439,12592.075822888473
2025-08-21,62029.24498546858,16489.255584586186,22403.85203272688,16718.079808946757,30561.08200990714,12555.703744839297
2025-08-22,62973.90421511773,16581.016910303428,22491.962260241882,16772.164015215385,30648.827683573305,12581.378055507395
2025-08-25,62706.50835861733,16548.12710525132,22371.815117888433,16698.048357295647,30535.644315029625,12545.00514984199
2025-08-26,62969.72461113414,16591.40738463287,22203.60151564734,16736.107198474998,30384.36951562666,12596.353771178186
2025-08-27,63120.42661170609,16622.5718953844,22223.628943276002,16736.775558796602,30250.19323053381,12618.818586108711
2025-08-28,63321.22372189439,16660.65970249595,22191.588860543274,16771.495654893777,30242.27911721395,12615.60991798737
2025-08-29,62921.69138220856,16646.810344881214,22043.40426987798,16728.76236683099,30069.040871997204,12587.260751665892
2025-09-01,,,22103.47704908114,16706.728890740917,30239.02108732816,12576.028344200628
2025-09-02,62498.62782913925,16597.132099135022,21743.030870179373,16644.631492506673,29547.11971791751,12545.540617542403
2025-09-03,62818.54580065244,16654.452513866465,21899.223897580712,16708.063573700223,29682.318130033353,12587.795391750074
2025-09-04,63348.496389614695,16729.14061473425,22027.38264456448,16749.462178803704,29903.134422541538,12605.446790690477
2025-09-05,63156.71571186378,16810.78519069859,22011.362603198115,16822.242134922184,29685.060182335423,12658.934799979645
2025-09-08,63293.160666575954,16862.893778897036,22111.488653711454,16860.969336423143,29949.429896982,12664.284511286412
2025-09-09,63465.23749697564,16822.94381519665,22123.50606065694,16840.270543292376,29837.868172272876,12653.051276204918
2025-09-10,63656.4039061041,16868.10698787739,22115.492872079478,16853.62450477913,29730.30895939177,12665.888431538968
2025-09-11,64197.132117260444,16894.161973200287,22247.657421378408,16863.63972118371,29819.251209644946,12645.02919209345
2025-09-12,64168.71682399067,16845.52471031334,22223.628943276002,16788.18836146271,29812.33219595084,12606.516070858846
2025-09-15,64485.20262327066,16873.31604951567,22329.192684318383,16822.909476401837,29876.124224551724,12623.632829715065
2025-09-16,64404.441333963776,16883.73555523959,22070.350378610885,16818.903389840005,29348.242300861984,12614.004342502358
2025-09-17,64342.99299379384,16847.259681745414,22066.30814551152,16838.934841491115,29385.90620743761,12640.214120870869
2025-09-18,64652.133343112946,16791.677003340752,22240.217621665357,16798.20459670924,29782.616801200653,12598.493159131154
2025-09-19,64968.176697161376,16784.73020537569,22211.90298260414,16764.151842091724,29738.43683485345,12576.028344200628
2025-09-22,65259.984361923634,16756.936101278647,22163.374010151834,16765.486525051034,29597.08846134686,12585.656831413335
2025-09-23,64900.87777053136,16803.835627838813,22232.12840362521,16758.141693407022,29703.112026657367,12574.42442394807
2025-09-24,64716.52845443678,16758.672455158074,22183.59309538435,16758.810053728634,29772.90659448222,12587.260751665892
2025-09-25,64393.04944314724,16722.196581663895,22037.996674344584,16718.74715042641,29606.874836184794,12561.051800913607
2025-09-26,64774.85820006192,16713.51066492469,22224.040769532206,16760.813097009548,29864.313251956708,12582.447335675766
2025-09-29,64946.1403472787,16762.146545364285,22264.48210789151,16808.219813113818,29871.34528931201,12611.331142081432
2025-09-30,65218.330076385166,16755.198364951862,22357.50415548532,16805.54942835325,30042.006103646258,12604.912150606291
2025-10-01,65443.36717144441,16811.64783784888,22628.47949627947,16814.897303278176,30334.992917900534,12604.912150606291
2025-10-02,65484.54035148837,16829.07220432682,22753.855248139575,16826.915562963666,30723.641976176947,12624.702109883438
2025-10-03,65495.6229602013,16795.969502381857,22863.055731813674,16834.928754929282,30668.592082065992,12633.79595701196
2025-10-06,65739.26852849482,16747.18570007514,22854.96651377353,16799.540298510503,30667.94833860439,12616.144558071555
2025-10-07,65489.15810511875,16789.000585259088,22826.653458659453,16805.54942835325,30677.37107209761,12619.353226192898
2025-10-08,65870.786447473,16792.48573504415,23004.609919754068,16862.972379704057,30943.25186395367,12644.492069160582
2025-10-09,65691.5402860881,16780.285637125402,22903.498654120118,16836.263437888596,30961.01377801428,12629.51552587356
2025-10-10,63919.00588999845,16884.829071098367,22600.16960905967,16906.3730092465,30495.81821667459,12695.306878028818
2025-10-13,64916.01111568472,16893.53848944263,22729.590761913423,16925.068759096346,30680.07626885798,12701.190401803544
2025-10-14,64815.455771746376,16937.09802319014,22644.656348412616,16971.80813372097,30490.130178073076,12720.4457209965
2025-10-15,65081.356764745964,16917.930390595986,22761.94605012686,17049.262536722887,30420.222586587028,12757.887079214048
2025-10-16,64671.884441896684,16996.33450995732,22943.944744320837,17045.256450161054,30534.47476583985,12763.77060298877
2025-10-17,65014.05783811594,16968.46022391362,22705.321523845847,17026.560700311205,29979.445050137972,12757.887079214048
2025-10-20,65708.73980751699,16991.11024139812,22943.944744320837,17024.55765703029,30517.63178328548,12737.56165223649
2025-10-21,65711.11526589615,17022.47244212159,23004.609919754068,17053.93698360632,30607.237433289167,12766.445458642154
2025-10-22,65361.42030074033,17025.954827011945,22952.03396236098,17049.262536722887,30382.18275348612,12760.561934867432
2025-10-23,65743.22476207024,16970.202107582467,23032.921390921005,17027.22804179086,30453.458914087092,12756.282331345263
2025-10-24,66265.70103352844,16985.883207944207,,16952.078259288144,30493.84275963977,
2025-10-27,67080.4660752434,16985.883207944207,23150.20792474097,16979.821325686582,30580.50488038012,12712.956621736765
2025-10-28,67234.24371451243,17001.564308305944,23101.674200447243,16976.48258060441,30542.578070940406,12714.026729521363
2025-10-29,67231.7393885901,16891.795223326426,23081.45353126759,16997.18137373517,30348.317424741137,12716.166117474335
2025-10-30,66566.22014420923,16867.403322173068,23057.185877147156,16981.8243689675,30341.624458369424,12704.399069924882
2025-10-31,66745.33314246619,16874.37223929583,22960.123180401126,16987.16615733059,30139.6020350893,12715.631477390149
2025-11-03,66864.31654507836,16866.3346903667,22972.254631540633,16959.122532555823,30358.632062343357,12686.212203284067
2025-11-04,66080.25204773211,16887.307799208094,22907.544055113758,16975.146878803145,30128.039223141695,12693.702130160034
2025-11-05,66322.00326314097,16806.910190759074,22952.03396236098,16950.44199911055,30254.633094789933,12678.72393164056
2025-11-06,65581.13516626651,16892.552804477637,22782.16671930651,16963.128619117655,29857.455664165427,12696.910798281373
2025-11-07,65670.64656175488,16899.545223205456,22664.880185486545,16947.103254028374,29651.069544748676,12694.771410328403
2025-11-10,66690.43556907424,16876.821936011074,22996.520701713926,16966.467364199827,30141.727371327015,12686.748498600711
2025-11-11,66828.8650839513,16929.255399338235,23295.807513675005,16983.160070768758,30302.840143326288,12696.910798281373
2025-11-12,66873.68521546708,16932.748843807436,23469.715405881703,17013.874080304104,30671.938565251847,12712.421981652578
2025-11-13,65768.47420936273,16883.81297229154,23311.985949755297,16963.795960597305,30244.41673863223,12662.678935801394
2025-11-14,65749.33737920145,16855.848827169684,23089.542749307737,16917.723927452338,30036.76033154508,12644.492069160582
2025-11-17,65153.31640085409,16875.073140105444,22964.16541350049,16935.752335822533,29676.93230687374,12648.05578464433
2025-11-18,64620.152714482036,16903.038667674653,22563.768919852595,16924.401417616693,29161.163571220906,12651.280177474027
2025-11-19,64864.854996629576,16890.804008572002,22543.5466667258,16936.41967730219,29139.010933626425,12664.172783095444
2025-11-20,63864.19852388673,16931.00696013858,22624.435679232967,16919.0596292536,29284.850769147513,12647.519489327684
2025-11-21,64496.418395111534,16986.93110304023,22567.812736899097,16932.413590740358,29049.628873909023,12671.157036455254
2025-11-24,65494.87552845089,17013.149217151167,22596.12262411889,16955.783787473643,29234.945908657104,12674.380601668727
2025-11-25,66092.52453342701,17056.842848292235,22786.21212030015,16995.178330454255,29518.564044212642,12689.423354254097
2025-11-26,66550.12029248208,17070.82492085316,23057.185877147156,17008.53229194101,29847.644718966356,12698.018976412526
2025-11-27,,,23073.362729280307,16996.514032255516,29900.15403773651,12686.199789040624
2025-11-28,66908.91760177074,17041.113362273027,23150.20792474097,16994.5109889746,29986.73999035736,12685.662666107753
2025-12-01,66560.80770739593,16949.610554211395,23073.362729280307,16913.050499410856,29675.57356590327,12625.492483382503
2025-12-02,66726.32947543285,16963.632717745655,23101.674200447243,16916.38924449303,29828.320129937896,12627.103852181122
2025-12-03,66927.39291187705,16998.69296514705,23138.07647360146,16923.73407613704,29806.747352866078,12627.103852181122
2025-12-04,67004.23662787145,16946.100520373922,23235.143922188916,16891.016004478828,30043.652317841945,12615.823442974552
2025-12-05,67144.24691794477,16911.043037867235,23247.27378938128,16866.978466265886,30227.460732416668,12581.97724965747
2025-12-08,66916.39621485956,16875.98279046584,23210.8731001742,16791.527106544887,30249.940155814176,12520.731993450247
2025-12-09,66858.42300277055,16851.440202550657,23186.608613948047,16812.225899675654,30396.674352480382,12532.014885505505
2025-12-10,67311.88211368975,16905.786973018843,23198.743232981833,16808.219813113818,30355.776986380097,12528.791320292034
2025-12-11,67452.59687966574,16907.537151371835,23324.117400894804,16824.91251968275,30562.679083380564,12536.31186896849
2025-12-12,66737.32617245032,16861.959244484227,23190.65401494169,16806.216769832903,30426.66493527522,12532.014885505505
2025-12-15,66642.00714634961,16875.98279046584,23374.88290670773,16820.906433120923,30481.28730510252,12535.237623102745
2025-12-16,66485.67792972573,16923.31364060115,23277.487581062454,16841.605226251682,30288.761326399002,12542.75899939543
2025-12-17,65716.30433230128,16919.806371658393,23249.081073067166,16821.573774600576,30142.481681413694,12531.476934956401
2025-12-18,66238.42836580813,16963.632717745655,23484.45403401241,16850.95310117661,30443.031252823672,12549.74325275524
2025-12-19,66824.06691576047,16925.470258476875,23577.789703139795,16787.521019983054,30554.868165577453,12504.078699682486
2025-12-22,67258.21737312748,16907.882763210895,23533.15248880862,16778.84048653779,30549.29560767325,12497.094446322677
2025-12-23,67564.49686298813,16900.84748861503,23622.430085365246,16839.60218297077,30619.85677076535,12531.476934956401
2025-12-24,67782.32167121443,16944.81346188527,,,,
2025-12-26,67768.15912821966,16960.64386656148,,,,
2025-12-29,67533.62019964374,16985.26248908126,23654.897833825573,16906.3730092465,30633.76850923695,12568.545865870723
2025-12-30,67440.85275089786,16967.67775870999,23780.698083518997,16868.981509546804,30808.996953705202,12552.966817968709
2025-12-31,66949.87170699128,16911.399709285142,,,,
