date,usa_stocks,usa_bonds,europe_stocks,europe_bonds,germany_stocks,germany_bonds
2008-01-02,2273.409912109375,55.18759536743164,24.08348846435547,149.76600646972656,7949.10986328125,92.18517303466795
2008-01-03,2273.409912109375,55.30099105834961,24.01063537597656,149.9969940185547,7908.41015625,92.50749206542967
2008-01-04,2217.590087890625,55.4457893371582,23.547121047973633,150.6060028076172,7808.68994140625,92.92071533203124
2008-01-07,2224.760009765625,55.54654693603515,23.50077247619629,150.68899536132812,7817.169921875,92.95372009277344
2008-01-08,2184.669921875,55.66623306274414,23.639820098876953,150.31100463867188,7849.990234375,92.75538635253906
2008-01-09,2214.60009765625,55.57804870605469,23.33522605895996,150.968994140625,7782.7099609375,93.10248565673828
2008-01-10,2232.25,55.42694091796875,23.11008644104004,150.88600158691406,7713.08984375,93.20993041992188
2008-01-11,2202.030029296875,55.779579162597656,22.99751091003418,150.92300415039062,7717.9501953125,93.19339752197266
2008-01-14,2225.97998046875,55.80472183227539,23.07036399841309,151.41799926757812,7732.02001953125,93.4330596923828
2008-01-15,2170.510009765625,56.17000961303711,22.48763656616211,151.78700256347656,7566.3798828125,93.62311553955078
2008-01-16,2158.580078125,56.06293869018555,22.275733947753903,152.26100158691406,7471.56982421875,93.82144927978516
2008-01-17,2095.860107421875,56.51637649536133,22.169788360595703,152.30999755859375,7413.52978515625,93.96194458007812
2008-01-18,2083.239990234375,56.43454360961914,21.931398391723633,152.4949951171875,7314.169921875,94.0776596069336
2008-01-21,,,20.69312286376953,153.15199279785156,6790.18994140625,94.47429656982422
2008-01-22,2060.14990234375,57.06432342529297,21.143421173095703,152.17799377441406,6769.47021484375,94.3668975830078
2008-01-23,2104.3701171875,56.79983901977539,20.507720947265625,153.343994140625,6439.2099609375,94.76354217529295
2008-01-24,2125.610107421875,56.283416748046875,21.57382583618164,152.08599853515625,6821.06982421875,94.12722778320312
2008-01-25,2091.8798828125,56.80612564086914,21.587068557739254,152.36300659179688,6816.740234375,93.78838348388672
2008-01-28,2128.639892578125,56.598270416259766,21.355304718017575,152.7729949951172,6818.85009765625,94.40818786621094
2008-01-29,2141.85009765625,56.371543884277344,21.72613525390625,152.28399658203125,6892.9599609375,94.18508911132812
2008-01-30,2131.7900390625,56.34637451171875,21.587068557739254,152.10899353027344,6875.35009765625,93.96194458007812
2008-01-31,2167.89990234375,56.63608932495117,21.587068557739254,153.14100646972656,6851.75,94.4991226196289
2008-02-01,2194.429931640625,56.81993865966797,21.997623443603516,153.3209991455078,6968.669921875,94.60652923583984
2008-02-04,2171.510009765625,56.50404739379883,22.050594329833984,153.1790008544922,7000.490234375,94.35865020751952
2008-02-05,2102.22998046875,56.90203857421875,21.361928939819336,154.2169952392578,6765.25,94.81311798095705
2008-02-06,2087.050048828125,56.80099105834961,21.474504470825195,153.6820068359375,6847.509765625,94.97014617919922
2008-02-07,2104.02001953125,56.162899017333984,21.063949584960938,154.14199829101562,6733.72021484375,95.16020965576172
2008-02-08,2095.2099609375,56.63669204711914,21.15665054321289,154.16700744628906,6767.27978515625,95.24288940429688
2008-02-11,2107.64990234375,56.76311492919922,20.95800018310547,154.4530029296875,6743.5400390625,95.43292999267578
2008-02-12,2123.06005859375,56.64302444458008,21.65328788757324,153.32200622558594,6967.83984375,94.88751983642578
2008-02-13,2152.760009765625,56.402957916259766,21.67314720153809,153.5019989013672,6973.669921875,94.92056274414062
2008-02-14,2123.93994140625,56.09341049194336,21.69963836669922,153.00999450683594,6962.27978515625,94.59828186035156
2008-02-15,2125.85009765625,56.21344757080078,21.275850296020508,153.36399841308594,6832.43017578125,92.68931579589844
2008-02-18,,,21.6863956451416,152.843994140625,6967.5498046875,92.40003967285156
2008-02-19,2124.1201171875,55.80909729003906,21.72613525390625,153.1840057373047,7002.2900390625,92.32564544677734
2008-02-20,2141.949951171875,55.75862503051758,21.481124877929688,152.80999755859375,6899.68017578125,92.33390808105467
2008-02-21,2115.1298828125,56.33346939086914,21.620176315307617,152.75799560546875,6904.85009765625,91.97032928466795
2008-02-22,2132.02001953125,56.17555618286133,21.454633712768555,152.91200256347656,6806.2900390625,92.3835220336914
2008-02-25,2161.510009765625,55.80281448364258,21.812210083007812,152.4149932861328,6882.56005859375,92.18517303466795
2008-02-26,2176.47998046875,55.94181823730469,22.12343406677246,152.1510009765625,6985.97021484375,91.94552612304688
2008-02-27,2175.0,56.0744514465332,22.09032440185547,152.00799560546875,6997.85009765625,92.05294799804688
2008-02-28,2155.81005859375,56.73152542114258,21.6863956451416,153.03599548339844,6862.52001953125,92.32564544677734
2008-02-29,2097.47998046875,57.33797073364258,21.401657104492188,154.21600341796875,6748.1298828125,93.1768798828125
2008-03-03,2098.639892578125,57.19218826293945,21.103681564331055,154.5449981689453,6689.9501953125,93.2925796508789
2008-03-04,2091.419921875,56.976749420166016,20.82556533813477,154.677001953125,6545.0400390625,93.4826431274414
2008-03-05,2103.419921875,56.72962188720703,21.216243743896484,153.6929931640625,6683.7099609375,93.50739288330078
2008-03-06,2057.43994140625,57.1859016418457,20.93813133239746,154.04800415039062,6591.31005859375,93.49916076660156
2008-03-07,2040.1700439453125,57.382362365722656,20.71299743652344,153.97500610351562,6513.990234375,93.8875732421875
2008-03-10,2008.7099609375,57.794212341308594,20.46135902404785,154.9429931640625,6448.080078125,94.1437530517578
2008-03-11,2083.360107421875,57.16686248779297,20.70637321472168,154.4219970703125,6524.56982421875,93.7801513671875
2008-03-12,2065.2099609375,57.82587814331055,20.95800018310547,154.74400329589844,6599.3701171875,93.71404266357422
2008-03-13,2075.8798828125,57.52176284790039,20.679882049560547,154.72000122070312,6500.56005859375,94.09416961669922
2008-03-14,2032.7900390625,58.11745071411133,20.474607467651367,154.93499755859375,6451.89990234375,94.0197982788086
2008-03-17,2014.8800048828125,58.4089469909668,19.36876678466797,155.2760009765625,6182.2998046875,94.3090591430664
2008-03-18,2100.3798828125,58.00971603393555,20.05742835998535,154.5070037841797,6393.39013671875,94.03631591796876
2008-03-19,2049.39990234375,58.51031494140625,19.858774185180664,154.64199829101562,6361.22021484375,93.7718734741211
2008-03-20,2098.4599609375,58.63703155517578,19.819047927856445,154.71400451660156,6319.990234375,93.7388153076172
2008-03-24,2130.6201171875,57.604156494140625,,,,
2008-03-25,2135.5400390625,57.80691146850586,20.467987060546875,153.4499969482422,6524.7099609375,92.82976531982422
2008-03-26,2116.929931640625,57.85128402709961,20.342172622680664,153.2989959716797,6489.259765625,92.84629821777344
2008-03-27,2093.110107421875,57.77523422241211,20.587186813354492,153.06900024414062,6578.06005859375,92.68931579589844
2008-03-28,2076.56005859375,58.00334548950195,20.481231689453125,153.0070037841797,6559.89990234375,92.55706024169922
2008-03-31,2088.419921875,58.10477828979492,20.434885025024418,153.43899536132812,6534.97021484375,92.86280059814452
2008-04-01,2163.3798828125,57.59672927856445,21.110305786132812,152.8679962158203,6720.330078125,92.46614837646484
2008-04-02,2159.6298828125,57.40595626831055,21.348690032958984,152.73199462890625,6777.43994140625,92.34217834472656
2008-04-03,2162.4599609375,57.40595626831055,21.236114501953125,152.81399536132812,6741.72021484375,92.3835220336914
2008-04-04,2164.2099609375,57.844688415527344,21.322193145751953,153.2449951171875,6763.39013671875,92.5983657836914
2008-04-07,2167.610107421875,57.463165283203125,21.514236450195312,152.68899536132812,6821.02978515625,92.26782989501952
2008-04-08,2157.280029296875,57.469505310058594,21.30232810974121,152.47799682617188,6771.97998046875,92.2099838256836
2008-04-09,2139.989990234375,57.81287384033203,21.15665054321289,152.50999450683594,6721.35986328125,92.17689514160156
2008-04-10,2149.669921875,57.58394241333008,21.090435028076172,152.97300720214844,6704.31982421875,92.59009552001952
2008-04-11,2106.010009765625,57.83196258544922,20.79244804382324,153.67100524902344,6603.56982421875,92.47441864013672
2008-04-14,2098.919921875,57.68574142456055,20.626907348632812,153.70199584960938,6554.490234375,92.92071533203124
2008-04-15,2108.590087890625,57.42500686645508,20.71299743652344,153.08299255371094,6585.0498046875,92.5487823486328
2008-04-16,2156.669921875,57.037139892578125,21.08381462097168,152.39700317382812,6702.83984375,92.33390808105467
2008-04-17,2158.080078125,56.903594970703125,20.97124290466309,151.83900451660156,6681.81005859375,91.87112426757812
2008-04-18,2197.239990234375,56.84639358520508,21.481124877929688,151.3280029296875,6843.080078125,91.46620178222656
2008-04-21,2193.8701171875,56.85271453857422,21.242733001708984,151.6300048828125,6786.5498046875,91.62322998046876
2008-04-22,2174.590087890625,56.8972282409668,21.143421173095703,151.21099853515625,6728.2998046875,91.43315887451172
2008-04-23,2180.909912109375,56.83998489379883,21.282466888427734,151.3979949951172,6795.02978515625,91.59016418457033
2008-04-24,2194.9599609375,56.39491271972656,21.315574645996097,151.0260009765625,6821.31982421875,91.6562957763672
2008-04-25,2209.25,56.31861877441406,21.600317001342773,151.1699981689453,6896.580078125,91.3340072631836
2008-04-28,2207.02001953125,56.42032241821289,21.732749938964844,151.0970001220703,6925.330078125,91.30094146728516
2008-04-29,2198.5,56.5220947265625,21.540721893310547,151.69000244140625,6885.33984375,91.4910125732422
2008-04-30,2190.1298828125,56.70010757446289,21.71288299560547,151.91600036621094,6948.81982421875,91.73892974853516
2008-05-01,2228.090087890625,56.693748474121094,,,,
2008-05-02,2235.300048828125,56.234493255615234,22.14330291748047,151.21299743652344,7043.22998046875,91.30919647216795
2008-05-05,2225.3701171875,56.31741714477539,22.077077865600582,151.21299743652344,7052.080078125,91.4910125732422
2008-05-06,2242.469970703125,56.13880157470703,21.977752685546875,152.01100158691406,7017.10009765625,91.8545913696289
2008-05-07,2202.77001953125,56.36207962036133,22.163166046142575,151.5780029296875,7076.25,91.54885864257812
2008-05-08,2210.949951171875,56.725616455078125,22.156551361083984,152.593994140625,7071.89990234375,91.97032928466795
2008-05-09,2196.5400390625,56.789398193359375,21.891672134399418,153.21400451660156,7003.169921875,92.52399444580078
2008-05-12,2220.81005859375,56.693748474121094,21.971132278442383,152.99000549316406,7035.9501953125,92.49923706054688
2008-05-13,2220.4599609375,56.221675872802734,21.951269149780273,152.26499938964844,7060.18994140625,92.0281753540039
2008-05-14,2229.739990234375,56.20259475708008,22.07045555114746,151.59300231933594,7083.240234375,91.6067123413086
2008-05-15,2253.760009765625,56.51512908935547,22.149921417236328,151.04600524902344,7081.0498046875,90.09439849853516
2008-05-16,2256.639892578125,56.419471740722656,22.26910972595215,151.61900329589844,7156.5498046875,90.11090850830078
2008-05-19,2258.739990234375,56.54701614379883,22.507503509521484,151.2729949951172,7225.93994140625,90.2101058959961
2008-05-20,2237.7900390625,56.71925354003906,22.06383895874023,151.57899475097656,7118.5,90.11917114257812
2008-05-21,2202.02001953125,56.585323333740234,21.891672134399418,150.8730010986328,7040.830078125,89.8216781616211
2008-05-22,2208.199951171875,56.21531295776367,21.99100112915039,150.531005859375,7070.330078125,89.68944549560547
2008-05-23,2179.050048828125,56.464107513427734,21.63341903686523,150.87399291992188,6944.0498046875,89.99522399902344
2008-05-26,,,21.59369468688965,150.80999755859375,6953.83984375,89.7638168334961
2008-05-27,2193.97998046875,56.18984603881836,21.520851135253903,150.46600341796875,6958.66015625,89.69769287109375
2008-05-28,2203.10009765625,55.76882553100586,21.72613525390625,150.0659942626953,7033.83984375,89.48284912109375
2008-05-29,2215.1201171875,55.50733184814453,21.78572654724121,149.14999389648438,7055.02978515625,88.95394897460938
2008-05-30,2218.5,55.69231033325195,21.871807098388672,149.56199645996094,7096.7900390625,89.13574981689453
2008-06-02,2195.27001953125,56.023216247558594,21.62679100036621,150.0399932861328,7008.77001953125,89.36713409423828
2008-06-03,2182.64990234375,56.31767654418945,21.80559730529785,149.26199340820312,7019.1298828125,89.06964874267578
2008-06-04,2183.010009765625,56.112892150878906,21.56058120727539,149.8090057373047,6965.43017578125,89.35063934326172
2008-06-05,2225.739990234375,55.818389892578125,21.53409194946289,148.80299377441406,6941.830078125,88.99527740478516
2008-06-06,2157.239990234375,56.304901123046875,21.110305786132812,149.0469970703125,6803.81005859375,88.73082733154297
2008-06-09,2159.030029296875,55.901607513427734,21.004344940185547,148.14100646972656,6815.6298828125,88.79692840576172
2008-06-10,2153.77001953125,55.56873321533203,20.871915817260746,147.9080047607422,6771.10009765625,88.45812225341797
2008-06-11,2117.840087890625,55.626365661621094,20.527584075927734,147.72300720214844,6650.259765625,88.4002914428711
2008-06-12,2124.93994140625,55.13984680175781,20.70637321472168,147.21099853515625,6714.52001953125,88.10277557373047
2008-06-13,2156.9599609375,55.01183319091797,20.812320709228516,146.56199645996094,6765.31982421875,87.65645599365234
2008-06-16,2157.139892578125,55.01824569702149,20.4481258392334,146.66700744628906,6729.8798828125,87.76390075683594
2008-06-17,2142.550048828125,55.2038459777832,20.547449111938477,146.89700317382812,6796.16015625,87.83830261230469
2008-06-18,2121.780029296875,55.50475311279297,20.242839813232425,147.07899475097656,6728.91015625,87.7969970703125
2008-06-19,2130.300048828125,55.184661865234375,20.143516540527344,146.5330047607422,6721.169921875,87.40033721923828
2008-06-20,2090.820068359375,55.44073486328125,19.79918098449707,147.09800720214844,6578.43994140625,87.86309814453125
2008-06-23,2090.93994140625,55.41514587402344,19.78594398498535,147.35000610351562,6589.4599609375,88.08624267578125
2008-06-24,2085.080078125,55.70957565307617,19.633638381958008,147.4149932861328,6536.06005859375,88.15232849121094
2008-06-25,2097.3701171875,55.70315170288086,19.87202835083008,147.29400634765625,6617.83984375,88.10277557373047
2008-06-26,2036.4000244140625,56.0168571472168,19.36876678466797,148.09300231933594,6459.60009765625,88.41677856445312
2008-06-27,2028.8900146484375,56.29209899902344,19.295923233032227,148.23800659179688,6421.91015625,88.73908233642578
2008-06-30,2031.469970703125,56.330509185791016,19.428361892700195,147.25,6418.31982421875,88.12752532958984
2008-07-01,2039.6600341796875,56.17766571044922,19.01118850708008,147.26600646972656,6315.93994140625,88.46638488769531
2008-07-02,2002.6400146484375,56.31249237060547,18.85888671875,146.9029998779297,6305.419921875,88.01185607910156
2008-07-03,2004.8699951171875,56.331783294677734,19.024431228637695,147.7550048828125,6353.740234375,88.08624267578125
2008-07-04,,,18.78604507446289,148.53900146484375,6272.2099609375,88.80518341064453
2008-07-07,1988.0899658203125,56.59510040283203,19.024431228637695,149.25799560546875,6395.75,89.2431640625
2008-07-08,2022.8299560546875,56.73638916015625,18.746313095092773,149.3419952392578,6304.41015625,89.22665405273438
2008-07-09,1976.969970703125,57.00613021850586,19.077409744262695,149.4219970703125,6386.4599609375,89.34236145019531
2008-07-10,1990.780029296875,57.025421142578125,18.686721801757812,149.593994140625,6305.0,89.46631622314453
2008-07-11,1968.8599853515625,56.49235153198242,18.18346405029297,149.37399291992188,6153.2998046875,89.6067886352539
2008-07-14,1951.0799560546875,56.7942008972168,18.32252311706543,149.62399291992188,6200.25,89.4167251586914
2008-07-15,1929.8499755859375,56.99971389770508,17.931835174560547,149.8419952392578,6081.7001953125,89.69769287109375
2008-07-16,1978.469970703125,56.47949981689453,18.064271926879883,149.61000061035156,6155.3701171875,89.61507415771484
2008-07-17,2002.300048828125,56.20976638793945,18.57415008544922,149.156005859375,6271.27001953125,89.25971984863281
2008-07-18,2002.8800048828125,56.0170783996582,18.865509033203125,147.91700744628906,6382.64990234375,88.73908233642578
2008-07-21,2001.8599853515625,56.14554214477539,18.97808074951172,147.281005859375,6424.83984375,88.25980377197266
2008-07-22,2028.9100341796875,55.95289611816406,18.878753662109375,147.38299560546875,6442.7900390625,88.24325561523438
2008-07-23,2037.1500244140625,55.86295318603515,19.27606201171875,147.2310028076172,6536.08984375,88.08624267578125
2008-07-24,1990.0899658203125,56.344608306884766,18.971460342407227,148.24000549316406,6440.7001953125,88.66470336914062
2008-07-25,1998.4100341796875,56.0170783996582,18.9383544921875,148.04800415039062,6436.7099609375,88.87132263183594
2008-07-28,1961.22998046875,56.33817672729492,18.739700317382812,148.802001953125,6351.14990234375,88.87132263183594
2008-07-29,2007.2099609375,56.17766571044922,18.799287796020508,149.281005859375,6398.7998046875,89.23490905761719
2008-07-30,2040.81005859375,56.286808013916016,19.090652465820312,149.82200622558594,6460.1201171875,89.62335968017578
2008-07-31,2014.3900146484375,56.73638916015625,19.077409744262695,150.33399963378906,6479.56005859375,90.02001953125
2008-08-01,2003.1600341796875,56.764739990234375,18.845643997192383,150.4600067138672,6396.4599609375,89.99522399902344
2008-08-04,1985.22998046875,56.72608184814453,18.67347717285156,150.80299377441406,6349.81005859375,90.14395904541016
2008-08-05,2042.43994140625,56.436073303222656,19.163488388061523,151.00799560546875,6518.7001953125,90.26792907714844
2008-08-06,2050.22998046875,56.455413818359375,19.34889793395996,151.0279998779297,6561.39013671875,90.35057830810548
2008-08-07,2013.6600341796875,56.98384094238281,19.302549362182617,151.8489990234375,6543.490234375,90.35057830810548
2008-08-08,2061.77001953125,56.95811080932617,19.46146774291992,152.07200622558594,6561.64990234375,90.93731689453124
2008-08-11,2076.590087890625,56.68101119995117,19.70647621154785,151.97000122070312,6609.6298828125,90.98690795898438
2008-08-12,2051.659912109375,57.074100494384766,19.62701988220215,152.3260040283203,6585.8701171875,91.16869354248048
2008-08-13,2046.3499755859375,56.951637268066406,19.15024757385254,152.60499572753906,6422.18994140625,91.35879516601562
2008-08-14,2057.719970703125,57.12564468383789,19.24957847595215,152.53500366210938,6442.2099609375,91.29268646240234
2008-08-15,2066.360107421875,57.33835220336914,19.33566093444824,153.02000427246094,6446.02001953125,91.4414291381836
2008-08-18,2035.300048828125,57.48015594482422,19.3157958984375,153.1739959716797,6432.8798828125,91.57360076904295
2008-08-19,2016.52001953125,57.39630508422851,18.83902359008789,153.0959930419922,6282.43017578125,91.71412658691406
2008-08-20,2029.1500244140625,57.56389236450195,18.92510986328125,153.26199340820312,6317.7998046875,91.829833984375
2008-08-21,2034.3499755859375,57.44142150878906,18.772804260253903,152.8719940185547,6236.9599609375,91.54060363769533
2008-08-22,2057.639892578125,57.27385330200195,19.1303768157959,152.4199981689453,6342.419921875,91.2678680419922
2008-08-25,2017.27001953125,57.65412139892578,19.01781463623047,153.52000427246094,6296.9501953125,91.73892974853516
2008-08-26,2024.719970703125,57.6734619140625,19.057540893554688,153.49600219726562,6340.52001953125,91.88768768310548
2008-08-27,2041.239990234375,57.75724792480469,19.090652465820312,152.7729949951172,6321.02978515625,91.3670425415039
2008-08-28,2071.860107421875,57.6734619140625,19.34889793395996,152.73300170898438,6420.5400390625,91.25960540771484
2008-08-29,2043.530029296875,57.60253143310547,19.41511344909668,152.81100463867188,6422.2998046875,91.4414291381836
2008-09-01,,,19.34889793395996,153.33200073242188,6421.7998046875,91.75545501708984
2008-09-02,2035.239990234375,57.9161491394043,19.540931701660156,153.01499938964844,6518.47021484375,91.54060363769533
2008-09-03,2032.1300048828125,58.0583610534668,19.24957847595215,153.25399780273438,6467.490234375,91.6893310546875
2008-09-04,1971.3699951171875,58.349422454833984,18.75956153869629,153.8459930419922,6279.56982421875,91.8215789794922
2008-09-05,1980.1800537109375,58.22005462646485,18.368873596191406,154.63299560546875,6127.43994140625,92.65625
2008-09-08,2021.1300048828125,58.22654724121094,18.971460342407227,153.81900024414062,6263.740234375,92.23478698730467
2008-09-09,1952.1400146484375,58.49162292480469,18.85888671875,154.14700317382812,6233.41015625,92.35045623779295
2008-09-10,1964.25,58.34294128417969,18.71320915222168,154.08999633789062,6210.31982421875,92.32564544677734
2008-09-11,1992.0,58.23945617675781,18.60064125061035,153.8769989013672,6178.89990234375,92.44962310791016
2008-09-12,1996.260009765625,57.94846725463867,18.918481826782227,152.96299743652344,6234.89013671875,92.04469299316406
2008-09-15,1902.1700439453125,59.060672760009766,18.077512741088867,153.99600219726562,6064.16015625,92.84629821777344
2008-09-16,1935.489990234375,58.89250564575195,17.607362747192383,154.46600341796875,5965.169921875,92.94546508789062
2008-09-17,1844.31005859375,59.42276763916016,17.24317169189453,154.156005859375,5860.97998046875,92.48268127441406
2008-09-18,1924.8499755859375,58.72439956665039,17.157094955444336,153.81199645996094,5863.419921875,92.48268127441406
2008-09-19,2002.3199462890625,57.676944732666016,18.57415008544922,152.2519989013672,6189.52978515625,91.49927520751952
2008-09-22,1925.8599853515625,57.55409240722656,18.196712493896484,151.86000061035156,6107.75,91.061279296875
2008-09-23,1895.780029296875,57.55409240722656,17.85899543762207,152.0290069580078,6068.52978515625,91.3422622680664
2008-09-24,1892.050048828125,57.7027587890625,17.753047943115234,152.86900329589844,6052.8701171875,91.78849792480467
2008-09-25,1929.239990234375,57.528221130371094,18.11062812805176,152.28900146484375,6173.02978515625,91.49927520751952
2008-09-26,1935.7900390625,57.48942947387695,17.772916793823242,152.85699462890625,6063.5,92.01166534423828
2008-09-29,1765.719970703125,58.29121398925781,16.812753677368164,154.16600036621094,5807.080078125,92.4083023071289
2008-09-30,1861.43994140625,57.52170181274414,17.117347717285156,153.7239990234375,5831.02001953125,92.83802795410156
2008-10-01,1853.260009765625,57.92724609375,17.229923248291016,154.25100708007812,5806.330078125,93.0115966796875
2008-10-02,1778.9000244140625,58.251617431640625,16.998165130615234,154.81500244140625,5660.6298828125,93.1686019897461
2008-10-03,1754.9100341796875,58.472293853759766,17.474929809570312,155.1219940185547,5797.02978515625,93.5900421142578
2008-10-06,1687.3399658203125,58.94588088989258,16.157197952270508,157.03199768066406,5387.009765625,94.25946807861328
2008-10-07,1590.510009765625,58.9005012512207,16.10422134399414,156.82400512695312,5326.6298828125,94.29248809814452
2008-10-08,1573.3399658203125,58.14788436889648,15.150675773620604,156.5500030517578,5013.6201171875,94.65613555908205
2008-10-09,1453.52001953125,57.563907623291016,14.852699279785156,155.5959930419922,4887.0,93.64789581298828
2008-10-10,1436.56005859375,56.88912582397461,13.746861457824709,154.52699279785156,4544.31005859375,93.33389282226562
2008-10-13,1602.9300537109375,56.49982070922851,15.104327201843262,153.73199462890625,5062.4501953125,92.68931579589844
2008-10-14,1594.4100341796875,56.233768463134766,15.541362762451172,153.63099670410156,5199.18994140625,92.66451263427734
2008-10-15,1450.5,56.6944580078125,14.548095703125,153.9409942626953,4861.6298828125,92.40003967285156
2008-10-16,1512.2099609375,56.70746994018555,13.832941055297852,154.66900634765625,4622.81005859375,92.87935638427734
2008-10-17,1502.8399658203125,57.06431198120117,14.356064796447754,155.11900329589844,4781.330078125,93.00330352783205
2008-10-20,1574.5,57.12271499633789,14.86594295501709,155.23199462890625,4835.009765625,93.0115966796875
2008-10-21,1526.02001953125,57.726097106933594,14.793102264404297,155.71499633789062,4784.41015625,93.07769012451172
2008-10-22,1433.219970703125,58.16727828979492,14.044840812683104,157.06300354003906,4571.06982421875,94.12722778320312
2008-10-23,1451.3699951171875,58.245140075683594,13.991864204406738,156.7220001220703,4519.7001953125,94.42475128173828
2008-10-24,1401.2900390625,57.998626708984375,13.336311340332031,157.06900024414062,4295.669921875,94.4330062866211
2008-10-27,1356.780029296875,57.96617126464844,13.084681510925291,156.92999267578125,4334.64013671875,94.89581298828124
2008-10-28,1503.1600341796875,57.498966217041016,13.3760404586792,156.79400634765625,4823.4501953125,95.05278778076172
2008-10-29,1486.72998046875,57.583351135253906,14.322953224182127,155.91099548339844,4808.68994140625,94.8709945678711
2008-10-30,1525.3699951171875,57.14216232299805,14.488502502441406,155.8560028076172,4869.2998046875,94.82141876220705
2008-10-31,1548.81005859375,57.0253791809082,14.879185676574709,154.1439971923828,4987.97021484375,94.53214263916016
2008-11-03,1544.9100341796875,57.11653900146485,14.965267181396484,154.88900756835938,5026.83984375,94.70572662353516
2008-11-04,1608.0,57.80033493041992,15.634072303771973,155.3520050048828,5278.0400390625,94.84619903564452
2008-11-05,1524.2099609375,58.106414794921875,15.289731979370115,156.14599609375,5166.8701171875,95.01144409179688
2008-11-06,1448.010009765625,57.93052291870117,14.44876766204834,157.21499633789062,4813.56982421875,95.61477661132812
2008-11-07,1490.31005859375,57.72216033935547,14.700393676757812,157.8800048828125,4938.4599609375,95.71390533447266
2008-11-10,1471.6400146484375,57.78080749511719,14.812968254089355,158.21299743652344,5025.52978515625,95.65605926513672
2008-11-11,1439.219970703125,57.99567794799805,14.23024559020996,158.3509979248047,4761.580078125,95.99491119384766
2008-11-12,1365.1500244140625,58.35379409790039,13.7799654006958,158.61599731445312,4620.7998046875,96.25935363769533
2008-11-13,1459.8199462890625,57.93052291870117,13.707128524780272,158.34800720214844,4649.52001953125,96.43289947509766
2008-11-14,1399.199951171875,58.50357437133789,13.813076972961426,159.0570068359375,4710.240234375,96.60643005371094
2008-11-17,1363.1400146484375,58.75104904174805,13.468743324279783,158.89100646972656,4557.27001953125,96.49073028564452
2008-11-18,1376.8199462890625,59.20691680908203,13.56806755065918,159.06700134277344,4579.47021484375,96.68081665039062
2008-11-19,1292.760009765625,59.845062255859375,13.044951438903809,160.07699584960938,4354.08984375,97.04444122314452
2008-11-20,1206.0400390625,61.04981231689453,12.581419944763184,161.4530029296875,4220.2001953125,98.06089782714844
2008-11-21,1282.5899658203125,60.4897575378418,12.270196914672852,161.23899841308594,4127.41015625,97.87906646728516
2008-11-24,1365.6300048828125,59.92317199707031,13.296575546264648,160.76499938964844,4554.330078125,97.54855346679688
2008-11-25,1374.7900390625,60.95213317871094,13.382657051086426,161.3520050048828,4560.419921875,97.9369659423828
2008-11-26,1423.9000244140625,61.32327651977539,13.389278411865234,161.98500061035156,4560.5,98.33361053466795
2008-11-27,,,13.707128524780272,161.64599609375,4665.27001953125,98.07742309570312
2008-11-28,1437.6800537109375,61.44698715209961,13.87928867340088,161.77999877929688,4669.43994140625,98.44933319091795
2008-12-01,1309.3900146484375,62.27875900268555,13.058186531066896,162.65499877929688,4394.7900390625,99.0525894165039
2008-12-02,1361.7900390625,62.60542297363281,13.28332805633545,163.77200317382812,4531.7900390625,99.42444610595705
2008-12-03,1397.719970703125,62.70341110229492,13.35617446899414,164.0970001220703,4567.240234375,99.53191375732422
2008-12-04,1356.81005859375,63.09547805786133,13.296575546264648,163.0679931640625,4564.22998046875,100.06077575683594
2008-12-05,1406.3599853515625,62.42903518676758,12.793315887451172,163.42599487304688,4381.47021484375,99.6475830078125
2008-12-08,1460.5999755859375,62.19384002685547,13.640910148620604,161.85699462890625,4715.8798828125,98.93688201904295
2008-12-09,1426.8800048828125,62.72306442260742,13.819698333740234,161.06700134277344,4779.10986328125,98.3170928955078
2008-12-10,1444.0,62.66423034667969,13.826318740844728,161.69700622558594,4804.8798828125,98.20965576171876
2008-12-11,1403.199951171875,63.04315185546875,13.720369338989258,161.6269989013672,4767.2001953125,98.54846954345705
2008-12-12,1413.0699462890625,63.21958923339844,13.34954833984375,160.32899475097656,4663.3701171875,99.01953887939452
2008-12-15,1395.2099609375,63.3568229675293,13.303194046020508,160.9720001220703,4654.81982421875,98.68070220947266
2008-12-16,1466.8699951171875,64.36300659179688,13.4025239944458,161.66900634765625,4729.91015625,98.84597778320312
2008-12-17,1452.8800048828125,64.80078887939453,13.303194046020508,163.68600463867188,4708.3798828125,99.96161651611328
2008-12-18,1422.18994140625,65.23845672607422,13.28995418548584,163.50599670410156,4756.39990234375,99.95337677001952
2008-12-19,1426.3900146484375,65.02287292480469,13.236979484558104,163.34100341796875,4696.7001953125,100.02774047851562
2008-12-22,1400.4200439453125,64.8530502319336,13.03170394897461,164.0679931640625,4639.02001953125,100.25086212158205
2008-12-23,1387.0799560546875,64.82035064697266,13.011833190917969,164.13999938964844,4629.3798828125,100.37482452392578
2008-12-24,1395.760009765625,64.75499725341797,,,,
2008-12-26,1403.219970703125,65.10124969482422,,,,
2008-12-29,1398.25,65.24485778808594,13.03832721710205,164.6219940185547,4704.85986328125,100.67232513427734
2008-12-30,1432.6500244140625,65.33673095703125,13.263468742370604,164.0189971923828,4810.2001953125,100.58968353271484
2008-12-31,1452.97998046875,64.61537170410156,,,,
2009-01-02,1499.1700439453125,63.690673828125,13.859424591064451,164.10000610351562,4973.06982421875,100.61449432373048
2009-01-05,1492.2099609375,63.57916641235352,14.117673873901367,164.10000610351562,4983.990234375,100.44918060302734
2009-01-06,1503.8699951171875,63.53986358642578,14.276602745056152,164.10000610351562,5026.31005859375,99.5484390258789
2009-01-07,1459.5799560546875,63.552955627441406,14.111063957214355,162.77999877929688,4937.47021484375,99.45751953125
2009-01-08,1464.5999755859375,63.72346496582031,14.12430191040039,163.19000244140625,4879.91015625,99.85417938232422
2009-01-09,1433.4100341796875,64.01854705810547,13.932272911071776,163.92999267578125,4783.89013671875,100.4574966430664
2009-01-12,1401.0699462890625,64.41864776611328,13.806456565856934,163.92999267578125,4719.6201171875,100.7384262084961
2009-01-13,1403.6300048828125,64.46451568603516,13.587935447692873,163.92999267578125,4636.93994140625,100.80453491210938
2009-01-14,1356.7900390625,64.82514953613281,12.96548557281494,163.92999267578125,4422.35009765625,101.15162658691406
2009-01-15,1358.6400146484375,64.77274322509766,12.939000129699709,163.92999267578125,4336.72998046875,101.53179931640624
2009-01-16,1368.9200439453125,64.1759262084961,13.097920417785645,163.92999267578125,4366.27978515625,101.05247497558594
2009-01-19,,,12.766830444335938,163.25999450683594,4316.14013671875,100.71366119384766
2009-01-20,1296.6300048828125,64.07759857177734,12.594669342041016,162.91000366210938,4239.85009765625,100.57316589355467
2009-01-21,1353.3299560546875,63.50706481933594,12.462227821350098,162.30999755859375,4261.14990234375,100.9037628173828
2009-01-22,1332.8399658203125,63.08736801147461,12.448979377746582,161.3000030517578,4219.419921875,100.72189331054688
2009-01-23,1340.02001953125,63.1004638671875,12.210599899291992,160.8800048828125,4178.93994140625,100.04428100585938
2009-01-26,1347.469970703125,62.94306564331055,12.680750846862791,158.9600067138672,4326.8701171875,98.93688201904295
2009-01-27,1362.1800537109375,63.35623550415039,12.65426254272461,158.74000549316406,4323.419921875,99.2839584350586
2009-01-28,1408.0699462890625,62.94963836669922,13.091300010681152,161.0,4518.72021484375,99.42444610595705
2009-01-29,1361.5400390625,62.12985610961914,12.87277889251709,161.0,4428.10986328125,99.41620635986328
2009-01-30,1330.510009765625,62.1036491394043,12.819809913635254,161.1999969482422,4338.35009765625,99.2839584350586
2009-02-02,1329.81005859375,62.607421875,12.63439655303955,161.1999969482422,4271.0400390625,99.39142608642578
2009-02-03,1350.8900146484375,62.06813430786133,12.886022567749023,161.1999969482422,4374.9599609375,99.16828918457033
2009-02-04,1341.77001953125,61.75250625610352,13.190628051757812,160.94000244140625,4492.7900390625,98.88731384277344
2009-02-05,1363.8199462890625,61.89715576171875,13.071435928344728,161.92999267578125,4510.490234375,99.33357238769533
2009-02-06,1401.06005859375,61.52227020263672,13.47536563873291,161.92999267578125,4644.6298828125,99.10215759277344
2009-02-09,1403.18994140625,61.39735794067383,13.521717071533203,161.2899932861328,4666.81982421875,98.8790283203125
2009-02-10,1334.300048828125,62.219383239746094,13.044951438903809,162.08999633789062,4505.5400390625,99.19305419921876
2009-02-11,1345.5,62.699459075927734,13.111169815063477,163.16000366210938,4530.08984375,100.07731628417967
2009-02-12,1348.1500244140625,62.67973327636719,12.852911949157717,163.4600067138672,4407.56005859375,100.86241912841795
2009-02-13,1334.8299560546875,62.1865119934082,13.025083541870115,163.4600067138672,4413.39013671875,100.6640396118164
2009-02-16,,,12.793315887451172,163.5800018310547,4366.64013671875,101.11857604980467
2009-02-17,1274.260009765625,63.232147216796875,12.409252166748049,163.47000122070312,4216.60009765625,101.6392059326172
2009-02-18,1273.2900390625,62.77184295654297,12.329793930053713,164.07000732421875,4204.9599609375,101.49871826171876
2009-02-19,1258.8199462890625,62.4232177734375,12.462227821350098,164.07000732421875,4215.2099609375,100.79629516601562
2009-02-20,1244.719970703125,62.600860595703125,12.071542739868164,164.07000732421875,4014.659912109375,101.3334503173828
2009-02-23,1201.56005859375,62.66001510620117,11.939112663269045,164.1699981689453,3936.449951171875,101.29212951660156
2009-02-24,1249.760009765625,62.4232177734375,11.806674003601074,164.52999877929688,3895.75,101.45743560791016
2009-02-25,1236.739990234375,61.85767364501953,11.61464023590088,164.5,3846.2099609375,101.61441040039062
2009-02-26,1217.489990234375,61.699859619140625,12.031813621520996,163.47000122070312,3942.6201171875,100.6310043334961
2009-02-27,1188.8399658203125,61.64726638793945,11.66761302947998,163.47000122070312,3843.739990234375,101.3334503173828
2009-03-02,1133.4300537109375,62.2657470703125,11.21070671081543,164.13999938964844,3710.070068359375,101.39956665039062
2009-03-03,1126.1800537109375,62.18661880493164,10.93259048461914,163.94000244140625,3690.719970703125,101.23431396484376
2009-03-04,1153.3499755859375,61.870140075683594,11.369630813598633,163.39999389648438,3890.93994140625,100.92850494384766
2009-03-05,1104.3800048828125,62.595420837402344,11.031919479370115,163.3000030517578,3695.489990234375,101.42435455322266
2009-03-06,1106.0,62.298702239990234,10.85975170135498,164.9499969482422,3666.409912109375,101.5896453857422
2009-03-09,1095.0400390625,62.32511901855469,10.740562438964844,165.1999969482422,3692.030029296875,101.90365600585938
2009-03-10,1164.8299560546875,61.870140075683594,11.250439643859863,163.92999267578125,3886.97998046875,101.4078140258789
2009-03-11,1168.0699462890625,62.3118782043457,11.336524963378906,163.72000122070312,3914.10009765625,101.05247497558594
2009-03-12,1215.8699951171875,62.489891052246094,11.402737617492676,164.5399932861328,3956.219970703125,101.4491195678711
2009-03-13,1225.3199462890625,62.443824768066406,11.482202529907228,164.02999877929688,3953.60009765625,101.30867004394533
2009-03-16,1221.030029296875,62.08770751953125,11.588149070739746,163.72999572753906,4044.5400390625,100.68885803222656
2009-03-17,1260.2900390625,61.969032287597656,11.50868797302246,163.57000732421875,3987.77001953125,100.52360534667967
2009-03-18,1286.6199951171875,64.09222412109375,11.310036659240724,163.07000732421875,3996.320068359375,100.26739501953124
2009-03-19,1269.9300537109375,63.87470626831055,11.528553009033203,164.47000122070312,4043.4599609375,101.20951080322266
2009-03-20,1244.8599853515625,63.87470626831055,11.608017921447754,165.3800048828125,4068.739990234375,101.57312774658205
2009-03-23,1333.2099609375,63.65705871582031,11.945727348327637,165.89999389648438,4176.3701171875,101.3582534790039
2009-03-24,1306.030029296875,63.56474304199219,11.853021621704102,164.3179931640625,4187.35986328125,100.64753723144533
2009-03-25,1318.6099853515625,63.18231201171875,12.031813621520996,164.38999938964844,4223.2900390625,100.76324462890624
2009-03-26,1349.3699951171875,63.3471565246582,11.91261863708496,164.86500549316406,4259.3701171875,100.82937622070312
2009-03-27,1322.18994140625,63.30757141113281,11.919241905212402,165.49000549316406,4203.5498046875,101.11031341552734
2009-03-30,1276.219970703125,63.57794570922851,11.44247055053711,166.08999633789062,3989.22998046875,101.58137512207033
2009-03-31,1292.97998046875,63.689998626708984,11.819910049438477,165.72000122070312,4084.760009765625,101.60617065429688
2009-04-01,1314.6300048828125,63.84607696533203,11.932487487792969,165.8730010986328,4131.06982421875,101.73838806152344
2009-04-02,1352.469970703125,63.429439544677734,12.6211519241333,165.5,4381.919921875,101.06901550292967
2009-04-03,1365.6600341796875,62.70203399658203,12.528447151184082,164.4739990234375,4384.990234375,100.3665542602539
2009-04-06,1354.3599853515625,62.55657577514648,12.409252166748049,164.57000732421875,4349.81005859375,100.20128631591795
2009-04-07,1322.9100341796875,62.715309143066406,12.36952304840088,164.77000427246094,4322.5,100.3996353149414
2009-04-08,1338.530029296875,63.026092529296875,12.27682113647461,164.74000549316406,4357.919921875,100.4161605834961
2009-04-09,1389.489990234375,62.65578079223633,12.687368392944336,164.52999877929688,4491.1201171875,100.17646026611328
2009-04-13,1393.1300048828125,63.026092529296875,,,,
2009-04-14,1365.199951171875,63.350154876708984,12.86615753173828,165.0399932861328,4557.009765625,100.62273406982422
2009-04-15,1382.3599853515625,63.409671783447266,12.806558609008787,165.0399932861328,4549.7900390625,100.97814178466795
2009-04-16,1403.8900146484375,63.15835952758789,13.025083541870115,165.0399932861328,4609.4599609375,100.72189331054688
2009-04-17,1410.8499755859375,62.649200439453125,13.14427375793457,165.3800048828125,4676.83984375,100.19303894042967
2009-04-20,1350.52001953125,63.08562088012695,12.806558609008787,165.67999267578125,4486.2998046875,100.54837799072266
2009-04-21,1379.219970703125,62.84096145629883,12.806558609008787,166.44000244140625,4501.6298828125,101.19295501708984
2009-04-22,1368.9200439453125,62.6888542175293,12.859538078308104,166.44000244140625,4594.419921875,100.5401382446289
2009-04-23,1382.52001953125,62.6756477355957,12.912511825561523,165.91000366210938,4538.2099609375,100.5401382446289
2009-04-24,1405.739990234375,62.43097305297851,13.11778736114502,166.3800048828125,4674.31982421875,100.67232513427734
2009-04-27,1391.5799560546875,62.6888542175293,13.24360179901123,166.69000244140625,4694.06982421875,101.54004669189452
2009-04-28,1387.8199462890625,62.38468170166016,12.96548557281494,166.75999450683594,4607.419921875,101.0442123413086
2009-04-29,1417.989990234375,62.04743957519531,13.309816360473633,166.8800048828125,4704.56005859375,101.07723999023438
2009-04-30,1416.72998046875,61.94159698486328,13.581311225891112,166.22000122070312,4769.4501953125,100.78804779052734
2009-05-01,1424.4100341796875,61.74263381958008,,,,
2009-05-04,1472.6400146484375,61.80235290527344,13.819698333740234,166.07000732421875,4902.4501953125,100.91199493408205
2009-05-05,1467.25,61.78908157348633,13.79321002960205,166.07000732421875,4853.02978515625,100.62273406982422
2009-05-06,1493.31005859375,61.815616607666016,14.011733055114746,166.8000030517578,4880.7099609375,100.61449432373048
2009-05-07,1473.6600341796875,61.29825210571289,13.87928867340088,165.39999389648438,4804.10009765625,99.7385025024414
2009-05-08,1509.1400146484375,61.371219635009766,14.21700668334961,165.05999755859375,4913.89990234375,99.49058532714844
2009-05-11,1477.199951171875,61.94825744628906,13.93889045715332,165.05999755859375,4866.91015625,99.7302474975586
2009-05-12,1475.8299560546875,61.90845489501953,13.972000122070312,165.60000610351562,4854.10986328125,99.65585327148438
2009-05-13,1436.739990234375,62.19366836547851,13.528339385986328,165.60000610351562,4727.60986328125,100.15995025634766
2009-05-14,1451.1700439453125,62.20026397705078,13.746861457824709,165.89999389648438,4738.47021484375,100.42442321777344
2009-05-15,1435.47998046875,62.04775619506836,13.7799654006958,165.38999938964844,4737.5,96.88742065429688
2009-05-18,1479.239990234375,61.68294143676758,13.998489379882812,165.74000549316406,4851.9599609375,96.71388244628906
2009-05-19,1476.93994140625,61.596710205078125,14.28322410583496,165.25,4959.6201171875,96.1684112548828
2009-05-20,1469.469970703125,61.78908157348633,14.356064796447754,165.00999450683594,5038.93994140625,96.11885833740234
2009-05-21,1445.280029296875,61.11252975463867,14.117673873901367,165.00999450683594,4900.669921875,96.75520324707033
2009-05-22,1443.1400146484375,60.75443649291992,14.097814559936523,164.94000244140625,4918.75,96.14364624023438
2009-05-25,,,14.117673873901367,164.07000732421875,4918.4501953125,95.6064910888672
2009-05-26,1481.0999755859375,60.34983825683594,14.21038055419922,164.13999938964844,4985.60009765625,95.49079895019533
2009-05-27,1453.280029296875,59.66667175292969,14.31633186340332,163.66000366210938,5000.77001953125,95.39989471435548
2009-05-28,1475.93994140625,59.97835540771485,14.058085441589355,163.4199981689453,4932.8798828125,95.36682891845705
2009-05-29,1495.969970703125,60.65487289428711,14.13092803955078,163.80999755859375,4940.81982421875,95.6973876953125
2009-06-01,1534.6500244140625,59.6650505065918,14.594452857971191,163.02999877929688,5142.56005859375,95.2759246826172
2009-06-02,1537.68994140625,59.86460876464844,14.61431121826172,163.1199951171875,5144.06005859375,95.32552337646484
2009-06-03,1516.8800048828125,60.23044967651367,14.375932693481444,163.8800048828125,5054.52978515625,95.9535903930664
2009-06-04,1534.5899658203125,59.53193664550781,14.243490219116213,163.3699951171875,5064.7998046875,95.4246826171875
2009-06-05,1530.81005859375,58.93989944458008,14.336196899414062,162.10000610351562,5077.02978515625,94.69744110107422
2009-06-08,1529.5899658203125,58.64054107666016,14.309711456298828,162.77999877929688,5004.72021484375,95.0197296142578
2009-06-09,1535.030029296875,58.89336013793945,14.31633186340332,163.19000244140625,4997.85986328125,95.14372253417967
2009-06-10,1529.760009765625,58.540828704833984,14.548095703125,162.69000244140625,5051.18017578125,94.99493408203124
2009-06-11,1539.5,58.93989944458008,14.680530548095703,162.52999877929688,5107.259765625,94.55695343017578
2009-06-12,1541.699951171875,59.25259780883789,14.601068496704102,163.27000427246094,5069.240234375,95.17676544189452
2009-06-15,1505.06005859375,59.51866912841797,13.97862148284912,164.27000427246094,4889.93994140625,95.6973876953125
2009-06-16,1485.9200439453125,59.851322174072266,14.05146312713623,164.1999969482422,4890.72021484375,95.76348876953124
2009-06-17,1483.9000244140625,59.691650390625,13.753478050231934,164.8000030517578,4799.97998046875,96.17667388916016
2009-06-18,1496.5899658203125,58.96650314331055,13.839559555053713,164.1999969482422,4837.47998046875,95.8461456298828
2009-06-19,1501.25,59.23927688598633,14.064708709716797,164.25,4839.4599609375,96.0279769897461
2009-06-22,1455.5400390625,59.55861282348633,13.59455394744873,164.83999633789062,4693.39990234375,96.35852813720705
2009-06-23,1458.9200439453125,59.751495361328125,13.508467674255373,165.02999877929688,4707.14990234375,96.37501525878906
2009-06-24,1468.47998046875,59.52531433105469,13.885916709899902,165.0500030517578,4836.009765625,96.50726318359376
2009-06-25,1499.97998046875,60.27036666870117,13.68725872039795,165.77999877929688,4800.56005859375,96.8460922241211
2009-06-26,1498.0799560546875,60.3502311706543,13.713748931884766,166.22999572753906,4776.47021484375,96.92870330810548
2009-06-29,1511.699951171875,60.47661590576172,13.985244750976562,166.35000610351562,4885.08984375,97.10227966308594
2009-06-30,1498.93994140625,60.31697845458984,13.813076972961426,166.66000366210938,4808.64013671875,96.86260986328124
2009-07-01,1505.6400146484375,60.278263092041016,13.991864204406738,166.52999877929688,4905.43994140625,96.96177673339844
2009-07-02,1461.800048828125,60.47837829589844,13.760103225708008,167.3699951171875,4718.490234375,97.25101470947266
2009-07-03,,,13.707128524780272,167.11000061035156,4708.2099609375,97.4576187133789
2009-07-06,1465.5799560546875,60.518402099609375,13.495229721069336,167.5399932861328,4651.81982421875,97.6890106201172
2009-07-07,1436.739990234375,60.75852584838867,13.534961700439451,167.49000549316406,4598.18994140625,97.647705078125
2009-07-08,1435.199951171875,61.458980560302734,13.303194046020508,167.42999267578125,4572.64990234375,97.87081909179688
2009-07-09,1440.300048828125,61.0987548828125,13.422390937805176,167.1999969482422,4630.06982421875,97.7303466796875
2009-07-10,1434.5,61.47903823852539,13.316442489624023,167.58999633789062,4576.31005859375,98.03612518310548
2009-07-13,1470.4300537109375,61.258880615234375,13.448878288269045,167.75,4722.33984375,98.01130676269533
2009-07-14,1478.239990234375,60.85197067260742,13.6740140914917,166.8000030517578,4781.68994140625,97.73857879638672
2009-07-15,1522.0899658203125,60.06481170654297,14.02497100830078,167.0500030517578,4928.43994140625,97.31716918945312
2009-07-16,1535.300048828125,60.42502212524414,14.12430191040039,167.2100067138672,4957.18994140625,97.51549530029295
2009-07-17,1534.7099609375,60.01808547973633,14.17727756500244,167.3300018310547,4978.39990234375,97.24276733398438
2009-07-20,1552.260009765625,60.238250732421875,14.303089141845703,167.0,5030.14990234375,97.11880493164062
2009-07-21,1557.9100341796875,60.912010192871094,14.435523986816406,167.60000610351562,5093.97021484375,97.3832550048828
2009-07-22,1557.3699951171875,60.55182647705078,14.435523986816406,168.0399932861328,5121.56005859375,97.3832550048828
2009-07-23,1593.6500244140625,59.9647216796875,14.793102264404297,167.8800048828125,5247.27978515625,96.9204559326172
2009-07-24,1598.5,60.09151077270508,14.759992599487305,167.4199981689453,5229.35986328125,96.7965087890625
2009-07-27,1603.260009765625,59.8112907409668,14.85932159423828,167.05999755859375,5251.5498046875,96.74691009521484
2009-07-28,1599.0899658203125,59.9313850402832,14.746746063232422,168.0,5174.740234375,96.97834014892578
2009-07-29,1592.0,59.97142791748047,14.746746063232422,168.22999572753906,5270.31982421875,97.17664337158205
2009-07-30,1611.1400146484375,60.21157455444336,15.09770393371582,168.49000549316406,5360.66015625,97.209716796875
2009-07-31,1612.31005859375,60.81862258911133,15.051352500915527,170.00999450683594,5332.14013671875,97.77164459228516
2009-08-03,1637.06005859375,60.17232131958008,15.408930778503418,169.47000122070312,5426.85009765625,97.57331848144533
2009-08-04,1642.030029296875,59.99840545654297,15.309599876403809,169.22999572753906,5417.02001953125,97.51549530029295
2009-08-05,1637.81005859375,59.65718078613281,15.26325511932373,169.00999450683594,5353.009765625,97.647705078125
2009-08-06,1628.8199462890625,59.65718078613281,15.316229820251465,169.2100067138672,5369.97998046875,97.52371215820312
2009-08-07,1650.72998046875,59.26246643066406,15.514874458312988,169.10000610351562,5458.9599609375,96.44115447998048
2009-08-10,1645.260009765625,59.643768310546875,15.382442474365234,168.3800048828125,5418.1201171875,96.66426849365234
2009-08-11,1624.9100341796875,60.058624267578125,15.21689796447754,168.3800048828125,5285.81005859375,96.89569854736328
2009-08-12,1644.22998046875,59.891326904296875,15.389066696166992,168.67999267578125,5350.08984375,96.90393829345705
2009-08-13,1655.6600341796875,60.35968017578125,15.468528747558594,168.5800018310547,5401.10986328125,97.24276733398438
2009-08-14,1641.5400390625,60.546993255615234,15.362574577331545,170.2100067138672,5309.10986328125,97.82125091552734
2009-08-17,1602.06005859375,60.96181869506836,15.011616706848145,170.1300048828125,5201.60986328125,98.01130676269533
2009-08-18,1618.5999755859375,60.74769592285156,15.190404891967772,170.25,5250.740234375,97.9039077758789
2009-08-19,1629.9200439453125,60.97514724731445,15.230149269104004,170.91000366210938,5231.97998046875,98.3666534423828
2009-08-20,1647.8499755859375,61.1357536315918,15.475153923034668,170.6199951171875,5311.06005859375,98.35015869140624
2009-08-21,1678.8399658203125,60.51353073120117,15.792993545532228,169.89999389648438,5462.740234375,97.9121322631836
2009-08-24,1677.93994140625,60.888206481933594,15.95191478729248,170.25,5519.75,97.96173858642578
2009-08-25,1681.9200439453125,61.048770904541016,15.99826717376709,170.92999267578125,5557.08984375,98.3005599975586
2009-08-26,1682.2900390625,61.12905502319336,15.905567169189451,171.27000427246094,5521.97021484375,98.45757293701172
2009-08-27,1687.1600341796875,60.96181869506836,15.845961570739746,171.0,5470.330078125,98.4658660888672
2009-08-28,1684.050048828125,61.10227584838867,15.99826717376709,171.13999938964844,5517.35009765625,98.35015869140624
2009-08-31,1670.52001953125,61.282936096191406,15.845961570739746,171.2899932861328,5464.60986328125,98.3418960571289
2009-09-01,1633.6300048828125,61.441951751708984,15.680424690246582,170.8800048828125,5327.2900390625,98.4823760986328
2009-09-02,1628.6600341796875,61.777313232421875,15.534750938415527,170.6699981689453,5319.83984375,98.63937377929688
2009-09-03,1642.6800537109375,61.55598068237305,15.574474334716797,170.60000610351562,5301.419921875,98.58151245117188
2009-09-04,1664.3399658203125,61.18699645996094,15.74001693725586,170.50999450683594,5384.43017578125,98.62283325195312
2009-09-07,,,15.958540916442873,170.3699951171875,5463.509765625,98.66414642333984
2009-09-08,1679.3199462890625,61.04609680175781,16.01814079284668,170.1699981689453,5481.72998046875,98.54022979736328
2009-09-09,1692.47998046875,61.099754333496094,16.157197952270508,169.42999267578125,5574.259765625,97.9369659423828
2009-09-10,1710.1400146484375,61.55598068237305,16.190303802490234,170.1699981689453,5594.77001953125,98.3584213256836
2009-09-11,1708.1800537109375,61.73711013793945,16.296253204345703,170.9199981689453,5624.02001953125,98.63937377929688
2009-09-14,1719.0400390625,61.37482452392578,16.177059173583984,171.22999572753906,5620.240234375,98.7550811767578
2009-09-15,1724.449951171875,61.24736022949219,16.21678924560547,170.7100067138672,5628.97998046875,98.4823760986328
2009-09-16,1750.9100341796875,61.20040512084961,16.47503662109375,170.52999877929688,5700.259765625,98.1600570678711
2009-09-17,1745.800048828125,61.50230407714844,16.55450439453125,170.3000030517578,5731.14013671875,98.04436492919922
2009-09-18,1750.4300537109375,61.17356872558594,16.51477813720703,170.64999389648438,5703.830078125,98.06089782714844
2009-09-21,1744.469970703125,61.13334274291992,16.30950164794922,170.6999969482422,5668.64990234375,98.05265045166016
2009-09-22,1755.989990234375,61.29430389404297,16.448556900024414,169.9199981689453,5709.3798828125,97.9039077758789
2009-09-23,1738.3199462890625,61.428489685058594,16.42206573486328,170.72999572753906,5702.0498046875,98.04436492919922
2009-09-24,1722.02001953125,61.59619903564453,16.13071060180664,171.38999938964844,5605.2099609375,98.3170928955078
2009-09-25,1711.530029296875,61.844482421875,16.077730178833008,171.44000244140625,5581.41015625,98.70549011230467
2009-09-28,1742.3199462890625,61.95182037353515,16.25652313232422,172.0399932861328,5736.31005859375,98.8790283203125
2009-09-29,1738.47998046875,61.92499923706055,16.388959884643555,171.57000732421875,5713.52001953125,98.84597778320312
2009-09-30,1732.8599853515625,61.971923828125,16.27638816833496,172.24000549316406,5675.16015625,99.08562469482422
2009-10-01,1688.239990234375,62.43815612792969,16.05124282836914,171.8000030517578,5554.5498046875,99.23442840576172
2009-10-02,1680.699951171875,62.411277770996094,15.75988483428955,172.44000244140625,5467.89990234375,99.5980224609375
2009-10-05,1705.72998046875,62.40451431274414,15.819479942321776,172.72000122070312,5508.85009765625,99.65585327148438
2009-10-06,1729.1400146484375,62.20268630981445,16.210166931152344,172.6199951171875,5657.64013671875,99.4327163696289
2009-10-07,1734.739990234375,62.59962463378906,16.196928024291992,172.91000366210938,5640.75,99.7302474975586
2009-10-08,1747.699951171875,62.37086486816406,16.322742462158203,173.22999572753906,5716.5400390625,99.7798309326172
2009-10-09,1757.5999755859375,61.77214431762695,16.289628982543945,172.4199981689453,5711.8798828125,99.19305419921876
2009-10-12,1765.31005859375,61.953765869140625,16.455175399780273,172.60000610351562,5783.22998046875,99.33357238769533
2009-10-13,1760.510009765625,62.0950927734375,16.170442581176758,172.55999755859375,5714.31005859375,99.51537322998048
2009-10-14,1791.469970703125,61.67119216918945,16.594228744506836,172.00999450683594,5854.14013671875,99.19305419921876
2009-10-15,1798.9100341796875,61.46941375732422,16.64720916748047,171.2899932861328,5830.77001953125,98.73026275634766
2009-10-16,1784.3499755859375,61.75194549560547,16.481660842895508,171.13999938964844,5743.39013671875,98.76337432861328
2009-10-19,1801.1199951171875,61.846160888671875,16.759784698486328,171.1999969482422,5852.56005859375,98.63937377929688
2009-10-20,1789.9300537109375,61.98744201660156,16.686935424804688,172.08999633789062,5811.77001953125,99.08562469482422
2009-10-21,1774.3299560546875,61.846160888671875,16.746538162231445,171.42999267578125,5833.490234375,98.58981323242188
2009-10-22,1793.3399658203125,61.66452407836914,16.561124801635742,171.77000427246094,5762.93017578125,98.73026275634766
2009-10-23,1771.5,61.36172103881836,16.48828125,171.35000610351562,5740.25,98.43276977539062
2009-10-26,1750.75,61.0119514465332,16.27638816833496,171.2899932861328,5642.16015625,98.41625213623048
2009-10-27,1744.949951171875,61.53667068481445,16.30950164794922,172.25,5635.02001953125,98.90383911132812
2009-10-28,1711.0899658203125,61.725059509277344,15.96516227722168,172.57000732421875,5496.27001953125,99.06085205078124
2009-10-29,1749.760009765625,61.42901611328125,16.25652313232422,171.75999450683594,5587.4501953125,98.63937377929688
2009-10-30,1700.6700439453125,61.88652801513672,15.938668251037598,172.7100067138672,5414.9599609375,99.1517562866211
2009-11-02,1711.6500244140625,61.72364044189453,15.99826717376709,172.6300048828125,5430.81982421875,99.16002655029295
2009-11-03,1715.81005859375,61.58123779296875,15.806229591369627,172.5,5353.35009765625,99.00301361083984
2009-11-04,1718.2099609375,61.411598205566406,16.097597122192383,172.02000427246094,5444.22998046875,98.70549011230467
2009-11-05,1751.449951171875,61.42516326904297,16.183679580688477,171.74000549316406,5480.919921875,98.55677032470705
2009-11-06,1756.0699462890625,61.60837936401367,16.196928024291992,171.67999267578125,5488.25,98.52368927001952
2009-11-09,1795.56005859375,61.635467529296875,16.52801513671875,172.14999389648438,5619.72021484375,98.79640197753906
2009-11-10,1795.9000244140625,61.68293380737305,16.50151824951172,172.69000244140625,5613.2001953125,99.06085205078124
2009-11-11,1804.9300537109375,61.85935974121094,16.561124801635742,172.72000122070312,5668.35009765625,99.0443115234375
2009-11-12,1786.6600341796875,61.879695892333984,16.594228744506836,172.61000061035156,5663.9599609375,98.9534149169922
2009-11-13,1796.9300537109375,61.927207946777344,16.686935424804688,172.0800018310547,5686.830078125,98.79640197753906
2009-11-16,1823.2900390625,62.25960922241211,16.9451847076416,172.5,5804.81982421875,99.16002655029295
2009-11-17,1825.1800537109375,62.395355224609375,16.8657283782959,173.0500030517578,5778.43017578125,99.44922637939452
2009-11-18,1824.6099853515625,62.239315032958984,16.819374084472656,172.88999938964844,5787.60986328125,99.44100189208984
2009-11-19,1800.1199951171875,62.31391525268555,16.5677490234375,172.97999572753906,5702.18017578125,99.56493377685548
2009-11-20,1794.6500244140625,62.30713653564453,16.43531036376953,172.75999450683594,5663.14990234375,99.5897216796875
2009-11-23,1819.1700439453125,62.21898651123047,16.76639175415039,172.66000366210938,5801.47998046875,99.47404479980467
2009-11-24,1818.31005859375,62.537818908691406,16.64720916748047,172.8800048828125,5769.31005859375,99.66411590576172
2009-11-25,1826.739990234375,62.74810028076172,16.726667404174805,172.8800048828125,5803.02001953125,99.61454010009766
2009-11-26,,,16.163816452026367,173.55999755859375,5614.169921875,100.25086212158205
2009-11-27,1795.699951171875,63.03302383422851,16.362470626831055,173.44000244140625,5685.60986328125,100.25911712646484
2009-11-30,1802.6800537109375,63.13484954833984,16.110843658447266,173.5500030517578,5625.9501953125,100.3128662109375
2009-12-01,1824.5400390625,62.78669738769531,16.52801513671875,174.0,5776.60986328125,100.37482452392578
2009-12-02,1825.4000244140625,62.657527923583984,16.64058494567871,173.89999389648438,5781.68017578125,100.26325988769533
2009-12-03,1810.1300048828125,62.365081787109375,16.58760643005371,173.75,5770.35009765625,100.12277221679688
2009-12-04,1820.1099853515625,61.90276718139648,16.812753677368164,173.3300018310547,5817.64990234375,99.89138793945312
2009-12-07,1815.699951171875,62.07268142700195,16.703493118286133,173.82000732421875,5784.75,100.03189086914062
2009-12-08,1797.31005859375,62.2902946472168,16.44524574279785,173.9499969482422,5688.580078125,100.37895965576172
2009-12-09,1804.0999755859375,62.16790390014648,16.269765853881836,173.3300018310547,5647.83984375,100.4781265258789
2009-12-10,1814.81005859375,61.95713424682617,16.458480834960938,172.69000244140625,5709.02001953125,100.18060302734376
2009-12-11,1821.5,61.651119232177734,16.541255950927734,172.89999389648438,5756.2900390625,99.99881744384766
2009-12-14,1834.550048828125,61.651119232177734,16.677003860473633,172.53500366210938,5802.259765625,100.14756774902344
2009-12-15,1824.3699951171875,61.45402145385742,16.508153915405273,172.75999450683594,5811.33984375,99.81289672851562
2009-12-16,1826.449951171875,61.45402145385742,16.71342658996582,173.27000427246094,5903.43017578125,100.14341735839844
2009-12-17,1804.9599609375,61.9979248046875,16.51477813720703,173.85000610351562,5844.43994140625,100.54837799072266
2009-12-18,1815.3499755859375,61.69198226928711,16.44192886352539,173.6699981689453,5831.2099609375,100.57316589355467
2009-12-21,1834.5899658203125,61.0595703125,16.680322647094727,173.13999938964844,5930.52978515625,100.3665542602539
2009-12-22,1841.1700439453125,60.787628173828125,16.739912033081055,172.82000732421875,5945.68994140625,99.87071228027344
2009-12-23,1845.800048828125,60.760353088378906,16.819374084472656,172.1699981689453,5957.43994140625,99.45751953125
2009-12-24,1855.5,60.5428352355957,,,,
2009-12-28,1857.8900146484375,60.37966537475586,16.918701171875,171.88999938964844,6002.919921875,99.24267578125
2009-12-29,1855.6099853515625,60.53899765014648,16.958436965942383,171.77000427246094,6011.5498046875,99.20132446289062
2009-12-30,1856.1400146484375,60.64804458618164,16.845861434936523,171.8699951171875,5957.43017578125,99.2261199951172
2009-12-31,1837.5,60.35514831542969,,,,
2010-01-04,1867.06005859375,60.50498580932617,17.17695426940918,171.6199951171875,6048.2998046875,99.10215759277344
2010-01-05,1872.9000244140625,60.770660400390625,17.190195083618164,172.24000549316406,6031.85986328125,99.25092315673828
2010-01-06,1874.72998046875,60.52543258666992,17.216686248779297,171.5399932861328,6034.330078125,99.12696838378906
2010-01-07,1882.3399658203125,60.52543258666992,17.229923248291016,172.1300048828125,6019.35986328125,99.30878448486328
2010-01-08,1887.77001953125,60.6003532409668,17.30938720703125,172.27000427246094,6037.60986328125,99.23442840576172
2010-01-11,1891.06005859375,60.641258239746094,17.28289794921875,172.61000061035156,6040.5,99.47404479980467
2010-01-12,1873.3199462890625,61.077205657958984,17.123977661132812,172.8800048828125,5943.0,99.68892669677734
2010-01-13,1889.0999755859375,60.78428268432617,17.17695426940918,172.60000610351562,5963.14013671875,99.75503540039062
2010-01-14,1893.719970703125,61.07039260864258,17.276281356811523,172.3699951171875,5988.8798828125,99.84593200683594
2010-01-15,1873.300048828125,61.34284973144531,17.110729217529297,172.55999755859375,5875.97021484375,100.06077575683594
2010-01-18,,,17.229923248291016,172.72999572753906,5918.5498046875,100.12689208984376
2010-01-19,1896.719970703125,61.23384475708008,17.35573959350586,172.72000122070312,5976.47998046875,99.99470520019533
2010-01-20,1876.9000244140625,61.44510269165039,17.09749412536621,172.57000732421875,5851.52978515625,100.35002136230467
2010-01-21,1841.3900146484375,61.66988754272461,16.878969192504883,172.8699951171875,5746.97021484375,100.4574966430664
2010-01-22,1800.6099853515625,61.724369049072266,16.686935424804688,172.72000122070312,5695.31982421875,100.4574966430664
2010-01-25,1808.9300537109375,61.588104248046875,16.574369430541992,173.3000030517578,5631.3701171875,100.47400665283205
2010-01-26,1801.3399658203125,61.71079635620117,16.64058494567871,173.3300018310547,5668.93017578125,100.57316589355467
2010-01-27,1810.2099609375,61.56767654418945,16.50151824951172,172.6999969482422,5643.2001953125,100.5814437866211
2010-01-28,1788.969970703125,61.54726791381836,16.243274688720703,172.08999633789062,5540.330078125,100.68059539794922
2010-01-29,1771.4000244140625,61.7856559753418,16.46841812133789,172.2100067138672,5608.7900390625,100.6640396118164
2010-02-01,1796.6700439453125,61.57375717163086,16.580997467041016,172.85000610351562,5654.47998046875,100.72189331054688
2010-02-02,1819.989990234375,61.67634963989258,16.726667404174805,172.6999969482422,5709.66015625,100.68885803222656
2010-02-03,1810.6400146484375,61.38241195678711,16.64058494567871,172.41000366210938,5672.08984375,100.5401382446289
2010-02-04,1754.300048828125,61.8881950378418,16.20354652404785,172.25999450683594,5533.240234375,100.94506072998048
2010-02-05,1759.3800048828125,62.08638000488281,15.865826606750488,172.7899932861328,5434.33984375,101.3416976928711
2010-02-08,1744.3699951171875,62.031707763671875,15.938668251037598,172.47999572753906,5484.85009765625,101.17646026611328
2010-02-09,1767.1800537109375,61.6967887878418,16.01814079284668,172.94000244140625,5498.259765625,101.0276870727539
2010-02-10,1763.68994140625,61.52593231201172,16.090974807739258,173.47000122070312,5536.3701171875,100.82108306884766
2010-02-11,1781.010009765625,61.450740814208984,16.157197952270508,173.32000732421875,5503.93017578125,100.62273406982422
2010-02-12,1776.5,61.59433364868164,16.12408447265625,173.72999572753906,5500.39013671875,100.92850494384766
2010-02-15,,,16.190303802490234,173.42999267578125,5511.10009765625,100.86241912841795
2010-02-16,1808.719970703125,61.73099899291992,16.349224090576172,173.3699951171875,5592.1201171875,100.84586334228516
2010-02-17,1816.699951171875,61.4029541015625,16.600854873657227,173.75999450683594,5648.33984375,100.95330047607422
2010-02-18,1828.81005859375,61.184139251708984,16.673686981201172,173.1300048828125,5680.41015625,100.58968353271484
2010-02-19,1833.0899658203125,61.21843719482422,16.739912033081055,172.8800048828125,5722.0498046875,100.3996353149414
2010-02-22,1831.2099609375,61.17059326171875,16.700180053710938,173.1999969482422,5688.43994140625,100.52360534667967
2010-02-23,1809.050048828125,61.63532257080078,16.54787826538086,174.1699981689453,5604.06982421875,101.15162658691406
2010-02-24,1826.989990234375,61.669471740722656,16.54787826538086,174.38999938964844,5615.509765625,101.3334503173828
2010-02-25,1823.6400146484375,61.895015716552734,16.283010482788086,174.3800048828125,5532.330078125,101.57312774658205
2010-02-26,1826.27001953125,61.99068832397461,16.42206573486328,174.75,5598.4599609375,101.54004669189452
2010-03-01,1844.8699951171875,62.055145263671875,16.660449981689453,175.10000610351562,5713.509765625,101.58137512207033
2010-03-02,1849.1700439453125,62.08938217163086,16.792884826660156,175.0800018310547,5776.56005859375,101.51526641845705
2010-03-03,1850.239990234375,62.027713775634766,16.925317764282227,175.19000244140625,5817.8798828125,101.39956665039062
2010-03-04,1857.199951171875,62.13738250732422,16.9451847076416,175.25999450683594,5795.31982421875,101.59790802001952
2010-03-05,1883.280029296875,61.84270095825195,17.216686248779297,175.05999755859375,5877.35986328125,101.37477111816406
2010-03-08,1883.2900390625,61.67820358276367,17.203439712524414,175.05999755859375,5875.91015625,101.32520294189452
2010-03-09,1886.5999755859375,61.8358039855957,17.157094955444336,175.19000244140625,5885.89013671875,101.49871826171876
2010-03-10,1895.3800048828125,61.733009338378906,17.296146392822266,175.22999572753906,5936.72021484375,101.39956665039062
2010-03-11,1903.6800537109375,61.67820358276367,17.256412506103516,174.92999267578125,5928.6298828125,101.22602081298828
2010-03-12,1903.2900390625,61.774131774902344,17.316001892089844,175.0800018310547,5945.10986328125,101.29212951660156
2010-03-15,1904.18994140625,61.774131774902344,17.19681167602539,175.27999877929688,5903.56005859375,101.39131927490234
2010-03-16,1919.02001953125,62.01399230957031,17.35573959350586,175.57000732421875,5970.990234375,101.49871826171876
2010-03-17,1930.219970703125,62.08938217163086,17.50804901123047,175.91000366210938,6024.27978515625,101.73838806152344
2010-03-18,1929.6300048828125,61.9249153137207,17.488176345825195,175.50999450683594,6012.31005859375,101.69707489013672
2010-03-19,1919.800048828125,61.84270095825195,17.428579330444336,175.4499969482422,5982.43017578125,101.7466812133789
2010-03-22,1929.6400146484375,62.048316955566406,17.435197830200195,175.8300018310547,5987.5,101.99459075927734
2010-03-23,1943.699951171875,61.91806411743164,17.561016082763672,176.0800018310547,6017.27001953125,102.0606689453125
2010-03-24,1933.0400390625,61.301239013671875,17.56763458251953,175.8300018310547,6039.0,101.8954086303711
2010-03-25,1929.75,61.07512664794922,17.766298294067383,175.19000244140625,6132.9501953125,101.54004669189452
2010-03-26,1931.1800537109375,61.21902847290039,17.66034507751465,175.4600067138672,6120.0498046875,101.49046325683594
2010-03-29,1942.510009765625,61.129913330078125,17.713314056396484,175.6999969482422,6156.85009765625,101.59790802001952
2010-03-30,1942.81005859375,61.19163513183594,17.69344711303711,175.77999877929688,6142.4501953125,101.7879867553711
2010-03-31,1936.47998046875,61.33555221557617,17.68020248413086,175.91000366210938,6153.5498046875,101.87061309814452
2010-04-01,1950.9100341796875,61.20841979980469,17.938459396362305,176.07000732421875,6235.56005859375,101.93671417236328
2010-04-05,1966.43994140625,60.65855407714844,,,,
2010-04-06,1969.760009765625,60.83726501464844,18.077512741088867,175.05999755859375,6252.2099609375,101.57312774658205
2010-04-07,1959.0400390625,61.21529769897461,18.031166076660156,175.30999755859375,6222.41015625,101.77970123291016
2010-04-08,1965.719970703125,61.14653778076172,17.885480880737305,175.27000427246094,6171.830078125,101.9615249633789
2010-04-09,1978.8599853515625,61.21529769897461,18.084129333496097,174.86000061035156,6249.7001953125,101.56484985351562
2010-04-12,1982.4000244140625,61.38021469116211,18.090757369995117,175.3800048828125,6250.68994140625,101.42435455322266
2010-04-13,1983.9100341796875,61.497039794921875,18.044408798217773,175.52000427246094,6230.830078125,101.6722640991211
2010-04-14,2006.06005859375,61.33211135864258,18.15035820007324,175.3300018310547,6278.39990234375,101.7549057006836
2010-04-15,2007.739990234375,61.4351921081543,18.269546508789062,175.33999633789062,6291.4501953125,101.87061309814452
2010-04-16,1975.3599853515625,61.80629348754883,18.011293411254883,175.5500030517578,6180.89990234375,102.14331817626952
2010-04-19,1984.3199462890625,61.65514373779297,17.892101287841797,175.33999633789062,6162.43994140625,102.19290161132812
2010-04-20,2000.3299560546875,61.68260192871094,18.14373016357422,175.1699981689453,6264.22998046875,102.11028289794922
2010-04-21,1998.31005859375,61.88190078735352,18.070898056030273,175.07000732421875,6230.3798828125,102.3829574584961
2010-04-22,2002.9300537109375,61.73757553100586,17.878864288330078,174.25999450683594,6168.72021484375,102.46561431884766
2010-04-23,2017.18994140625,61.5657958984375,17.95831871032715,174.2899932861328,6259.52978515625,102.39950561523438
2010-04-26,2008.550048828125,61.6070442199707,18.130483627319336,173.5500030517578,6332.10009765625,102.49041748046876
2010-04-27,1961.5999755859375,62.18431854248047,17.56763458251953,173.27000427246094,6159.509765625,103.12674713134766
2010-04-28,1974.6300048828125,61.86819839477539,17.368988037109375,171.52000427246094,6084.33984375,102.9945068359375
2010-04-29,2000.3399658203125,61.97122573852539,17.57425880432129,173.05999755859375,6144.91015625,102.73006439208984
2010-04-30,1967.050048828125,62.34931182861328,17.44844627380371,173.9199981689453,6135.7001953125,102.98625946044922
2010-05-03,1992.8699951171875,62.18589401245117,17.514657974243164,173.92999267578125,6166.919921875,102.75486755371094
2010-05-04,1945.3699951171875,62.60638427734375,17.09749412536621,174.05999755859375,6006.85986328125,103.44905853271484
2010-05-05,1933.25,62.847694396972656,16.91207504272461,173.77999877929688,5958.4501953125,104.17626190185548
2010-05-06,1870.949951171875,63.53701400756836,16.66707420349121,172.33999633789062,5908.259765625,104.70516967773438
2010-05-07,1842.3199462890625,63.36466217041016,15.938668251037598,171.42999267578125,5715.08984375,104.69688415527344
2010-05-10,1923.3900146484375,62.88216400146485,17.157094955444336,175.72999572753906,6017.91015625,103.68870544433594
2010-05-11,1917.25,62.95802307128906,17.123977661132812,176.11000061035156,6037.7099609375,103.82915496826172
2010-05-12,1944.25,62.799434661865234,17.36236572265625,176.58999633789062,6183.490234375,103.85400390625
2010-05-13,1920.760009765625,62.97175216674805,17.38222312927246,176.85000610351562,6251.97021484375,103.9283676147461
2010-05-14,1884.6700439453125,63.37843704223633,16.832616806030273,176.91000366210938,6056.7099609375,104.3993911743164
2010-05-17,1887.1099853515625,63.2406005859375,16.852487564086914,176.6199951171875,6066.919921875,100.936767578125
2010-05-18,1860.6500244140625,63.70246887207031,17.051137924194336,177.35000610351562,6155.93017578125,101.19295501708984
2010-05-19,1851.280029296875,63.757598876953125,16.55450439453125,177.77000427246094,5988.669921875,101.713623046875
2010-05-20,1779.300048828125,64.37799072265625,16.21678924560547,177.72999572753906,5867.8798828125,102.08546447753906
2010-05-21,1806.050048828125,64.41248321533203,16.12408447265625,177.86000061035156,5829.25,102.2259521484375
2010-05-24,1782.77001953125,64.41248321533203,16.20354652404785,178.0500030517578,5805.68017578125,102.34166717529295
2010-05-25,1783.4000244140625,64.633056640625,15.806229591369627,178.42999267578125,5670.0400390625,102.98625946044922
2010-05-26,1773.6500244140625,64.50213623046875,16.15057373046875,177.5500030517578,5758.02001953125,102.51522064208984
2010-05-27,1832.6099853515625,63.88858413696289,16.600854873657227,177.0,5937.14013671875,102.14331817626952
2010-05-28,1809.97998046875,64.17811584472656,16.594228744506836,177.32000732421875,5946.18017578125,102.25076293945312
2010-05-31,,,16.653825759887695,177.25,5964.330078125,102.3829574584961
2010-06-01,1778.989990234375,64.26102447509766,16.680322647094727,176.8000030517578,5981.27001953125,102.25901794433594
2010-06-02,1825.25,63.894676208496094,16.706804275512695,176.2899932861328,5981.2001953125,102.40775299072266
2010-06-03,1832.719970703125,63.80476379394531,16.931947708129883,175.7100067138672,6054.6298828125,102.30034637451172
2010-06-04,1769.719970703125,64.68968200683594,16.64058494567871,175.75999450683594,5938.8798828125,103.02758026123048
2010-06-07,1745.8699951171875,64.95233917236328,16.50151824951172,175.1199951171875,5904.9501953125,103.10197448730467
2010-06-08,1765.2900390625,64.75186920166016,16.335973739624023,175.33999633789062,5868.5498046875,103.42425537109376
2010-06-09,1754.9100341796875,64.7588119506836,16.64058494567871,175.8300018310547,5984.75,103.06062316894533
2010-06-10,1806.68994140625,64.15737915039062,16.905454635620117,176.3300018310547,6056.58984375,102.8126983642578
2010-06-11,1815.260009765625,64.56524658203125,16.984922409057617,176.6999969482422,6047.830078125,103.06062316894533
2010-06-14,1812.02001953125,64.50990295410156,17.16370964050293,175.77000427246094,6125.0,102.66397857666016
2010-06-15,1854.6099853515625,64.3094482421875,17.057758331298828,175.1300048828125,6175.0498046875,102.53173065185548
2010-06-16,1853.6199951171875,64.48917388916016,17.06438446044922,174.47000122070312,6190.91015625,102.482177734375
2010-06-17,1856.25,64.79337310791016,17.09749412536621,175.0399932861328,6223.5400390625,102.5400161743164
2010-06-18,1858.699951171875,64.66204833984375,17.143842697143555,175.0500030517578,6216.97998046875,102.0937271118164
2010-06-21,1851.550048828125,64.6136245727539,17.329252243041992,175.0500030517578,6292.97021484375,101.73838806152344
2010-06-22,1822.050048828125,65.0007553100586,17.24317169189453,175.3300018310547,6269.0400390625,102.24249267578124
2010-06-23,1816.6500244140625,65.24263763427734,17.051137924194336,174.9499969482422,6204.52001953125,102.54824829101562
2010-06-24,1786.1300048828125,65.18733215332031,16.759784698486328,175.3699951171875,6115.47998046875,102.89537811279295
2010-06-25,1791.239990234375,65.29104614257812,16.64720916748047,175.00999450683594,6070.60009765625,102.84573364257812
2010-06-28,1787.93994140625,65.7542495727539,16.852487564086914,174.77000427246094,6157.22021484375,102.9697494506836
2010-06-29,1732.550048828125,66.03762817382812,16.362470626831055,175.3300018310547,5952.02978515625,103.21766662597656
2010-06-30,1715.22998046875,66.13439178466797,16.316120147705078,175.22999572753906,5965.52001953125,103.0771484375
2010-07-01,1709.77001953125,66.10533142089844,15.905567169189451,175.52999877929688,5857.43017578125,103.15982055664062
2010-07-02,1701.8599853515625,65.98751831054688,15.925427436828612,175.99000549316406,5834.14990234375,103.0110321044922
2010-07-05,,,15.879080772399902,176.6199951171875,5816.2001953125,103.3085708618164
2010-07-06,1710.969970703125,66.14688873291016,16.263141632080078,175.9600067138672,5940.97998046875,102.94495391845705
2010-07-07,1765.4200439453125,65.93901824951172,16.48828125,175.58999633789062,5992.85986328125,102.85401916503906
2010-07-08,1782.0999755859375,65.77953338623047,16.64058494567871,175.9600067138672,6035.66015625,102.6474609375
2010-07-09,1794.93994140625,65.60631561279297,16.746538162231445,175.72999572753906,6065.240234375,102.63092803955078
2010-07-12,1796.300048828125,65.71721649169922,16.825990676879883,176.64999389648438,6077.18994140625,102.96148681640624
2010-07-13,1824.0699462890625,65.39144134521484,17.130598068237305,176.08999633789062,6191.1298828125,102.6226577758789
2010-07-14,1823.8199462890625,65.71721649169922,17.15045928955078,175.5399932861328,6209.759765625,102.46561431884766
2010-07-15,1826.0,66.05680847167969,16.9716796875,175.38999938964844,6149.35986328125,102.482177734375
2010-07-16,1773.4300537109375,66.4380111694336,16.62734603881836,176.16000366210938,6040.27001953125,102.80443572998048
2010-07-19,1784.06005859375,66.26469421386719,16.534635543823242,176.36000061035156,6009.10986328125,102.42430114746094
2010-07-20,1804.47998046875,66.33406066894531,16.52801513671875,176.8000030517578,5967.490234375,102.5647964477539
2010-07-21,1781.5999755859375,66.75682830810547,16.72005271911621,176.8300018310547,5990.3798828125,102.58132934570312
2010-07-22,1821.760009765625,66.38948822021484,17.06438446044922,176.57000732421875,6142.14990234375,102.44910430908205
2010-07-23,1836.75,66.17464447021484,17.16370964050293,176.33999633789062,6166.33984375,102.19290161132812
2010-07-26,1857.3299560546875,66.1538314819336,17.276281356811523,176.41000366210938,6194.2099609375,101.7879867553711
2010-07-27,1855.3900146484375,65.9251480102539,17.316001892089844,176.80999755859375,6207.31005859375,101.68055725097656
2010-07-28,1842.6600341796875,66.20928192138672,17.269651412963867,177.19000244140625,6178.93994140625,101.88716888427734
2010-07-29,1835.2900390625,66.34788513183594,17.16370964050293,177.42999267578125,6134.7001953125,102.11853790283205
2010-07-30,1835.4000244140625,66.73596954345703,17.15045928955078,177.4600067138672,6147.97021484375,102.42430114746094
2010-08-02,1875.8499755859375,66.52961730957031,17.474929809570312,177.6199951171875,6292.1298828125,102.17638397216795
2010-08-03,1866.8699951171875,66.84233093261719,17.61398696899414,178.58999633789062,6307.91015625,102.85401916503906
2010-08-04,1878.81005859375,66.56439971923828,17.61398696899414,178.75,6331.330078125,102.93666076660156
2010-08-05,1876.510009765625,66.88402557373047,17.561016082763672,179.27999877929688,6333.580078125,103.23419189453124
2010-08-06,1869.77001953125,67.32186889648438,17.388845443725586,179.8699951171875,6259.6298828125,103.52344512939452
2010-08-09,1880.06005859375,67.30792236328125,17.627229690551758,179.8800048828125,6351.60009765625,103.46556091308594
2010-08-10,1868.8800048828125,67.6484375,17.468303680419922,179.24000549316406,6286.25,103.50688934326172
2010-08-11,1817.1300048828125,68.0306396484375,17.16370964050293,180.05999755859375,6154.06982421875,104.26718139648438
2010-08-12,1807.6099853515625,67.85688781738281,17.143842697143555,179.97999572753906,6135.169921875,104.34156799316406
2010-08-13,1800.3900146484375,68.14877319335938,17.17695426940918,179.85000610351562,6110.41015625,104.49032592773438
2010-08-16,1800.699951171875,68.64213562011719,17.16370964050293,180.3699951171875,6110.56982421875,104.87045288085938
2010-08-17,1823.1800537109375,68.29466247558594,17.329252243041992,180.47999572753903,6206.39990234375,104.58949279785156
2010-08-18,1826.1400146484375,68.22516632080078,17.30938720703125,181.19000244140625,6186.31005859375,104.92002868652344
2010-08-19,1795.239990234375,68.53092193603516,17.07762336730957,181.4199981689453,6075.1298828125,105.18447875976562
2010-08-20,1788.6700439453125,68.30863952636719,16.905454635620117,181.4900054931641,6005.16015625,105.4241180419922
2010-08-23,1781.469970703125,68.39886474609375,17.071001052856445,181.42999267578125,6010.91015625,105.31671905517578
2010-08-24,1755.6500244140625,68.94091033935547,16.898836135864258,182.05999755859375,5935.43994140625,105.93651580810548
2010-08-25,1761.6199951171875,68.62821960449219,16.64720916748047,182.27999877929688,5899.5,106.16789245605467
2010-08-26,1748.1400146484375,68.94091033935547,16.753154754638672,182.19000244140625,5912.580078125,106.15966033935548
2010-08-27,1777.5999755859375,68.14877319335938,16.878969192504883,181.4600067138672,5951.169921875,105.7960433959961
2010-08-30,1751.7900390625,68.66990661621094,16.892213821411133,181.9600067138672,5912.41015625,106.30015563964844
2010-08-31,1752.550048828125,68.9756851196289,16.845861434936523,182.32000732421875,5925.22021484375,106.35797882080078
2010-09-01,1804.4599609375,68.47899627685547,17.322628021240234,181.6000061035156,6083.89990234375,105.68032836914062
2010-09-02,1820.97998046875,68.19335174560547,17.40208625793457,181.3699951171875,6083.85009765625,105.32496643066406
2010-09-03,1845.0999755859375,67.80323028564453,17.468303680419922,180.8000030517578,6134.6201171875,104.83740234375
2010-09-06,,,17.50804901123047,180.63999938964844,6155.0400390625,104.96963500976562
2010-09-07,1824.050048828125,68.3396224975586,17.421958923339844,181.0500030517578,6117.89013671875,105.63072204589844
2010-09-08,1836.2099609375,68.15156555175781,17.56763458251953,180.9199981689453,6164.43994140625,105.34976196289062
2010-09-09,1845.0899658203125,67.61516571044922,17.7265567779541,180.5,6221.52001953125,104.96137237548828
2010-09-10,1854.0999755859375,67.42007446289062,17.766298294067383,179.9499969482422,6214.77001953125,104.53163146972656
2010-09-13,1875.4100341796875,67.74052429199219,17.911972045898438,179.74000549316406,6261.68017578125,104.4242172241211
2010-09-14,1874.0699462890625,68.08189392089844,17.885480880737305,179.99000549316406,6275.41015625,104.80433654785156
2010-09-15,1880.739990234375,67.84505462646484,17.7265567779541,179.61000061035156,6261.8701171875,104.5481414794922
2010-09-16,1880.3699951171875,67.60818481445312,17.719938278198242,178.60000610351562,6249.64990234375,104.05230712890624
2010-09-17,1881.9300537109375,67.76144409179688,17.66034507751465,178.86000061035156,6209.759765625,104.45723724365234
2010-09-20,1910.5999755859375,67.97040557861328,17.86562156677246,178.11000061035156,6294.580078125,104.05230712890624
2010-09-21,1905.739990234375,68.60440826416016,17.839128494262695,178.5399932861328,6275.97998046875,104.2093276977539
2010-09-22,1896.77001953125,68.70887756347656,17.57425880432129,179.66000366210938,6208.330078125,104.94481658935548
2010-09-23,1880.969970703125,68.80636596679688,17.561016082763672,179.86000061035156,6184.7099609375,105.31671905517578
2010-09-24,1920.8399658203125,68.46499633789062,17.7265567779541,179.24000549316406,6298.2998046875,104.87873840332033
2010-09-27,1909.97998046875,68.99451446533203,17.69344711303711,180.00999450683594,6278.89013671875,105.40760803222656
2010-09-28,1919.5899658203125,69.22434997558594,17.61398696899414,179.67999267578125,6276.08984375,105.49850463867188
2010-09-29,1914.8399658203125,69.05718994140625,17.541149139404297,179.67999267578125,6246.919921875,105.49850463867188
2010-09-30,1908.949951171875,68.97357940673828,17.435197830200195,179.80999755859375,6229.02001953125,105.28366088867188
2010-10-01,1917.4200439453125,69.01057434082031,17.421958923339844,180.0500030517578,6211.33984375,105.19275665283205
2010-10-04,1902.1500244140625,69.2550048828125,17.335872650146484,180.5500030517578,6134.2099609375,105.44893646240234
2010-10-05,1941.8199462890625,69.2689208984375,17.57425880432129,180.38999938964844,6215.830078125,105.25885772705078
2010-10-06,1941.5,69.71583557128906,17.63385772705078,181.25,6270.72998046875,105.77950286865234
2010-10-07,1938.31005859375,69.7856674194336,17.6470947265625,180.6699981689453,6276.25,105.46546936035156
2010-10-08,1950.1800537109375,69.81360626220703,17.6470947265625,181.0500030517578,6291.669921875,105.62248229980467
2010-10-11,1950.469970703125,69.88343811035156,17.68020248413086,181.2100067138672,6309.509765625,105.51506042480467
2010-10-12,1957.9200439453125,69.680908203125,17.666959762573242,181.4499969482422,6304.56982421875,105.74645233154295
2010-10-13,1972.0799560546875,69.680908203125,17.938459396362305,181.0399932861328,6434.52001953125,105.47374725341795
2010-10-14,1964.9000244140625,69.28292083740234,17.892101287841797,181.11000061035156,6455.27001953125,105.35802459716795
2010-10-15,1968.8699951171875,68.982666015625,17.85899543762207,180.92999267578125,6492.2998046875,104.87045288085938
2010-10-18,1983.1700439453125,69.31082916259766,17.95170021057129,180.9499969482422,6516.6298828125,104.76300811767578
2010-10-19,1951.6700439453125,69.54827117919922,17.86562156677246,180.22000122070312,6490.68994140625,104.5564422607422
2010-10-20,1972.510009765625,69.50634765625,17.898733139038086,180.1499938964844,6524.5498046875,104.30850982666016
2010-10-21,1976.1199951171875,69.12232208251953,18.031166076660156,179.10000610351562,6611.009765625,104.00275421142578
2010-10-22,1980.8299560546875,69.14322662353516,17.99805450439453,179.32000732421875,6605.83984375,104.06884765625
2010-10-25,1985.1099853515625,69.12232208251953,18.011293411254883,180.08999633789062,6639.2099609375,104.24239349365234
2010-10-26,1985.1300048828125,68.66143798828125,17.98481559753418,179.5,6613.7998046875,103.84571075439452
2010-10-27,1980.050048828125,68.26342010498047,17.839128494262695,178.5,6568.0,103.49036407470705
2010-10-28,1982.449951171875,68.66143798828125,17.905351638793945,178.4600067138672,6595.27978515625,103.54821014404295
2010-10-29,1981.5899658203125,68.96865844726562,17.86562156677246,178.69000244140625,6601.3701171875,103.88702392578124
2010-11-01,1983.469970703125,68.85315704345703,17.925212860107422,178.77999877929688,6604.85986328125,104.0936279296875
2010-11-02,1998.8599853515625,69.08415222167969,18.011293411254883,178.49000549316406,6654.31005859375,104.15149688720705
2010-11-03,2006.5799560546875,69.30813598632812,17.938459396362305,178.82000732421875,6617.7998046875,104.52337646484376
2010-11-04,2045.6199951171875,69.86809539794922,18.22981834411621,179.02000427246094,6734.68994140625,104.83740234375
2010-11-05,2053.77001953125,69.57415771484375,18.256298065185547,178.41000366210938,6754.2001953125,104.6060028076172
2010-11-08,2049.68994140625,69.59512329101562,18.296039581298828,178.3800048828125,6750.5,104.83740234375
2010-11-09,2033.8499755859375,69.00720977783203,18.421846389770508,177.97999572753906,6787.81005859375,104.70516967773438
2010-11-10,2043.1600341796875,69.26615142822266,18.302658081054688,176.97999572753906,6719.83984375,104.48204040527344
2010-11-11,2034.47998046875,69.189208984375,18.282794952392575,176.25,6723.41015625,104.68036651611328
2010-11-12,2010.5699462890625,68.6152114868164,18.170223236083984,176.47000122070312,6734.60986328125,104.06060028076172
2010-11-15,2008.25,67.73331451416016,18.349010467529297,176.4600067138672,6790.169921875,103.70523071289062
2010-11-16,1976.260009765625,68.23721313476562,17.991426467895508,175.5,6663.240234375,103.22590637207033
2010-11-17,1977.0,68.0412368774414,18.01791763305664,175.85000610351562,6700.06982421875,103.4077377319336
2010-11-18,2007.3800048828125,67.88028717041016,18.282794952392575,174.67999267578125,6832.10986328125,102.6969985961914
2010-11-19,2012.5899658203125,68.020263671875,18.190082550048828,174.8699951171875,6843.5498046875,102.70524597167967
2010-11-22,2009.52001953125,68.3842544555664,18.051027297973633,175.52999877929688,6822.0498046875,103.0771484375
2010-11-23,1980.8900146484375,68.52427673339844,17.77953338623047,175.5800018310547,6705.0,103.76307678222656
2010-11-24,2010.56005859375,67.78926849365234,17.964946746826172,174.00999450683594,6823.7998046875,102.9697494506836
2010-11-25,,,18.051027297973633,173.3800048828125,6879.66015625,102.77140045166016
2010-11-26,1996.030029296875,68.08326721191406,17.95170021057129,173.17999267578125,6848.97998046875,102.78789520263672
2010-11-29,1993.8299560546875,68.23027038574219,17.69344711303711,171.99000549316406,6697.97021484375,102.6392059326172
2010-11-30,1981.8399658203125,68.34922790527344,17.653715133666992,172.00999450683594,6688.490234375,103.28374481201172
2010-12-01,2024.969970703125,67.45045471191406,17.991426467895508,172.35000610351562,6866.6298828125,102.58132934570312
2010-12-02,2050.9599609375,67.28202056884766,18.282794952392575,173.25,6957.60986328125,102.3086166381836
2010-12-03,2056.39990234375,67.28900909423828,18.329147338867188,173.35000610351562,6947.72021484375,102.05240631103516
2010-12-06,2053.800048828125,67.7100601196289,18.329147338867188,173.22000122070312,6954.3798828125,102.3829574584961
2010-12-07,2054.889892578125,66.58741760253906,18.47482681274414,172.42999267578125,7001.91015625,101.6392059326172
2010-12-08,2063.030029296875,66.01902770996094,18.52117347717285,172.0399932861328,6975.8701171875,101.06073760986328
2010-12-09,2071.1201171875,66.15933990478516,18.58738899230957,172.44000244140625,6964.16015625,101.44090270996094
2010-12-10,2083.570068359375,65.59807586669922,18.60725975036621,171.97000122070312,7006.169921875,101.39956665039062
2010-12-13,2084.0,65.80853271484375,18.693340301513672,171.7899932861328,7029.39013671875,101.20951080322266
2010-12-14,2085.929931640625,65.11388397216797,18.699966430664062,171.2100067138672,7027.39990234375,100.85411834716795
2010-12-15,2075.2900390625,64.84725189208984,18.47482681274414,171.4600067138672,7016.3701171875,100.95330047607422
2010-12-16,2088.18994140625,65.23319244384766,18.50792694091797,170.82000732421875,7024.39990234375,100.72189331054688
2010-12-17,2089.949951171875,65.79447174072266,18.43509292602539,171.36000061035156,6982.4501953125,101.07723999023438
2010-12-20,2095.320068359375,65.78749084472656,18.56090927124023,171.8699951171875,7018.60009765625,101.62269592285156
2010-12-21,2108.260009765625,65.92781829833984,18.75956153869629,171.47999572753906,7077.990234375,101.51526641845705
2010-12-22,2115.68994140625,65.7453842163086,18.772804260253903,171.5800018310547,7067.919921875,101.77970123291016
2010-12-23,2112.3701171875,65.51384735107422,18.772804260253903,171.2899932861328,7057.68994140625,101.63094329833984
2010-12-27,2113.669921875,65.7664566040039,18.594017028808594,170.82000732421875,6970.72998046875,101.30867004394533
2010-12-28,2115.320068359375,65.0755844116211,18.646997451782227,171.0,6972.10009765625,101.6392059326172
2010-12-29,2117.830078125,65.80726623535156,18.72645378112793,170.82000732421875,6995.47021484375,101.54832458496094
2010-12-30,2114.699951171875,65.6735610961914,18.547666549682617,171.0,6914.18994140625,101.87889862060548
2010-12-31,2114.2900390625,66.00421905517578,,,,
2011-01-03,2138.300048828125,65.80017852783203,18.686721801757812,171.91000366210938,6989.740234375,102.24249267578124
2011-01-04,2135.530029296875,65.95496368408203,18.71320915222168,172.3699951171875,6975.35009765625,102.30034637451172
2011-01-05,2146.5,65.24443817138672,18.699966430664062,171.64999389648438,6939.81982421875,101.87061309814452
2011-01-06,2142.760009765625,65.58212280273438,18.805912017822266,171.3300018310547,6981.39013671875,102.0606689453125
2011-01-07,2138.81005859375,66.0183334350586,18.733074188232425,171.52000427246094,6947.83984375,102.49041748046876
2011-01-10,2135.860107421875,66.24343872070312,18.594017028808594,171.1999969482422,6857.06005859375,102.44083404541016
2011-01-11,2143.820068359375,65.98310852050781,18.799287796020508,171.36000061035156,6941.56982421875,102.1515884399414
2011-01-12,2163.360107421875,65.79320526123047,19.057540893554688,171.1999969482422,7068.77978515625,101.36650848388672
2011-01-13,2159.659912109375,66.23637390136719,18.944982528686523,171.6300048828125,7075.10986328125,101.27561950683594
2011-01-14,2175.679931640625,66.05347442626953,18.918481826782227,171.6999969482422,7075.7001953125,101.25906372070312
2011-01-17,,,18.971460342407227,171.6199951171875,7078.06005859375,101.26734161376952
2011-01-18,2178.719970703125,65.89168548583984,19.13701057434082,170.60000610351562,7143.4501953125,100.87067413330078
2011-01-19,2156.969970703125,66.06051635742188,18.898622512817383,171.0500030517578,7082.759765625,100.97814178466795
2011-01-20,2154.179931640625,65.54698181152344,18.646997451782227,170.72000122070312,7024.27001953125,100.5814437866211
2011-01-21,2159.429931640625,65.7650146484375,18.79266929626465,171.11000061035156,7062.419921875,100.4574966430664
2011-01-24,2172.030029296875,65.77210998535156,18.85888671875,171.47000122070312,7067.77001953125,100.61449432373048
2011-01-25,2172.669921875,66.10270690917969,18.71320915222168,171.1300048828125,7059.009765625,100.62273406982422
2011-01-26,2181.919921875,65.70170593261719,18.85888671875,170.5500030517578,7127.35009765625,100.3830795288086
2011-01-27,2186.929931640625,65.94800567626953,18.892000198364254,170.05999755859375,7155.580078125,100.16822052001952
2011-01-28,2147.949951171875,66.25043487548828,18.719829559326172,170.3800048828125,7102.7998046875,100.35002136230467
2011-01-31,2164.39990234375,65.99017333984375,18.746313095092773,170.63999938964844,7077.47998046875,100.42442321777344
2011-02-01,2200.5400390625,65.68334197998047,18.99132537841797,170.75999450683594,7184.27001953125,99.97814178466795
2011-02-02,2194.93994140625,65.5281753540039,19.024431228637695,171.38999938964844,7183.669921875,99.86245727539062
2011-02-03,2200.419921875,65.15438842773438,19.037670135498047,171.32000732421875,7193.68017578125,100.18474578857422
2011-02-04,2206.800048828125,64.75241088867188,19.13701057434082,171.08999633789062,7216.2099609375,99.84593200683594
2011-02-07,2220.60009765625,64.72418975830078,19.27606201171875,170.8800048828125,7283.6201171875,99.92029571533205
2011-02-08,2230.590087890625,64.27984619140625,19.28929901123047,170.4600067138672,7323.240234375,99.83765411376952
2011-02-09,2224.639892578125,64.6466293334961,19.216463088989254,170.10000610351562,7320.89990234375,99.60627746582033
2011-02-10,2226.510009765625,64.4350357055664,19.176734924316406,170.00999450683594,7340.27978515625,99.61454010009766
2011-02-11,2239.080078125,64.73120880126953,19.256200790405273,170.1199951171875,7371.2001953125,99.7963409423828
2011-02-14,2244.889892578125,64.75241088867188,19.33566093444824,169.77999877929688,7396.6298828125,99.7963409423828
2011-02-15,2237.89990234375,64.90047454833984,19.362144470214844,169.86000061035156,7400.0400390625,99.8211441040039
2011-02-16,2252.300048828125,64.80885314941406,19.44822883605957,170.60000610351562,7414.2998046875,100.19303894042967
2011-02-17,2259.419921875,65.04856872558594,19.46146774291992,170.97999572753906,7405.509765625,100.57316589355467
2011-02-18,2263.7900390625,65.03449249267578,19.47471046447754,170.33999633789062,7426.81005859375,100.13519287109376
2011-02-21,,,19.229711532592773,170.77000427246094,7321.81005859375,100.5649185180664
2011-02-22,2217.35009765625,65.66222381591797,19.070781707763672,171.1300048828125,7318.35009765625,100.77149963378906
2011-02-23,2203.889892578125,65.50001525878906,18.892000198364254,171.11000061035156,7194.60009765625,100.84586334228516
2011-02-24,2202.22998046875,65.66922760009766,18.78604507446289,170.92999267578125,7130.5,100.92024230957033
2011-02-25,2226.050048828125,65.88082122802734,19.01118850708008,170.77999877929688,7185.169921875,100.85411834716795
2011-02-28,2238.550048828125,65.85266876220703,19.13701057434082,170.61000061035156,7272.31982421875,100.7384262084961
2011-03-01,2203.320068359375,65.92753601074219,19.057540893554688,170.6999969482422,7223.2998046875,100.65579986572266
2011-03-02,2207.239990234375,65.58118438720703,18.90524101257324,170.63999938964844,7181.1201171875,100.5401382446289
2011-03-03,2245.330078125,65.13585662841797,18.964839935302734,170.44000244140625,7225.9599609375,99.5980224609375
2011-03-04,2228.780029296875,65.60240173339844,18.892000198364254,170.5,7178.89990234375,99.86245727539062
2011-03-07,2210.260009765625,65.43981170654297,18.78604507446289,169.77000427246094,7161.93017578125,99.84593200683594
2011-03-08,2230.39990234375,65.28424835205078,18.85888671875,169.25999450683594,7164.75,99.74675750732422
2011-03-09,2227.699951171875,65.66596984863281,18.819156646728516,169.22000122070312,7131.7998046875,99.8211441040039
2011-03-10,2185.64990234375,66.2244644165039,18.62050437927246,169.64999389648438,7063.08984375,100.10213470458984
2011-03-11,2201.81005859375,66.0689697265625,18.454954147338867,170.27000427246094,6981.490234375,100.44095611572266
2011-03-14,2188.56005859375,66.21737670898438,18.163604736328125,170.8300018310547,6866.6298828125,100.32523345947266
2011-03-15,2164.06005859375,66.45775604248047,17.85899543762207,171.91000366210938,6647.66015625,100.95330047607422
2011-03-16,2121.93994140625,67.02328491210938,17.6206111907959,172.39999389648438,6513.83984375,101.42435455322266
2011-03-17,2150.429931640625,66.81826782226562,17.885480880737305,171.3300018310547,6656.8798828125,100.7384262084961
2011-03-18,2159.68994140625,66.77584838867188,17.918590545654297,171.6199951171875,6664.39990234375,100.58968353271484
2011-03-21,2192.090087890625,66.42949676513672,18.22319984436035,171.25,6816.1201171875,100.3004379272461
2011-03-22,2184.570068359375,66.46484375,18.18346405029297,170.82000732421875,6780.97021484375,100.22608947753906
2011-03-23,2190.9599609375,66.37998962402344,18.28941535949707,170.72000122070312,6804.4501953125,100.33348846435548
2011-03-24,2211.419921875,66.04070281982422,18.454954147338867,170.6199951171875,6933.580078125,100.29219818115234
2011-03-25,2218.419921875,65.864013671875,18.501314163208008,170.50999450683594,6946.35986328125,100.11863708496094
2011-03-28,2212.320068359375,65.8851318359375,18.488065719604492,170.1699981689453,6938.6298828125,99.9285888671875
2011-03-29,2228.409912109375,65.6942367553711,18.52117347717285,169.82000732421875,6934.43994140625,99.7302474975586
2011-03-30,2243.550048828125,65.92044830322266,18.653608322143555,169.83999633789062,7057.14990234375,99.7219696044922
2011-03-31,2239.43994140625,65.75084686279297,18.50792694091797,169.2100067138672,7041.31005859375,99.5980224609375
2011-04-01,2250.580078125,65.89119720458984,18.78604507446289,169.0500030517578,7179.81005859375,99.42444610595705
2011-04-04,2251.639892578125,66.04009246826172,18.78604507446289,169.50999450683594,7175.330078125,99.52362823486328
2011-04-05,2251.260009765625,65.70684051513672,18.845643997192383,169.4199981689453,7175.31005859375,99.39142608642578
2011-04-06,2257.110107421875,65.42338562011719,18.918481826782227,169.5399932861328,7215.10986328125,99.16828918457033
2011-04-07,2253.760009765625,65.4304428100586,18.845643997192383,170.00999450683594,7178.77978515625,99.27572631835938
2011-04-08,2244.739990234375,65.23912048339844,18.898622512817383,169.22000122070312,7217.02001953125,98.79640197753906
2011-04-11,2238.510009765625,65.32415771484375,18.872135162353516,169.38999938964844,7204.85986328125,98.77985382080078
2011-04-12,2221.1201171875,65.69265747070312,18.56753158569336,170.02999877929688,7102.91015625,99.08562469482422
2011-04-13,2221.77001953125,65.94792175292969,18.706588745117188,169.9499969482422,7177.97021484375,99.13522338867188
2011-04-14,2221.989990234375,65.72816467285156,18.62712287902832,169.60000610351562,7146.56005859375,99.26742553710938
2011-04-15,2230.699951171875,66.21015167236328,18.660232543945312,169.57000732421875,7178.2900390625,99.56493377685548
2011-04-18,2206.14990234375,66.37315368652344,18.355632781982425,170.0500030517578,7026.85009765625,100.44095611572266
2011-04-19,2218.860107421875,66.45822143554688,18.47482681274414,170.10000610351562,7039.31005859375,100.26739501953124
2011-04-20,2248.89990234375,66.19593811035156,18.733074188232425,169.8000030517578,7249.18994140625,100.0855712890625
2011-04-21,2260.840087890625,66.24555969238281,18.885377883911133,169.64999389648438,7295.490234375,100.32523345947266
2011-04-25,2257.239990234375,66.47944641113281,,,,
2011-04-26,2277.510009765625,66.76300811767578,18.964839935302734,169.5800018310547,7356.509765625,100.47400665283205
2011-04-27,2292.1298828125,66.5716323852539,19.01781463623047,169.14999389648438,7404.9501953125,100.15169525146484
2011-04-28,2300.4599609375,66.82678985595703,19.084030151367188,170.0800018310547,7475.22021484375,100.58968353271484
2011-04-29,2305.760009765625,66.96148681640625,19.14362907409668,170.35000610351562,7514.4599609375,100.7384262084961
2011-05-02,2301.719970703125,66.94086456298828,19.196598052978516,170.41000366210938,7527.64013671875,100.65579986572266
2011-05-03,2293.949951171875,67.1185073852539,19.04429817199707,170.41000366210938,7500.7001953125,100.48228454589844
2011-05-04,2278.6298828125,67.28907012939453,18.805912017822266,170.30999755859375,7373.93017578125,100.3086929321289
2011-05-05,2258.080078125,67.6230697631836,18.772804260253903,170.8699951171875,7376.9599609375,100.89544677734376
2011-05-06,2266.969970703125,67.6586685180664,19.01118850708008,171.24000549316406,7492.25,101.17646026611328
2011-05-09,2277.300048828125,67.75808715820312,18.99132537841797,171.49000549316406,7410.52001953125,101.70533752441406
2011-05-10,2295.719970703125,67.43123626708984,19.163488388061523,171.4600067138672,7501.52001953125,101.56484985351562
2011-05-11,2271.469970703125,67.67280578613281,19.176734924316406,171.50999450683594,7495.0498046875,101.51526641845705
2011-05-12,2282.840087890625,67.52361297607422,19.070781707763672,171.94000244140625,7443.9501953125,101.7549057006836
2011-05-13,2264.52001953125,67.7865219116211,19.04429817199707,172.16000366210938,7403.31005859375,101.90365600585938
2011-05-16,2250.610107421875,67.94999694824219,19.004568099975582,172.0800018310547,7387.5400390625,98.4740982055664
2011-05-17,2250.35009765625,68.14891815185547,18.83902359008789,172.25,7256.64990234375,98.67243194580078
2011-05-18,2270.570068359375,67.75808715820312,18.852264404296875,171.85000610351562,7303.52978515625,98.55677032470705
2011-05-19,2275.7099609375,67.82913208007812,18.99132537841797,171.69000244140625,7358.22998046875,98.4410629272461
2011-05-20,2258.2099609375,67.99250793457031,18.971460342407227,171.80999755859375,7266.81982421875,98.90383911132812
2011-05-23,2231.31005859375,68.08499908447266,18.699966430664062,171.8300018310547,7121.52001953125,99.25092315673828
2011-05-24,2229.489990234375,68.15602111816406,18.72645378112793,171.57000732421875,7150.66015625,98.961669921875
2011-05-25,2236.75,68.16317749023438,18.878753662109375,172.1300048828125,7170.93994140625,99.14348602294922
2011-05-26,2246.1298828125,68.5397720336914,18.865509033203125,172.72999572753906,7114.08984375,99.45751953125
2011-05-27,2255.739990234375,68.53267669677734,18.97808074951172,172.5800018310547,7163.47021484375,99.61454010009766
2011-05-30,,,18.951597213745117,172.42999267578125,7160.2998046875,99.6310577392578
2011-05-31,2279.659912109375,68.63929748535156,19.10389518737793,172.2899932861328,7293.68994140625,99.34181213378906
2011-06-01,2227.9599609375,69.20494842529297,18.95820999145508,171.9199981689453,7217.43017578125,99.63931274414062
2011-06-02,2225.360107421875,68.79170227050781,18.71320915222168,,7074.1201171875,99.65585327148438
2011-06-03,2203.81005859375,69.06244659423828,18.640365600585938,173.0500030517578,7109.02978515625,99.2261199951172
2011-06-06,2180.139892578125,69.01969146728516,18.481441497802734,173.07000732421875,7084.56982421875,99.36661529541016
2011-06-07,2178.14990234375,69.14795684814453,18.514551162719727,172.47999572753906,7103.25,99.01126098632812
2011-06-08,2169.5,69.29755401611328,18.40860366821289,172.4199981689453,7060.22998046875,99.27572631835938
2011-06-09,2185.52001953125,69.01969146728516,18.501314163208008,172.3000030517578,7159.66015625,99.5401840209961
2011-06-10,2155.0,69.24058532714844,18.24968910217285,172.6300048828125,7069.89990234375,100.00296783447266
2011-06-13,2157.14990234375,69.09098052978516,18.296039581298828,172.49000549316406,7085.14013671875,100.01124572753906
2011-06-14,2184.47998046875,68.54239654541016,18.448335647583008,172.2899932861328,7204.7900390625,99.71369934082033
2011-06-15,2146.449951171875,69.2833251953125,17.964946746826172,172.38999938964844,7115.080078125,100.0938491821289
2011-06-16,2150.580078125,69.47570037841797,17.905351638793945,172.05999755859375,7110.2001953125,100.3996353149414
2011-06-17,2157.139892578125,69.42578125,17.905351638793945,172.19000244140625,7164.0498046875,100.14341735839844
2011-06-20,2168.800048828125,69.31890869140625,17.8060245513916,171.97000122070312,7150.2099609375,100.15169525146484
2011-06-21,2198.14990234375,69.22627258300781,18.00467872619629,171.97000122070312,7285.509765625,100.01124572753906
2011-06-22,2184.030029296875,69.19783020019531,17.98481559753418,171.99000549316406,7278.18994140625,100.27564239501952
2011-06-23,2177.85009765625,69.5611343383789,17.719938278198242,172.05999755859375,7149.43994140625,100.95330047607422
2011-06-24,2152.31005859375,69.85325622558594,17.69344711303711,172.02000427246094,7121.3798828125,101.11031341552734
2011-06-27,2172.080078125,69.58255767822266,17.713314056396484,171.36000061035156,7107.89990234375,100.77149963378906
2011-06-28,2200.679931640625,68.94133758544922,17.786155700683594,171.39999389648438,7170.43017578125,100.42442321777344
2011-06-29,2219.199951171875,68.52814483642578,18.084129333496097,171.36000061035156,7294.14013671875,100.03598022460938
2011-06-30,2241.659912109375,68.2930679321289,18.256298065185547,171.6199951171875,7376.240234375,99.7385025024414
2011-07-01,2274.260009765625,68.12238311767578,18.421846389770508,171.67999267578125,7419.43994140625,99.5980224609375
2011-07-04,,,18.468204498291016,171.9199981689453,7442.9599609375,99.74675750732422
2011-07-05,2271.2900390625,68.55084228515625,18.488065719604492,171.52000427246094,7439.43994140625,99.82939910888672
2011-07-06,2274.419921875,68.67224884033203,18.421846389770508,170.85000610351562,7431.18994140625,100.49879455566406
2011-07-07,2298.31005859375,68.4080581665039,18.49468994140625,170.35000610351562,7471.43994140625,100.24261474609376
2011-07-08,2282.320068359375,69.13644409179688,18.382116317749023,170.63999938964844,7402.72998046875,101.20951080322266
2011-07-11,2241.070068359375,69.66490173339844,18.077512741088867,169.0399932861328,7230.25,102.33341979980467
2011-07-12,2231.14990234375,69.764892578125,17.98481559753418,169.4600067138672,7174.14013671875,102.201171875
2011-07-13,2238.2900390625,69.8791732788086,18.15035820007324,169.3300018310547,7267.8701171875,101.92845916748048
2011-07-14,2223.2900390625,69.47928619384766,17.98481559753418,168.91000366210938,7214.740234375,101.93671417236328
2011-07-15,2235.64990234375,69.764892578125,17.885480880737305,168.47000122070312,7220.1201171875,102.29206848144533
2011-07-18,2217.550048828125,69.72199249267578,17.561016082763672,167.86000061035156,7107.919921875,102.53173065185548
2011-07-19,2253.7099609375,69.98625946044922,17.713314056396484,168.24000549316406,7192.669921875,102.30034637451172
2011-07-20,2252.52001953125,69.64351654052734,17.931835174560547,169.2100067138672,7221.35986328125,101.77970123291016
2011-07-21,2283.22998046875,69.25786590576172,18.170223236083984,169.6300048828125,7290.14013671875,100.96985626220705
2011-07-22,2285.340087890625,69.5220947265625,18.236440658569336,170.72999572753906,7326.39013671875,101.34996032714844
2011-07-25,2272.469970703125,69.30069732666016,18.18346405029297,170.2100067138672,7344.5400390625,101.73013305664062
2011-07-26,2263.14990234375,69.59346008300781,18.10400390625,170.47999572753906,7349.4501953125,101.87889862060548
2011-07-27,2217.2900390625,69.47928619384766,17.892101287841797,170.80999755859375,7252.68017578125,102.50692749023438
2011-07-28,2210.330078125,69.61497497558594,17.905351638793945,170.8699951171875,7190.06005859375,102.6061019897461
2011-07-29,2196.080078125,70.45763397216797,17.786155700683594,171.4499969482422,7158.77001953125,103.2507095336914
2011-08-01,2187.0,70.71388244628906,17.554393768310547,171.8800048828125,6953.97998046875,103.81266784667967
2011-08-02,2131.10009765625,71.3653335571289,17.190195083618164,171.32000732421875,6796.75,104.1845474243164
2011-08-03,2142.56005859375,71.42253112792969,16.88558578491211,171.4499969482422,6640.58984375,104.23410034179688
2011-08-04,2040.199951171875,72.36756134033203,16.455175399780273,171.8000030517578,6414.759765625,104.96137237548828
2011-08-05,2039.0400390625,71.52996063232422,16.05786895751953,171.80999755859375,6236.16015625,104.58949279785156
2011-08-08,1903.469970703125,72.66819763183594,15.44866180419922,176.1300048828125,5923.27001953125,105.333251953125
2011-08-09,1993.760009765625,73.09059143066406,15.581100463867188,175.1999969482422,5917.080078125,104.6225128173828
2011-08-10,1906.530029296875,74.05703735351562,14.9520263671875,178.14999389648438,5613.419921875,106.03565979003906
2011-08-11,1995.1400146484375,72.96887969970703,15.461907386779783,177.6999969482422,5797.66015625,105.22583770751952
2011-08-12,2005.6700439453125,73.47718811035156,16.00489616394043,177.86000061035156,5997.740234375,105.0853500366211
2011-08-15,2049.510009765625,73.20511627197266,15.985026359558104,178.08999633789062,6022.240234375,105.14315795898438
2011-08-16,2029.9200439453125,73.5416030883789,15.96516227722168,178.25,5994.89990234375,105.2092742919922
2011-08-17,2032.4100341796875,74.05703735351562,16.03137969970703,179.3800048828125,5948.93994140625,105.87043762207033
2011-08-18,1941.9200439453125,74.44361114501953,15.230149269104004,180.11000061035156,5602.7998046875,106.91168212890624
2011-08-19,1912.77001953125,74.52227783203125,15.018243789672852,180.2899932861328,5480.0,106.73811340332033
2011-08-22,1913.27001953125,74.38632202148438,15.157303810119627,180.1499938964844,5473.77978515625,106.68028259277344
2011-08-23,1978.8900146484375,74.08566284179688,15.24338436126709,179.99000549316406,5532.3798828125,106.57284545898438
2011-08-24,2005.1300048828125,73.2910385131836,15.475153923034668,179.61000061035156,5681.080078125,106.18441772460938
2011-08-25,1973.9599609375,73.74198913574219,15.322845458984377,179.8300018310547,5584.14013671875,106.40755462646484
2011-08-26,2004.1099853515625,73.97825622558594,15.25662612915039,180.11000061035156,5537.47998046875,106.62242889404295
2011-08-29,2061.050048828125,73.49149322509766,15.461907386779783,179.55999755859375,5670.06982421875,106.06049346923828
2011-08-30,2066.3701171875,73.99971008300781,15.56122875213623,180.30999755859375,5643.919921875,106.6554946899414
2011-08-31,2076.780029296875,73.73490905761719,15.99826717376709,179.5399932861328,5784.85009765625,106.1100616455078
2011-09-01,2052.300048828125,74.32247924804688,16.097597122192383,180.02999877929688,5730.6298828125,106.60591888427734
2011-09-02,2000.5,75.00408172607422,15.700287818908691,180.7599945068359,5538.330078125,107.6884765625
2011-09-05,,,15.157303810119627,180.4900054931641,5246.18017578125,108.73802185058594
2011-09-06,1985.6700439453125,75.10447692871094,14.98513889312744,180.55999755859375,5193.97021484375,108.82891082763672
2011-09-07,2043.050048828125,74.70274353027344,15.422168731689451,181.4499969482422,5405.52978515625,108.43223571777344
2011-09-08,2021.4200439453125,75.068603515625,15.547979354858398,181.6499938964844,5408.4599609375,108.65535736083984
2011-09-09,1967.469970703125,75.4345474243164,15.170544624328612,182.02000427246097,5189.93017578125,109.41568756103516
2011-09-12,1981.300048828125,75.20498657226562,14.766607284545898,181.1199951171875,5072.330078125,109.5892105102539
2011-09-13,2000.0799560546875,74.98258972167969,14.905670166015623,180.10000610351562,5166.35986328125,109.29996490478516
2011-09-14,2027.0400390625,75.02560424804688,15.057975769042969,179.58999633789062,5340.18994140625,108.62232208251952
2011-09-15,2062.25,74.4659423828125,15.25662612915039,179.22999572753906,5508.240234375,108.09342956542967
2011-09-16,2074.06005859375,74.6094970703125,15.342708587646484,180.77000427246097,5573.509765625,108.63883209228516
2011-09-19,2053.739990234375,75.21930694580078,15.011616706848145,180.5399932861328,5415.91015625,109.08507537841795
2011-09-20,2050.389892578125,75.31971740722656,15.27649211883545,180.1499938964844,5571.68017578125,109.13468170166016
2011-09-21,1990.199951171875,75.64263916015625,15.064595222473145,180.0,5433.7998046875,109.30823516845705
2011-09-22,1926.760009765625,76.345703125,14.362683296203612,180.8500061035156,5164.2099609375,109.82884979248048
2011-09-23,1938.72998046875,75.71434783935547,14.41566276550293,180.69000244140625,5196.56005859375,109.51483917236328
2011-09-26,1983.969970703125,75.398681640625,14.634184837341309,180.5099945068359,5345.56005859375,108.96115112304688
2011-09-27,2005.18994140625,74.89646911621094,15.336089134216309,179.8000030517578,5628.43994140625,108.06036376953124
2011-09-28,1964.199951171875,74.9107666015625,15.203656196594238,179.57000732421875,5578.419921875,107.74634552001952
2011-09-29,1980.22998046875,74.9107666015625,15.289731979370115,179.85000610351562,5639.580078125,107.67195129394533
2011-09-30,1930.7900390625,75.38434600830078,15.190404891967772,180.9453125,5502.02001953125,108.51490020751952
2011-10-03,1875.949951171875,76.08245086669922,,,,
2011-10-04,1918.3900146484375,75.69420623779297,14.52160930633545,182.1499938964844,5216.7099609375,109.71317291259766
2011-10-05,1953.6700439453125,75.37786865234375,14.925536155700684,180.9499969482422,5473.02978515625,108.8702621459961
2011-10-06,1989.6099853515625,74.85306549072266,15.342708587646484,180.5399932861328,5645.25,108.15129089355467
2011-10-07,1973.4200439453125,74.46487426757812,15.455282211303713,180.27999877929688,5675.7001953125,107.7298355102539
2011-10-10,2040.760009765625,73.68122863769531,15.76651096343994,179.30999755859375,5847.2900390625,107.12653350830078
2011-10-11,2041.9000244140625,73.92573547363281,15.779752731323242,178.8300018310547,5865.009765625,107.13478088378906
2011-10-12,2062.219970703125,73.6740493774414,15.971782684326172,177.63999938964844,5994.47021484375,106.39102935791016
2011-10-13,2056.260009765625,73.96882629394531,15.826102256774902,177.64999389648438,5914.83984375,107.03564453125
2011-10-14,2091.989990234375,73.6021499633789,15.932050704956056,176.50999450683594,5967.2001953125,106.39102935791016
2011-10-17,2051.5400390625,74.08386993408203,15.779752731323242,177.14999389648438,5859.43017578125,107.17610168457033
2011-10-18,2093.429931640625,74.00470733642578,15.75988483428955,176.97000122070312,5877.41015625,107.81244659423828
2011-10-19,2067.280029296875,74.11976623535156,15.826102256774902,176.1699981689453,5913.52978515625,107.42405700683594
2011-10-20,2076.75,73.96882629394531,15.61420726776123,176.27000427246094,5766.47998046875,107.81244659423828
2011-10-21,2115.860107421875,73.83218383789062,15.978404998779297,176.00999450683594,5970.9599609375,107.10174560546876
2011-10-24,2143.1298828125,73.79627990722656,16.163816452026367,175.5800018310547,6055.27001953125,107.0604248046875
2011-10-25,2100.169921875,74.42889404296875,16.07111167907715,176.33999633789062,6046.75,107.46533203125
2011-10-26,2122.320068359375,73.88258361816406,16.084360122680664,177.10000610351562,6016.06982421875,107.77112579345705
2011-10-27,2195.219970703125,72.9910659790039,16.693557739257812,176.6199951171875,6337.83984375,106.56459045410156
2011-10-28,2196.1298828125,73.42963409423828,16.620716094970703,175.97000122070312,6346.18994140625,106.63895416259766
2011-10-31,2141.81005859375,74.4145278930664,16.30287742614746,176.58999633789062,6141.33984375,107.79593658447266
2011-11-01,2081.969970703125,75.3071060180664,15.726774215698242,177.67999267578125,5834.509765625,109.61399841308594
2011-11-02,2115.699951171875,75.126953125,15.872453689575195,177.2100067138672,5965.6298828125,109.31649780273438
2011-11-03,2155.8701171875,74.77396392822266,16.196928024291992,176.9199981689453,6133.18017578125,108.82891082763672
2011-11-04,2142.340087890625,74.99728393554688,16.01814079284668,176.91000366210938,5966.16015625,109.37435913085938
2011-11-07,2156.0,75.08374786376953,15.971782684326172,176.0500030517578,5928.68017578125,109.64706420898438
2011-11-08,2182.610107421875,74.74517059326172,16.084360122680664,175.77000427246094,5961.43994140625,109.5644073486328
2011-11-09,2102.719970703125,75.4079360961914,15.812860488891602,175.5,5829.5400390625,110.04373168945312
2011-11-10,2121.139892578125,75.04054260253906,15.76651096343994,173.2100067138672,5867.81005859375,109.729736328125
2011-11-11,2162.47998046875,74.69475555419922,16.117462158203125,173.85000610351562,6057.02978515625,109.06029510498048
2011-11-14,2142.090087890625,75.16301727294922,15.971782684326172,173.52000427246094,5985.02001953125,109.74626159667967
2011-11-15,2152.800048828125,75.0621337890625,15.879080772399902,173.50999450683594,5933.14013671875,109.9693832397461
2011-11-16,2117.639892578125,75.33583068847656,15.879080772399902,171.08999633789062,5913.35986328125,109.5313491821289
2011-11-17,2082.10009765625,75.48714447021484,15.67380142211914,171.27000427246094,5850.169921875,109.01075744628906
2011-11-18,2081.419921875,75.20619201660156,15.574474334716797,172.4199981689453,5800.240234375,108.52315521240234
2011-11-21,2042.7099609375,75.41512298583984,15.07121753692627,172.42999267578125,5606.0,108.99422454833984
2011-11-22,2034.4100341796875,75.64566040039062,14.97189235687256,172.83999633789062,5537.39013671875,108.9281005859375
2011-11-23,1989.5400390625,75.90495300292969,14.773236274719238,169.52999877929688,5457.77001953125,107.81244659423828
2011-11-24,,,14.759992599487305,168.25999450683594,5428.10986328125,107.3331527709961
2011-11-25,1984.5,75.42229461669922,14.826215744018556,167.61000061035156,5492.8701171875,106.8786163330078
2011-11-28,2042.800048828125,75.42950439453125,15.402308464050291,168.24000549316406,5745.330078125,106.53977966308594
2011-11-29,2048.06005859375,75.28544616699219,15.554607391357422,168.5399932861328,5799.91015625,106.34972381591795
2011-11-30,2137.080078125,74.84601593017578,16.064491271972656,170.30999755859375,6088.83984375,106.8868637084961
2011-12-01,2133.070068359375,74.82434844970703,15.985026359558104,173.24000549316406,6035.8798828125,107.56451416015624
2011-12-02,2132.639892578125,75.1563720703125,16.1373291015625,173.3300018310547,6080.68017578125,107.90338897705078
2011-12-05,2154.679931640625,75.11306762695312,16.289628982543945,175.91000366210938,6106.08984375,107.39093017578124
2011-12-06,2157.10009765625,74.9181900024414,16.223411560058594,176.1999969482422,6028.81982421875,107.47360229492188
2011-12-07,2162.070068359375,75.25739288330078,16.21678924560547,175.89999389648438,5994.72998046875,108.00254821777344
2011-12-08,2116.409912109375,75.63995361328125,15.971782684326172,174.35000610351562,5874.43994140625,108.63883209228516
2011-12-09,2152.14990234375,75.12025451660156,16.143949508666992,174.35000610351562,5986.7099609375,107.84552764892578
2011-12-12,2120.14990234375,75.3801040649414,15.865826606750488,174.4199981689453,5785.43017578125,108.65535736083984
2011-12-13,2102.14990234375,75.72652435302734,15.958540916442873,174.4600067138672,5774.259765625,108.54795837402344
2011-12-14,2078.510009765625,76.04415130615234,15.620826721191406,175.02000427246094,5675.14013671875,109.29996490478516
2011-12-15,2085.43994140625,75.97917938232422,15.773133277893066,176.36000061035156,5730.6201171875,109.20079040527344
2011-12-16,2092.179931640625,76.34728240966797,15.720152854919434,177.02999877929688,5701.77978515625,109.78756713867188
2011-12-19,2067.669921875,76.60710144042969,15.720152854919434,177.1300048828125,5670.7099609375,109.6718521118164
2011-12-20,2129.669921875,75.91419219970703,16.04462242126465,177.75999450683594,5847.02978515625,109.19255828857422
2011-12-21,2133.860107421875,75.66877746582031,15.958540916442873,177.22000122070312,5791.52978515625,109.3495635986328
2011-12-22,2152.0400390625,75.76264190673828,16.12408447265625,176.92999267578125,5852.18017578125,109.27517700195312
2011-12-23,2171.5,75.45231628417969,16.249893188476562,177.10000610351562,5878.93017578125,109.21732330322266
2011-12-27,2171.7099609375,75.49492645263672,16.243274688720703,177.27999877929688,5889.759765625,109.52312469482422
2011-12-28,2145.090087890625,75.97216796875,16.143949508666992,177.6699981689453,5771.27001953125,109.66357421875
2011-12-29,2168.1201171875,76.0661392211914,16.316120147705078,177.6199951171875,5848.77978515625,110.0189437866211
2011-12-30,2158.93994140625,76.33375549316406,16.402196884155273,177.6699981689453,5898.35009765625,110.07678985595705
2012-01-02,,,16.773019790649414,177.25999450683594,6075.52001953125,109.6718521118164
2012-01-03,2192.39990234375,75.84921264648438,16.88558578491211,176.89999389648438,6166.56982421875,109.69664001464844
2012-01-04,2193.280029296875,75.6106185913086,16.773019790649414,176.57000732421875,6111.5498046875,109.5892105102539
2012-01-05,2199.72998046875,75.62511444091797,16.62734603881836,175.8000030517578,6095.990234375,110.0189437866211
2012-01-06,2194.97998046875,75.92152404785156,16.620716094970703,175.35000610351562,6057.919921875,110.10154724121094
2012-01-09,2200.0,75.93599700927734,16.541255950927734,176.02000427246094,6017.22998046875,110.25032806396484
2012-01-10,2219.580078125,75.78413391113281,16.825990676879883,176.24000549316406,6162.97998046875,109.91152954101562
2012-01-11,2220.47998046875,76.2252197265625,16.753154754638672,177.3699951171875,6152.33984375,110.45693969726562
2012-01-12,2225.739990234375,76.0661392211914,16.72005271911621,179.3800048828125,6179.2099609375,110.3329849243164
2012-01-13,2214.72998046875,76.406005859375,16.700180053710938,179.30999755859375,6143.080078125,110.79576873779295
2012-01-16,,,16.845861434936523,179.66000366210938,6220.009765625,110.79576873779295
2012-01-17,2222.590087890625,76.47834014892578,16.998165130615234,179.75999450683594,6332.93017578125,110.66351318359376
2012-01-18,2247.639892578125,76.23970794677734,17.031269073486328,179.9499969482422,6354.56982421875,110.74620056152344
2012-01-19,2258.800048828125,75.78413391113281,17.170324325561523,179.75999450683594,6416.259765625,110.20902252197266
2012-01-20,2260.3701171875,75.52387237548828,17.170324325561523,180.0500030517578,6404.39013671875,109.73796844482422
2012-01-23,2261.469970703125,75.35762786865234,17.24317169189453,180.2599945068359,6436.6201171875,109.29996490478516
2012-01-24,2259.219970703125,75.44436645507812,17.17695426940918,180.13999938964844,6419.22021484375,109.25867462158205
2012-01-25,2278.830078125,75.80583953857422,17.123977661132812,180.3699951171875,6421.85009765625,109.57269287109376
2012-01-26,2265.840087890625,76.2107925415039,17.335872650146484,181.8000030517578,6539.85009765625,110.1263427734375
2012-01-27,2262.35009765625,76.44217681884766,17.143842697143555,182.77999877929688,6511.97998046875,110.25032806396484
2012-01-30,2256.719970703125,76.70243072509766,16.978290557861328,182.32000732421875,6444.4501953125,110.70488739013672
2012-01-31,2255.68994140625,76.99174499511719,17.090866088867188,182.91000366210935,6458.91015625,110.82057189941406
2012-02-01,2276.239990234375,76.72437286376953,17.44182014465332,184.0,6616.64013671875,110.5561294555664
2012-02-02,2278.919921875,76.83308410644531,17.514657974243164,184.6199951171875,6655.6298828125,110.41563415527344
2012-02-03,2312.489990234375,76.22455596923828,17.772916793823242,183.8699951171875,6766.669921875,109.78756713867188
2012-02-06,2311.550048828125,76.4346923828125,17.759662628173828,184.3699951171875,6764.830078125,110.19248962402344
2012-02-07,2316.27001953125,75.94205474853516,17.733184814453125,183.9900054931641,6754.2001953125,109.63877868652344
2012-02-08,2322.110107421875,75.97831726074219,17.68020248413086,184.0099945068359,6748.759765625,109.53960418701172
2012-02-09,2325.56005859375,75.80443572998047,17.7265567779541,184.25,6788.7998046875,109.15950012207033
2012-02-10,2309.60009765625,76.23184204101562,17.54776954650879,183.9600067138672,6692.9599609375,109.87848663330078
2012-02-13,2325.81005859375,76.18109893798828,17.68020248413086,184.2599945068359,6738.47021484375,109.81233978271484
2012-02-14,2324.0,76.34052276611328,17.63385772705078,184.1699981689453,6728.18994140625,109.94452667236328
2012-02-15,2312.280029296875,76.39842987060547,17.766298294067383,183.47999572753903,6757.93994140625,110.3247528076172
2012-02-16,2338.1201171875,76.05075073242188,17.759662628173828,183.4499969482422,6751.9599609375,110.14291381835938
2012-02-17,2343.669921875,75.97102355957031,17.885480880737305,183.72999572753903,6848.02978515625,109.87848663330078
2012-02-20,,,18.037792205810547,184.0800018310547,6948.25,109.66357421875
2012-02-21,2345.409912109375,75.69577026367188,17.938459396362305,184.4199981689453,6908.18017578125,109.60579681396484
2012-02-22,2337.669921875,75.99281311035156,17.786155700683594,184.66000366210935,6843.8701171875,110.1263427734375
2012-02-23,2348.110107421875,76.10145568847656,17.772916793823242,184.6699981689453,6809.4599609375,110.31647491455078
2012-02-24,2352.340087890625,76.15935516357422,17.819265365600586,184.8000030517578,6864.43017578125,110.3329849243164
2012-02-27,2355.739990234375,76.4129409790039,17.753047943115234,185.3000030517578,6849.60009765625,110.79576873779295
2012-02-28,2364.030029296875,76.44912719726562,17.799402236938477,185.69000244140625,6887.6298828125,110.9610595703125
2012-02-29,2353.22998046875,76.14491271972656,17.799402236938477,186.11000061035156,6856.080078125,110.9031982421875
2012-03-01,2367.8701171875,75.89824676513672,17.98481559753418,187.5500030517578,6941.77001953125,110.41563415527344
2012-03-02,2360.280029296875,76.20289611816406,17.98481559753418,188.02000427246097,6921.3701171875,110.99410247802734
2012-03-05,2351.280029296875,76.05060577392578,17.87224006652832,187.52000427246097,6866.4599609375,110.76271057128906
2012-03-06,2315.2099609375,76.36988067626953,17.41533088684082,186.8300018310547,6633.10986328125,111.09329223632812
2012-03-07,2331.889892578125,76.2247314453125,17.521276473999023,187.36000061035156,6671.10986328125,111.09329223632812
2012-03-08,2355.010009765625,75.999755859375,17.792776107788086,188.0099945068359,6834.5400390625,110.9775619506836
2012-03-09,2363.56005859375,75.94173431396484,17.87224006652832,187.97999572753903,6880.2099609375,111.0106201171875
2012-03-12,2364.10009765625,75.92001342773438,17.852380752563477,187.83999633789065,6901.35009765625,111.32467651367188
2012-03-13,2407.7900390625,75.37586212158203,18.14373016357422,187.57000732421875,6995.91015625,110.88668060302734
2012-03-14,2404.97998046875,74.51250457763672,18.216569900512695,186.9199981689453,7079.419921875,109.86192321777344
2012-03-15,2419.3701171875,74.4906997680664,18.13711166381836,186.6999969482422,7144.4501953125,109.69664001464844
2012-03-16,2422.090087890625,74.46900177001953,18.196712493896484,186.3300018310547,7157.81982421875,109.05201721191406
2012-03-19,2431.72998046875,74.0118179321289,18.190082550048828,186.55999755859375,7154.22021484375,109.07686614990234
2012-03-20,2424.4599609375,74.0481185913086,17.971567153930664,186.19000244140625,7054.93994140625,109.1512451171875
2012-03-21,2420.02001953125,74.42540740966797,17.95831871032715,185.97000122070312,7071.31982421875,109.59749603271484
2012-03-22,2402.7099609375,74.51972198486328,17.772916793823242,185.8500061035156,6981.259765625,110.11811065673828
2012-03-23,2410.159912109375,74.79540252685547,17.746421813964844,186.3699951171875,6995.6201171875,110.42389678955078
2012-03-26,2443.639892578125,74.7083740234375,17.938459396362305,186.3300018310547,7079.22998046875,109.91152954101562
2012-03-27,2437.010009765625,75.12187957763672,17.839128494262695,186.1699981689453,7078.89990234375,110.3412628173828
2012-03-28,2425.550048828125,74.99127960205078,17.64047622680664,186.6499938964844,6998.7998046875,110.7709732055664
2012-03-29,2421.699951171875,75.30326080322266,17.44844627380371,185.8800048828125,6875.14990234375,110.9610595703125
2012-03-30,2430.669921875,74.93326568603516,17.600746154785156,186.7899932861328,6946.830078125,111.0106201171875
2012-04-02,2449.080078125,75.11280822753906,17.845752716064453,186.92999267578125,7056.64990234375,111.0106201171875
2012-04-03,2439.889892578125,74.56048583984375,17.69344711303711,186.57000732421875,6982.27978515625,111.01888275146484
2012-04-04,2415.050048828125,74.93836975097656,17.316001892089844,185.6499938964844,6784.06005859375,111.05193328857422
2012-04-05,2414.39990234375,75.27264404296875,17.35573959350586,185.3000030517578,6775.259765625,111.59738159179688
2012-04-09,2387.030029296875,76.04308319091797,,,,
2012-04-10,2346.27001953125,76.3991928100586,16.9451847076416,184.5800018310547,6606.43017578125,112.25850677490234
2012-04-11,2364.090087890625,76.10120391845703,17.07762336730957,185.27999877929688,6674.72998046875,111.911376953125
2012-04-12,2396.68994140625,75.94857788085938,17.256412506103516,185.8500061035156,6743.240234375,111.86181640625
2012-04-13,2366.840087890625,76.40643310546875,17.018024444580078,185.2100067138672,6583.89990234375,112.250244140625
2012-04-16,2365.64990234375,76.3846435546875,17.071001052856445,184.7400054931641,6625.18994140625,112.2832489013672
2012-04-17,2402.2900390625,76.30467987060547,17.40208625793457,185.1499938964844,6801.0,112.02709197998048
2012-04-18,2392.570068359375,76.45732879638672,17.30276107788086,185.4900054931641,6732.02978515625,112.34112548828124
2012-04-19,2378.47998046875,76.54454803466797,17.229923248291016,184.8000030517578,6671.22021484375,112.46508026123048
2012-04-20,2381.320068359375,76.55182647705078,17.329252243041992,184.4499969482422,6750.1201171875,112.32459259033205
2012-04-23,2361.35009765625,76.70446014404297,16.9451847076416,184.3000030517578,6523.0,112.82867431640624
2012-04-24,2370.0400390625,76.50818634033203,17.090866088867188,184.9499969482422,6590.41015625,112.42375183105467
2012-04-25,2402.7099609375,76.41370391845703,17.296146392822266,185.2100067138672,6704.5,112.10975646972656
2012-04-26,2418.889892578125,76.66812896728516,17.316001892089844,185.5399932861328,6739.89990234375,112.5973129272461
2012-04-27,2424.780029296875,76.74798583984375,17.44182014465332,185.33999633789065,6801.31982421875,112.47333526611328
2012-04-30,2415.419921875,76.81348419189453,17.329252243041992,186.22999572753903,6761.18994140625,112.79563903808594
2012-05-01,2429.10009765625,76.67369079589844,,,,
2012-05-02,2423.2900390625,76.8193130493164,17.349117279052734,186.2599945068359,6710.77001953125,113.19231414794922
2012-05-03,2405.169921875,76.81197357177734,17.36236572265625,186.82000732421875,6694.43994140625,113.1510238647461
2012-05-04,2366.389892578125,77.1176986694336,17.07762336730957,187.4499969482422,6561.47021484375,113.39067840576172
2012-05-07,2367.260009765625,77.09587860107422,17.22330093383789,187.7400054931641,6569.47998046875,113.22539520263672
2012-05-08,2357.449951171875,77.27058410644531,16.9451847076416,187.6300048828125,6444.740234375,113.72948455810548
2012-05-09,2342.31005859375,77.33615112304688,16.898836135864258,186.67999267578125,6475.31005859375,113.8617172241211
2012-05-10,2348.929931640625,77.22686767578125,16.984922409057617,187.27000427246097,6518.0,113.72948455810548
2012-05-11,2341.22998046875,77.48170471191406,17.057758331298828,187.38999938964844,6579.93017578125,113.85347747802734
2012-05-14,2315.449951171875,77.82379150390625,16.753154754638672,186.63999938964844,6451.97021484375,114.30799865722656
2012-05-15,2302.56005859375,77.84569549560547,16.660449981689453,185.6300048828125,6401.06005859375,111.2833251953125
2012-05-16,2293.2099609375,77.90387725830078,16.5677490234375,185.7899932861328,6384.259765625,111.21725463867188
2012-05-17,2258.929931640625,78.1950912475586,16.349224090576172,185.9600067138672,6308.9599609375,111.54779815673828
2012-05-18,2242.25,78.14410400390625,16.21678924560547,186.17999267578125,6271.22021484375,111.54779815673828
2012-05-21,2278.239990234375,77.9403076171875,16.342609405517578,186.1499938964844,6331.0400390625,111.5064697265625
2012-05-22,2279.39990234375,77.77284240722656,16.63395881652832,187.0399932861328,6435.60009765625,111.151123046875
2012-05-23,2283.360107421875,77.9766845703125,16.296253204345703,187.19000244140625,6285.75,111.87834167480467
2012-05-24,2286.8701171875,77.80926513671875,16.448556900024414,188.27999877929688,6315.89013671875,111.7461395263672
2012-05-25,2281.919921875,78.03492736816406,16.481660842895508,188.07000732421875,6339.93994140625,111.8866195678711
2012-05-28,,,16.481660842895508,187.55999755859375,6323.18994140625,111.96097564697266
2012-05-29,2307.570068359375,77.96937561035156,16.614097595214844,187.57000732421875,6396.83984375,111.911376953125
2012-05-30,2275.18994140625,78.71190643310547,16.402196884155273,187.22999572753903,6280.7998046875,112.63036346435548
2012-05-31,2270.25,79.01763153076172,16.316120147705078,188.55999755859375,6264.3798828125,112.97748565673828
2012-06-01,2214.409912109375,79.69641876220703,16.03799819946289,189.72999572753903,6050.2900390625,113.21711730957033
2012-06-04,2214.699951171875,79.23712921142578,15.91880989074707,189.9199981689453,5978.22998046875,112.91130828857422
2012-06-05,2227.449951171875,78.97460174560547,15.99826717376709,189.6199951171875,5969.39990234375,112.9361343383789
2012-06-06,2279.419921875,78.45696258544922,16.355844497680664,189.13999938964844,6093.990234375,112.0767059326172
2012-06-07,2279.280029296875,78.64649963378906,16.52801513671875,188.47999572753903,6144.22021484375,111.72960662841795
2012-06-08,2297.820068359375,78.7048568725586,16.47503662109375,188.4600067138672,6130.81982421875,112.0353775024414
2012-06-11,2268.93994140625,78.91626739501953,16.48828125,187.32000732421875,6141.0498046875,112.27503967285156
2012-06-12,2295.39990234375,78.49343872070312,16.5677490234375,185.47000122070312,6161.240234375,111.40731048583984
2012-06-13,2280.1298828125,78.90898895263672,16.50151824951172,184.82000732421875,6152.490234375,110.92799377441406
2012-06-14,2304.830078125,78.69757080078125,16.46841812133789,184.5800018310547,6138.60986328125,111.0106201171875
2012-06-15,2328.659912109375,79.06214904785156,16.342609405517578,186.27999877929688,6229.41015625,111.35772705078124
2012-06-18,2332.070068359375,79.04029846191406,16.42206573486328,185.63999938964844,6248.2001953125,111.65522003173828
2012-06-19,2355.010009765625,78.77043914794922,16.64720916748047,185.52999877929688,6363.35986328125,110.75442504882812
2012-06-20,2351.139892578125,78.61006164550781,16.746538162231445,186.05999755859375,6392.1298828125,110.2255401611328
2012-06-21,2299.159912109375,78.77777862548828,16.660449981689453,186.8300018310547,6343.1298828125,110.79576873779295
2012-06-22,2315.64990234375,78.43508911132812,16.55450439453125,187.07000732421875,6263.25,110.34947967529295
2012-06-25,2278.97998046875,78.86528015136719,16.296253204345703,186.66000366210935,6132.39013671875,111.2833251953125
2012-06-26,2289.860107421875,78.69022369384766,16.316120147705078,185.52999877929688,6136.68994140625,111.0271453857422
2012-06-27,2310.97998046875,78.79962921142578,16.541255950927734,185.0800018310547,6228.990234375,110.49823760986328
2012-06-28,2306.219970703125,79.05481719970703,16.461793899536133,185.3300018310547,6149.91015625,111.0271453857422
2012-06-29,2363.7900390625,78.69022369384766,16.892213821411133,187.47000122070312,6416.27978515625,110.51480102539062
2012-07-02,2369.75,79.05536651611328,17.123977661132812,188.1499938964844,6496.080078125,110.93624877929688
2012-07-03,2385.06005859375,78.8582534790039,17.269651412963867,189.16000366210935,6578.2099609375,110.8536148071289
2012-07-04,,,17.276281356811523,189.07000732421875,6564.7998046875,111.5064697265625
2012-07-05,2373.909912109375,79.06996154785156,17.256412506103516,188.61000061035156,6535.56005859375,112.0684051513672
2012-07-06,2352.340087890625,79.3474349975586,17.090866088867188,189.1499938964844,6410.10986328125,112.54778289794922
2012-07-09,2348.52001953125,79.56649780273438,17.031269073486328,188.57000732421875,6387.56982421875,112.5890884399414
2012-07-10,2329.4599609375,79.60297393798828,17.183574676513672,189.3800048828125,6438.330078125,112.6386260986328
2012-07-11,2329.7099609375,79.52993774414062,17.16370964050293,190.5800018310547,6453.85009765625,112.92784118652344
2012-07-12,2318.090087890625,79.71253967285156,16.978290557861328,190.67999267578125,6419.35009765625,113.10139465332033
2012-07-13,2356.39990234375,79.64682006835938,17.24317169189453,190.36000061035156,6557.10009765625,113.06835174560548
2012-07-16,2350.93994140625,79.82205200195312,17.269651412963867,190.6300048828125,6565.72021484375,113.29976654052734
2012-07-17,2368.360107421875,79.61758422851562,17.269651412963867,191.1499938964844,6577.64013671875,113.3410873413086
2012-07-18,2384.5400390625,79.69795227050781,17.428579330444336,190.94000244140625,6684.419921875,113.55596160888672
2012-07-19,2391.27001953125,79.58108520507812,17.61398696899414,191.1499938964844,6758.39013671875,113.40717315673828
2012-07-20,2367.260009765625,79.8950424194336,17.38222312927246,190.5399932861328,6630.02001953125,113.81212615966795
2012-07-23,2346.219970703125,80.02650451660156,16.905454635620117,188.8699951171875,6419.330078125,113.68814849853516
2012-07-24,2325.02001953125,80.17981719970703,16.845861434936523,187.3500061035156,6390.41015625,113.21711730957033
2012-07-25,2324.330078125,80.22367858886719,16.88558578491211,187.7400054931641,6406.52001953125,113.02708435058594
2012-07-26,2362.85009765625,79.97539520263672,17.23654556274414,189.57000732421875,6582.9599609375,112.63036346435548
2012-07-27,2408.070068359375,79.39857482910156,17.521276473999023,190.02000427246097,6689.39990234375,112.14278411865234
2012-07-30,2406.989990234375,79.65408325195312,17.739803314208984,190.52000427246097,6774.06005859375,112.34941864013672
2012-07-31,2396.6201171875,79.7928466796875,17.561016082763672,190.94000244140625,6772.259765625,113.0022430419922
2012-08-01,2389.72998046875,79.50177001953125,17.64047622680664,191.0099945068359,6754.4599609375,112.37415313720705
2012-08-02,2372.31005859375,79.69190979003906,17.41533088684082,190.5399932861328,6606.08984375,113.31631469726562
2012-08-03,2417.77001953125,79.27518463134766,17.839128494262695,190.69000244140625,6865.66015625,112.00228881835938
2012-08-06,2423.4599609375,79.32627868652344,17.905351638793945,191.1999969482422,6918.72021484375,112.13455963134766
2012-08-07,2435.8798828125,78.9094467163086,18.031166076660156,190.6499938964844,6967.9501953125,111.5890884399414
2012-08-08,2438.159912109375,78.79978942871094,18.10400390625,191.1000061035156,6966.14990234375,111.87008666992188
2012-08-09,2440.22998046875,78.74125671386719,18.163604736328125,190.86000061035156,6964.990234375,111.7956771850586
2012-08-10,2445.639892578125,78.96800231933594,18.13711166381836,191.4199981689453,6944.56005859375,112.3163604736328
2012-08-13,2443.050048828125,78.91675567626953,18.064271926879883,191.33999633789065,6909.68017578125,112.2419662475586
2012-08-14,2443.159912109375,78.52924346923828,18.176851272583008,191.1699981689453,6974.39013671875,111.63043212890624
2012-08-15,2446.820068359375,78.13434600830078,18.18346405029297,190.97000122070312,6946.7998046875,110.3329849243164
2012-08-16,2464.3798828125,77.94419860839844,18.24968910217285,191.08999633789065,6996.2900390625,110.52305603027344
2012-08-17,2469.0,78.03927612304688,18.355632781982425,191.57000732421875,7040.8798828125,110.86186981201172
2012-08-20,2468.989990234375,78.08316802978516,18.26293182373047,192.0800018310547,7033.68017578125,110.69660949707033
2012-08-21,2460.409912109375,78.14897918701172,18.30927848815918,192.6199951171875,7089.31982421875,110.3825225830078
2012-08-22,2461.1201171875,78.75594329833984,18.10400390625,192.4199981689453,7017.75,111.04369354248048
2012-08-23,2441.2900390625,78.89482879638672,17.971567153930664,192.67999267578125,6949.56982421875,111.64697265625
2012-08-24,2457.39990234375,78.85831451416016,17.98481559753418,192.67999267578125,6971.06982421875,111.68822479248048
2012-08-27,2456.219970703125,79.06309509277344,18.090757369995117,192.8800048828125,7047.4501953125,111.7791748046875
2012-08-28,2454.389892578125,79.09229278564453,17.945077896118164,192.42999267578125,7002.68017578125,111.90316772460938
2012-08-29,2457.050048828125,79.04109954833984,17.931835174560547,192.27000427246097,7010.56982421875,111.56432342529295
2012-08-30,2438.199951171875,79.18737030029297,17.799402236938477,192.2599945068359,6895.490234375,112.0601577758789
2012-08-31,2450.60009765625,79.69921875,17.878864288330078,191.7899932861328,6970.7900390625,111.92792510986328
2012-09-03,,,18.031166076660156,191.77999877929688,7014.830078125,111.65522003173828
2012-09-04,2447.800048828125,79.51692962646484,17.832508087158203,192.4900054931641,6932.580078125,111.59738159179688
2012-09-05,2445.81005859375,79.48760223388672,17.832508087158203,192.8999938964844,6964.68994140625,111.20069885253906
2012-09-06,2496.1201171875,78.94573211669922,18.236440658569336,193.61000061035156,7167.330078125,110.58089447021484
2012-09-07,2506.3701171875,79.0482406616211,18.269546508789062,194.9900054931641,7214.5,110.86186981201172
2012-09-10,2491.110107421875,79.0848388671875,18.22981834411621,194.2400054931641,7213.7001953125,110.61397552490234
2012-09-11,2498.949951171875,78.93838500976562,18.329147338867188,195.02999877929688,7310.10986328125,110.66351318359376
2012-09-12,2504.840087890625,78.5502700805664,18.342388153076172,195.08999633789065,7343.52978515625,110.11811065673828
2012-09-13,2546.030029296875,78.7773208618164,18.33576774597168,195.5,7310.31982421875,110.5726318359375
2012-09-14,2556.1298828125,78.03772735595703,18.57415008544922,194.3800048828125,7412.1298828125,109.51483917236328
2012-09-17,2548.260009765625,78.19883728027344,18.388742446899418,193.91000366210935,7403.68994140625,109.74626159667967
2012-09-18,2545.050048828125,78.3965072631836,18.32252311706543,194.4499969482422,7347.68994140625,110.01068878173828
2012-09-19,2548.110107421875,78.57958984375,18.382116317749023,195.22000122070312,7390.759765625,110.19248962402344
2012-09-20,2547.110107421875,78.62356567382812,18.382116317749023,195.1300048828125,7389.490234375,110.51480102539062
2012-09-21,2546.919921875,78.79195404052734,18.43509292602539,195.02000427246097,7451.6201171875,110.39907836914062
2012-09-24,2541.22998046875,78.96772766113281,18.375497817993164,195.3999938964844,7413.16015625,110.6470184326172
2012-09-25,2514.830078125,79.2606201171875,18.461578369140625,195.0,7425.10986328125,110.39907836914062
2012-09-26,2500.919921875,79.59011840820312,18.10400390625,195.0800018310547,7276.509765625,111.4155502319336
2012-09-27,2525.22998046875,79.42168426513672,18.190082550048828,195.4600067138672,7290.02001953125,111.39073181152344
2012-09-28,2513.929931640625,79.42168426513672,17.95170021057129,195.77000427246097,7216.14990234375,111.44863891601562
2012-10-01,2520.7099609375,79.56907653808594,18.216569900512695,195.8300018310547,7326.72998046875,111.27505493164062
2012-10-02,2523.080078125,79.517822265625,18.163604736328125,196.22999572753903,7305.85986328125,111.2833251953125
2012-10-03,2532.7900390625,79.59841918945312,,,,
2012-10-04,2550.97998046875,79.28316497802734,18.18346405029297,196.1699981689453,7305.2099609375,111.46515655517578
2012-10-05,2551.030029296875,78.92387390136719,18.33576774597168,196.3300018310547,7397.8701171875,110.88668060302734
2012-10-08,2542.2099609375,79.18047332763672,18.156972885131836,196.55999755859375,7291.2099609375,111.26681518554688
2012-10-09,2517.139892578125,79.01920318603516,18.090757369995117,196.52999877929688,7234.52978515625,111.27505493164062
2012-10-10,2501.75,79.20978546142578,17.991426467895508,196.69000244140625,7205.22998046875,111.16763305664062
2012-10-11,2502.659912109375,79.28316497802734,18.130483627319336,196.9600067138672,7281.7001953125,111.0685043334961
2012-10-12,2495.280029296875,79.29046630859375,18.01791763305664,197.75,7232.490234375,111.48165130615234
2012-10-15,2515.43994140625,79.31246948242188,18.14373016357422,197.61000061035156,7261.25,111.34947204589844
2012-10-16,2541.280029296875,78.93851470947266,18.355632781982425,197.22000122070312,7376.27001953125,110.83706665039062
2012-10-17,2552.050048828125,78.43992614746094,18.42847442626953,197.57000732421875,7394.5498046875,110.1759796142578
2012-10-18,2545.949951171875,78.30062103271484,18.501314163208008,197.69000244140625,7437.22998046875,110.15946197509766
2012-10-19,2503.800048828125,78.63052368164062,18.342388153076172,197.8500061035156,7380.64013671875,110.3329849243164
2012-10-22,2504.9599609375,78.36659240722656,18.276172637939453,197.6199951171875,7328.0498046875,110.23382568359376
2012-10-23,2468.780029296875,78.74053192138672,17.95170021057129,197.36000061035156,7173.68994140625,110.5478515625
2012-10-24,2461.179931640625,78.57188415527344,18.057647705078125,197.66000366210935,7192.85009765625,110.65523529052734
2012-10-25,2468.60009765625,78.28594207763672,18.090757369995117,197.27000427246097,7200.22998046875,110.5561294555664
2012-10-26,2466.800048828125,78.7845458984375,18.123865127563477,197.5099945068359,7231.85009765625,110.88668060302734
2012-10-29,,,18.051027297973633,197.41000366210935,7203.16015625,111.52302551269533
2012-10-30,,,18.20333480834961,197.5500030517578,7284.39990234375,111.35772705078124
2012-10-31,2467.510009765625,79.10711669921875,18.09737968444824,197.7899932861328,7260.6298828125,111.48993682861328
2012-11-01,2494.669921875,78.94930267333984,18.32252311706543,198.02999877929688,7335.669921875,111.51473999023438
2012-11-02,2471.300048828125,79.01536560058594,18.388742446899418,197.97999572753903,7363.85009765625,111.63867950439452
2012-11-05,2476.93994140625,79.20629119873047,18.276172637939453,197.8699951171875,7326.47021484375,111.83700561523438
2012-11-06,2496.4599609375,78.84650421142578,18.382116317749023,198.41000366210935,7377.759765625,111.7956771850586
2012-11-07,2439.47998046875,79.50733947753906,18.156972885131836,198.7400054931641,7232.830078125,112.25850677490234
2012-11-08,2409.719970703125,79.85970306396484,18.10400390625,198.44000244140625,7204.9599609375,112.3576431274414
2012-11-09,2413.919921875,79.8670654296875,18.11062812805176,198.80999755859375,7163.5,112.50643157958984
2012-11-12,2414.239990234375,79.91846466064453,18.051027297973633,198.7400054931641,7168.759765625,112.48987579345705
2012-11-13,2405.3798828125,80.01394653320312,18.11062812805176,199.17999267578125,7169.1201171875,112.47333526611328
2012-11-14,2372.93994140625,80.03592681884766,17.978187561035156,198.97999572753903,7101.919921875,112.5312042236328
2012-11-15,2369.320068359375,79.99922180175781,17.792776107788086,199.27000427246097,7043.419921875,111.8535614013672
2012-11-16,2381.02001953125,80.0506362915039,17.607362747192383,199.5399932861328,6950.52978515625,112.01058959960938
2012-11-19,2428.469970703125,79.88908386230469,17.99805450439453,199.38999938964844,7123.83984375,111.77093505859376
2012-11-20,2430.2900390625,79.55870056152344,18.057647705078125,198.97000122070312,7172.990234375,111.32467651367188
2012-11-21,2435.969970703125,79.44123840332031,18.09737968444824,198.94000244140625,7184.7099609375,111.16763305664062
2012-11-22,,,18.196712493896484,199.2400054931641,7244.990234375,111.18414306640624
2012-11-23,2468.06005859375,79.39716339111328,18.315900802612305,199.5500030517578,7309.1298828125,111.18414306640624
2012-11-26,2463.1201171875,79.52931213378906,18.22981834411621,199.77999877929688,7292.02978515625,111.36598205566406
2012-11-27,2450.47998046875,79.71284484863281,18.256298065185547,200.02999877929688,7332.330078125,111.20069885253906
2012-11-28,2470.469970703125,79.81568908691406,18.302658081054688,201.32000732421875,7343.41015625,111.67172241210938
2012-11-29,2481.419921875,79.89641571044922,18.501314163208008,201.3500061035156,7400.9599609375,111.63867950439452
2012-11-30,2481.820068359375,79.88175201416016,18.501314163208008,201.52000427246097,7405.5,111.6056671142578
2012-12-03,2470.070068359375,79.85010528564453,18.534427642822266,201.67999267578125,7435.2099609375,111.40731048583984
2012-12-04,2465.89990234375,79.98979949951172,18.534427642822266,201.97999572753903,7435.1201171875,111.51473999023438
2012-12-05,2470.590087890625,80.05598449707031,18.580774307250977,202.0099945068359,7454.5498046875,111.95271301269533
2012-12-06,2479.39990234375,80.1001205444336,18.719829559326172,201.8000030517578,7534.5400390625,112.34941864013672
2012-12-07,2486.840087890625,79.87222290039062,18.72645378112793,202.16000366210935,7517.7998046875,112.36590576171876
2012-12-10,2487.780029296875,79.94572448730469,18.76618766784668,201.02999877929688,7530.919921875,112.32459259033205
2012-12-11,2504.080078125,79.79132843017578,18.825777053833008,201.33999633789065,7589.75,112.16756439208984
2012-12-12,2505.760009765625,79.45317077636719,18.852264404296875,201.72000122070312,7614.7900390625,112.09320068359376
2012-12-13,2490.56005859375,79.29876708984375,18.75956153869629,201.5800018310547,7581.97998046875,111.97750091552734
2012-12-14,2480.360107421875,79.47518920898438,18.739700317382812,201.77000427246097,7596.47021484375,111.98578643798828
2012-12-17,2509.840087890625,79.05625915527344,18.719829559326172,201.66000366210935,7604.93994140625,111.7956771850586
2012-12-18,2538.719970703125,78.7474136352539,18.825777053833008,201.8800048828125,7653.580078125,111.51473999023438
2012-12-19,2519.5400390625,78.85765838623047,18.911861419677734,202.3699951171875,7668.5,111.48165130615234
2012-12-20,2533.909912109375,78.90917205810547,18.918481826782227,202.47000122070312,7672.10009765625,111.53955078125
2012-12-21,2510.320068359375,79.12229919433594,18.83240127563477,202.72999572753903,7636.22998046875,111.83700561523438
2012-12-24,2504.510009765625,79.0414810180664,,,,
2012-12-26,2492.5400390625,79.20416259765625,,,,
2012-12-27,2489.969970703125,79.36614227294922,18.83240127563477,202.7100067138672,7655.8798828125,112.250244140625
2012-12-28,2462.7099609375,79.5501708984375,18.739700317382812,202.6499938964844,7612.39013671875,112.37415313720705
2012-12-31,2504.43994140625,79.13056182861328,,,,
2013-01-02,2568.550048828125,78.76982116699219,19.203218460083008,202.5800018310547,7778.77978515625,111.38250732421876
2013-01-03,2563.18994140625,78.3649673461914,19.223085403442383,202.3500061035156,7756.43994140625,111.09329223632812
2013-01-04,2575.659912109375,78.40177154541016,19.295923233032227,201.6300048828125,7776.3701171875,110.5561294555664
2013-01-07,2567.6298828125,78.4459457397461,19.216463088989254,201.92999267578125,7732.66015625,110.72962951660156
2013-01-08,2560.169921875,78.6373519897461,19.196598052978516,202.3999938964844,7695.830078125,110.9527816772461
2013-01-09,2567.02001953125,78.6815185546875,19.322418212890625,202.57000732421875,7720.47021484375,111.0767593383789
2013-01-10,2586.52001953125,78.45333099365234,19.295923233032227,202.77999877929688,7708.47021484375,110.49823760986328
2013-01-11,2586.68994140625,78.70357513427734,19.269441604614254,202.8000030517578,7715.52978515625,110.3247528076172
2013-01-14,2584.27001953125,78.67414855957031,19.183353424072266,202.6199951171875,7729.52001953125,110.5395736694336
2013-01-15,2587.199951171875,78.86554718017578,19.196598052978516,202.8500061035156,7675.91015625,110.81224822998048
2013-01-16,2588.02001953125,78.96858978271484,19.183353424072266,202.6000061035156,7691.1298828125,110.83706665039062
2013-01-17,2602.639892578125,78.60787963867188,19.282684326171875,202.2899932861328,7735.4599609375,110.44869232177734
2013-01-18,2611.5400390625,78.8287353515625,19.27606201171875,202.83999633789065,7702.22998046875,110.79576873779295
2013-01-21,,,19.3157958984375,202.4499969482422,7748.85986328125,110.51480102539062
2013-01-22,2623.219970703125,78.89500427246094,19.295923233032227,202.58999633789065,7696.2099609375,110.66351318359376
2013-01-23,2627.22998046875,78.93183898925781,19.32903480529785,202.97999572753903,7707.5400390625,110.98578643798828
2013-01-24,2627.330078125,78.7992935180664,19.38201332092285,202.8800048828125,7748.1298828125,110.7709732055664
2013-01-25,2641.639892578125,78.276611328125,19.42173957824707,202.4199981689453,7857.97021484375,110.2172622680664
2013-01-28,2636.830078125,78.11466979980469,19.40848731994629,201.58999633789065,7833.0,109.729736328125
2013-01-29,2650.429931640625,77.99688720703125,19.494579315185547,201.94000244140625,7848.56982421875,109.81233978271484
2013-01-30,2640.77001953125,78.04103088378906,19.36876678466797,201.08999633789065,7811.31005859375,109.5892105102539
2013-01-31,2634.159912109375,78.1072998046875,19.27606201171875,201.58999633789065,7776.0498046875,109.9197769165039
2013-02-01,2660.699951171875,77.84190368652344,19.3157958984375,201.72000122070312,7833.39013671875,110.06852722167967
2013-02-04,2630.050048828125,78.29159545898438,19.064163208007812,201.08999633789065,7638.22998046875,110.42389678955078
2013-02-05,2657.760009765625,78.01146697998047,19.10389518737793,201.1199951171875,7664.66015625,110.14291381835938
2013-02-06,2659.550048828125,78.24738311767578,19.084030151367188,200.75,7581.18017578125,110.3825225830078
2013-02-07,2655.840087890625,78.28414916992188,19.01781463623047,201.2599945068359,7590.85009765625,110.66351318359376
2013-02-08,2670.85009765625,78.34318542480469,19.262807846069336,201.2899932861328,7652.14013671875,110.6717758178711
2013-02-11,2669.3701171875,78.26209259033203,19.156869888305664,201.17999267578125,7633.740234375,110.6470184326172
2013-02-12,2673.77001953125,78.1810302734375,19.24957847595215,201.36000061035156,7660.18994140625,110.40733337402344
2013-02-13,2676.60009765625,77.90823364257812,19.30916976928711,201.57000732421875,7711.89013671875,110.2007293701172
2013-02-14,2678.77001953125,78.23995208740234,19.28929901123047,201.97000122070312,7631.18994140625,110.49823760986328
2013-02-15,2676.2099609375,78.1662826538086,19.256200790405273,201.7400054931641,7593.509765625,110.3834457397461
2013-02-18,,,19.262807846069336,201.9499969482422,7628.72998046875,110.60789489746094
2013-02-19,2696.260009765625,78.04093933105469,19.428361892700195,201.9900054931641,7752.4501953125,110.64948272705078
2013-02-20,2662.93994140625,78.21054077148438,19.395252227783203,201.6999969482422,7728.89990234375,110.46658325195312
2013-02-21,2646.75,78.36528015136719,19.13701057434082,201.8999938964844,7583.56982421875,111.06517791748048
2013-02-22,2670.360107421875,78.46111297607422,19.362144470214844,202.42999267578125,7661.91015625,111.1982192993164
2013-02-25,2621.4599609375,79.06558990478516,19.342281341552734,202.66000366210935,7773.18994140625,111.14830780029295
2013-02-26,2637.889892578125,78.9181137084961,19.117143630981445,201.6699981689453,7597.10986328125,112.07111358642578
2013-02-27,2672.110107421875,78.8813247680664,19.282684326171875,202.13999938964844,7675.830078125,112.12935638427734
2013-02-28,2669.919921875,78.99185943603516,19.46146774291992,202.6699981689453,7741.7001953125,112.15428161621094
2013-03-01,2676.179931640625,79.18893432617188,19.434988021850582,203.08999633789065,7708.16015625,112.43697357177734
2013-03-04,2688.5400390625,79.00440979003906,19.38201332092285,202.9600067138672,7691.68017578125,112.42037200927734
2013-03-05,2714.35009765625,78.92325592041016,19.7197208404541,203.1499938964844,7870.31005859375,112.17923736572266
2013-03-06,2718.070068359375,78.67233276367188,19.713096618652344,203.44000244140625,7919.330078125,112.16261291503906
2013-03-07,2723.27001953125,78.36971282958984,19.699857711791992,203.2899932861328,7939.77001953125,111.8383560180664
2013-03-08,2735.669921875,77.97120666503906,19.845535278320312,203.5800018310547,7986.47021484375,111.63054656982422
2013-03-11,2744.81005859375,78.00810241699219,19.858774185180664,203.6000061035156,7984.2900390625,111.73863983154295
2013-03-12,2738.35009765625,78.22212982177734,19.852153778076172,203.8699951171875,7966.1201171875,112.00465393066406
2013-03-13,2742.8701171875,78.15570831298828,19.865400314331055,203.75,7970.91015625,112.07111358642578
2013-03-14,2758.300048828125,78.17784881591797,20.103784561157227,203.72000122070312,8058.3701171875,112.08777618408205
2013-03-15,2753.820068359375,78.45093536376953,20.009870529174805,204.02000427246097,8042.85009765625,112.28733825683594
2013-03-18,2738.679931640625,78.70917510986328,19.976524353027344,204.3300018310547,8010.7001953125,112.66144561767578
2013-03-19,2732.090087890625,78.9527816772461,19.883148193359375,204.3999938964844,7947.7900390625,113.15193939208984
2013-03-20,2750.419921875,78.65018463134766,19.94984436035156,204.3999938964844,8001.97021484375,112.81111145019533
2013-03-21,2727.68994140625,78.85678100585938,19.8431339263916,204.88999938964844,7932.509765625,112.9940185546875
2013-03-22,2747.25,78.88632202148438,19.80977439880371,205.0099945068359,7911.35009765625,112.89421081542967
2013-03-25,2738.080078125,78.94539642333984,19.74307632446289,204.8800048828125,7870.89990234375,113.18522644042967
2013-03-26,2760.320068359375,79.02655792236328,19.776426315307617,204.72000122070312,7879.669921875,113.17694091796876
2013-03-27,2758.85009765625,79.3660888671875,19.709733963012695,204.4499969482422,7789.08984375,113.7007064819336
2013-03-28,2770.050048828125,79.21842956542969,19.78976821899414,204.38999938964844,7795.31005859375,113.6341552734375
2013-04-01,2757.830078125,79.42906951904297,,,,
2013-04-02,2772.110107421875,79.27383422851562,20.00320625305176,204.97000122070312,7943.8701171875,113.44293975830078
2013-04-03,2743.3798828125,79.60640716552734,19.856464385986328,205.38999938964844,7874.75,113.60919189453124
2013-04-04,2754.669921875,79.92416381835938,19.65636825561523,206.3000030517578,7817.39013671875,113.91682434082033
2013-04-05,2742.860107421875,80.17546081542969,19.336206436157227,207.8500061035156,7658.75,114.13299560546876
2013-04-08,2761.050048828125,79.91680908203125,19.38957405090332,207.97000122070312,7662.64013671875,113.91682434082033
2013-04-09,2770.840087890625,79.94635009765625,19.37622833251953,207.3800048828125,7637.509765625,113.73394012451172
2013-04-10,2804.81005859375,79.61382293701172,19.75641632080078,207.1300048828125,7810.6298828125,113.41803741455078
2013-04-11,2815.02001953125,79.70246124267578,19.923158645629883,207.02999877929688,7871.6298828125,113.42630767822266
2013-04-12,2807.10009765625,80.1458511352539,19.74307632446289,207.4900054931641,7744.77001953125,113.81707763671876
2013-04-15,2742.6298828125,80.3232650756836,19.623008728027344,207.52000427246097,7712.6298828125,113.89189910888672
2013-04-16,2781.860107421875,80.0941162109375,19.462936401367188,207.52999877929688,7682.580078125,113.6840362548828
2013-04-17,2742.010009765625,80.24192810058594,19.182796478271484,208.19000244140625,7503.02978515625,114.04983520507812
2013-04-18,2723.719970703125,80.28629302978516,19.20947265625,208.22000122070312,7473.72998046875,114.03325653076172
2013-04-19,2747.93994140625,80.24192810058594,19.31619644165039,208.2100067138672,7459.9599609375,113.87525939941406
2013-04-22,2760.800048828125,80.28629302978516,19.322864532470703,209.1699981689453,7478.10986328125,114.08309173583984
2013-04-23,2789.56005859375,80.23455810546875,19.776426315307617,210.05999755859375,7658.2099609375,113.90020751953124
2013-04-24,2789.929931640625,80.27149963378906,19.96318244934082,209.6499938964844,7759.02978515625,114.0
2013-04-25,2801.280029296875,80.18284606933594,20.10324478149414,209.3500061035156,7832.85986328125,113.95008087158205
2013-04-26,2796.239990234375,80.4710693359375,20.05655860900879,209.5500030517578,7814.759765625,114.19951629638672
2013-04-29,2816.389892578125,80.44147491455078,20.18329429626465,210.3699951171875,7873.5,114.24109649658205
2013-04-30,2823.419921875,80.42674255371094,20.14326858520508,210.55999755859375,7913.7099609375,114.14960479736328
2013-05-01,2797.280029296875,80.68940734863281,,,,
2013-05-02,2823.820068359375,80.68940734863281,20.229976654052734,211.47000122070312,7961.7099609375,114.52375793457033
2013-05-03,2853.8798828125,80.00125122070312,20.410072326660156,210.9199981689453,8122.2900390625,113.95841979980467
2013-05-06,2859.340087890625,79.89765167236328,20.476770401000977,210.57000732421875,8112.080078125,113.95841979980467
2013-05-07,2874.4599609375,79.78670501708984,20.53679656982422,210.42999267578125,8181.77978515625,113.49282836914062
2013-05-08,2887.610107421875,79.88288116455078,20.676868438720703,210.77000427246097,8249.7099609375,113.7090301513672
2013-05-09,2878.300048828125,79.86805725097656,20.696874618530273,210.41000366210935,8262.5498046875,113.7672119140625
2013-05-10,2890.77001953125,79.41668701171875,20.763580322265625,209.1699981689453,8278.58984375,112.89421081542967
2013-05-13,2891.169921875,79.27613067626953,20.723556518554688,209.0800018310547,8279.2900390625,113.10206604003906
2013-05-14,2921.1201171875,78.95795440673828,20.81693458557129,208.80999755859375,8339.1103515625,113.01893615722656
2013-05-15,2936.97998046875,79.16514587402344,20.98368453979492,208.8300018310547,8362.419921875,112.99479675292967
2013-05-16,2922.39990234375,79.54248046875,21.023712158203125,209.6000061035156,8369.8701171875,113.4044189453125
2013-05-17,2952.56005859375,79.11333465576172,21.077072143554688,210.19000244140625,8398.0,113.49636840820312
2013-05-20,2950.530029296875,79.0541763305664,21.17044448852539,209.86000061035156,8455.830078125,113.10345458984376
2013-05-21,2955.68994140625,79.26134490966797,21.17044448852539,209.41000366210935,8472.2001953125,112.8359603881836
2013-05-22,2931.580078125,78.63236236572266,21.237144470214844,209.72000122070312,8530.8896484375,113.0449447631836
2013-05-23,2923.429931640625,78.71379089355469,20.79693031311035,208.8000030517578,8351.98046875,112.84432220458984
2013-05-24,2921.8798828125,78.74340057373047,20.763580322265625,208.2400054931641,8305.3203125,112.93628692626952
2013-05-27,,,20.876968383789062,208.66000366210935,8383.2998046875,112.71056365966795
2013-05-28,2940.449951171875,77.8184814453125,21.063732147216797,208.16000366210935,8480.8701171875,112.3761978149414
2013-05-29,2920.179931640625,78.1366195678711,20.73690414428711,207.08999633789065,8336.580078125,112.10869598388672
2013-05-30,2931.389892578125,78.14405059814453,20.770248413085938,207.2400054931641,8400.2001953125,112.25078582763672
2013-05-31,2889.4599609375,77.92948150634766,20.61017417907715,207.05999755859375,8348.83984375,112.34274291992188
2013-06-03,2906.909912109375,78.04203033447266,20.44342613220215,207.0399932861328,8285.7998046875,112.23406219482422
2013-06-04,2891.02001953125,77.8420639038086,20.510120391845703,207.0399932861328,8295.9599609375,112.07525634765624
2013-06-05,2851.889892578125,78.21990966796875,20.189964294433594,207.1999969482422,8196.1796875,112.33438110351562
2013-06-06,2876.5,78.31621551513672,19.94984436035156,205.8999938964844,8098.81005859375,112.15046691894533
2013-06-07,2913.4599609375,77.7086410522461,20.223312377929688,206.3300018310547,8254.6796875,112.00001525878906
2013-06-10,2912.6298828125,77.51602172851562,20.223312377929688,205.55999755859375,8307.6904296875,111.73251342773438
2013-06-11,2883.070068359375,77.7086410522461,19.94317626953125,204.8500061035156,8222.4599609375,111.54857635498048
2013-06-12,2859.6201171875,77.36036682128906,19.96318244934082,204.8999938964844,8143.27001953125,111.67400360107422
2013-06-13,2902.320068359375,77.94575500488281,19.876474380493164,205.52000427246097,8095.39013671875,111.97490692138672
2013-06-14,2885.239990234375,78.04949188232422,19.96318244934082,206.3300018310547,8127.9599609375,112.40961456298828
2013-06-17,2907.1201171875,77.8642349243164,20.07634162902832,206.4600067138672,8215.73046875,112.36784362792967
2013-06-18,2929.81005859375,77.81977844238281,20.07634162902832,205.97000122070312,8229.509765625,111.98328399658205
2013-06-19,2889.25,76.75286865234375,20.03573989868164,206.2100067138672,8197.080078125,112.05854034423828
2013-06-20,2817.43994140625,76.4046630859375,19.447050094604492,203.44000244140625,7928.47998046875,111.14734649658205
2013-06-21,2824.969970703125,75.5970230102539,19.250818252563477,202.47999572753903,7789.240234375,110.6207046508789
2013-06-24,2790.659912109375,75.41173553466797,18.90572738647461,200.52999877929688,7692.4501953125,110.00210571289062
2013-06-25,2817.43994140625,75.32288360595703,19.20345687866211,200.3999938964844,7811.2998046875,110.1609344482422
2013-06-26,2845.0400390625,75.62661743164062,19.49441909790039,201.92999267578125,7940.990234375,110.51203155517578
2013-06-27,2862.919921875,76.03414916992188,19.62974739074707,202.8800048828125,7990.75,110.7795181274414
2013-06-28,2850.659912109375,75.94525909423828,19.50118064880371,202.9600067138672,7959.22021484375,110.7628402709961
2013-07-01,2866.409912109375,75.97421264648438,19.731245040893555,203.67999267578125,7983.919921875,110.83802032470705
2013-07-02,2865.47998046875,76.00389862060547,19.656814575195312,204.05999755859375,7910.77001953125,110.98853302001952
2013-07-03,2867.85009765625,75.85548400878906,19.568845748901367,203.63999938964844,7829.31982421875,111.22256469726562
2013-07-04,,,20.042505264282227,204.5399932861328,7994.31005859375,111.51520538330078
2013-07-05,2897.1201171875,74.57938385009766,19.778602600097656,204.05999755859375,7806.0,111.0804672241211
2013-07-08,2913.199951171875,75.01712036132812,20.042505264282227,204.58999633789065,7968.5400390625,111.28947448730467
2013-07-09,2934.31005859375,75.14321899414062,20.211666107177734,204.8500061035156,8057.75,111.66558837890624
2013-07-10,2934.969970703125,74.87613677978516,20.211666107177734,204.55999755859375,8066.47998046875,111.60710906982422
2013-07-11,2975.06005859375,75.62548828125,20.31993865966797,204.58999633789065,8158.7998046875,111.78264617919922
2013-07-12,2984.239990234375,75.56612396240234,20.313161849975582,205.1300048828125,8212.76953125,112.20897674560548
2013-07-15,2988.35009765625,75.80354309082031,20.39436149597168,205.07000732421875,8234.8095703125,112.05012512207033
2013-07-16,2977.260009765625,75.84066009521484,20.252267837524418,205.52000427246097,8201.0498046875,112.3260269165039
2013-07-17,2985.85009765625,76.174560546875,20.360525131225582,205.3300018310547,8254.7197265625,112.41800689697266
2013-07-18,3001.2099609375,75.8183822631836,20.56352806091309,206.1499938964844,8337.08984375,112.57681274414062
2013-07-19,3006.1298828125,76.23387145996094,20.58382797241211,205.94000244140625,8331.5703125,112.54338073730467
2013-07-22,3012.300048828125,76.22643280029297,20.597362518310547,206.1499938964844,8331.0595703125,112.53498840332033
2013-07-23,3006.719970703125,76.13739013671875,20.54999732971191,205.86000061035156,8314.23046875,112.22570037841795
2013-07-24,2995.300048828125,75.62548828125,20.69209671020508,205.19000244140625,8379.1103515625,111.54857635498048
2013-07-25,3003.010009765625,75.73678588867188,20.58382797241211,204.9600067138672,8298.98046875,111.38143157958984
2013-07-26,3005.510009765625,75.80354309082031,20.529693603515625,205.0,8244.91015625,111.46501159667967
2013-07-29,2994.449951171875,75.64778137207031,20.53645896911621,204.8500061035156,8259.0302734375,111.45665740966795
2013-07-30,2995.679931640625,75.62548828125,20.556764602661133,204.9499969482422,8271.01953125,111.38143157958984
2013-07-31,2995.719970703125,75.67740631103516,20.56352806091309,205.08999633789065,8275.9697265625,111.37308502197266
2013-08-01,3033.590087890625,75.00946807861328,20.874792098999023,205.27000427246097,8410.73046875,111.35633850097656
2013-08-02,3038.6298828125,75.64842987060547,20.888324737548828,205.80999755859375,8406.9404296875,111.47338104248048
2013-08-05,3034.429931640625,75.41070556640625,20.915388107299805,205.3699951171875,8398.3798828125,111.2393035888672
2013-08-06,3017.159912109375,75.4329605102539,20.834184646606445,205.4199981689453,8299.73046875,111.13062286376952
2013-08-07,3006.6298828125,75.70784759521484,20.820653915405273,205.5500030517578,8260.48046875,111.20584106445312
2013-08-08,3019.0,75.81928253173828,20.89508628845215,205.7100067138672,8318.3203125,111.31453704833984
2013-08-09,3008.7900390625,75.87136840820312,21.023645401000977,206.0399932861328,8338.3095703125,111.29779052734376
2013-08-12,3005.419921875,75.72273254394531,21.030424118041992,205.77999877929688,8359.25,111.17241668701172
2013-08-13,3014.429931640625,75.03919982910156,21.145448684692383,204.82000732421875,8415.759765625,110.32814025878906
2013-08-14,2999.419921875,75.10606384277344,21.24018669128418,205.1199951171875,8438.1201171875,110.35316467285156
2013-08-15,2957.080078125,74.69000244140625,20.989818572998047,204.17999267578125,8376.2900390625,109.83634948730467
2013-08-16,2947.4599609375,74.40022277832031,21.04395294189453,204.5399932861328,8391.9404296875,109.88682556152344
2013-08-19,2930.27001953125,74.08077239990234,20.955984115600582,203.8699951171875,8366.2900390625,109.73550415039062
2013-08-20,2941.580078125,74.48197937011719,20.79359436035156,204.07000732421875,8300.0302734375,110.16417694091795
2013-08-21,2924.72998046875,74.013916015625,20.69885635375977,203.55999755859375,8285.41015625,109.9036102294922
2013-08-22,2949.9599609375,73.98418426513672,20.901859283447266,203.33999633789065,8397.8896484375,109.57581329345705
2013-08-23,2962.06005859375,74.40022277832031,20.94244956970215,203.0800018310547,8416.990234375,109.44976043701172
2013-08-26,2950.1298828125,74.5488510131836,20.955984115600582,203.4600067138672,8435.150390625,109.72708892822266
2013-08-27,2903.2900390625,74.97234344482422,20.590591430664062,203.47999572753903,8242.5595703125,110.08850860595705
2013-08-28,2911.830078125,74.66769409179688,20.50263404846191,203.38999938964844,8157.89990234375,109.9036102294922
2013-08-29,2917.9599609375,74.74201965332031,20.65149688720703,203.4900054931641,8194.5498046875,110.08009338378906
2013-08-30,2908.9599609375,74.600830078125,20.448497772216797,203.5500030517578,8103.14990234375,110.10531616210938
2013-09-02,,,20.840959548950195,203.5,8243.8701171875,109.7102508544922
2013-09-03,2921.22998046875,74.1774673461914,20.773286819458008,203.22999572753903,8180.7099609375,109.3741226196289
2013-09-04,2945.6201171875,73.93196868896484,20.81389045715332,203.05999755859375,8195.919921875,109.508544921875
2013-09-05,2949.27001953125,73.36641693115234,20.97629165649414,201.5500030517578,8234.98046875,108.69329833984376
2013-09-06,2949.800048828125,73.8128890991211,21.077787399291992,202.6300048828125,8275.669921875,109.45813751220705
2013-09-09,2979.449951171875,73.96173095703125,21.05747985839844,201.63999938964844,8276.3203125,109.40770721435548
2013-09-10,3001.360107421875,73.61942291259766,21.3416805267334,201.88999938964844,8446.5400390625,108.86140441894533
2013-09-11,3010.93994140625,73.99153137207031,21.4025821685791,202.25,8495.73046875,109.08831787109376
2013-09-12,3001.6201171875,73.9989013671875,21.4025821685791,202.72999572753903,8494.0,109.508544921875
2013-09-13,3009.7900390625,74.09559631347656,21.40934944152832,202.63999938964844,8509.419921875,109.6682586669922
2013-09-16,3026.93994140625,74.25935363769531,21.588117599487305,203.7400054931641,8613.0,110.01287841796876
2013-09-17,3039.75,74.40815734863281,21.47878074645996,203.8000030517578,8596.9501953125,109.75231170654295
2013-09-18,3076.81005859375,75.3307876586914,21.5676212310791,203.55999755859375,8636.0595703125,109.508544921875
2013-09-19,3071.610107421875,75.07038879394531,21.71113014221191,204.72000122070312,8694.1796875,110.15576934814452
2013-09-20,3049.469970703125,75.14476776123047,21.622285842895508,204.57000732421875,8675.73046875,110.00447082519533
2013-09-23,3035.090087890625,75.42752075195312,21.540285110473633,205.16000366210935,8635.2900390625,110.2481918334961
2013-09-24,3027.52001953125,75.70287322998047,21.58129119873047,205.8800048828125,8664.599609375,110.82813262939452
2013-09-25,3019.31005859375,75.91119384765625,21.553951263427734,206.02000427246097,8665.6298828125,110.98782348632812
2013-09-26,3030.409912109375,75.74749755859375,21.58129119873047,205.52000427246097,8664.099609375,110.97102355957033
2013-09-27,3018.239990234375,75.85165405273438,21.492446899414062,205.6000061035156,8661.509765625,111.34927368164062
2013-09-30,3000.179931640625,75.97811889648438,21.39677047729492,205.86000061035156,8594.400390625,111.37448120117188
2013-10-01,3024.3798828125,75.80900573730469,21.560779571533203,206.30999755859375,8689.1396484375,111.1307144165039
2013-10-02,3022.949951171875,75.93565368652344,21.41727066040039,206.4900054931641,8629.419921875,111.18115234375
2013-10-03,2995.81005859375,76.0400161743164,,,,
2013-10-04,3017.050048828125,75.83135986328125,21.342103958129883,206.4600067138672,8622.9697265625,110.93739318847656
2013-10-07,2991.389892578125,75.89837646484375,21.287431716918945,206.6499938964844,8591.580078125,111.17276763916016
2013-10-08,2955.409912109375,75.86117553710938,21.13025283813477,206.4900054931641,8555.8896484375,111.1307144165039
2013-10-09,2957.39990234375,75.72697448730469,21.041406631469727,206.22000122070312,8516.6904296875,111.09709167480467
2013-10-10,3022.429931640625,75.5631103515625,21.40360641479492,205.30999755859375,8685.76953125,110.70206451416016
2013-10-11,3041.429931640625,75.67485046386719,21.499279022216797,206.30999755859375,8724.830078125,110.79451751708984
2013-10-14,3053.840087890625,75.42151641845703,21.5266170501709,206.55999755859375,8723.8095703125,110.81975555419922
2013-10-15,3032.27001953125,75.43639373779297,21.704296112060547,205.97999572753903,8804.4404296875,110.4163055419922
2013-10-16,3074.5400390625,75.80156707763672,21.752124786376953,205.9499969482422,8846.0,110.2229995727539
2013-10-17,3095.419921875,76.23371887207031,21.80680274963379,206.67999267578125,8811.98046875,110.71047973632812
2013-10-18,3115.77001953125,76.24117279052734,21.95714569091797,207.19000244140625,8865.099609375,110.97941589355467
2013-10-21,3116.090087890625,76.18904876708984,22.03915023803711,207.07000732421875,8867.2197265625,110.87017059326172
2013-10-22,3133.97998046875,76.71814727783203,22.12799835205078,208.1000061035156,8947.4599609375,111.3072280883789
2013-10-23,3119.199951171875,76.85221862792969,22.025487899780273,208.47999572753903,8919.8603515625,111.51731872558594
2013-10-24,3129.409912109375,76.69579315185547,22.080156326293945,208.2899932861328,8980.6298828125,111.4585189819336
2013-10-25,3143.159912109375,76.82986450195312,22.07331657409668,208.17999267578125,8985.740234375,111.5593719482422
2013-10-28,3147.360107421875,76.75537872314453,22.045984268188477,208.4499969482422,8978.650390625,111.56781005859376
2013-10-29,3165.110107421875,76.85968780517578,22.11432647705078,208.8500061035156,9022.0400390625,111.69385528564452
2013-10-30,3149.929931640625,76.65847778320312,22.11432647705078,209.1300048828125,9010.26953125,112.09730529785156
2013-10-31,3138.090087890625,76.5691146850586,22.257831573486328,209.72999572753903,9033.919921875,112.27383422851562
2013-11-01,3147.2099609375,76.14439392089844,22.155330657958984,209.82000732421875,9007.830078125,112.17293548583984
2013-11-04,3158.469970703125,76.29370880126953,22.257831573486328,209.80999755859375,9037.23046875,112.25700378417967
2013-11-05,3149.9599609375,75.95035552978516,22.19633102416992,208.9499969482422,9009.1103515625,111.73592376708984
2013-11-06,3165.1298828125,76.18170928955078,22.305675506591797,208.8500061035156,9040.8701171875,111.7611312866211
2013-11-07,3124.1201171875,76.38322448730469,22.319337844848633,210.0500030517578,9081.0302734375,112.28223419189452
2013-11-08,3166.110107421875,75.52491760253906,22.24417304992676,208.97999572753903,9078.2802734375,111.64344024658205
2013-11-11,3168.409912109375,75.48762512207031,22.3330078125,209.3000030517578,9107.8603515625,111.71067810058594
2013-11-12,3161.10009765625,75.42041015625,22.18949317932129,208.7400054931641,9076.48046875,111.50057220458984
2013-11-13,3187.639892578125,75.73392486572266,22.059654235839844,209.3999938964844,9054.830078125,111.91241455078124
2013-11-14,3203.64990234375,76.09960174560547,22.237335205078125,209.9900054931641,9149.66015625,112.14772033691406
2013-11-15,3217.199951171875,76.03990936279297,22.271509170532227,209.8000030517578,9168.6904296875,112.08361053466795
2013-11-18,3205.4599609375,76.30860137939453,22.36717987060547,210.1499938964844,9225.4296875,112.26107025146484
2013-11-19,3199.52001953125,76.02500915527344,22.264673233032227,209.9499969482422,9193.2900390625,111.99063873291016
2013-11-20,3188.0400390625,75.60704040527344,22.305675506591797,209.7899932861328,9202.0703125,112.0159683227539
2013-11-21,3214.159912109375,75.67422485351562,22.27833366394043,209.6000061035156,9196.080078125,111.85543060302734
2013-11-22,3230.5400390625,75.890625,22.298839569091797,209.7599945068359,9219.0400390625,111.75402069091795
2013-11-25,3226.530029296875,75.95035552978516,22.346683502197266,209.9499969482422,9299.9501953125,111.93994140625
2013-11-26,3227.360107421875,76.11454772949219,22.257831573486328,210.3999938964844,9290.0703125,112.20191955566406
2013-11-27,3236.139892578125,75.94287109375,22.37401008605957,210.22000122070312,9351.1298828125,112.1343002319336
2013-11-28,,,22.428688049316406,210.2400054931641,9387.3701171875,112.12580871582033
2013-11-29,3233.719970703125,75.89808654785156,22.46284866333008,210.33999633789065,9405.2998046875,112.16809844970705
2013-12-02,3225.06005859375,75.57218170166016,22.380844116210938,209.94000244140625,9401.9599609375,111.84696197509766
2013-12-03,3214.949951171875,75.70668029785156,21.991315841674805,210.1199951171875,9223.400390625,111.9483871459961
2013-12-04,3211.590087890625,75.36280059814453,21.895648956298828,209.0399932861328,9140.6298828125,111.24693298339844
2013-12-05,3197.760009765625,75.17597198486328,21.68379592895508,208.2599945068359,9084.9501953125,110.92586517333984
2013-12-06,3233.989990234375,75.24323272705078,21.868310928344727,208.0800018310547,9172.41015625,111.02729034423828
2013-12-09,3239.989990234375,75.3329086303711,21.916149139404297,208.8999938964844,9195.169921875,111.018798828125
2013-12-10,3229.719970703125,75.64695739746094,21.752124786376953,209.1999969482422,9114.4404296875,111.06952667236328
2013-12-11,3193.52001953125,75.35537719726562,21.635963439941406,209.5099945068359,9077.1103515625,111.14554595947266
2013-12-12,3182.330078125,75.13861083984375,21.444608688354492,209.13999938964844,9017.0,111.00191497802734
2013-12-13,3182.070068359375,75.25069427490234,21.39677047729492,209.27000427246097,9006.4599609375,111.1033172607422
2013-12-16,3202.219970703125,75.21331787109375,21.698814392089844,209.3800048828125,9163.5595703125,111.018798828125
2013-12-17,3192.330078125,75.45258331298828,21.50648498535156,209.4600067138672,9085.1201171875,111.1033172607422
2013-12-18,3245.590087890625,75.16847229003906,21.698814392089844,209.08999633789065,9181.75,110.9511947631836
2013-12-19,3244.14990234375,74.85446166992188,22.08346939086914,208.8699951171875,9335.740234375,110.7314910888672
2013-12-20,3259.7900390625,75.08624267578125,22.22084045410156,208.80999755859375,9400.1796875,110.7568359375
2013-12-23,3277.6201171875,74.8470458984375,22.37883186340332,208.22999572753903,9488.8203125,110.63850402832033
2013-12-24,3287.550048828125,74.555419921875,,,,
2013-12-26,3303.14990234375,74.49108123779297,,,,
2013-12-27,3302.659912109375,74.4461441040039,22.646718978881836,207.52999877929688,9589.3896484375,110.12298583984376
2013-12-30,3302.300048828125,74.6482925415039,22.605497360229492,207.8500061035156,9552.16015625,110.14834594726562
2013-12-31,3315.590087890625,74.31137084960938,,,,
2014-01-02,3286.68994140625,74.6033935546875,22.536815643310547,208.66000366210935,9400.0400390625,110.19064331054688
2014-01-03,3285.679931640625,74.55848693847656,22.639846801757812,209.25,9435.150390625,110.2328872680664
2014-01-06,3277.47998046875,74.76815032958984,22.591766357421875,209.5,9428.0,110.52019500732422
2014-01-07,3297.449951171875,74.8879165649414,22.777233123779297,210.07000732421875,9506.2001953125,110.64694213867188
2014-01-08,3297.739990234375,74.52100372314453,22.82530975341797,209.92999267578125,9497.83984375,110.51175689697266
2014-01-09,3298.8701171875,74.7157211303711,22.694805145263672,209.75,9421.6103515625,110.48641967773438
2014-01-10,3306.489990234375,75.34468841552734,22.804704666137695,210.07000732421875,9473.240234375,110.9849853515625
2014-01-13,3265.27001953125,75.56185150146484,22.887126922607425,210.52999877929688,9510.169921875,111.21317291259766
2014-01-14,3300.610107421875,75.27730560302734,22.89399528503418,210.6999969482422,9540.509765625,111.238525390625
2014-01-15,3317.75,75.20991516113281,23.134418487548828,210.67999267578125,9733.8095703125,111.12020111083984
2014-01-16,3313.360107421875,75.4195785522461,23.07259178161621,211.22000122070312,9717.7099609375,111.5343017578125
2014-01-17,3300.510009765625,75.5992431640625,23.148143768310547,211.69000244140625,9742.9599609375,111.71176147460938
2014-01-20,,,23.18249130249023,212.1000061035156,9715.900390625,111.86384582519533
2014-01-21,3309.739990234375,75.51692962646484,23.18249130249023,211.97999572753903,9730.1201171875,111.86384582519533
2014-01-22,3312.0400390625,75.30724334716797,23.20309829711914,211.6000061035156,9720.1103515625,111.7624740600586
2014-01-23,3282.639892578125,75.81649017333984,22.962684631347656,211.72000122070312,9631.0400390625,112.0497817993164
2014-01-24,3214.139892578125,76.12344360351562,22.420045852661133,212.0399932861328,9392.01953125,112.50615692138672
2014-01-27,3198.570068359375,75.89131164550781,22.200241088867188,212.1300048828125,9349.2197265625,112.38782501220705
2014-01-28,3218.2099609375,76.00362396240234,22.37196159362793,212.3800048828125,9406.91015625,112.3709487915039
2014-01-29,3185.699951171875,76.36309814453125,22.23458671569824,212.8000030517578,9336.73046875,112.64983367919922
2014-01-30,3221.780029296875,76.2881851196289,22.337617874145508,213.11000061035156,9373.48046875,112.8357391357422
2014-01-31,3200.949951171875,76.58767700195312,22.26205825805664,214.1300048828125,9306.48046875,113.27516174316406
2014-02-03,3127.8701171875,77.0040283203125,21.89800071716309,214.2400054931641,9186.51953125,113.3174285888672
2014-02-04,3151.93994140625,76.77152252197266,21.952959060668945,214.19000244140625,9127.91015625,113.3427963256836
2014-02-05,3146.489990234375,76.49396514892578,21.952959060668945,214.4199981689453,9116.3203125,113.39347839355467
2014-02-06,3187.25,76.35145568847656,22.31701278686523,213.86000061035156,9256.580078125,112.92020416259766
2014-02-07,3229.64990234375,76.5539779663086,22.454389572143555,214.5,9301.919921875,113.27516174316406
2014-02-10,3234.7900390625,76.59149932861328,22.543689727783203,214.27999877929688,9289.8603515625,113.04702758789062
2014-02-11,3270.739990234375,76.25390625,22.784093856811523,214.17999267578125,9478.76953125,113.0723648071289
2014-02-12,3271.469970703125,76.07391357421875,22.921470642089844,213.88999938964844,9540.0,112.8272705078125
2014-02-13,3290.820068359375,76.4339599609375,22.89399528503418,214.27000427246097,9596.76953125,113.2582778930664
2014-02-14,3306.919921875,76.38142395019531,23.0313777923584,214.27999877929688,9662.400390625,113.08924102783205
2014-02-17,,,23.127532958984375,214.6699981689453,9656.759765625,113.11986541748048
2014-02-18,3311.27001953125,76.56896209716797,23.113805770874023,215.1000061035156,9659.7802734375,113.21336364746094
2014-02-19,3289.830078125,76.4189682006836,23.18249130249023,215.1699981689453,9660.0498046875,113.34076690673828
2014-02-20,3310.27001953125,76.33648681640625,23.16875267028809,214.4199981689453,9618.849609375,113.06892395019533
2014-02-21,3304.360107421875,76.4339599609375,23.23744201660156,214.86000061035156,9656.9501953125,113.25585174560548
2014-02-24,3324.840087890625,76.35893249511719,23.354211807250977,214.9499969482422,9708.9404296875,113.1369400024414
2014-02-25,3320.429931640625,76.62146759033203,23.40229225158691,214.9900054931641,9699.349609375,113.34076690673828
2014-02-26,3321.14990234375,76.8464584350586,23.31300926208496,215.82000732421875,9661.73046875,113.64665222167967
2014-02-27,3338.050048828125,76.9365005493164,23.31300926208496,216.6699981689453,9588.330078125,114.0374984741211
2014-02-28,3347.3798828125,76.86154174804688,23.38169288635254,215.97999572753903,9692.080078125,113.46823120117188
2014-03-03,3322.85009765625,77.24169158935547,22.81157493591309,216.66000366210935,9358.8896484375,114.00350189208984
2014-03-04,3373.639892578125,76.64817810058594,23.347341537475582,216.72999572753903,9589.150390625,113.7316436767578
2014-03-05,3374.10009765625,76.73078155517578,23.33361053466797,216.97999572753903,9542.01953125,113.75714874267578
2014-03-06,3380.489990234375,76.40020751953125,23.367956161499023,216.0500030517578,9542.8701171875,113.34076690673828
2014-03-07,3382.570068359375,76.06964874267578,23.04511451721191,216.2100067138672,9350.75,113.31532287597656
2014-03-10,3381.219970703125,76.15229034423828,22.935213088989254,216.7100067138672,9265.5,113.51921081542967
2014-03-11,3364.169921875,76.2273941040039,22.962684631347656,216.4600067138672,9307.7900390625,113.4342269897461
2014-03-12,3366.070068359375,76.5279312133789,22.72915267944336,216.7400054931641,9188.6904296875,113.79961395263672
2014-03-13,3327.110107421875,76.97870635986328,22.454389572143555,217.2599945068359,9017.7900390625,114.18195343017578
2014-03-14,3317.81005859375,76.98625183105469,22.31701278686523,217.4499969482422,9056.41015625,114.21589660644533
2014-03-17,3349.7099609375,76.67816162109375,22.594287872314453,217.5099945068359,9180.8896484375,114.01197052001952
2014-03-18,3373.97998046875,76.86602020263672,22.75281524658203,217.61000061035156,9242.5498046875,114.00350189208984
2014-03-19,3353.2900390625,76.15229034423828,22.725248336791992,217.11000061035156,9277.0498046875,113.77411651611328
2014-03-20,3373.60009765625,76.16730499267578,22.739038467407227,216.4600067138672,9296.1201171875,113.34929656982422
2014-03-21,3363.719970703125,76.31004333496094,22.7666072845459,216.8000030517578,9342.9404296875,113.44276428222656
2014-03-24,3347.360107421875,76.34008026123047,22.532255172729492,217.27999877929688,9188.76953125,113.8505630493164
2014-03-25,3362.43994140625,76.29499816894531,22.83553123474121,217.4900054931641,9338.400390625,113.95254516601562
2014-03-26,3339.0,76.61808776855469,23.00095558166504,218.02999877929688,9448.580078125,114.05451202392578
2014-03-27,3333.22998046875,76.69319152832031,23.049205780029297,218.6000061035156,9451.2099609375,114.31786346435548
2014-03-28,3348.830078125,76.42274475097656,23.193958282470703,218.4900054931641,9587.1904296875,114.15645599365234
2014-03-31,3375.510009765625,76.4302749633789,23.187055587768555,218.4499969482422,9555.91015625,114.04595947265624
2014-04-01,3399.510009765625,76.27220153808594,23.386945724487305,218.2899932861328,9603.7099609375,113.91002655029295
2014-04-02,3409.800048828125,75.9409408569336,23.386945724487305,217.86000061035156,9623.3603515625,113.62117004394533
2014-04-03,3406.0,75.99369049072266,23.46277236938477,218.36000061035156,9628.8203125,113.7401351928711
2014-04-04,3363.409912109375,76.46040344238281,23.600629806518555,219.5800018310547,9695.76953125,114.14794921875
2014-04-07,3327.27001953125,76.64098358154297,23.31113052368164,219.42999267578125,9510.849609375,114.19043731689452
2014-04-08,3340.840087890625,76.74640655517578,23.24220085144043,219.08999633789065,9490.7900390625,114.05451202392578
2014-04-09,3377.610107421875,76.72381591796875,23.304235458374023,218.9499969482422,9506.349609375,113.96102905273438
2014-04-10,3307.080078125,77.0474624633789,23.221527099609375,219.7599945068359,9454.5400390625,114.3519058227539
2014-04-11,3276.0400390625,77.20552062988281,22.863101959228516,219.69000244140625,9315.2900390625,114.47084045410156
2014-04-14,3302.97998046875,77.08512115478516,22.95270538330078,219.7899932861328,9339.169921875,114.2923583984375
2014-04-15,3325.300048828125,77.17540740966797,22.7666072845459,220.7100067138672,9173.7099609375,114.75965118408205
2014-04-16,3360.27001953125,77.05500030517578,23.05610084533691,220.7899932861328,9317.8203125,114.6407470703125
2014-04-17,3365.0,76.61842346191406,23.187055587768555,220.36000061035156,9409.7099609375,114.42831420898438
2014-04-21,3377.75,76.6033935546875,,,,
2014-04-22,3391.580078125,76.57324981689453,23.511016845703125,220.2599945068359,9600.08984375,114.22443389892578
2014-04-23,3384.5,76.76895141601562,23.40073013305664,220.47000122070312,9544.1904296875,114.38584899902344
2014-04-24,3390.389892578125,76.74640655517578,23.442092895507812,220.1199951171875,9548.6796875,114.25841522216795
2014-04-25,3362.949951171875,76.85177612304688,23.249095916748047,220.6300048828125,9401.5498046875,114.6322250366211
2014-04-28,3374.0400390625,76.73886108398438,23.331806182861328,220.4199981689453,9446.3603515625,114.51327514648438
2014-04-29,3390.159912109375,76.80663299560547,23.61440086364746,220.42999267578125,9584.1201171875,114.50482940673828
2014-04-30,3400.4599609375,77.00984954833984,23.586833953857425,221.13999938964844,9603.23046875,114.77668762207033
2014-05-01,3400.199951171875,77.2315673828125,,,,
2014-05-02,3395.610107421875,77.34468078613281,23.64197540283203,221.58999633789065,9556.01953125,114.94658660888672
2014-05-05,3402.22998046875,77.2994384765625,23.5661563873291,221.5399932861328,9529.5,114.86164855957033
2014-05-06,3371.719970703125,77.38990020751953,23.559276580810547,221.7599945068359,9467.5302734375,114.88713836669922
2014-05-07,3392.10009765625,77.45024871826172,23.579944610595703,221.5500030517578,9521.2998046875,114.73419189453124
2014-05-08,3388.2900390625,77.533203125,23.800512313842773,222.42999267578125,9607.400390625,115.03157043457033
2014-05-09,3394.050048828125,77.47289276123047,23.779830932617188,222.25,9581.4501953125,114.96358489990234
2014-05-12,3427.010009765625,77.269287109375,23.945268630981445,222.0399932861328,9702.4599609375,114.91258239746094
2014-05-13,3429.300048828125,77.5709457397461,23.96593856811523,222.58999633789065,9754.4296875,115.2779541015625
2014-05-14,3413.840087890625,77.9253921508789,24.02797508239746,223.3999938964844,9754.3896484375,115.64329528808594
2014-05-15,3382.52001953125,78.20442199707031,23.74536895751953,223.1300048828125,9656.0498046875,116.14698791503906
2014-05-16,3395.2099609375,78.03849792480469,23.848764419555664,223.02000427246097,9629.099609375,115.9249496459961
2014-05-19,3408.52001953125,77.94046783447266,23.8625431060791,222.4199981689453,9659.3896484375,115.89083099365234
2014-05-20,3386.47998046875,78.16671752929688,23.800512313842773,221.6000061035156,9639.080078125,115.84811401367188
2014-05-21,3414.449951171875,78.04607391357422,23.972835540771484,221.83999633789065,9697.8701171875,115.68588256835938
2014-05-22,3422.989990234375,77.96308898925781,24.034866333007812,221.8699951171875,9720.91015625,115.79684448242188
2014-05-23,3437.580078125,78.1214828491211,24.08311653137207,222.3500061035156,9768.009765625,115.80541229248048
2014-05-26,,,24.303682327270508,223.1199951171875,9892.8203125,115.80541229248048
2014-05-27,3458.18994140625,78.14407348632812,24.303682327270508,223.47000122070312,9940.8203125,116.02745056152344
2014-05-28,3454.8798828125,78.57392883300781,24.303682327270508,224.3999938964844,9939.169921875,116.4031753540039
2014-05-29,3473.860107421875,78.47591400146484,24.296775817871097,224.07000732421875,9938.900390625,116.29215240478516
2014-05-30,3480.2900390625,78.41556549072266,24.28300094604492,223.8800048828125,9943.26953125,116.2238311767578
2014-06-02,3483.139892578125,78.05677032470703,24.338146209716797,223.8999938964844,9950.1201171875,116.1555633544922
2014-06-03,3482.0,77.66390991210938,24.220970153808594,223.4600067138672,9919.740234375,115.82250213623048
2014-06-04,3489.2099609375,77.60350799560547,24.262327194213867,223.0099945068359,9926.669921875,115.6517105102539
2014-06-05,3512.2099609375,77.71680450439453,24.38639259338379,223.8500061035156,9947.830078125,115.96765899658205
2014-06-06,3528.97998046875,77.65633392333984,24.53114128112793,225.9600067138672,9987.1904296875,116.36898040771484
2014-06-09,3532.469970703125,77.54303741455078,24.634531021118164,226.16000366210935,10008.6298828125,116.172607421875
2014-06-10,3531.6201171875,77.40711975097656,24.703453063964844,225.19000244140625,10028.7998046875,115.93352508544922
2014-06-11,3519.52001953125,77.51287078857422,24.558717727661133,225.22000122070312,9949.8095703125,116.05304718017578
2014-06-12,3495.570068359375,77.81501770019531,24.56560707092285,225.1199951171875,9938.7001953125,116.13844299316406
2014-06-13,3506.580078125,77.66390991210938,24.496673583984375,225.47999572753903,9912.8701171875,116.28360748291016
2014-06-16,3509.5400390625,77.66390991210938,24.36557960510254,225.6699981689453,9883.98046875,116.36898040771484
2014-06-17,3517.22998046875,77.33911895751953,24.463319778442383,224.8300018310547,9920.3203125,116.0188980102539
2014-06-18,3544.419921875,77.74699401855469,24.42841529846191,225.0500030517578,9930.330078125,116.21531677246094
2014-06-19,3549.43994140625,77.55059051513672,24.561052322387695,225.9199981689453,10004.0,116.58246612548828
2014-06-20,3555.60009765625,77.64125061035156,24.588987350463867,225.5500030517578,9987.240234375,116.4287567138672
2014-06-23,3555.139892578125,77.58840942382812,24.44935607910156,226.02000427246097,9920.919921875,116.59951782226562
2014-06-24,3532.570068359375,77.9056625366211,24.407461166381836,226.32000732421875,9938.080078125,116.59098052978516
2014-06-25,3549.9599609375,77.981201171875,24.177080154418945,227.1300048828125,9867.75,117.08626556396484
2014-06-26,3546.3798828125,78.18514251708984,24.10027313232422,227.30999755859375,9804.900390625,117.16311645507812
2014-06-27,3553.35009765625,78.18514251708984,24.177080154418945,227.1199951171875,9815.169921875,117.03504943847656
2014-06-30,3552.179931640625,78.24559020996094,24.135189056396484,227.2100067138672,9833.0703125,117.10336303710938
2014-07-01,3576.550048828125,77.98983001708984,24.372554779052734,227.72000122070312,9902.41015625,117.18875122070312
2014-07-02,3579.110107421875,77.67195892333984,24.435388565063477,226.57000732421875,9911.26953125,116.88133239746094
2014-07-03,3598.72998046875,77.51303100585938,24.665788650512695,226.8699951171875,10029.4296875,116.85572052001952
2014-07-04,,,24.582006454467773,227.41000366210935,10009.080078125,117.13750457763672
2014-07-07,3584.75,77.70221710205078,24.30972671508789,227.5099945068359,9906.0703125,117.16311645507812
2014-07-08,3560.530029296875,78.057861328125,24.044424057006836,227.7400054931641,9772.669921875,117.41927337646484
2014-07-09,3577.280029296875,78.07307434082031,24.044424057006836,227.44000244140625,9808.2001953125,117.40220642089844
2014-07-10,3562.489990234375,78.23954010009766,23.779129028320312,227.3000030517578,9659.1298828125,117.5815658569336
2014-07-11,3568.080078125,78.36822509765625,23.75818252563477,227.57000732421875,9666.33984375,117.56442260742188
2014-07-14,3585.3701171875,78.1941146850586,23.960647583007812,227.5800018310547,9783.009765625,117.54735565185548
2014-07-15,3578.4599609375,78.12600708007812,23.91875457763672,227.8000030517578,9719.41015625,117.5046615600586
2014-07-16,3593.909912109375,78.23954010009766,24.23292350769043,228.19000244140625,9859.26953125,117.590087890625
2014-07-17,3551.72998046875,78.6936264038086,24.06536865234375,228.69000244140625,9753.8798828125,117.81207275390624
2014-07-18,3588.2099609375,78.53470611572266,24.02348899841309,228.75,9720.01953125,117.82917785644533
2014-07-21,3579.989990234375,78.55735778808594,23.862913131713867,229.0500030517578,9612.0498046875,117.8547821044922
2014-07-22,3597.949951171875,78.65577697753906,24.22594833374023,228.8000030517578,9734.330078125,117.68402862548828
2014-07-23,3604.300048828125,78.64822387695312,24.22594833374023,229.3000030517578,9753.5595703125,117.8633270263672
2014-07-24,3606.10009765625,78.33035278320312,24.37953758239746,229.0099945068359,9794.0595703125,117.6498565673828
2014-07-25,3588.679931640625,78.63311004638672,24.218963623046875,229.42999267578125,9644.009765625,117.87184143066406
2014-07-28,3589.72998046875,78.54229736328125,24.15613174438477,229.8300018310547,9598.169921875,117.81207275390624
2014-07-29,3573.64990234375,78.64822387695312,24.205005645751953,230.3000030517578,9653.6298828125,118.00849151611328
2014-07-30,3574.449951171875,78.09574127197266,24.030458450317383,229.6499938964844,9593.6796875,117.7352294921875
2014-07-31,3503.18994140625,78.07307434082031,23.75818252563477,229.5800018310547,9407.48046875,117.72672271728516
2014-08-01,3493.179931640625,78.5325698852539,23.367216110229492,229.5500030517578,9210.080078125,117.95720672607422
2014-08-04,3518.31005859375,78.57803344726562,23.388166427612305,229.94000244140625,9154.1396484375,117.97433471679688
2014-08-05,3484.56005859375,78.61601257324219,23.49987411499023,229.1499938964844,9189.740234375,117.72672271728516
2014-08-06,3485.669921875,78.6842041015625,23.339290618896484,229.41000366210935,9130.0400390625,118.2134246826172
2014-08-07,3467.139892578125,79.04057312011719,23.164756774902344,229.5099945068359,9038.9697265625,118.44400787353516
2014-08-08,3507.2099609375,78.97234344482422,22.983224868774418,229.97999572753903,9009.3203125,118.55496215820312
2014-08-11,3517.530029296875,78.9344253540039,23.25550842285156,230.13999938964844,9180.740234375,118.54644012451172
2014-08-12,3511.9599609375,78.82063293457031,23.25550842285156,230.52000427246097,9069.4697265625,118.53791046142578
2014-08-13,3536.419921875,79.07847595214844,23.325328826904297,230.9199981689453,9198.8798828125,118.8025894165039
2014-08-14,3551.969970703125,79.23774719238281,23.3951416015625,231.6199951171875,9225.099609375,118.93067932128906
2014-08-15,3552.169921875,79.55620574951172,23.430044174194336,232.3699951171875,9092.599609375,119.23809814453124
2014-08-18,3582.699951171875,79.30595397949219,23.611576080322266,231.72000122070312,9245.330078125,118.83287811279295
2014-08-19,3601.330078125,79.2225570678711,23.75818252563477,232.1499938964844,9334.2802734375,118.97875213623048
2014-08-20,3610.489990234375,78.98749542236328,23.751201629638672,232.38999938964844,9314.5703125,119.12457275390624
2014-08-21,3621.22998046875,79.15433502197266,23.8978214263916,232.3500061035156,9401.5302734375,119.04736328125
2014-08-22,3614.5,79.16185760498047,23.841960906982425,232.6499938964844,9339.169921875,119.16747283935548
2014-08-25,3631.860107421875,79.2225570678711,24.22594833374023,233.75,9510.1396484375,119.39054870605467
2014-08-26,3635.7099609375,79.20738220214844,24.281797409057617,234.1999969482422,9588.150390625,119.44207763671876
2014-08-27,3636.639892578125,79.42723846435547,24.330669403076172,234.7899932861328,9569.7099609375,119.69088745117188
2014-08-28,3630.97998046875,79.53340911865234,24.170089721679688,234.4600067138672,9462.5595703125,119.81958770751952
2014-08-29,3643.330078125,79.541015625,24.19801902770996,234.38999938964844,9470.169921875,119.85385131835938
2014-09-01,,,24.25387382507324,234.4900054931641,9479.0302734375,119.9396743774414
2014-09-02,3641.52001953125,79.03284454345703,24.267833709716797,233.7899932861328,9507.01953125,119.53640747070312
2014-09-03,3639.35009765625,79.1468276977539,24.42143821716309,233.4900054931641,9626.490234375,119.45063018798828
2014-09-04,3633.8701171875,78.86576843261719,24.67974853515625,234.4499969482422,9724.259765625,119.50208282470705
2014-09-05,3652.260009765625,78.88855743408203,24.588987350463867,235.5399932861328,9747.01953125,119.76803588867188
2014-09-08,3641.659912109375,78.80499267578125,24.477285385131836,235.13999938964844,9758.0302734375,119.67369842529295
2014-09-09,3617.889892578125,78.62268829345703,24.39350318908691,234.0800018310547,9710.7001953125,119.21894073486328
2014-09-10,3631.449951171875,78.42520141601562,24.407461166381836,233.5800018310547,9700.169921875,119.2618637084961
2014-09-11,3635.659912109375,78.32647705078125,24.358596801757812,233.05999755859375,9691.2802734375,119.24468994140624
2014-09-12,3614.06005859375,78.0302505493164,24.36557960510254,232.52999877929688,9651.1298828125,118.95296478271484
2014-09-15,3611.52001953125,78.174560546875,24.365514755249023,232.7899932861328,9659.6298828125,119.09880828857422
2014-09-16,3638.60009765625,78.15179443359375,24.26672744750977,232.7100067138672,9632.9296875,119.13317108154295
2014-09-17,3643.39990234375,77.9543228149414,24.365514755249023,233.22999572753903,9661.5,119.21038818359376
2014-09-18,3661.72998046875,77.90109252929688,24.647769927978516,232.86000061035156,9798.1298828125,118.91011810302734
2014-09-19,3660.030029296875,78.19731903076172,24.697160720825195,233.80999755859375,9799.259765625,119.31333923339844
2014-09-22,3630.699951171875,78.36444091796875,24.548982620239254,234.1699981689453,9749.5400390625,119.48493194580078
2014-09-23,3610.10009765625,78.53153991699219,24.252614974975582,234.1199951171875,9595.0302734375,119.51068115234376
2014-09-24,3638.43994140625,78.311279296875,24.436080932617188,234.3500061035156,9661.9697265625,119.53640747070312
2014-09-25,3579.610107421875,78.69107055664062,24.182048797607425,234.7100067138672,9510.009765625,119.76803588867188
2014-09-26,3610.97998046875,78.5239486694336,24.28789710998535,234.7100067138672,9490.5498046875,119.8882064819336
2014-09-29,3602.090087890625,78.77460479736328,24.203218460083008,234.5099945068359,9422.91015625,119.8882064819336
2014-09-30,3592.25,78.70624542236328,24.273775100708008,235.17999267578125,9474.2998046875,119.99114990234376
2014-10-01,3544.97998046875,79.36753845214844,24.111482620239254,235.91000366210935,9382.0302734375,120.34296417236328
2014-10-02,3545.300048828125,79.13162231445312,23.546974182128903,235.4499969482422,9195.6796875,120.27430725097656
2014-10-03,3584.93994140625,79.1087875366211,,,,
2014-10-06,3579.419921875,79.23816680908203,23.822168350219727,235.4499969482422,9209.509765625,120.12842559814452
2014-10-07,3525.2900390625,79.70231628417969,23.43408203125,235.3699951171875,9086.2099609375,120.22283172607422
2014-10-08,3588.070068359375,79.98394775390625,23.24355125427246,235.72000122070312,8995.330078125,120.28287506103516
2014-10-09,3514.1201171875,79.84689331054688,23.151826858520508,235.8000030517578,9005.01953125,120.29144287109376
2014-10-10,3474.22998046875,80.1589584350586,22.81312561035156,235.8699951171875,8788.8095703125,120.31719970703124
2014-10-13,3417.010009765625,80.57746887207031,22.78489875793457,235.6699981689453,8812.4296875,120.35153198242188
2014-10-14,3422.429931640625,80.73725128173828,22.806068420410156,236.52000427246097,8825.2099609375,120.76335906982422
2014-10-15,3395.030029296875,81.19380187988281,22.135717391967773,236.80999755859375,8571.9501953125,121.26956939697266
2014-10-16,3395.639892578125,80.97312927246094,22.001644134521484,234.97000122070312,8582.900390625,120.65185546875
2014-10-17,3439.389892578125,80.73725128173828,22.615543365478516,234.77999877929688,8850.26953125,120.35153198242188
2014-10-20,3470.889892578125,80.85139465332031,22.495586395263672,234.1300048828125,8717.759765625,120.47162628173828
2014-10-21,3538.89990234375,80.63069152832031,22.94719123840332,234.61000061035156,8886.9599609375,120.32574462890624
2014-10-22,3513.469970703125,80.60791778564453,23.172998428344727,234.75,8940.1396484375,120.4459228515625
2014-10-23,3556.699951171875,80.27308654785156,23.30000877380371,234.6999969482422,9047.3095703125,120.25715637207033
2014-10-24,3581.820068359375,80.34153747558594,23.22944450378418,234.6000061035156,8987.7998046875,120.3086395263672
2014-10-27,3576.469970703125,80.42526245117188,23.053037643432617,234.7899932861328,8902.6103515625,120.4459228515625
2014-10-28,3619.159912109375,80.22742462158203,23.2858943939209,234.8699951171875,9068.1904296875,120.25715637207033
2014-10-29,3614.530029296875,79.9610824584961,23.321184158325195,234.77999877929688,9082.8095703125,120.20570373535156
2014-10-30,3637.300048828125,80.04480743408203,23.490537643432617,235.3500061035156,9114.83984375,120.63465118408205
2014-10-31,3679.989990234375,79.91545104980469,23.913908004760746,236.3699951171875,9326.8701171875,120.71192932128906
2014-11-03,3679.580078125,79.88571166992188,23.709272384643555,235.7400054931641,9251.7001953125,120.57463836669922
2014-11-04,3669.179931640625,79.87806701660156,23.441143035888672,236.1300048828125,9166.4697265625,120.93495178222656
2014-11-05,3691.3798828125,79.90097045898438,23.843351364135746,235.86000061035156,9315.48046875,120.8062744140625
2014-11-06,3706.449951171875,79.65697479248047,23.864517211914062,236.1300048828125,9377.41015625,120.84921264648438
2014-11-07,3708.4599609375,80.16769409179688,23.78689193725586,236.33999633789065,9291.830078125,120.93495178222656
2014-11-10,3720.25,79.83992767333984,23.93507194519043,236.52000427246097,9351.8701171875,120.85774993896484
2014-11-11,3722.840087890625,79.84759521484375,24.0126953125,236.6000061035156,9369.0302734375,120.8663330078125
2014-11-12,3721.300048828125,79.81709289550781,23.822168350219727,236.5500030517578,9210.9599609375,120.9092025756836
2014-11-13,3723.580078125,79.94666290283203,23.82923126220703,236.72999572753903,9248.509765625,121.11515808105467
2014-11-14,3724.919921875,80.11436462402344,23.815122604370117,236.8999938964844,9252.9404296875,121.1923370361328
2014-11-17,3727.860107421875,80.02289581298828,23.93507194519043,237.07000732421875,9306.349609375,121.09780883789062
2014-11-18,3747.739990234375,80.11436462402344,24.040931701660156,236.97999572753903,9456.5302734375,121.0116195678711
2014-11-19,3742.35009765625,79.90097045898438,24.104429244995117,236.4499969482422,9472.7998046875,120.66685485839844
2014-11-20,3749.8701171875,80.04573822021484,24.097375869750977,237.1000061035156,9483.9697265625,121.02020263671876
2014-11-21,3770.030029296875,80.20582580566406,24.556039810180664,238.19000244140625,9732.5498046875,121.26158905029295
2014-11-24,3780.8798828125,80.29730224609375,24.570152282714844,238.3000030517578,9785.5400390625,121.18399047851562
2014-11-25,3776.93994140625,80.49545288085938,24.661880493164062,238.91000366210935,9861.2099609375,121.39952850341795
2014-11-26,3788.419921875,80.63272857666016,24.612491607666016,238.9199981689453,9915.5595703125,121.56327056884766
2014-11-27,,,24.68305206298828,239.86000061035156,9974.8701171875,121.75293731689452
2014-11-28,3778.9599609375,80.94524383544922,24.725387573242188,240.02000427246097,9980.849609375,121.74432373046876
2014-12-01,3753.31005859375,80.7467041015625,24.570152282714844,239.94000244140625,9963.509765625,121.47708892822266
2014-12-02,3777.469970703125,80.38782501220703,24.69011116027832,239.6999969482422,9934.080078125,121.32193756103516
2014-12-03,3792.679931640625,80.41835021972656,24.866514205932617,239.97000122070312,9971.7900390625,121.39952850341795
2014-12-04,3788.340087890625,80.70087432861328,24.556039810180664,239.41000366210935,9851.349609375,121.22715759277344
2014-12-05,3794.679931640625,80.25041198730469,24.958248138427734,239.6999969482422,10087.1201171875,121.14090728759766
2014-12-08,3767.699951171875,80.51764678955078,24.76772689819336,240.57000732421875,10014.990234375,121.62361145019533
2014-12-09,3758.8701171875,80.81543731689453,24.1961612701416,240.32000732421875,9793.7099609375,121.7356948852539
2014-12-10,3705.510009765625,81.18191528320312,24.14676856994629,240.05999755859375,9799.73046875,121.8218765258789
2014-12-11,3723.320068359375,81.04448699951172,24.132654190063477,240.02999877929688,9862.5302734375,121.85633850097656
2014-12-12,3663.10009765625,81.70881652832031,23.55402946472168,240.41000366210935,9594.73046875,122.14942169189452
2014-12-15,3639.969970703125,81.41095733642578,22.960283279418945,240.8500061035156,9334.009765625,122.14942169189452
2014-12-16,3609.06005859375,81.82337188720703,23.47051048278809,240.9900054931641,9563.8896484375,122.36497497558594
2014-12-17,3682.699951171875,81.25829315185547,23.40672492980957,241.17999267578125,9544.4296875,122.4166259765625
2014-12-18,3771.719970703125,80.8001480102539,24.14373779296875,241.16000366210935,9811.0595703125,122.3993911743164
2014-12-19,3788.969970703125,81.09796142578125,24.27129173278809,241.4600067138672,9786.9599609375,122.48558044433594
2014-12-22,3803.93994140625,81.09796142578125,24.38467025756836,241.61000061035156,9865.759765625,122.39080047607422
2014-12-23,3810.780029296875,80.42605590820312,24.42009735107422,241.8699951171875,9922.1103515625,122.38215637207033
2014-12-24,3810.389892578125,80.484130859375,,,,
2014-12-26,3823.0,80.5911865234375,,,,
2014-12-29,3826.949951171875,80.866455078125,24.53348922729492,242.11000061035156,9927.1298828125,122.83904266357422
2014-12-30,3808.68994140625,80.95825958251953,24.27129173278809,242.5399932861328,9805.5498046875,122.83039855957033
2014-12-31,3769.43994140625,81.05000305175781,,,,
2015-01-02,3768.679931640625,81.46294403076172,24.23585319519043,243.8999938964844,9764.73046875,123.20960235595705
2015-01-05,3700.030029296875,81.96002197265625,23.761058807373047,243.2599945068359,9473.16015625,123.09757232666016
2015-01-06,3667.139892578125,82.5106201171875,23.463424682617188,243.6499938964844,9469.66015625,123.42511749267578
2015-01-07,3710.93994140625,82.49525451660156,23.676027297973633,243.0099945068359,9518.1796875,123.38206481933594
2015-01-08,3777.39990234375,82.15877532958984,24.33506774902344,243.0399932861328,9837.6103515625,123.1321029663086
2015-01-09,3745.669921875,82.56412506103516,24.07286071777344,243.02000427246097,9648.5,123.31307983398438
2015-01-12,3715.360107421875,82.85469055175781,24.17915725708008,243.6199951171875,9781.900390625,123.32170104980467
2015-01-13,3706.14990234375,82.93115997314453,24.547657012939453,243.82000732421875,9941.0,123.31307983398438
2015-01-14,3684.719970703125,83.3134994506836,24.200424194335938,244.94000244140625,9817.080078125,123.63198852539062
2015-01-15,3650.739990234375,84.02465057373047,24.802772521972656,244.8800048828125,10032.6103515625,123.73544311523438
2015-01-16,3699.7900390625,83.40522003173828,25.0295352935791,245.5399932861328,10167.76953125,123.83026885986328
2015-01-19,,,25.064977645874023,245.5399932861328,10242.349609375,123.85612487792967
2015-01-20,3705.639892578125,83.59646606445312,25.284650802612305,245.3000030517578,10257.1298828125,123.7871322631836
2015-01-21,3723.6201171875,83.19878387451172,25.511425018310547,244.47000122070312,10299.23046875,123.30445861816406
2015-01-22,3780.510009765625,82.9923324584961,25.81614112854004,246.16000366210935,10435.6201171875,123.76126098632812
2015-01-23,3759.760009765625,83.5352554321289,26.298030853271484,247.27999877929688,10649.580078125,124.2957000732422
2015-01-26,3769.449951171875,83.3440933227539,26.489370346069336,246.8000030517578,10798.330078125,123.94229888916016
2015-01-27,3718.989990234375,83.45877838134766,26.34762954711914,246.55999755859375,10628.580078125,123.99403381347656
2015-01-28,3669.10009765625,84.10116577148438,26.34762954711914,246.3800048828125,10710.9697265625,124.15780639648438
2015-01-29,3704.35009765625,83.80287170410156,26.298030853271484,246.2599945068359,10737.8701171875,124.20953369140624
2015-01-30,3656.280029296875,84.53700256347656,26.205907821655273,246.80999755859375,10694.3203125,124.59741973876952
2015-02-02,3703.77001953125,84.43135833740234,26.212987899780273,246.7100067138672,10828.009765625,124.5112075805664
2015-02-03,3757.340087890625,83.71900177001953,26.39015769958496,246.5800018310547,10890.9501953125,124.33881378173828
2015-02-04,3742.840087890625,83.8568115234375,26.567317962646484,246.69000244140625,10911.3203125,124.13197326660156
2015-02-05,3782.110107421875,83.55045318603516,26.553136825561523,246.5800018310547,10905.41015625,124.15780639648438
2015-02-06,3770.199951171875,82.61599731445312,26.58148956298828,246.13999938964844,10846.3896484375,124.09745025634766
2015-02-09,3754.360107421875,82.57768249511719,26.404327392578125,245.7400054931641,10663.509765625,124.21810913085938
2015-02-10,3794.6201171875,82.3708724975586,26.574405670166016,245.2599945068359,10753.830078125,124.13197326660156
2015-02-11,3795.820068359375,82.3402099609375,26.496450424194336,245.3300018310547,10752.1103515625,124.20091247558594
2015-02-12,3833.35009765625,82.3708724975586,26.737396240234375,245.9900054931641,10919.650390625,124.49397277832033
2015-02-13,3849.2900390625,82.09516143798828,26.850767135620117,246.2400054931641,10963.400390625,124.35602569580078
2015-02-16,,,26.85785675048828,246.0099945068359,10923.23046875,124.3479461669922
2015-02-17,3856.0400390625,81.51307678222656,26.864946365356445,245.66000366210935,10895.6201171875,124.15741729736328
2015-02-18,3855.0,81.9036636352539,27.11297035217285,245.77000427246097,10961.0,124.14879608154295
2015-02-19,3851.530029296875,81.69689178466797,27.23344039916992,246.02999877929688,11001.9404296875,124.22671508789062
2015-02-20,3875.60009765625,81.65086364746094,27.290130615234375,246.44000244140625,11050.6396484375,124.28729248046876
2015-02-23,3874.4599609375,82.02623748779297,27.509828567504883,247.22999572753903,11130.919921875,124.29598236083984
2015-02-24,3885.27001953125,82.57007598876953,27.60194396972656,247.47000122070312,11205.740234375,124.33060455322266
2015-02-25,3882.949951171875,82.64669036865234,27.552349090576172,247.9600067138672,11210.26953125,124.65958404541016
2015-02-26,3877.85009765625,82.15642547607422,27.878320693969727,249.16000366210935,11327.1904296875,124.77216339111328
2015-02-27,3866.419921875,82.44749450683594,27.977527618408203,248.80999755859375,11401.66015625,124.6336441040039
2015-03-02,3890.320068359375,81.833740234375,27.93501853942871,248.44000244140625,11410.3603515625,124.38255310058594
2015-03-03,3872.7099609375,81.65731811523438,27.658632278442383,247.8999938964844,11280.3603515625,124.35655212402344
2015-03-04,3856.510009765625,81.71868896484375,27.86414337158203,247.8699951171875,11390.3798828125,124.20075988769533
2015-03-05,3861.2900390625,81.76470947265625,28.133434295654297,248.8699951171875,11504.009765625,124.37390899658205
2015-03-06,3807.0400390625,80.92850494384766,28.14051628112793,248.1499938964844,11550.9697265625,123.97561645507812
2015-03-09,3822.419921875,81.30438232421875,28.112171173095703,249.33999633789065,11582.1103515625,124.65958404541016
2015-03-10,3757.830078125,81.6496353149414,27.835803985595703,250.32000732421875,11500.3798828125,125.16182708740234
2015-03-11,3751.199951171875,81.79540252685547,28.239727020263672,251.5500030517578,11805.990234375,125.36956787109376
2015-03-12,3799.429931640625,81.87210845947266,28.2609920501709,251.02999877929688,11799.3896484375,125.04924011230467
2015-03-13,3776.43994140625,81.74932861328125,28.374372482299805,250.7100067138672,11901.6103515625,124.93663787841795
2015-03-16,3827.6201171875,82.03324890136719,28.594772338867188,250.3999938964844,12167.7197265625,124.67693328857422
2015-03-17,3814.909912109375,82.20198059082031,28.42428970336914,249.67999267578125,11980.849609375,124.68558502197266
2015-03-18,3861.389892578125,83.14559936523438,28.530841827392575,250.1000061035156,11922.76953125,125.20509338378906
2015-03-19,3842.6201171875,82.75437927246094,28.608989715576172,250.5399932861328,11899.400390625,125.28299713134766
2015-03-20,3877.260009765625,83.09193420410156,28.886062622070312,250.8999938964844,12039.3701171875,125.35230255126952
2015-03-23,3870.489990234375,83.1993179321289,28.72266387939453,249.9600067138672,11895.83984375,125.0579071044922
2015-03-24,3847.050048828125,83.45247650146484,28.793684005737305,249.66000366210935,12005.6904296875,124.94534301757812
2015-03-25,3791.1298828125,83.09193420410156,28.46690368652344,249.66000366210935,11865.3203125,125.0405731201172
2015-03-26,3782.2099609375,82.62394714355469,28.260873794555664,249.6300048828125,11843.6796875,125.09256744384766
2015-03-27,3791.89990234375,82.94612884521484,28.29639434814453,249.5500030517578,11868.330078125,125.17044830322266
2015-03-30,3838.64990234375,82.93846130371094,28.616100311279297,249.52000427246097,12086.009765625,125.127197265625
2015-03-31,3805.27001953125,83.15328979492188,28.4313907623291,250.4600067138672,11966.169921875,125.34356689453124
2015-04-01,3790.659912109375,83.54903411865234,28.474010467529297,250.63999938964844,12001.3798828125,125.30899047851562
2015-04-02,3804.139892578125,83.31080627441406,28.51664352416992,250.11000061035156,11967.3896484375,125.26566314697266
2015-04-06,3829.31005859375,83.41836547851562,,,,
2015-04-07,3821.489990234375,83.4875717163086,28.957094192504883,250.7599945068359,12123.51953125,125.23966979980467
2015-04-08,3833.199951171875,83.41068267822266,28.99973487854004,250.91000366210935,12035.8603515625,125.49944305419922
2015-04-09,3850.2900390625,83.07258605957031,29.340726852416992,250.72999572753903,12166.4404296875,125.53411865234376
2015-04-10,3870.31005859375,83.049560546875,29.539655685424805,251.07000732421875,12374.73046875,125.51670837402344
2015-04-13,3852.929931640625,83.2186050415039,29.582277297973633,250.80999755859375,12338.73046875,125.54271697998048
2015-04-14,3859.219970703125,83.4644775390625,29.504140853881836,250.83999633789065,12227.599609375,125.70726013183594
2015-04-15,3879.10009765625,83.51055908203125,29.69594383239746,251.52999877929688,12231.33984375,125.932373046875
2015-04-16,3876.169921875,83.57205200195312,29.4046688079834,250.97999572753903,11998.8603515625,125.97567749023438
2015-04-17,3832.330078125,83.74112701416016,28.871845245361328,250.27999877929688,11688.7001953125,126.1314926147461
2015-04-20,3867.820068359375,83.58744812011719,29.198644638061523,250.36000061035156,11891.91015625,126.11417388916016
2015-04-21,3862.14990234375,83.41068267822266,29.36914825439453,250.1499938964844,11939.580078125,125.87178802490234
2015-04-22,3881.929931640625,82.92660522460938,29.312313079833984,250.0399932861328,11867.3701171875,125.42156219482422
2015-04-23,3891.4599609375,83.18018341064453,29.248367309570312,250.0500030517578,11723.580078125,125.41287231445312
2015-04-24,3900.239990234375,83.47215270996094,29.376251220703125,249.91000366210935,11810.849609375,125.46481323242188
2015-04-27,3884.10009765625,83.341552734375,29.64621353149414,250.3800048828125,12039.16015625,125.43016815185548
2015-04-28,3895.2099609375,82.95734405517578,29.227062225341797,250.42999267578125,11811.66015625,125.48212432861328
2015-04-29,3880.89990234375,82.64993286132812,28.537946701049805,248.2899932861328,11432.7197265625,124.54711151123048
2015-04-30,3841.780029296875,82.62694549560547,28.474010467529297,247.44000244140625,11454.3798828125,123.87169647216795
2015-05-01,3883.75,82.17517852783203,,,,
2015-05-04,3895.159912109375,82.00585174560547,28.616100311279297,246.2599945068359,11619.849609375,123.2310028076172
2015-05-05,3849.409912109375,81.86731719970703,28.147207260131836,243.44000244140625,11327.6796875,122.79811096191406
2015-05-06,3833.699951171875,81.46717834472656,27.955392837524418,242.02000427246097,11350.150390625,122.2873077392578
2015-05-07,3849.1298828125,81.81346893310547,28.01932144165039,242.88999938964844,11407.9697265625,122.20936584472656
2015-05-08,3901.010009765625,82.12901306152344,28.793684005737305,243.8999938964844,11709.73046875,122.61627197265624
2015-05-11,3881.929931640625,81.32096099853516,28.978404998779297,242.82000732421875,11673.349609375,122.2873077392578
2015-05-12,3870.68994140625,81.38246154785156,28.623205184936523,241.3999938964844,11472.41015625,121.63797760009766
2015-05-13,3870.360107421875,81.2747802734375,28.56635284423828,241.1499938964844,11351.4599609375,121.45612335205078
2015-05-14,3912.52001953125,81.55182647705078,28.843421936035156,241.42999267578125,11559.8203125,121.42149353027344
2015-05-15,3915.989990234375,82.13668823242188,28.68714141845703,242.72000122070312,11447.0302734375,122.03551483154295
2015-05-18,3928.14990234375,81.5826187133789,28.843421936035156,241.80999755859375,11594.2802734375,122.00065612792967
2015-05-19,3926.409912109375,81.22087860107422,29.298107147216797,242.91000366210935,11853.330078125,122.23562622070312
2015-05-20,3923.179931640625,81.39788818359375,29.454410552978516,242.33999633789065,11848.4697265625,122.07897186279295
2015-05-21,3932.89990234375,81.88273620605469,29.589372634887695,242.36000061035156,11864.58984375,122.01807403564452
2015-05-22,3924.159912109375,81.69803619384766,29.504140853881836,242.72000122070312,11815.009765625,122.24427795410156
2015-05-26,3883.8798828125,82.20599365234375,29.31942367553711,242.6199951171875,11625.1298828125,122.6793441772461
2015-05-27,3920.110107421875,82.15978240966797,29.596481323242188,243.32000732421875,11771.1298828125,122.7663345336914
2015-05-28,3915.820068359375,82.23674011230469,29.47572326660156,243.0099945068359,11677.5703125,122.8185577392578
2015-05-29,3891.179931640625,82.28289794921875,28.935775756835938,243.72000122070312,11413.8203125,123.21875
2015-06-01,3899.590087890625,81.91985321044922,28.99973487854004,242.63999938964844,11436.0498046875,122.9316864013672
2015-06-02,3895.85009765625,81.34949493408203,28.72266387939453,240.0800018310547,11328.7998046875,121.73096466064452
2015-06-03,3904.830078125,80.65577697753906,28.729774475097656,238.02999877929688,11419.6201171875,120.48673248291016
2015-06-04,3871.22998046875,81.04890441894531,28.474010467529297,238.6300048828125,11340.599609375,120.81737518310548
2015-06-05,3865.830078125,80.4631118774414,28.189830780029297,237.52000427246097,11197.150390625,120.6781768798828
2015-06-08,3841.449951171875,80.57866668701172,27.955392837524418,236.8500061035156,11064.919921875,120.32147216796876
2015-06-09,3843.159912109375,80.31660461425781,27.863039016723633,236.0500030517578,11001.2900390625,119.8341827392578
2015-06-10,3889.699951171875,80.0083236694336,28.36033058166504,235.9499969482422,11265.3896484375,119.64279174804688
2015-06-11,3897.590087890625,80.6404037475586,28.580581665039062,237.52999877929688,11332.7802734375,120.28663635253906
2015-06-12,3870.56005859375,80.59410095214844,28.310604095458984,236.88999938964844,11196.490234375,120.66947174072266
2015-06-15,3852.75,80.78681182861328,27.815826416015625,235.82000732421875,10984.9697265625,120.76515197753906
2015-06-16,3874.72998046875,81.09513854980469,28.00265312194824,236.22000122070312,11044.009765625,120.93047332763672
2015-06-17,3882.489990234375,81.14134979248047,27.887685775756836,236.3000030517578,10978.009765625,120.8957061767578
2015-06-18,3921.429931640625,81.07974243164062,27.91642189025879,236.97000122070312,11100.2998046875,120.98271942138672
2015-06-19,3900.639892578125,81.51134490966797,28.045766830444336,237.33999633789065,11040.099609375,121.29593658447266
2015-06-22,3924.409912109375,80.82540130615234,28.678110122680664,237.5800018310547,11460.5,120.43453216552734
2015-06-23,3927.22998046875,80.57866668701172,29.023025512695312,237.8800048828125,11542.5400390625,120.57376861572266
2015-06-24,3898.469970703125,80.81764221191406,28.85775375366211,237.97000122070312,11471.259765625,120.77389526367188
2015-06-25,3887.0400390625,80.6172103881836,28.829002380371097,237.97999572753903,11473.1298828125,120.6781768798828
2015-06-26,3886.2099609375,80.2318115234375,28.85775375366211,237.38999938964844,11492.4296875,120.22574615478516
2015-06-29,3805.5,81.16449737548828,28.00983238220215,236.7599945068359,11083.2001953125,121.1567153930664
2015-06-30,3815.85009765625,80.94094848632812,27.66492462158203,237.52000427246097,10944.9697265625,121.38288879394533
2015-07-01,3843.260009765625,80.51791381835938,28.110443115234375,237.16000366210935,11180.5,121.01747131347656
2015-07-02,3842.06005859375,80.80355072021484,28.00983238220215,236.4600067138672,11099.349609375,120.86957550048828
2015-07-03,,,27.8804988861084,237.4900054931641,11058.3896484375,121.31330108642578
2015-07-06,3827.35009765625,81.37483215332031,27.49245834350586,236.5800018310547,10890.6298828125,121.52214813232422
2015-07-07,3850.659912109375,81.59099578857422,27.046960830688477,238.52999877929688,10676.7802734375,122.4269790649414
2015-07-08,3787.669921875,81.91520690917969,27.068517684936523,238.67999267578125,10747.2998046875,122.07028198242188
2015-07-09,3796.260009765625,81.34396362304688,27.64337158203125,238.72999572753903,10996.41015625,121.7744598388672
2015-07-10,3843.10009765625,80.78038787841797,28.26851463317871,237.6300048828125,11315.6298828125,120.5563507080078
2015-07-13,3885.969970703125,80.56426239013672,28.80026626586914,238.42999267578125,11484.3798828125,120.93047332763672
2015-07-14,3903.31005859375,80.81902313232422,28.98710060119629,238.6999969482422,11516.900390625,121.00007629394533
2015-07-15,3900.5,81.12773895263672,29.102066040039062,240.02000427246097,11539.66015625,121.53954315185548
2015-07-16,3931.85009765625,81.0969009399414,29.511655807495117,240.02000427246097,11716.759765625,121.33073425292967
2015-07-17,3936.219970703125,81.1045913696289,29.511655807495117,241.1999969482422,11673.419921875,121.74837493896484
2015-07-20,3939.35009765625,80.94251251220703,29.633806228637695,241.5099945068359,11735.7197265625,121.89624786376952
2015-07-21,3922.699951171875,81.1663589477539,29.245784759521484,240.80999755859375,11604.7998046875,121.7744598388672
2015-07-22,3913.75,81.2667465209961,29.102066040039062,241.47000122070312,11520.669921875,122.05289459228516
2015-07-23,3891.7900390625,81.59870147705078,28.965538024902344,241.75,11512.1103515625,122.06158447265624
2015-07-24,3850.14990234375,81.6758804321289,28.699668884277344,242.47999572753903,11347.4501953125,122.37484741210938
2015-07-27,3827.929931640625,81.94608306884766,28.060144424438477,242.3800048828125,11056.400390625,122.3922119140625
2015-07-28,3875.3701171875,81.71453857421875,28.36194610595703,242.5800018310547,11173.91015625,122.40091705322266
2015-07-29,3904.2099609375,81.59870147705078,28.656551361083984,242.11000061035156,11211.849609375,122.29649353027344
2015-07-30,3904.639892578125,81.69133758544922,28.79307746887207,243.2599945068359,11257.150390625,122.740234375
2015-07-31,3895.800048828125,82.16996002197266,28.84337615966797,243.5500030517578,11308.990234375,122.72280883789062
2015-08-03,3885.070068359375,82.42047119140625,29.073320388793945,243.58999633789065,11443.7197265625,122.90552520751952
2015-08-04,3876.43994140625,81.99523162841797,29.03021812438965,243.44000244140625,11456.0703125,122.87073516845705
2015-08-05,3889.989990234375,81.67823028564453,29.367935180664062,241.63999938964844,11636.2998046875,122.05289459228516
2015-08-06,3860.919921875,81.96430206298828,29.159543991088867,242.4499969482422,11585.099609375,122.44442749023438
2015-08-07,3849.9599609375,82.2890396118164,28.85775375366211,243.2599945068359,11490.830078125,122.82722473144533
2015-08-10,3899.360107421875,81.94886016845703,29.051769256591797,242.9199981689453,11604.7802734375,122.60972595214844
2015-08-11,3862.81005859375,82.49005889892578,28.642179489135746,243.92999267578125,11293.650390625,123.0795669555664
2015-08-12,3867.3701171875,82.4591293334961,27.85894012451172,243.8999938964844,10924.6103515625,123.34928894042967
2015-08-13,3863.030029296875,82.2426528930664,28.19667625427246,243.6300048828125,11014.6298828125,123.08828735351562
2015-08-14,3878.159912109375,82.15756225585938,28.15355110168457,243.16000366210935,10985.1396484375,122.8446273803711
2015-08-17,3899.10009765625,82.30448150634766,28.225418090820312,243.8500061035156,10940.330078125,123.0396957397461
2015-08-18,3889.60009765625,82.17304229736328,28.318824768066406,243.2899932861328,10915.919921875,122.95230865478516
2015-08-19,3857.739990234375,82.67564392089844,27.779890060424805,243.2400054931641,10682.150390625,123.03094482421876
2015-08-20,3776.360107421875,82.89984893798828,27.212228775024418,243.52999877929688,10432.1904296875,123.38043975830078
2015-08-21,3656.669921875,83.23231506347656,26.270906448364254,243.4600067138672,10124.51953125,123.5377197265625
2015-08-24,3512.64990234375,83.37153625488281,24.919986724853516,242.8699951171875,9648.4296875,123.34552001953124
2015-08-25,3465.18994140625,82.91529846191406,25.969097137451172,240.8800048828125,10128.1201171875,122.1659927368164
2015-08-26,3600.72998046875,82.40498352050781,25.480464935302734,241.25,9997.4296875,122.41059112548828
2015-08-27,3688.60009765625,82.3586196899414,26.44336700439453,241.44000244140625,10315.6201171875,122.20962524414062
2015-08-28,3691.300048828125,82.37408447265625,26.55113983154297,241.6000061035156,10298.5302734375,122.2008819580078
2015-08-31,3660.75,82.23492431640625,26.428991317749023,240.8699951171875,10259.4599609375,121.79898834228516
2015-09-01,3552.64990234375,82.60430145263672,25.746356964111328,240.32000732421875,10015.5703125,121.67664337158205
2015-09-02,3618.25,82.37971496582031,25.77509307861328,240.7100067138672,10048.0498046875,121.77276611328124
2015-09-03,3622.659912109375,82.5810775756836,26.414615631103516,241.86000061035156,10317.83984375,122.28829193115234
2015-09-04,3567.409912109375,82.83660125732422,25.710424423217773,242.63999938964844,10038.0400390625,122.75138092041016
2015-09-07,,,25.861318588256836,242.2100067138672,10108.6103515625,122.72513580322266
2015-09-08,3657.320068359375,82.47264862060547,26.1774845123291,242.9499969482422,10271.3603515625,122.69892120361328
2015-09-09,3606.800048828125,82.50364685058594,26.536775588989254,242.7899932861328,10303.1201171875,122.58534240722656
2015-09-10,3626.139892578125,82.31778717041016,26.18467903137207,242.6699981689453,10210.4404296875,122.69021606445312
2015-09-11,3643.5400390625,82.53455352783203,25.882877349853516,243.1000061035156,10123.5595703125,122.9785614013672
2015-09-14,3628.8701171875,82.61205291748047,25.70323181152344,243.02000427246097,10131.740234375,122.99598693847656
2015-09-15,3675.47998046875,81.9615707397461,25.966163635253903,242.2599945068359,10188.1298828125,122.34938049316406
2015-09-16,3707.6201171875,81.93830108642578,26.380056381225582,241.57000732421875,10227.2099609375,122.09602355957033
2015-09-17,3698.739990234375,82.61976623535156,26.3292179107666,241.63999938964844,10229.580078125,122.0086898803711
2015-09-18,3638.989990234375,83.0069808959961,25.8209285736084,243.8999938964844,9916.16015625,122.88245391845705
2015-09-21,3655.639892578125,82.53455352783203,26.0896053314209,243.4900054931641,9948.509765625,122.78629302978516
2015-09-22,3610.699951171875,82.94502258300781,25.28360366821289,244.6300048828125,9570.66015625,123.3891830444336
2015-09-23,3603.489990234375,82.85208129882812,25.276344299316406,244.5399932861328,9612.6201171875,123.36294555664062
2015-09-24,3591.3701171875,82.97598266601562,24.768056869506836,244.5,9427.6396484375,123.38043975830078
2015-09-25,3589.7099609375,82.75918579101562,25.46513557434082,243.61000061035156,9688.5302734375,123.01348876953124
2015-09-28,3498.610107421875,83.23159790039062,24.89876365661621,244.3999938964844,9483.5498046875,123.39794158935548
2015-09-29,3503.1298828125,83.51808166503906,24.688182830810547,244.8000030517578,9450.400390625,123.45037841796876
2015-09-30,3570.169921875,83.53360748291016,25.348957061767575,244.92999267578125,9660.4404296875,123.45037841796876
2015-10-01,3577.469970703125,83.59871673583984,25.290868759155273,245.9499969482422,9509.25,123.87845611572266
2015-10-02,3629.0400390625,84.00202178955078,25.436094284057617,246.3800048828125,9553.0703125,124.09693145751952
2015-10-05,3695.610107421875,83.53668212890625,26.154956817626953,245.97999572753903,9814.7900390625,123.6862564086914
2015-10-06,3682.330078125,83.7072525024414,26.27838897705078,245.22999572753903,9902.830078125,123.42408752441406
2015-10-07,3713.360107421875,83.49788665771484,26.3437442779541,245.36000061035156,9970.400390625,123.50279998779295
2015-10-08,3746.1201171875,83.28071594238281,26.42361640930176,245.47999572753903,9993.0703125,123.5115203857422
2015-10-09,3748.9599609375,83.32727813720703,26.46718406677246,245.25,10096.599609375,123.26680755615234
2015-10-12,3753.72998046875,83.60643768310547,26.409090042114254,245.7100067138672,10119.830078125,123.59888458251952
2015-10-13,3728.47998046875,83.68400573730469,26.176738739013672,245.80999755859375,10032.8203125,123.4940414428711
2015-10-14,3711.110107421875,84.1416015625,25.987939834594727,246.32000732421875,9915.849609375,123.86978912353516
2015-10-15,3766.429931640625,83.85464477539062,26.3437442779541,246.0800018310547,10064.7998046875,123.78237915039062
2015-10-16,3783.639892578125,83.78490447998047,26.51076316833496,246.3999938964844,10104.4296875,123.83480834960938
2015-10-19,3784.719970703125,83.74610900878906,26.59062767028809,246.36000061035156,10164.3095703125,123.70372009277344
2015-10-20,3779.43994140625,83.45909881591797,26.481712341308594,245.27999877929688,10147.6796875,123.23190307617188
2015-10-21,3757.909912109375,83.74610900878906,26.48897171020508,246.3300018310547,10238.099609375,123.66007995605467
2015-10-22,3820.489990234375,83.83139038085938,27.04082298278809,248.32000732421875,10491.9697265625,124.32408142089844
2015-10-23,3862.64990234375,83.35833740234375,27.57815170288086,248.16000366210935,10794.5400390625,124.26292419433594
2015-10-26,3855.2900390625,83.5754623413086,27.44744873046875,248.1300048828125,10801.33984375,124.32408142089844
2015-10-27,3845.449951171875,83.78490447998047,27.16426658630371,249.02000427246097,10692.1904296875,124.74346160888672
2015-10-28,3891.340087890625,83.35055541992188,27.432924270629883,249.3800048828125,10831.9599609375,124.76091003417967
2015-10-29,3890.0400390625,82.83869171142578,27.454713821411133,247.8000030517578,10800.83984375,124.0357666015625
2015-10-30,3871.330078125,83.00153350830078,27.46923065185547,247.8500061035156,10850.1396484375,124.10567474365234
2015-11-02,3917.300048828125,82.7630386352539,27.54184913635254,246.91000366210935,10950.669921875,123.83480834960938
2015-11-03,3928.050048828125,82.5455551147461,27.650774002075195,246.9199981689453,10951.150390625,123.76493072509766
2015-11-04,3915.52001953125,82.46012878417969,27.752424240112305,246.6199951171875,10845.240234375,123.59010314941406
2015-11-05,3911.889892578125,82.40576171875,27.658039093017575,246.3500061035156,10887.740234375,123.5289535522461
2015-11-06,3910.97998046875,81.84648895263672,27.752424240112305,244.91000366210935,10988.0302734375,122.8999252319336
2015-11-09,3873.3701171875,81.70669555664062,27.411142349243164,245.1999969482422,10815.4501953125,123.1969757080078
2015-11-10,3880.22998046875,81.86199951171875,27.512807846069336,246.33999633789065,10832.51953125,123.57264709472656
2015-11-11,3867.7099609375,81.82317352294922,27.67255401611328,246.72999572753903,10907.8701171875,123.6250991821289
2015-11-12,3814.2900390625,81.86978149414062,27.22961044311523,246.9600067138672,10782.6298828125,123.6250991821289
2015-11-13,3771.590087890625,82.18048858642578,27.019033432006836,247.69000244140625,10708.400390625,123.99209594726562
2015-11-16,3828.4599609375,82.28923034667969,27.12068748474121,247.88999938964844,10713.23046875,124.20662689208984
2015-11-17,3824.139892578125,82.26598358154297,27.803251266479492,248.1199951171875,10971.0400390625,124.26805877685548
2015-11-18,3886.260009765625,82.22708892822266,27.75968360900879,248.52999877929688,10959.9501953125,124.40841674804688
2015-11-19,3882.06005859375,82.40576171875,27.825031280517575,249.02999877929688,11085.4404296875,124.6364974975586
2015-11-20,3897.449951171875,82.29703521728516,27.883121490478516,249.1699981689453,11119.830078125,124.61900329589844
2015-11-23,3892.800048828125,82.40576171875,27.795988082885746,248.4499969482422,11092.3095703125,124.27685546875
2015-11-24,3897.669921875,82.48344421386719,27.44744873046875,248.83999633789065,10933.990234375,124.3908920288086
2015-11-25,3897.570068359375,82.53003692626953,27.81776428222656,249.92999267578125,11169.5400390625,124.83831024169922
2015-11-26,,,28.10822296142578,249.91000366210935,11320.76953125,124.82076263427734
2015-11-27,3900.739990234375,82.6154556274414,28.04286003112793,250.3999938964844,11293.759765625,124.97869873046876
2015-11-30,3882.840087890625,82.64655303955078,28.18084144592285,250.02000427246097,11382.23046875,124.8295440673828
2015-12-01,3924.6298828125,83.08609008789062,28.071908950805664,250.2100067138672,11261.240234375,124.9084701538086
2015-12-02,3882.3798828125,82.85272979736328,28.09370994567871,250.5,11190.01953125,124.98746490478516
2015-12-03,3826.739990234375,81.98139190673828,27.12068748474121,246.6000061035156,10789.240234375,123.33810424804688
2015-12-04,3905.31005859375,82.28478240966797,27.098920822143555,246.1699981689453,10752.099609375,123.04869079589844
2015-12-07,3878.31005859375,82.5492935180664,27.251401901245117,248.02999877929688,10886.08984375,123.79434204101562
2015-12-08,3853.47998046875,82.59600067138672,26.74311637878418,248.27999877929688,10673.599609375,123.89079284667967
2015-12-09,3823.89990234375,82.720458984375,26.61241149902344,247.67999267578125,10592.490234375,123.6978530883789
2015-12-10,3832.929931640625,82.54154968261719,26.568857192993164,248.25,10598.9296875,123.9346923828125
2015-12-11,3759.090087890625,83.20279693603516,26.031511306762695,248.61000061035156,10340.0595703125,124.2154312133789
2015-12-14,3777.219970703125,82.58818817138672,25.56679344177246,247.72000122070312,10139.33984375,124.03995513916016
2015-12-15,3817.360107421875,82.37816619873047,26.305824279785156,246.3300018310547,10450.3798828125,123.3820343017578
2015-12-16,3873.1201171875,82.1603012084961,26.38609504699707,245.94000244140625,10469.259765625,123.07498931884766
2015-12-17,3815.4599609375,82.50260162353516,26.721759796142575,247.17999267578125,10738.1201171875,123.6802749633789
2015-12-18,3747.56005859375,82.79823303222656,26.451763153076172,248.1000061035156,10608.1904296875,124.04871368408205
2015-12-21,3777.14990234375,82.83710479736328,26.094209671020508,247.72999572753903,10497.76953125,124.0224151611328
2015-12-22,3810.85009765625,82.6037368774414,26.159883499145508,246.9199981689453,10488.75,123.65396118164062
2015-12-23,3858.469970703125,82.41706848144531,26.78742027282715,246.44000244140625,10727.6396484375,123.4521942138672
2015-12-24,3852.31005859375,82.56820678710938,,,,
2015-12-28,3843.93994140625,82.5838394165039,26.605005264282227,247.61000061035156,10653.91015625,123.8820571899414
2015-12-29,3885.550048828125,82.14744567871094,27.08661651611328,246.63999938964844,10860.1396484375,123.346923828125
2015-12-30,3857.89990234375,82.17863464355469,26.926069259643555,246.8500061035156,10743.009765625,123.4785385131836
2015-12-31,3821.60009765625,82.2721176147461,,,,
2016-01-04,3763.989990234375,82.622802734375,26.086910247802734,247.72999572753903,10283.4404296875,123.81189727783205
2016-01-05,3771.570068359375,82.59937286376953,26.291229248046875,248.38999938964844,10310.099609375,124.0838394165039
2016-01-06,3723.43994140625,83.0980224609375,25.92637825012207,248.7400054931641,10214.01953125,124.29438018798828
2016-01-07,3635.2900390625,83.27722930908203,25.31342506408691,247.97999572753903,9979.849609375,124.03995513916016
2016-01-08,3595.909912109375,83.48766326904297,24.926687240600582,248.72999572753903,9849.33984375,124.35580444335938
2016-01-11,3598.969970703125,83.22270965576172,24.897497177124023,247.69000244140625,9825.0703125,124.06625366210938
2016-01-12,3627.06005859375,83.5966796875,25.079923629760746,247.5800018310547,9985.4296875,124.10138702392578
2016-01-13,3536.919921875,83.92396545410156,25.255048751831055,248.17999267578125,9960.9599609375,124.2856674194336
2016-01-14,3596.030029296875,83.75254821777344,24.788042068481445,248.08999633789065,9794.2001953125,124.31195831298828
2016-01-15,3518.510009765625,84.14215850830078,24.109418869018555,248.4499969482422,9545.26953125,124.60147094726562
2016-01-18,,,24.02185440063477,248.57000732421875,9521.849609375,124.61900329589844
2016-01-19,3520.39990234375,84.03306579589844,24.379405975341797,248.7400054931641,9664.2099609375,124.57511901855467
2016-01-20,3479.75,84.44599151611328,23.591325759887695,248.52000427246097,9391.6396484375,124.99620819091795
2016-01-21,3497.93994140625,84.23561096191406,24.065637588500977,249.82000732421875,9574.16015625,125.38221740722656
2016-01-22,3568.89990234375,84.04862976074219,24.70047378540039,249.38999938964844,9764.8798828125,125.1804656982422
2016-01-25,3513.110107421875,84.3291244506836,24.60560607910156,249.6300048828125,9736.150390625,125.25942993164062
2016-01-26,3562.81005859375,84.39144897460938,24.824525833129883,250.41000366210935,9822.75,125.50505828857422
2016-01-27,3524.330078125,84.45378875732422,24.91938209533691,250.52999877929688,9880.8203125,125.44365692138672
2016-01-28,3544.1298828125,84.56289672851562,24.437788009643555,250.88999938964844,9639.58984375,125.75067901611328
2016-01-29,3631.9599609375,85.01477813720703,25.01424789428711,252.38999938964844,9798.1103515625,126.29459381103516
2016-02-01,3630.4599609375,84.8189468383789,25.006956100463867,251.6300048828125,9757.8798828125,126.0051040649414
2016-02-02,3562.52001953125,85.4197769165039,24.4815616607666,251.88999938964844,9581.0400390625,126.33844757080078
2016-02-03,3581.530029296875,85.32614135742188,24.072933197021484,252.6000061035156,9434.8203125,126.63673400878906
2016-02-04,3587.7099609375,85.5290298461914,24.02185440063477,251.8000030517578,9393.3603515625,126.3296890258789
2016-02-05,3521.60009765625,85.6382064819336,23.8248348236084,251.6499938964844,9286.23046875,126.40863037109376
2016-02-08,3472.080078125,86.27809143066406,22.94918632507324,251.1199951171875,8979.3603515625,126.95258331298828
2016-02-09,3470.5,86.29368591308594,22.55514907836914,251.0,8879.400390625,126.89118957519533
2016-02-10,3471.0400390625,86.55122375488281,22.992969512939453,251.3500061035156,9017.2900390625,126.86483764648438
2016-02-11,3428.989990234375,86.94915008544922,22.161102294921875,251.3300018310547,8752.8701171875,127.42633819580078
2016-02-12,3496.280029296875,86.28588104248047,22.868919372558594,250.9499969482422,8967.509765625,126.68937683105467
2016-02-15,,,23.52565574645996,251.69000244140625,9206.83984375,126.96245574951172
2016-02-16,3555.199951171875,86.0284423828125,23.467275619506836,251.0,9135.1103515625,126.77743530273438
2016-02-17,3614.159912109375,85.81776428222656,24.029151916503903,251.1300048828125,9377.2099609375,126.70701599121094
2016-02-18,3597.489990234375,86.21568298339844,24.051040649414062,252.22999572753903,9463.6396484375,127.14739227294922
2016-02-19,3597.919921875,86.21568298339844,23.919689178466797,252.2100067138672,9388.0498046875,127.2002410888672
2016-02-22,3649.919921875,86.12987518310547,24.27724266052246,252.88999938964844,9573.58984375,127.40282440185548
2016-02-23,3604.679931640625,86.30152130126953,23.97076988220215,252.82000732421875,9416.76953125,127.34113311767578
2016-02-24,3620.8701171875,86.30152130126953,23.459980010986328,253.1499938964844,9167.7998046875,127.56134796142578
2016-02-25,3662.840087890625,86.55897521972656,23.91239547729492,253.4499969482422,9331.48046875,127.72866821289062
2016-02-26,3656.419921875,86.1376724243164,24.29914093017578,253.66000366210935,9513.2998046875,127.64940643310548
2016-02-29,3627.06005859375,86.27809143066406,24.488855361938477,254.5099945068359,9495.400390625,127.95771026611328
2016-03-01,3713.699951171875,85.60375213623047,24.853721618652344,254.27000427246097,9717.16015625,127.7462921142578
2016-03-02,3729.590087890625,85.45527648925781,24.955873489379883,253.27000427246097,9776.6201171875,127.288330078125
2016-03-03,3743.02001953125,85.556884765625,24.882892608642575,253.82000732421875,9751.919921875,127.64940643310548
2016-03-04,3755.469970703125,85.26773834228516,25.08721923828125,252.9499969482422,9824.169921875,127.04174041748048
2016-03-07,3759.050048828125,85.09584045410156,25.021549224853516,253.2599945068359,9778.9296875,127.29708862304688
2016-03-08,3717.489990234375,85.58808898925781,24.758853912353516,253.9900054931641,9692.8203125,127.54369354248048
2016-03-09,3736.919921875,85.25214385986328,24.86830711364746,253.38999938964844,9723.08984375,127.05048370361328
2016-03-10,3737.739990234375,84.9473648071289,24.423187255859375,252.6499938964844,9498.150390625,126.44280242919922
2016-03-11,3800.070068359375,84.705078125,25.09451675415039,253.80999755859375,9831.1298828125,126.63650512695312
2016-03-14,3795.530029296875,84.76761627197266,25.29153060913086,253.94000244140625,9990.259765625,126.57486724853516
2016-03-15,3788.6201171875,84.75199127197266,24.98652458190918,253.05999755859375,9933.849609375,126.30184936523438
2016-03-16,3810.090087890625,85.19743347167969,24.99384498596191,253.3300018310547,9983.41015625,126.27539825439452
2016-03-17,3835.260009765625,85.29120635986328,25.00847625732422,254.6699981689453,9892.2001953125,126.88314056396484
2016-03-18,3852.14990234375,85.43965148925781,25.081684112548828,254.69000244140625,9950.7998046875,127.04174041748048
2016-03-21,3855.969970703125,85.19743347167969,25.023122787475582,254.72000122070312,9948.6396484375,126.8655242919922
2016-03-22,3853.179931640625,85.0177001953125,24.99384498596191,254.8800048828125,9990.0,127.06812286376952
2016-03-23,3828.580078125,85.40838623046875,24.97187614440918,254.82000732421875,10022.9296875,127.1561050415039
2016-03-24,3827.139892578125,85.32245635986328,24.583864212036133,254.94000244140625,9851.349609375,127.27071380615234
2016-03-28,3829.260009765625,85.44746398925781,,,,
2016-03-29,3863.800048828125,86.02571105957031,24.730287551879883,255.9900054931641,9887.9404296875,127.6405792236328
2016-03-30,3881.010009765625,85.90849304199219,25.030437469482425,255.9600067138672,10046.6103515625,127.42920684814452
2016-03-31,3873.110107421875,86.22107696533203,24.803489685058594,255.9900054931641,9965.509765625,127.48208618164062
2016-04-01,3897.659912109375,86.196044921875,24.474044799804688,255.9900054931641,9794.6396484375,127.47327423095705
2016-04-04,3886.0,86.2977294921875,24.613149642944336,256.1000061035156,9822.080078125,127.6405792236328
2016-04-05,3846.590087890625,86.64208984375,24.137277603149418,256.0,9563.3603515625,127.84317779541016
2016-04-06,3888.409912109375,86.45429992675781,24.327627182006836,255.8800048828125,9624.509765625,127.78154754638672
2016-04-07,3841.97998046875,86.90038299560547,24.18852996826172,255.47000122070312,9530.6201171875,128.04574584960938
2016-04-08,3852.719970703125,86.76729583740234,24.400842666625977,255.9199981689453,9622.259765625,128.01934814453125
2016-04-11,3842.169921875,86.7516860961914,24.51797866821289,255.58999633789065,9682.990234375,127.92242431640624
2016-04-12,3879.419921875,86.40731811523438,24.679033279418945,254.88999938964844,9761.4697265625,127.5701141357422
2016-04-13,3918.949951171875,86.469970703125,25.31595802307129,255.82000732421875,10026.099609375,127.7462921142578
2016-04-14,3920.030029296875,86.26642608642578,25.374526977539062,255.1499938964844,10093.650390625,127.50848388671876
2016-04-15,3916.169921875,86.52469635009766,25.30131721496582,255.57000732421875,10051.5703125,127.76390838623048
2016-04-18,3941.860107421875,86.43860626220703,25.381858825683594,255.25,10120.3095703125,127.5173110961914
2016-04-19,3954.010009765625,86.2977294921875,25.777185440063477,254.7599945068359,10349.58984375,127.41160583496094
2016-04-20,3957.25,85.8594741821289,25.908960342407227,255.1499938964844,10421.2900390625,127.6142120361328
2016-04-21,3936.800048828125,85.71866607666016,25.76986312866211,253.8999938964844,10435.73046875,126.91836547851562
2016-04-22,3937.0,85.62471008300781,25.72593116760254,253.9199981689453,10373.490234375,126.9711685180664
2016-04-25,3929.8798828125,85.53083038330078,25.586837768554688,253.1699981689453,10294.349609375,126.72461700439452
2016-04-26,3937.22998046875,85.35079193115234,25.6820125579834,252.83999633789065,10259.58984375,126.4339828491211
2016-04-27,3944.02001953125,85.82035064697266,25.777185440063477,252.97000122070312,10299.830078125,126.48681640625
2016-04-28,3907.8798828125,86.11775207519531,25.81378173828125,253.67999267578125,10321.150390625,126.81269073486328
2016-04-29,3888.1298828125,86.08648681640625,25.24275016784668,253.0500030517578,10038.9697265625,126.59246826171876
2016-05-02,3918.530029296875,85.83645629882812,25.30131721496582,253.3500061035156,10123.26953125,126.53963470458984
2016-05-03,3884.6298828125,86.34587097167969,24.854736328125,254.2400054931641,9926.76953125,127.18264770507812
2016-05-04,3862.39990234375,86.50262451171875,24.583864212036133,254.0500030517578,9828.25,127.12974548339844
2016-05-05,3862.39990234375,86.73777770996094,24.722965240478516,254.3999938964844,9851.8603515625,127.49091339111328
2016-05-06,3875.179931640625,86.5339584350586,24.635107040405273,254.55999755859375,9869.9501953125,127.64940643310548
2016-05-09,3878.139892578125,86.69856262207031,24.75957679748535,255.0,9980.490234375,127.79914093017578
2016-05-10,3926.6298828125,86.68286895751953,25.00115966796875,254.97999572753903,10045.4404296875,127.81671142578124
2016-05-11,3891.1298828125,86.81609344482422,24.898664474487305,255.17999267578125,9975.3203125,127.79914093017578
2016-05-12,3890.85009765625,86.58100128173828,24.75223922729492,254.66000366210935,9862.1201171875,127.58773040771484
2016-05-13,3858.169921875,86.91018676757812,24.87670135498047,255.1699981689453,9952.900390625,127.77273559570312
2016-05-16,3896.360107421875,86.5966796875,,,,
2016-05-17,3860.8798828125,86.47913360595703,24.92794609069824,255.38999938964844,9890.1904296875,127.69905090332033
2016-05-18,3862.25,85.78154754638672,25.1256160736084,254.8000030517578,9943.23046875,127.4692611694336
2016-05-19,3847.969970703125,85.8677749633789,24.854736328125,254.6499938964844,9795.8896484375,127.3454818725586
2016-05-20,3871.75,85.92266845703125,25.206144332885746,254.8800048828125,9916.01953125,127.40739440917967
2016-05-23,3863.820068359375,85.97748565673828,25.059728622436523,254.72999572753903,9842.2900390625,127.25707244873048
2016-05-24,3916.77001953125,85.83645629882812,25.674692153930664,255.2100067138672,10057.3095703125,127.3631362915039
2016-05-25,3944.330078125,85.79724884033203,25.982166290283203,255.97000122070312,10205.2099609375,127.5399169921875
2016-05-26,3944.050048828125,86.06372833251953,26.026094436645508,255.9600067138672,10272.7099609375,127.67255401611328
2016-05-27,3961.669921875,85.89913940429688,26.10663414001465,256.0299987792969,10286.3095703125,127.61062622070312
2016-05-30,,,26.16520118713379,255.7400054931641,10333.23046875,127.4692611694336
2016-05-31,3957.949951171875,86.00102996826172,25.945568084716797,255.8800048828125,10262.740234375,127.55760955810548
2016-06-01,3963.10009765625,85.97200775146484,25.667375564575195,255.97000122070312,10204.4404296875,127.70791625976562
2016-06-02,3974.760009765625,86.23883819580078,25.69665145874023,256.239990234375,10208.0,127.8405303955078
2016-06-03,3963.22998046875,87.03944396972656,25.48434257507324,256.8699951171875,10103.259765625,128.21170043945312
2016-06-06,3982.739990234375,86.81183624267578,25.59415626525879,256.1300048828125,10121.080078125,128.03497314453125
2016-06-07,3987.9599609375,86.93743133544922,25.879674911499023,256.8900146484375,10287.6796875,128.3177947998047
2016-06-08,4001.97998046875,87.03944396972656,25.73326873779297,257.07000732421875,10217.0302734375,128.23826599121094
2016-06-09,3995.280029296875,87.17288208007812,25.506311416625977,257.3900146484375,10088.8701171875,128.41502380371094
2016-06-10,3958.679931640625,87.47900390625,24.89134407043457,257.3500061035156,9834.6201171875,128.5122833251953
2016-06-13,3927.72998046875,87.65167236328125,24.41547584533691,256.7699890136719,9657.4404296875,128.468017578125
2016-06-14,3920.929931640625,87.62816619873047,23.968900680541992,256.3500061035156,9519.2001953125,128.7773895263672
2016-06-15,3914.02001953125,87.89501190185547,24.19852638244629,256.6300048828125,9606.7099609375,128.8834991455078
2016-06-16,3926.929931640625,87.98922729492188,24.05007553100586,256.19000244140625,9550.4697265625,128.97189331054688
2016-06-17,3914.14990234375,87.69096374511719,24.354412078857425,256.32000732421875,9631.3603515625,128.73326110839844
2016-06-20,3936.909912109375,87.3141860961914,25.282276153564453,256.8500061035156,9962.01953125,128.37088012695312
2016-06-21,3947.93994140625,87.1179428100586,25.4529972076416,256.8699951171875,10015.5400390625,128.4768829345703
2016-06-22,3941.449951171875,87.29063415527344,25.556915283203125,256.7900085449219,10071.0595703125,128.4061737060547
2016-06-23,3994.179931640625,86.87461853027344,25.92806053161621,256.5,10257.0302734375,128.05259704589844
2016-06-24,3850.699951171875,88.07559204101562,24.012950897216797,256.29998779296875,9557.16015625,129.25479125976562
2016-06-27,3781.02001953125,88.83695983886719,23.13706398010254,257.9100036621094,9268.66015625,129.62600708007812
2016-06-28,3849.050048828125,88.82119750976562,23.71605110168457,259.30999755859375,9447.2802734375,129.71438598632812
2016-06-29,3915.10009765625,88.46014404296875,24.436063766479492,259.9200134277344,9612.26953125,129.82041931152344
2016-06-30,3968.2099609375,88.6563949584961,24.658748626708984,260.29998779296875,9680.08984375,129.829345703125
2016-07-01,3976.679931640625,88.89061737060547,24.881431579589844,261.32000732421875,9776.1201171875,129.82041931152344
2016-07-04,,,24.688440322875977,261.239990234375,9709.08984375,129.926513671875
2016-07-05,3949.719970703125,89.3779296875,24.28761100769043,261.5400085449219,9532.6103515625,130.27127075195312
2016-07-06,3972.260009765625,89.3936767578125,23.901620864868164,261.6700134277344,9373.259765625,130.32432556152344
2016-07-07,3969.18994140625,89.27578735351562,24.161413192749023,261.4100036621094,9418.7802734375,130.1916961669922
2016-07-08,4029.75,89.44866180419922,24.532562255859375,262.0799865722656,9629.66015625,130.3419952392578
2016-07-11,4043.489990234375,88.97708892822266,24.933393478393555,262.0199890136719,9833.41015625,130.20053100585938
2016-07-12,4071.85009765625,88.45044708251953,25.222883224487305,261.239990234375,9964.0703125,129.68785095214844
2016-07-13,4072.77001953125,88.67842864990234,25.11896514892578,261.8500061035156,9930.7099609375,130.05911254882812
2016-07-14,4094.280029296875,88.30899810791016,25.37876319885254,261.1300048828125,10068.2998046875,129.70555114746094
2016-07-15,4090.489990234375,87.9709701538086,25.31938362121582,260.489990234375,10066.900390625,129.41392517089844
2016-07-18,4100.39990234375,87.94741821289062,25.37876319885254,260.6300048828125,10063.1298828125,129.55531311035156
2016-07-19,4094.610107421875,88.18321990966797,25.259994506835938,260.94000244140625,9981.240234375,129.5818328857422
2016-07-20,4112.60986328125,88.0024185180664,25.519800186157227,260.760009765625,10142.009765625,129.42269897460938
2016-07-21,4097.81982421875,88.19896697998047,25.50496482849121,260.8500061035156,10156.2099609375,129.37852478027344
2016-07-22,4116.5,88.12818908691406,25.46784019470215,261.0299987792969,10147.4599609375,129.45806884765625
2016-07-25,4104.1298828125,88.05744171142578,25.512374877929688,261.2699890136719,10198.240234375,129.5729522705078
2016-07-26,4105.56982421875,88.11245727539062,25.556915283203125,261.07000732421875,10247.759765625,129.4757537841797
2016-07-27,4100.81005859375,88.48974609375,25.683101654052734,261.8999938964844,10319.5498046875,129.8734588623047
2016-07-28,4107.75,88.53690338134766,25.39361000061035,261.9800109863281,10274.9296875,129.8557891845703
2016-07-29,4114.509765625,88.87492370605469,25.61629867553711,262.7799987792969,10337.5,130.1475067138672
2016-08-01,4109.27978515625,88.56636047363281,25.445571899414062,262.489990234375,10330.51953125,129.89114379882812
2016-08-02,4083.25,88.35384368896484,25.11154556274414,261.3599853515625,10144.33984375,129.405029296875
2016-08-03,4097.2998046875,88.40107727050781,25.11896514892578,261.4100036621094,10170.2099609375,129.48458862304688
2016-08-04,4099.2099609375,88.61356353759766,25.341657638549805,262.6300048828125,10227.8603515625,129.970703125
2016-08-05,4134.56005859375,88.06258392333984,25.60145378112793,262.3900146484375,10367.2099609375,129.74095153808594
2016-08-08,4131.18994140625,88.015380859375,25.61629867553711,262.6000061035156,10432.3603515625,129.7674560546875
2016-08-09,4132.9599609375,88.3302001953125,25.8389835357666,262.8299865722656,10692.900390625,129.84698486328125
2016-08-10,4122.64990234375,88.56636047363281,25.779600143432617,263.5299987792969,10650.8896484375,130.1475067138672
2016-08-11,4142.72021484375,88.14128875732422,26.04682159423828,263.44000244140625,10742.83984375,130.0237274169922
2016-08-12,4139.6298828125,88.45614624023438,25.987436294555664,263.6499938964844,10713.4296875,130.13864135742188
2016-08-15,4151.68994140625,88.19639587402344,25.97259521484375,263.17999267578125,10739.2099609375,129.8027801513672
2016-08-16,4129.68017578125,88.04686737060547,25.757341384887695,262.3299865722656,10676.650390625,129.50372314453125
2016-08-17,4138.419921875,88.18854522705078,25.52722549438477,262.6700134277344,10537.669921875,129.6278533935547
2016-08-18,4147.64013671875,88.3459701538086,25.74991226196289,263.3599853515625,10603.0302734375,129.8938751220703
2016-08-19,4142.22998046875,88.04686737060547,25.534650802612305,262.44000244140625,10544.3603515625,129.53030395507812
2016-08-22,4139.97021484375,88.24363708496094,25.56433486938477,263.1300048828125,10494.349609375,129.9293670654297
2016-08-23,4148.16015625,88.23574829101562,25.779600143432617,263.0299987792969,10592.8798828125,129.94705200195312
2016-08-24,4126.64990234375,88.20429229736328,25.890945434570312,263.1300048828125,10622.9697265625,129.91163635253906
2016-08-25,4121.08984375,88.06258392333984,25.690526962280273,262.8800048828125,10529.58984375,129.78744506835938
2016-08-26,4114.68017578125,87.72413635253906,25.81671714782715,263.1700134277344,10587.76953125,129.8938751220703
2016-08-29,4136.75,88.08621215820312,25.757341384887695,263.05999755859375,10544.4404296875,129.8495330810547
2016-08-30,4129.33984375,88.07838439941406,25.89837074279785,263.17999267578125,10657.6396484375,129.88497924804688
2016-08-31,4120.2900390625,87.9760513305664,25.757341384887695,262.3399963378906,10592.6904296875,129.68101501464844
2016-09-01,4120.169921875,88.11392974853516,25.814687728881836,262.05999755859375,10534.3095703125,129.68101501464844
2016-09-02,4137.7001953125,87.88542938232422,26.30598258972168,261.9200134277344,10683.8203125,129.52142333984375
2016-09-05,,,26.358078002929688,262.30999755859375,10672.2197265625,129.56581115722656
2016-09-06,4150.10986328125,88.2952880859375,26.246427536010746,263.42999267578125,10687.1396484375,130.05355834960938
2016-09-07,4150.509765625,88.3425521850586,26.33575439453125,263.7900085449219,10752.98046875,130.17762756347656
2016-09-08,4141.4599609375,87.90901947021484,26.246427536010746,262.5299987792969,10675.2900390625,129.6278533935547
2016-09-09,4039.949951171875,87.49127197265625,25.94868278503418,261.04998779296875,10573.4404296875,129.09576416015625
2016-09-12,4099.47021484375,87.57007598876953,25.69558906555176,260.69000244140625,10431.76953125,128.9273223876953
2016-09-13,4039.919921875,87.24691009521484,25.4201717376709,260.4100036621094,10386.599609375,128.8208770751953
2016-09-14,4037.830078125,87.4439697265625,25.397850036621097,260.9200134277344,10378.400390625,129.0514373779297
2016-09-15,4079.320068359375,87.4676284790039,25.58991050720215,260.760009765625,10431.2001953125,129.00711059570312
2016-09-16,4063.969970703125,87.56224060058594,25.416810989379883,260.8699951171875,10276.169921875,129.24655151367188
2016-09-19,4063.93994140625,87.41248321533203,25.66517448425293,261.05999755859375,10373.8701171875,129.17559814453125
2016-09-20,4065.199951171875,87.54644012451172,25.62002182006836,261.8299865722656,10393.8603515625,129.36180114746094
2016-09-21,4109.6298828125,87.68830108642578,25.740440368652344,261.3800048828125,10436.490234375,129.19337463378906
2016-09-22,4136.41015625,87.94844818115234,26.146881103515625,263.1499938964844,10674.1796875,129.9293670654297
2016-09-23,4112.68994140625,87.98782348632812,25.973772048950195,262.67999267578125,10626.9697265625,129.8583984375
2016-09-26,4077.7099609375,88.2401123046875,25.58238983154297,263.3699951171875,10393.7099609375,130.09783935546875
2016-09-27,4104.18017578125,88.38983917236328,25.58238983154297,263.7099914550781,10361.48046875,130.3904266357422
2016-09-28,4126.830078125,88.35042572021484,25.7554931640625,263.8900146484375,10438.33984375,130.4879608154297
2016-09-29,4088.469970703125,88.40557098388672,25.7780818939209,263.32000732421875,10405.5400390625,130.18646240234375
2016-09-30,4121.06005859375,88.18489074707031,25.823225021362305,263.489990234375,10511.01953125,130.17762756347656
2016-10-03,4108.1298828125,87.97969055175781,,,,
2016-10-04,4088.169921875,87.57716369628906,26.026453018188477,262.7900085449219,10619.6103515625,130.0357208251953
2016-10-05,4107.39990234375,87.37983703613281,25.86839485168457,261.010009765625,10585.7802734375,129.36180114746094
2016-10-06,4109.490234375,87.19835662841797,25.76302719116211,261.1400146484375,10568.7998046875,129.2908477783203
2016-10-07,4096.25,87.32456970214844,25.499595642089844,260.8399963378906,10490.8603515625,129.06918334960938
2016-10-10,4115.1201171875,87.09573364257812,25.72539520263672,260.3999938964844,10624.080078125,128.8208770751953
2016-10-11,4063.919921875,87.07205200195312,25.55980682373047,260.8999938964844,10577.16015625,129.0425262451172
2016-10-12,4068.919921875,87.07205200195312,25.484546661376953,260.0899963378906,10523.0703125,128.6967315673828
2016-10-13,4056.449951171875,87.25360107421875,25.266281127929688,260.5799865722656,10414.0703125,128.85633850097656
2016-10-14,4057.280029296875,86.98523712158203,25.574865341186523,260.5899963378906,10580.3798828125,128.8119659423828
2016-10-17,4045.070068359375,87.1746597290039,25.401752471923828,260.4599914550781,10503.5703125,128.8119659423828
2016-10-18,4069.989990234375,87.3482666015625,25.7554931640625,260.80999755859375,10631.5498046875,128.9627685546875
2016-10-19,4079.5,87.38770294189453,25.860862731933594,260.989990234375,10645.6796875,129.06918334960938
2016-10-20,4074.179931640625,87.30883026123047,25.92860984802246,261.2799987792969,10701.3896484375,129.19337463378906
2016-10-21,4073.85009765625,87.40351867675781,25.91355323791504,261.239990234375,10710.73046875,129.1489715576172
2016-10-24,4093.219970703125,87.28514099121094,25.921083450317383,261.010009765625,10761.169921875,128.99819946289062
2016-10-25,4077.800048828125,87.26934051513672,25.83829116821289,260.9800109863281,10757.3095703125,128.91844177246094
2016-10-26,4070.760009765625,87.07990264892578,25.747966766357425,259.82000732421875,10709.6796875,128.4484405517578
2016-10-27,4058.75,86.78002166748047,25.7554931640625,258.32000732421875,10717.080078125,127.78338623046876
2016-10-28,4046.360107421875,86.79578399658203,25.66517448425293,258.0899963378906,10696.1904296875,127.8365707397461
2016-10-31,4045.889892578125,86.86688232421875,25.529699325561523,257.9700012207031,10665.009765625,127.8454360961914
2016-11-01,4018.469970703125,86.8700180053711,25.24370384216309,257.17999267578125,10526.16015625,127.7479019165039
2016-11-02,3992.760009765625,87.13082122802734,24.950159072875977,258.3599853515625,10370.9296875,128.14695739746094
2016-11-03,3976.56005859375,87.07546997070312,24.942644119262695,257.8699951171875,10325.8798828125,127.92529296875
2016-11-04,3970.02001953125,87.34420013427734,24.7469539642334,257.82000732421875,10259.1298828125,128.12925720214844
2016-11-07,4058.300048828125,86.98062896728516,25.17595863342285,257.8999938964844,10456.9501953125,127.98735809326172
2016-11-08,4075.610107421875,86.67236328125,25.2512264251709,257.510009765625,10482.3203125,127.7479019165039
2016-11-09,4121.02978515625,85.3524398803711,25.657657623291016,257.1600036621094,10646.009765625,127.8011245727539
2016-11-10,4129.4599609375,84.83872985839844,25.574865341186523,254.75,10630.1201171875,127.04734802246094
2016-11-11,4123.68994140625,84.66485595703125,25.484546661376953,253.02999877929688,10667.9501953125,126.73694610595705
2016-11-14,4123.81005859375,84.17477416992188,25.53723526000977,252.2899932861328,10693.6904296875,126.57735443115234
2016-11-15,4155.6201171875,84.17477416992188,25.597440719604492,253.5399932861328,10735.1396484375,126.706787109375
2016-11-16,4150.2099609375,84.25383758544922,25.574865341186523,252.8300018310547,10663.8701171875,126.68897247314452
2016-11-17,4169.8701171875,83.88236999511719,25.717857360839844,252.6000061035156,10685.5400390625,126.88471221923828
2016-11-18,4160.580078125,83.51089477539062,25.58991050720215,252.42999267578125,10664.5595703125,126.8936004638672
2016-11-21,4191.68017578125,83.58203125,25.68023681640625,252.47999572753903,10685.1298828125,126.9559097290039
2016-11-22,4200.9501953125,83.66105651855469,25.68023681640625,253.5099945068359,10713.849609375,127.43622589111328
2016-11-23,4204.490234375,83.36067962646484,25.70280647277832,252.2400054931641,10662.4404296875,127.09822082519533
2016-11-24,,,25.793132781982425,252.4499969482422,10689.259765625,127.2672348022461
2016-11-25,4221.02001953125,83.28959655761719,25.84582138061523,252.5399932861328,10699.26953125,127.40071105957033
2016-11-28,4199.39013671875,83.66896057128906,25.63508415222168,253.2100067138672,10582.669921875,127.80103302001952
2016-11-29,4205.990234375,83.75594329833984,25.73292350769043,253.77000427246097,10620.490234375,127.5252685546875
2016-11-30,4195.72998046875,83.19470977783203,25.808181762695312,253.25,10640.2998046875,127.14268493652344
2016-12-01,4181.14990234375,82.87731170654297,25.717857360839844,252.1199951171875,10534.0498046875,126.626708984375
2016-12-02,4182.81005859375,83.24934387207031,25.627538681030273,253.57000732421875,10513.349609375,127.03598022460938
2016-12-05,4207.56982421875,83.21768951416016,25.8006534576416,252.58999633789065,10684.830078125,126.626708984375
2016-12-06,4222.0400390625,83.24934387207031,26.03396797180176,252.67999267578125,10775.3203125,126.28872680664062
2016-12-07,4278.43994140625,83.5263671875,26.304927825927734,253.5500030517578,10986.6904296875,126.51109313964844
2016-12-08,4288.10009765625,83.20979309082031,26.621036529541016,252.72999572753903,11179.419921875,126.4398956298828
2016-12-09,4313.60986328125,82.7823715209961,26.876937866210938,252.7899932861328,11203.6298828125,126.68010711669922
2016-12-12,4308.93994140625,82.79822540283203,26.756511688232425,252.25,11190.2099609375,126.3509750366211
2016-12-13,4337.85986328125,82.84566497802734,27.00489616394043,253.80999755859375,11284.650390625,126.706787109375
2016-12-14,4302.93017578125,82.15709686279297,26.8317813873291,254.82000732421875,11244.83984375,127.10709381103516
2016-12-15,4319.83984375,81.92756652832031,27.14220809936523,254.0399932861328,11366.400390625,126.66231536865234
2016-12-16,4312.39990234375,82.0304946899414,27.21790313720703,254.1999969482422,11404.009765625,126.97369384765624
2016-12-19,4321.02001953125,82.41036987304688,27.21033096313477,255.30999755859375,11426.7001953125,127.46294403076172
2016-12-20,4337.35986328125,82.23629760742188,27.29360008239746,255.2599945068359,11464.740234375,127.2405776977539
2016-12-21,4326.85009765625,82.37078857421875,27.301166534423828,255.47999572753903,11468.6396484375,127.4273681640625
2016-12-22,4319.330078125,82.33512115478516,27.21790313720703,255.0099945068359,11456.099609375,127.3206024169922
2016-12-23,4325.169921875,82.4144287109375,27.22547721862793,255.5800018310547,11449.9296875,127.5786361694336
2016-12-27,4334.93017578125,82.29548645019531,27.23304557800293,255.8000030517578,11472.240234375,127.86327362060548
2016-12-28,4299.4501953125,82.59674072265625,27.346580505371097,255.92999267578125,11474.990234375,127.88994598388672
2016-12-29,4298.39013671875,82.85042572021484,27.27845764160156,256.4100036621094,11451.0498046875,127.9610824584961
2016-12-30,4278.66015625,83.09613800048828,27.346580505371097,256.0799865722656,11481.0595703125,127.86327362060548
2017-01-02,,,27.550945281982425,256.5400085449219,11598.330078125,128.00559997558594
2017-01-03,4315.080078125,83.05650329589844,27.649330139160156,254.69000244140625,11584.240234375,127.39179229736328
2017-01-04,4340.75,83.15165710449219,27.61905860900879,254.32000732421875,11584.3095703125,127.2938995361328
2017-01-05,4337.4501953125,83.69073486328125,27.679611206054688,253.97000122070312,11584.9404296875,127.41844940185548
2017-01-06,4354.0498046875,83.31019592285156,27.649330139160156,253.1999969482422,11599.009765625,126.98255920410156
2017-01-09,4338.6201171875,83.62731170654297,27.497957229614254,254.1199951171875,11563.990234375,127.16934204101562
2017-01-10,4338.64013671875,83.58763885498047,27.550945281982425,254.1300048828125,11583.2998046875,127.16046142578124
2017-01-11,4351.31982421875,83.68280792236328,27.596357345581055,254.8800048828125,11646.169921875,127.40071105957033
2017-01-12,4342.08984375,83.73038482666016,27.391986846923828,254.82000732421875,11521.0400390625,127.50740814208984
2017-01-13,4350.10986328125,83.54798126220703,27.687175750732425,254.1999969482422,11629.1796875,127.30284881591795
2017-01-16,,,27.43740463256836,254.41000366210935,11554.7099609375,127.50740814208984
2017-01-17,4337.2001953125,83.96819305419922,27.376855850219727,254.72999572753903,11540.0,127.54296875
2017-01-18,4345.56982421875,83.37362670898438,27.43740463256836,253.9600067138672,11599.3896484375,127.20494079589844
2017-01-19,4329.9599609375,83.05650329589844,27.429834365844727,253.52000427246097,11596.8896484375,127.00927734375
2017-01-20,4344.669921875,83.09613800048828,27.399555206298828,252.52000427246097,11630.1298828125,126.60004425048828
2017-01-23,4333.10009765625,83.53218841552734,27.24061584472656,253.5099945068359,11545.75,127.08042907714844
2017-01-24,4361.56005859375,83.21509552001953,27.32386779785156,252.72999572753903,11594.9404296875,126.72457122802734
2017-01-25,4396.56982421875,82.80284118652344,27.679611206054688,251.5399932861328,11806.0498046875,126.22640228271484
2017-01-26,4393.43017578125,82.91386413574219,27.762874603271484,250.52000427246097,11848.6298828125,126.03070831298828
2017-01-27,4389.85009765625,83.01691436767578,27.664466857910156,250.4900054931641,11814.26953125,126.18191528320312
2017-01-30,4363.669921875,82.99308776855469,27.391986846923828,249.9199981689453,11681.8896484375,126.28872680664062
2017-01-31,4359.81005859375,83.27852630615234,27.18006706237793,250.42999267578125,11535.3095703125,126.42211151123048
2017-02-01,4362.10009765625,83.11888885498047,27.429834365844727,249.58999633789065,11659.5,126.16411590576172
2017-02-02,4364.85009765625,83.15071105957031,27.36171531677246,250.6699981689453,11627.9501953125,126.57337188720705
2017-02-03,4396.9501953125,83.21420288085938,27.497957229614254,250.22000122070312,11651.490234375,126.64450073242188
2017-02-06,4387.669921875,83.61116790771484,27.331439971923828,249.27000427246097,11509.83984375,127.09822082519533
2017-02-07,4388.8701171875,83.76201629638672,27.399555206298828,249.77999877929688,11549.4404296875,127.21388244628906
2017-02-08,4393.31005859375,84.1033935546875,27.475244522094727,251.1699981689453,11543.3798828125,127.68536376953124
2017-02-09,4419.39990234375,83.6032485961914,27.717464447021484,251.67999267578125,11642.8603515625,127.6230697631836
2017-02-10,4435.419921875,83.54763793945312,27.770435333251953,250.7899932861328,11666.9697265625,127.55194854736328
2017-02-13,4459.830078125,83.42059326171875,27.98236846923828,251.02999877929688,11774.4296875,127.39179229736328
2017-02-14,4478.97998046875,83.11888885498047,27.97479248046875,250.7899932861328,11771.8095703125,127.22276306152344
2017-02-15,4501.990234375,82.96017456054688,28.073198318481445,250.58999633789065,11793.9296875,127.15380859375
2017-02-16,4498.56005859375,83.29364013671875,27.98236846923828,251.7599945068359,11757.240234375,127.3233642578125
2017-02-17,4506.2001953125,83.5158920288086,27.98236846923828,251.5399932861328,11757.01953125,127.75157928466795
2017-02-20,,,28.03535270690918,251.5099945068359,11827.6201171875,127.85863494873048
2017-02-21,4533.4599609375,83.47613525390625,28.224571228027344,250.80999755859375,11967.490234375,127.82292938232422
2017-02-22,4528.97021484375,83.61116790771484,28.24727439880371,251.5,11998.58984375,128.15309143066406
2017-02-23,4531.39013671875,83.8334732055664,28.24727439880371,251.9900054931641,11947.830078125,128.4563751220703
2017-02-24,4539.25,84.22248840332031,27.96723175048828,253.0399932861328,11804.0302734375,128.9470672607422
2017-02-27,4544.509765625,83.92076873779297,27.95209693908691,253.33999633789065,11822.669921875,128.76866149902344
2017-02-28,4532.93017578125,83.88108825683594,27.98236846923828,253.67999267578125,11834.41015625,128.67945861816406
2017-03-01,4595.72998046875,83.29673767089844,28.436504364013672,252.7100067138672,12067.1904296875,127.992431640625
2017-03-02,4569.169921875,83.05823516845703,28.45920181274414,252.38999938964844,12059.5703125,127.7337417602539
2017-03-03,4571.60009765625,83.13777160644531,28.42892837524414,252.2100067138672,12027.3603515625,127.27872467041016
2017-03-06,4556.72021484375,83.12187957763672,28.292694091796875,252.0099945068359,11958.400390625,127.39466857910156
2017-03-07,4543.75,83.00259399414062,28.232139587402344,251.97000122070312,11966.1396484375,127.64451599121094
2017-03-08,4534.68017578125,82.72432708740234,28.20943260192871,250.77000427246097,11967.3095703125,127.17163848876952
2017-03-09,4538.35986328125,82.49375915527344,28.277557373046875,250.3800048828125,11978.3896484375,126.7433853149414
2017-03-10,4553.27978515625,82.66864776611328,28.232139587402344,248.80999755859375,11963.1796875,126.0475082397461
2017-03-13,4556.43994140625,82.46192932128906,28.36837577819824,248.9499969482422,11990.0302734375,126.1991195678711
2017-03-14,4541.259765625,82.54938507080078,28.277557373046875,249.1000061035156,11988.7900390625,126.38650512695312
2017-03-15,4579.43994140625,83.27291870117188,28.39736557006836,250.19000244140625,12009.8701171875,126.70771026611328
2017-03-16,4572.16015625,83.04234313964844,28.625152587890625,249.27999877929688,12083.1796875,126.41327667236328
2017-03-17,4566.169921875,83.26493835449219,28.701072692871097,249.1999969482422,12095.240234375,126.48468780517578
2017-03-20,4557.1201171875,83.46369171142578,28.647926330566406,249.17999267578125,12052.900390625,126.4936294555664
2017-03-21,4500.97998046875,83.7419662475586,28.50366973876953,249.55999755859375,11962.1298828125,126.27053833007812
2017-03-22,4509.64990234375,83.90097045898438,28.382179260253903,250.6699981689453,11904.1201171875,126.6898956298828
2017-03-23,4504.919921875,83.81355285644531,28.61756134033203,250.47000122070312,12039.6796875,126.50247955322266
2017-03-24,4501.10986328125,83.86123657226562,28.587188720703125,251.1300048828125,12064.26953125,126.60066986083984
2017-03-27,4496.52978515625,84.06787872314453,28.480894088745117,251.4199981689453,11996.0703125,126.5828094482422
2017-03-28,4529.169921875,83.78178405761719,28.625152587890625,251.83999633789065,12149.419921875,126.7523422241211
2017-03-29,4535.009765625,84.0202407836914,28.723861694335938,252.6199951171875,12203.0,127.18059539794922
2017-03-30,4548.4599609375,83.78178405761719,28.94405174255371,252.6000061035156,12256.4296875,127.29657745361328
2017-03-31,4538.2099609375,83.94867706298828,29.01997756958008,252.3999938964844,12312.8701171875,127.3233642578125
2017-04-03,4530.97998046875,84.36194610595703,28.86052703857422,252.82000732421875,12257.2001953125,127.7961883544922
2017-04-04,4534.25,84.24249267578125,28.936466217041016,253.27999877929688,12282.33984375,127.9567413330078
2017-04-05,4520.85986328125,84.40179443359375,28.91368103027344,253.44000244140625,12217.5400390625,127.97461700439452
2017-04-06,4530.93017578125,84.34599304199219,28.974424362182617,253.44000244140625,12230.8896484375,127.9032211303711
2017-04-07,4527.2001953125,84.09120178222656,29.057945251464844,253.9900054931641,12225.0595703125,128.2244110107422
2017-04-10,4530.56982421875,84.24249267578125,29.027578353881836,253.67999267578125,12200.51953125,128.385009765625
2017-04-11,4524.7099609375,84.63269805908203,29.042762756347656,253.33999633789065,12139.349609375,128.42962646484375
2017-04-12,4507.759765625,84.89541625976562,29.07313346862793,253.5399932861328,12154.7001953125,128.50990295410156
2017-04-13,4477.06982421875,85.1502456665039,28.96683883666992,253.27000427246097,12109.0,128.5991668701172
2017-04-17,4515.64990234375,85.01480865478516,,,,
2017-04-18,4502.66015625,85.50057220458984,28.65552520751953,253.82000732421875,12000.4404296875,128.74191284179688
2017-04-19,4495.56005859375,85.2776107788086,28.73145294189453,253.5500030517578,12016.4501953125,128.3760986328125
2017-04-20,4529.64990234375,85.0865249633789,28.784605026245117,253.4499969482422,12027.3203125,128.0459442138672
2017-04-21,4515.89990234375,85.12635040283203,28.807374954223633,253.2400054931641,12048.5703125,128.0192108154297
2017-04-24,4564.93017578125,84.9511947631836,29.452777862548828,254.17999267578125,12454.98046875,127.11813354492188
2017-04-25,4592.740234375,84.51322174072266,29.513513565063477,253.2100067138672,12467.0400390625,126.78801727294922
2017-04-26,4590.56005859375,84.73616027832031,29.635009765625,253.1300048828125,12472.7998046875,126.98431396484376
2017-04-27,4593.56982421875,84.79191589355469,29.627647399902344,254.17999267578125,12443.7900390625,127.4660873413086
2017-04-28,4584.81982421875,84.87947845458984,29.55094337463379,253.92999267578125,12438.009765625,127.30547332763672
2017-05-01,4592.77978515625,84.69613647460938,,,,
2017-05-02,4598.240234375,84.87152862548828,29.76569938659668,253.8800048828125,12507.900390625,127.21624755859376
2017-05-03,4593.31982421875,84.69613647460938,29.773366928100582,254.22999572753903,12527.83984375,127.23412322998048
2017-05-04,4596.240234375,84.50470733642578,29.988121032714844,253.8800048828125,12647.7802734375,126.68096160888672
2017-05-05,4615.08984375,84.52066040039062,30.218189239501953,254.0800018310547,12716.8896484375,126.43115234375
2017-05-08,4615.72998046875,84.31336212158203,30.21053695678711,253.82000732421875,12694.5498046875,126.43115234375
2017-05-09,4611.2099609375,84.21759796142578,30.32556915283203,253.30999755859375,12749.1201171875,126.32405853271484
2017-05-10,4618.18994140625,84.18571472167969,30.36392593383789,253.69000244140625,12757.4599609375,126.40435028076172
2017-05-11,4609.68994140625,84.24951934814453,30.271883010864254,253.19000244140625,12711.0595703125,126.30618286132812
2017-05-12,4602.9599609375,84.68013000488281,30.386926651000977,253.86000061035156,12770.41015625,126.62747192382812
2017-05-15,4625.509765625,84.62434387207031,30.425281524658203,253.5099945068359,12807.0400390625,126.3939971923828
2017-05-16,4623.259765625,84.7359619140625,30.41760635375977,253.7400054931641,12804.5302734375,126.3492431640625
2017-05-17,4540.580078125,85.41377258300781,30.018795013427734,254.7599945068359,12631.6103515625,126.79669952392578
2017-05-18,4557.41015625,85.38987731933594,29.94209098815918,255.1499938964844,12590.0595703125,127.02050018310548
2017-05-19,4588.35009765625,85.36591339111328,30.118497848510746,255.17999267578125,12638.6904296875,126.85045623779295
2017-05-22,4612.1201171875,85.2702407836914,30.110824584960938,254.75,12619.4599609375,126.62670135498048
2017-05-23,4620.7001953125,85.04695892333984,30.187524795532227,254.67999267578125,12659.150390625,126.59083557128906
2017-05-24,4632.3701171875,85.22238159179688,30.202863693237305,254.6300048828125,12642.8701171875,126.57296752929688
2017-05-25,4653.58984375,85.2702407836914,30.202863693237305,255.3000030517578,12621.7197265625,126.92202758789062
2017-05-26,4655.64990234375,85.32603454589844,30.149181365966797,255.88999938964844,12602.1796875,127.19945526123048
2017-05-29,,,30.19519424438477,255.8999938964844,12628.9501953125,127.53060150146484
2017-05-30,4650.759765625,85.54136657714844,30.08013916015625,256.05999755859375,12598.6796875,127.55742645263672
2017-05-31,4649.33984375,85.58129119873047,30.049484252929688,255.92999267578125,12615.0595703125,127.5395965576172
2017-06-01,4685.10986328125,85.5365219116211,30.22587776184082,255.67999267578125,12664.919921875,127.4769058227539
2017-06-02,4702.56005859375,85.91187286376953,30.2872257232666,255.97999572753903,12822.9404296875,127.78125762939452
2017-06-05,4697.0,85.76814270019531,,,,
2017-06-06,4683.9599609375,86.0396957397461,30.026451110839844,256.69000244140625,12690.1201171875,127.86172485351562
2017-06-07,4692.2900390625,85.87997436523438,30.018795013427734,256.2200012207031,12672.490234375,127.78125762939452
2017-06-08,4693.669921875,85.7441635131836,30.026451110839844,257.010009765625,12713.580078125,127.7990951538086
2017-06-09,4689.7900390625,85.66432189941406,30.126161575317383,257.45001220703125,12815.7197265625,127.79010009765624
2017-06-12,4685.5400390625,85.64833068847656,29.842384338378903,257.95001220703125,12690.4404296875,127.86172485351562
2017-06-13,4707.8798828125,85.68028259277344,29.980443954467773,258.04998779296875,12764.98046875,127.72748565673828
2017-06-14,4703.52978515625,86.12747955322266,29.934429168701172,258.7200012207031,12805.9501953125,128.0138397216797
2017-06-15,4693.85986328125,85.97576904296875,29.81425666809082,257.79998779296875,12691.8095703125,127.45000457763672
2017-06-16,4695.22998046875,86.02372741699219,30.00059509277344,257.6199951171875,12752.73046875,127.6200714111328
2017-06-19,4734.47998046875,85.78413391113281,30.264572143554688,257.8399963378906,12888.9501953125,127.55742645263672
2017-06-20,4702.81982421875,85.99974060058594,30.023881912231445,258.3800048828125,12814.7900390625,127.66477966308594
2017-06-21,4700.5,85.99177551269531,30.0161190032959,258.4700012207031,12774.259765625,127.5842514038086
2017-06-22,4698.39990234375,86.0716323852539,29.99283218383789,258.5299987792969,12794.0,127.6916961669922
2017-06-23,4705.72998046875,86.09558868408203,29.915184020996097,258.4800109863281,12733.41015625,127.6916961669922
2017-06-26,4707.27001953125,86.1674575805664,30.031648635864254,258.510009765625,12770.830078125,127.72748565673828
2017-06-27,4669.27001953125,85.7441635131836,29.790950775146484,256.4599914550781,12671.01953125,126.7698974609375
2017-06-28,4711.330078125,85.66432189941406,29.81425666809082,256.6600036621094,12647.26953125,126.71614074707033
2017-06-29,4670.9599609375,85.34481811523438,29.348398208618164,254.6699981689453,12416.1904296875,125.95545196533205
2017-06-30,4678.35986328125,85.14520263671875,29.28628921508789,254.4600067138672,12325.1201171875,125.78546905517578
2017-07-03,4689.60986328125,84.83247375488281,29.620147705078125,254.97999572753903,12475.3095703125,125.7943344116211
2017-07-04,,,29.472633361816406,254.97999572753903,12437.1298828125,125.892822265625
2017-07-05,4697.33984375,84.89644622802734,29.612380981445312,254.5500030517578,12453.6796875,125.83911895751952
2017-07-06,4655.02001953125,84.73644256591797,29.394994735717773,252.57000732421875,12381.25,125.06949615478516
2017-07-07,4684.8798828125,84.60049438476562,29.379459381103516,252.1199951171875,12388.6796875,125.07843017578124
2017-07-10,4689.25,84.71243286132812,29.503684997558594,252.1199951171875,12445.919921875,125.30217742919922
2017-07-11,4685.64013671875,84.82444763183594,29.294048309326172,252.44000244140625,12437.01953125,125.1947784423828
2017-07-12,4720.27978515625,85.07235717773438,29.752140045166016,253.3300018310547,12626.580078125,125.4990234375
2017-07-13,4729.25,84.98439025878906,29.85307502746582,252.66000366210935,12641.330078125,125.3110809326172
2017-07-14,4751.43017578125,85.1043930053711,29.915184020996097,253.0500030517578,12631.7197265625,125.32897186279295
2017-07-17,4751.330078125,85.20835876464844,29.90741729736328,253.6499938964844,12587.16015625,125.44540405273438
2017-07-18,4754.27001953125,85.52030181884766,29.60461807250977,254.2400054931641,12430.3896484375,125.61540222167967
2017-07-19,4780.25,85.52030181884766,29.82201385498047,254.4900054931641,12452.0498046875,125.73175811767578
2017-07-20,4779.83984375,85.54429626464844,29.697790145874023,255.1699981689453,12447.25,125.83911895751952
2017-07-21,4778.06982421875,85.69627380371094,29.402748107910156,255.1699981689453,12240.0595703125,126.0718231201172
2017-07-24,4773.10009765625,85.64030456542969,29.30958366394043,255.7400054931641,12208.9501953125,126.11656188964844
2017-07-25,4787.0400390625,85.16034698486328,29.457101821899418,254.8500061035156,12264.3095703125,125.6690902709961
2017-07-26,4788.41015625,85.43231964111328,29.59684944152832,254.8500061035156,12305.1103515625,125.7138214111328
2017-07-27,4784.259765625,85.29638671875,29.581321716308594,255.27000427246097,12212.0400390625,125.95545196533205
2017-07-28,4778.02001953125,85.4403305053711,29.255231857299805,255.02000427246097,12162.7001953125,125.892822265625
2017-07-31,4774.56005859375,85.46432495117188,29.224185943603516,255.2400054931641,12118.25,125.85702514648438
2017-08-01,4786.27001953125,85.6766128540039,29.449338912963867,256.3599853515625,12251.2900390625,126.33132934570312
2017-08-02,4789.5400390625,85.59650421142578,29.30958366394043,256.3399963378906,12181.48046875,126.37608337402344
2017-08-03,4779.990234375,85.8929214477539,29.325115203857425,256.69000244140625,12154.7197265625,126.5640106201172
2017-08-04,4789.10986328125,85.66058349609375,29.627914428710938,256.69000244140625,12297.7197265625,126.38499450683594
2017-08-07,4797.1298828125,85.70863342285156,29.59684944152832,256.79998779296875,12257.169921875,126.5640106201172
2017-08-08,4786.1201171875,85.63656616210938,29.64343643188477,256.79998779296875,12292.0498046875,126.41188049316406
2017-08-09,4784.93994140625,85.74068450927734,29.418270111083984,257.04998779296875,12154.0,126.8682861328125
2017-08-10,4717.39990234375,86.0611343383789,29.131011962890625,257.04998779296875,12014.2998046875,126.9578094482422
2017-08-11,4723.72998046875,86.15725708007812,28.82821273803711,257.32000732421875,12014.0595703125,127.2531509399414
2017-08-14,4771.43017578125,85.94895935058594,29.115476608276367,257.19000244140625,12165.1201171875,127.04734802246094
2017-08-15,4770.14990234375,85.6926498413086,29.18535804748535,256.6400146484375,12177.0400390625,126.79669952392578
2017-08-16,4778.27978515625,85.85282135009766,29.3717041015625,256.6099853515625,12263.8603515625,126.77202606201172
2017-08-17,4704.72998046875,86.15725708007812,29.247472763061523,256.8500061035156,12203.4599609375,126.83488464355467
2017-08-18,4696.22021484375,86.17326354980469,29.022310256958008,257.0899963378906,12165.1904296875,126.9965362548828
2017-08-21,4701.81982421875,86.22938537597656,28.890317916870117,257.2300109863281,12065.990234375,127.1311492919922
2017-08-22,4748.72998046875,86.0611343383789,29.154306411743164,256.8999938964844,12229.33984375,127.1311492919922
2017-08-23,4732.759765625,86.35753631591797,28.983497619628903,256.95001220703125,12174.2998046875,127.34661102294922
2017-08-24,4723.02978515625,86.22132873535156,29.03783416748047,257.4100036621094,12180.830078125,127.40945434570312
2017-08-25,4731.4599609375,86.36555480957031,29.03007125854492,256.8599853515625,12167.9404296875,127.3376693725586
2017-08-28,4733.97021484375,86.44566345214844,28.797155380249023,257.0799865722656,12123.4697265625,127.47232055664062
2017-08-29,4738.6201171875,86.64595794677734,28.556468963623047,257.0799865722656,11945.8798828125,127.7596435546875
2017-08-30,4761.72021484375,86.57383728027344,28.77385711669922,257.4599914550781,12002.4697265625,127.58010864257812
2017-08-31,4789.18017578125,86.71002960205078,29.01453971862793,257.4599914550781,12055.83984375,127.59803009033205
2017-09-01,4798.990234375,86.45488739013672,29.193111419677734,257.3500061035156,12142.6396484375,127.44539642333984
2017-09-04,,,29.00678825378418,257.760009765625,12102.2099609375,127.55313110351562
2017-09-05,4762.75,87.056640625,28.975725173950195,257.760009765625,12123.7099609375,127.84039306640624
2017-09-06,4777.68994140625,86.84798431396484,28.991256713867188,257.760009765625,12214.5400390625,127.7147216796875
2017-09-07,4777.93017578125,87.22509765625,29.045597076416016,257.760009765625,12296.6298828125,128.08279418945312
2017-09-08,4771.02001953125,87.16089630126953,29.131011962890625,258.7099914550781,12303.98046875,127.9481430053711
2017-09-11,4822.7998046875,86.66350555419922,29.402748107910156,258.7099914550781,12475.240234375,127.80449676513672
2017-09-12,4839.31005859375,86.45488739013672,29.542503356933594,257.42999267578125,12524.76953125,127.2389144897461
2017-09-13,4843.0400390625,86.27841186523438,29.542503356933594,257.4200134277344,12553.5703125,127.19401550292967
2017-09-14,4839.2900390625,86.29440307617188,29.60461807250977,257.4599914550781,12540.4501953125,127.09525299072266
2017-09-15,4848.83984375,86.39871215820312,29.524330139160156,256.9599914550781,12518.8095703125,126.825927734375
2017-09-18,4856.080078125,86.06178283691406,29.595232009887695,256.6099853515625,12559.3896484375,126.6823272705078
2017-09-19,4861.52001953125,85.96549987792969,29.626745223999023,256.6099853515625,12561.7900390625,126.70925903320312
2017-09-20,4864.60986328125,85.79701232910156,29.603113174438477,256.9200134277344,12569.169921875,126.83488464355467
2017-09-21,4849.9501953125,85.6846694946289,29.70551490783691,256.9200134277344,12600.0302734375,126.67333984375
2017-09-22,4853.2001953125,85.83709716796875,29.713394165039062,256.9200134277344,12592.349609375,126.69126892089844
2017-09-25,4842.41015625,86.09383392333984,29.800060272216797,257.05999755859375,12594.8095703125,127.1580810546875
2017-09-26,4843.14013671875,86.0216293334961,29.784282684326172,257.0899963378906,12605.2001953125,127.08629608154295
2017-09-27,4862.93017578125,85.58040618896484,29.855186462402344,256.25,12657.41015625,126.61945343017578
2017-09-28,4869.81005859375,85.56431579589844,29.918203353881836,256.25,12704.650390625,126.43988037109376
2017-09-29,4887.97021484375,85.46004486083984,30.09149742126465,256.5400085449219,12828.8603515625,126.65538787841795
2017-10-02,4906.919921875,85.36283874511719,30.24117851257324,256.3299865722656,12902.650390625,126.76312255859376
2017-10-03,4917.72998046875,85.48336029052734,30.24117851257324,256.3299865722656,,126.76312255859376
2017-10-04,4924.18994140625,85.45922088623047,30.264806747436523,255.91000366210935,12970.51953125,126.76312255859376
2017-10-05,4952.85009765625,85.37086486816406,30.29631233215332,255.91000366210935,12968.0498046875,126.70925903320312
2017-10-06,4949.08984375,85.26641082763672,30.209672927856445,256.2900085449219,12955.9404296875,126.65538787841795
2017-10-09,4940.16015625,85.36283874511719,30.25693130493164,256.67999267578125,12976.400390625,126.79898071289062
2017-10-10,4951.77001953125,85.39498138427734,30.24117851257324,256.5899963378906,12949.25,126.79898071289062
2017-10-11,4960.7900390625,85.49140930175781,30.25693130493164,256.6600036621094,12970.6796875,126.62841033935548
2017-10-12,4952.85009765625,85.57173156738281,30.25693130493164,257.0299987792969,12982.8896484375,126.79898071289062
2017-10-13,4957.27001953125,85.86097717285156,30.359336853027344,257.0299987792969,12991.8701171875,127.176025390625
2017-10-16,4966.0498046875,85.71640014648438,30.34358024597168,258.45001220703125,13003.7001953125,127.43640899658205
2017-10-17,4969.3798828125,85.6842041015625,30.28056526184082,258.80999755859375,12995.0595703125,127.51725006103516
2017-10-18,4973.27978515625,85.46727752685547,30.375091552734375,258.04998779296875,13043.0302734375,127.51725006103516
2017-10-19,4975.31982421875,85.5556411743164,30.1702880859375,258.07000732421875,12990.099609375,127.22991943359376
2017-10-20,5001.10986328125,85.20213317871094,30.24117851257324,257.2900085449219,12991.2802734375,126.73617553710938
2017-10-23,4981.3701171875,85.282470703125,30.28843879699707,257.6400146484375,13003.1396484375,126.90672302246094
2017-10-24,4989.56005859375,85.025390625,30.201784133911133,257.6400146484375,13013.1904296875,126.5386734008789
2017-10-25,4966.2900390625,84.88877868652344,30.00485610961914,257.1099853515625,12953.41015625,126.5386734008789
2017-10-26,4972.60009765625,84.7762451171875,30.335708618164062,258.20001220703125,13133.2802734375,126.91571044921876
2017-10-27,5012.75,85.0494613647461,30.524761199951172,258.20001220703125,13217.5400390625,127.38255310058594
2017-10-30,4997.14990234375,85.35481262207031,30.532642364501953,259.67999267578125,13229.5703125,127.52619934082033
2017-10-31,5002.02978515625,85.2985610961914,30.532642364501953,259.67999267578125,,127.52619934082033
2017-11-01,5009.990234375,85.35005187988281,30.768966674804688,259.7699890136719,13465.509765625,127.36457824707033
2017-11-02,5011.47998046875,85.46270751953125,30.63505172729492,259.8800048828125,13440.9296875,127.41846466064452
2017-11-03,5027.490234375,85.59951782226562,30.729581832885746,260.07000732421875,13478.8603515625,127.499267578125
2017-11-06,5034.2998046875,85.70413970947266,30.745332717895508,260.42999267578125,13468.7900390625,127.7506332397461
2017-11-07,5033.3798828125,85.73629760742188,30.611408233642575,260.42999267578125,13379.26953125,127.81349182128906
2017-11-08,5040.740234375,85.6317367553711,30.572038650512695,260.42999267578125,13382.419921875,127.8493881225586
2017-11-09,5023.009765625,85.59951782226562,30.24117851257324,260.42999267578125,13182.5595703125,127.36457824707033
2017-11-10,5020.31005859375,85.16493225097656,30.146650314331055,259.1199951171875,13127.4697265625,127.12222290039062
2017-11-13,5025.35986328125,85.124755859375,29.926088333129883,259.1199951171875,13074.419921875,127.08629608154295
2017-11-14,5014.52978515625,85.24542999267578,29.76065444946289,259.6199951171875,13033.48046875,127.2479019165039
2017-11-15,4987.9599609375,85.55123901367188,29.634618759155273,259.8599853515625,12976.3701171875,127.37252044677734
2017-11-16,5030.47998046875,85.33394622802734,29.863075256347656,259.8599853515625,13047.2197265625,127.38150024414062
2017-11-17,5017.4501953125,85.44660186767578,29.800060272216797,260.0299987792969,12993.73046875,127.4355697631836
2017-11-20,5024.009765625,85.30982208251953,30.00485610961914,260.2799987792969,13058.66015625,127.47160339355467
2017-11-21,5056.9501953125,85.32593536376953,30.130895614624023,260.7900085449219,13167.5400390625,127.57966613769533
2017-11-22,5053.60009765625,85.59951782226562,30.044248580932617,260.82000732421875,13015.0400390625,127.47160339355467
2017-11-23,,,30.075746536254883,260.82000732421875,13008.5498046875,127.4806137084961
2017-11-24,5064.22998046875,85.52708435058594,30.020610809326172,260.82000732421875,13059.83984375,127.34549713134766
2017-11-27,5062.85009765625,85.58345031738281,29.878820419311523,260.6600036621094,13000.2001953125,127.5166244506836
2017-11-28,5112.91015625,85.59951782226562,30.052122116088867,260.7300109863281,13059.5302734375,127.52565002441406
2017-11-29,5111.68017578125,85.32593536376953,30.115140914916992,260.7300109863281,13061.8701171875,127.11129760742188
2017-11-30,5155.43994140625,85.060302734375,30.01272201538086,260.70001220703125,13023.98046875,127.23737335205078
2017-12-01,5145.2099609375,85.3746566772461,29.768537521362305,261.9200134277344,12861.490234375,127.8498764038086
2017-12-04,5139.91015625,85.33438110351562,30.10725975036621,261.2650146484375,13058.5498046875,127.5436782836914
2017-12-05,5120.919921875,85.39881896972656,30.052122116088867,261.5450134277344,13048.5400390625,127.6922607421875
2017-12-06,5120.4599609375,85.57611846923828,30.044248580932617,261.7099914550781,12998.849609375,127.91300201416016
2017-12-07,5136.3701171875,85.42304992675781,30.028488159179688,262.07501220703125,13045.150390625,127.9579849243164
2017-12-08,5165.18994140625,85.35853576660156,30.28056526184082,262.0400085449219,13153.7001953125,127.88142395019533
2017-12-11,5181.75,85.30213928222656,30.24905776977539,262.06500244140625,13123.650390625,127.91300201416016
2017-12-12,5189.9599609375,85.22960662841797,30.46961212158203,261.44000244140625,13183.5302734375,127.73280334472656
2017-12-13,5187.68017578125,85.57611846923828,30.390844345092773,261.04998779296875,13125.6396484375,127.71475219726562
2017-12-14,5167.4501953125,85.54393005371094,30.264806747436523,261.04998779296875,13068.080078125,127.71475219726562
2017-12-15,5214.10009765625,85.52779388427734,30.200044631958008,261.20001220703125,13103.5595703125,127.77334594726562
2017-12-18,5242.27978515625,85.33438110351562,30.54017448425293,261.2799987792969,13312.2998046875,127.6876983642578
2017-12-19,5225.43017578125,84.94751739501953,30.405712127685547,259.79998779296875,13215.7900390625,127.0752944946289
2017-12-20,5221.7900390625,84.69766998291016,30.231689453125,259.4100036621094,13069.169921875,126.77799224853516
2017-12-21,5232.16015625,84.75741577148438,30.397798538208008,259.4700012207031,13109.740234375,126.61592864990234
2017-12-22,5229.7900390625,84.78970336914062,30.263324737548828,259.42999267578125,13072.7900390625,126.61592864990234
2017-12-26,5224.509765625,84.8219985961914,,,,
2017-12-27,5229.009765625,85.18522644042969,30.31871223449707,259.7799987792969,13070.01953125,126.8861312866211
2017-12-28,5239.58984375,85.08030700683594,30.21586036682129,258.8500061035156,12979.9404296875,126.52584075927734
2017-12-29,5212.759765625,85.2175064086914,30.263324737548828,258.8500061035156,12917.6396484375,126.42676544189452
2018-01-02,5256.27978515625,84.93501281738281,30.140451431274418,257.4100036621094,12871.3896484375,126.27002716064452
2018-01-03,5289.919921875,85.02375793457031,30.310651779174805,257.8399963378906,12978.2099609375,126.43231201171876
2018-01-04,5312.330078125,84.98344421386719,30.627296447753903,258.3699951171875,13167.8896484375,126.42325592041016
2018-01-05,5349.68994140625,84.87846374511719,30.928112030029297,258.3699951171875,13319.6396484375,126.40975189208984
2018-01-08,5358.68017578125,84.83811950683594,30.975605010986328,258.7900085449219,13367.7802734375,126.5224380493164
2018-01-09,5367.259765625,84.43452453613281,31.12995719909668,258.19000244140625,13385.58984375,126.27903747558594
2018-01-10,5361.330078125,84.4103012084961,31.02705192565918,257.75,13281.33984375,126.10774993896484
2018-01-11,5399.4599609375,84.466796875,30.955812454223633,256.9200134277344,13202.900390625,125.58931732177734
2018-01-12,5435.919921875,84.4103012084961,31.031017303466797,257.6199951171875,13245.0302734375,125.72457885742188
2018-01-15,,,30.95185661315918,257.260009765625,13200.509765625,125.58480834960938
2018-01-16,5416.85986328125,84.45065307617188,31.007266998291016,257.760009765625,13246.330078125,125.76514434814452
2018-01-17,5467.85009765625,84.2650146484375,30.991432189941406,257.6400146484375,13183.9599609375,125.78317260742188
2018-01-18,5459.5,83.99861145019531,31.02705192565918,257.6700134277344,13281.4296875,125.69300079345705
2018-01-19,5483.56982421875,83.7806396484375,31.20121383666992,257.989990234375,13434.4501953125,125.74256896972656
2018-01-22,5527.89013671875,83.74835205078125,31.304113388061523,258.30999755859375,13463.6904296875,125.74256896972656
2018-01-23,5540.1298828125,83.99051666259766,31.335783004760746,258.6000061035156,13559.599609375,125.7606201171875
2018-01-24,5537.02978515625,83.82908630371094,31.161632537841797,258.19000244140625,13414.740234375,125.5577392578125
2018-01-25,5540.3798828125,84.01476287841797,30.995391845703125,257.5,13298.3603515625,125.28278350830078
2018-01-26,5606.080078125,83.76449584960938,31.141843795776367,257.0299987792969,13340.169921875,125.08892059326172
2018-01-29,5568.669921875,83.55467987060547,31.094341278076172,257.0299987792969,13324.48046875,124.45780181884766
2018-01-30,5508.35986328125,83.36087036132812,30.83707618713379,256.0899963378906,13197.7099609375,124.57501220703124
2018-01-31,5511.2099609375,83.38513946533203,30.77375602722168,255.8999938964844,13189.48046875,124.46676635742188
2018-02-01,5508.7001953125,82.95502471923828,30.59167098999023,256.0799865722656,13003.900390625,124.34508514404295
2018-02-02,5392.2099609375,82.64777374267578,30.168163299560547,255.1199951171875,12785.16015625,123.93036651611328
2018-02-05,5171.259765625,83.3269271850586,29.685279846191406,255.4199981689453,12687.490234375,124.1332015991211
2018-02-06,5262.02001953125,82.96307373046875,28.984712600708008,256.2099914550781,12392.66015625,124.52993774414062
2018-02-07,5235.83984375,82.72052764892578,29.582372665405273,256.0799865722656,12590.4296875,124.146728515625
2018-02-08,5040.06005859375,82.79328155517578,29.048030853271484,255.42999267578125,12260.2900390625,123.92585754394533
2018-02-09,5116.990234375,82.64777374267578,28.6799373626709,255.32000732421875,12107.48046875,123.99801635742188
2018-02-12,5188.3701171875,82.6235122680664,28.996583938598633,255.2599945068359,12282.76953125,123.98442840576172
2018-02-13,5202.22021484375,82.76094818115234,28.81452178955078,254.9600067138672,12196.5,124.03401947021484
2018-02-14,5273.43017578125,82.25967407226562,29.11928367614746,254.97999572753903,12339.16015625,123.95741271972656
2018-02-15,5338.35009765625,82.28395080566406,29.31719017028809,254.83999633789065,12346.169921875,123.89427947998048
2018-02-16,5340.81982421875,82.47795867919922,29.645702362060547,255.91000366210935,12451.9599609375,124.38117980957033
2018-02-19,,,29.424043655395508,255.1499938964844,12385.599609375,124.12871551513672
2018-02-20,5309.990234375,82.38902282714844,29.6219539642334,254.92999267578125,12487.900390625,124.12871551513672
2018-02-21,5280.91015625,82.14647674560547,29.629873275756836,255.1999969482422,12470.490234375,124.2414093017578
2018-02-22,5286.490234375,82.25967407226562,29.57842254638672,255.3699951171875,12461.91015625,124.42174530029295
2018-02-23,5371.56005859375,82.57500457763672,29.653608322143555,256.0199890136719,12483.7900390625,124.83194732666016
2018-02-26,5435.3798828125,82.6720199584961,29.792144775390625,256.3299865722656,12527.0400390625,124.84998321533205
2018-02-27,5367.08984375,82.41329193115234,29.760482788085938,256.1099853515625,12490.73046875,124.66067504882812
2018-02-28,5308.08984375,82.60736846923828,29.550716400146484,256.55999755859375,12435.849609375,124.66067504882812
2018-03-01,5238.18017578125,82.96282196044922,29.190523147583008,256.9800109863281,12190.9404296875,124.9987564086914
2018-03-02,5265.240234375,82.65511322021484,28.55724716186523,256.75,11913.7099609375,124.98529815673828
2018-03-05,5323.35986328125,82.54984283447266,28.86200904846191,256.9100036621094,12090.8701171875,125.0753936767578
2018-03-06,5337.68994140625,82.54174041748047,28.92534446716309,256.5299987792969,12113.8701171875,124.7147445678711
2018-03-07,5335.47021484375,82.54174041748047,29.0519962310791,257.04998779296875,12245.3603515625,124.83645629882812
2018-03-08,5360.72998046875,82.7117919921875,29.352807998657227,257.95001220703125,12355.5703125,125.08443450927734
2018-03-09,5454.02978515625,82.53364562988281,29.495296478271484,257.45001220703125,12346.6796875,124.9447021484375
2018-03-12,5447.10009765625,82.72804260253906,29.52300453186035,257.8299865722656,12418.3896484375,125.15203094482422
2018-03-13,5412.75,82.86568450927734,29.241971969604492,258.0400085449219,12221.0302734375,125.26471710205078
2018-03-14,5383.27001953125,83.0276107788086,29.2301082611084,258.19000244140625,12237.740234375,125.49463653564452
2018-03-15,5379.39013671875,82.99520111083984,29.376564025878903,258.54998779296875,12345.5595703125,125.62537384033205
2018-03-16,5388.740234375,82.89804077148438,29.47946548461914,258.57000732421875,12389.580078125,125.6884765625
2018-03-19,5312.22998046875,82.81707763671875,29.15886116027832,258.9599914550781,12217.01953125,125.71099090576172
2018-03-20,5320.2001953125,82.65511322021484,29.277603149414062,259.239990234375,12307.330078125,125.6118621826172
2018-03-21,5310.9599609375,82.7117919921875,29.241971969604492,258.80999755859375,12309.150390625,125.49463653564452
2018-03-22,5177.52001953125,83.05191040039062,28.82638931274414,259.8599853515625,12100.080078125,126.0446548461914
2018-03-23,5069.02978515625,83.16521453857422,28.54537010192871,260.1099853515625,11886.3095703125,126.09422302246094
2018-03-26,5206.68994140625,82.93852996826172,28.355379104614254,260.0199890136719,11787.259765625,126.10774993896484
2018-03-27,5116.75,83.40821075439453,28.711610794067383,260.5400085449219,11970.830078125,126.10774993896484
2018-03-28,5102.68994140625,83.39202117919922,28.85013198852539,260.9200134277344,11940.7099609375,126.35565185546876
2018-03-29,5173.18994140625,83.56208801269531,29.004497528076172,261.4700012207031,12096.73046875,126.40077209472656
2018-04-02,5057.68994140625,83.64724731445312,,,,
2018-04-03,5121.7001953125,83.3795166015625,28.83431053161621,261.29998779296875,12002.4501953125,126.33765411376952
2018-04-04,5181.31005859375,83.3309326171875,28.699731826782227,261.69000244140625,11957.900390625,126.3826904296875
2018-04-05,5217.6201171875,83.1199722290039,29.424043655395508,261.04998779296875,12305.1904296875,126.19788360595705
2018-04-06,5103.35009765625,83.4850082397461,29.32509994506836,261.30999755859375,12241.26953125,126.43682861328124
2018-04-09,5121.89990234375,83.50121307373047,29.38446807861328,261.1000061035156,12261.75,126.32416534423828
2018-04-10,5207.72998046875,83.35520935058594,29.614025115966797,260.75,12397.3203125,126.21595001220705
2018-04-11,5179.18994140625,83.43637084960938,29.45176124572754,260.94000244140625,12293.9697265625,126.39173126220705
2018-04-12,5222.5498046875,83.13619995117188,29.614025115966797,260.9200134277344,12415.009765625,126.31060028076172
2018-04-13,5207.56982421875,83.209228515625,29.68924331665039,260.92999267578125,12442.400390625,126.28804779052734
2018-04-16,5249.93994140625,83.16864013671875,29.586332321166992,260.79998779296875,12391.41015625,126.1663818359375
2018-04-17,5305.89990234375,83.21732330322266,29.843599319458008,261.2900085449219,12585.5703125,126.30609130859376
2018-04-18,5310.31982421875,82.89283752441406,29.91088104248047,261.2799987792969,12590.830078125,126.12577056884766
2018-04-19,5280.56982421875,82.66571807861328,29.93067741394043,259.95001220703125,12567.419921875,125.53070831298828
2018-04-20,5235.75,82.38995361328125,29.934635162353516,260.0199890136719,12540.5,125.59381866455078
2018-04-23,5236.0400390625,82.3088150024414,30.06129264831543,259.3699951171875,12572.3896484375,125.233154296875
2018-04-24,5166.10009765625,82.21149444580078,30.049419403076172,259.57000732421875,12550.8203125,125.233154296875
2018-04-25,5175.58984375,82.03299713134766,29.835693359375,259.54998779296875,12422.2998046875,125.2105941772461
2018-04-26,5229.60986328125,82.26824951171875,30.116708755493164,260.2799987792969,12500.4697265625,125.63890838623048
2018-04-27,5235.72998046875,82.40616607666016,30.199831008911133,260.6499938964844,12580.8701171875,125.82372283935548
2018-04-30,5193.0400390625,82.49539184570312,30.275033950805664,260.4800109863281,12612.1103515625,125.90039825439452
2018-05-01,5206.31005859375,82.36616516113281,,,,
2018-05-02,5168.7900390625,82.38241577148438,30.45710563659668,260.2699890136719,12802.25,125.7380599975586
2018-05-03,5157.7001953125,82.59370422363281,30.24732780456543,261.17999267578125,12690.150390625,126.21141052246094
2018-05-04,5224.7099609375,82.60182189941406,30.46898078918457,260.5400085449219,12819.599609375,126.04010772705078
2018-05-07,5242.8701171875,82.56120300292969,30.714380264282227,260.95001220703125,12948.1396484375,126.17535400390624
2018-05-08,5241.52978515625,82.42305755615234,30.706453323364254,259.94000244140625,12912.2099609375,125.90039825439452
2018-05-09,5292.89990234375,82.23611450195312,30.90831184387207,259.9800109863281,12943.0595703125,125.91395568847656
2018-05-10,5343.7001953125,82.40682983398438,30.936025619506836,259.7900085449219,13022.8701171875,125.9454345703125
2018-05-11,5354.68994140625,82.4149398803711,30.959766387939453,260.1000061035156,13001.240234375,125.90487670898438
2018-05-14,5359.66015625,82.23611450195312,30.943931579589844,259.239990234375,12977.7099609375,125.4270248413086
2018-05-15,5323.22998046875,81.7810287475586,30.963727951049805,258.6300048828125,12970.0400390625,125.22846221923828
2018-05-16,5346.330078125,81.61036682128906,31.054763793945312,257.9100036621094,12996.330078125,125.42741394042967
2018-05-17,5343.2900390625,81.56163787841797,31.256628036499023,257.760009765625,13114.6103515625,125.25106048583984
2018-05-18,5329.66015625,81.87853240966797,31.18141746520996,257.79998779296875,13077.7197265625,125.76663970947266
2018-05-21,5369.18994140625,81.93547821044922,31.18141746520996,257.79998779296875,,125.76663970947266
2018-05-22,5352.4501953125,81.9029312133789,31.403074264526367,257.4200134277344,13169.919921875,125.95206451416016
2018-05-23,5369.990234375,82.2767562866211,31.08246612548828,257.7699890136719,12976.83984375,126.49937438964844
2018-05-24,5359.31982421875,82.48808288574219,30.872682571411133,258.260009765625,12855.08984375,126.80683135986328
2018-05-25,5347.31005859375,82.81311798095703,30.94789695739746,258.42999267578125,12938.009765625,127.37222290039062
2018-05-28,,,30.82915306091309,257.7099914550781,12863.4599609375,127.9827117919922
2018-05-29,5285.7001953125,83.70706176757812,30.421476364135746,255.92999267578125,12666.509765625,128.62046813964844
2018-05-30,5353.759765625,83.3494873046875,30.548139572143555,255.67999267578125,12783.759765625,127.68426513671876
2018-05-31,5318.10009765625,83.30891418457031,30.358144760131836,257.3900146484375,12604.8896484375,127.95111846923828
2018-06-01,5376.2900390625,83.00106811523438,30.72625160217285,257.55999755859375,12724.26953125,127.58026123046876
2018-06-04,5400.5,82.70793914794922,30.78562355041504,258.3999938964844,12770.75,127.18669891357422
2018-06-05,5404.6201171875,82.91967010498047,30.69853782653809,257.7699890136719,12787.1298828125,127.7068862915039
2018-06-06,5451.08984375,82.58580017089844,30.730207443237305,255.32000732421875,12830.0703125,126.79778289794922
2018-06-07,5448.18017578125,82.93596649169922,30.64312171936035,254.88999938964844,12811.0498046875,126.55810546875
2018-06-08,5465.419921875,82.82193756103516,30.583749771118164,254.75,12766.5498046875,127.00130462646484
2018-06-11,5471.2900390625,82.74053955078125,30.81728172302246,255.4600067138672,12842.91015625,126.57167053222656
2018-06-12,5481.06982421875,82.6916732788086,30.80935859680176,255.6699981689453,12842.2998046875,126.60335540771484
2018-06-13,5459.2099609375,82.59394073486328,30.8252010345459,256.32000732421875,12890.580078125,126.7661590576172
2018-06-14,5474.3701171875,82.85449981689453,31.209129333496097,257.9200134277344,13107.099609375,127.19132232666016
2018-06-15,5469.3701171875,82.91967010498047,30.850099563598633,258.6600036621094,13010.5498046875,127.4038543701172
2018-06-18,5457.830078125,82.96038055419922,30.62993431091309,258.6600036621094,12834.1103515625,127.47848510742188
2018-06-19,5436.1298828125,83.18022918701172,30.42178726196289,259.760009765625,12677.9697265625,127.6752471923828
2018-06-20,5445.43017578125,82.91149139404297,30.537870407104492,259.7149963378906,12695.16015625,127.70462036132812
2018-06-21,5411.39990234375,83.13138580322266,30.24565696716309,258.8399963378906,12511.91015625,128.109375
2018-06-22,5421.6298828125,83.14761352539062,30.597904205322266,258.7449951171875,12579.7197265625,128.06419372558594
2018-06-25,5347.22998046875,83.26165008544922,29.933429718017575,258.3599853515625,12270.330078125,128.15687561035156
2018-06-26,5359.009765625,83.30236053466797,29.953454971313477,257.760009765625,12234.33984375,128.0370635986328
2018-06-27,5312.89013671875,83.61994934082031,30.173608779907227,258.42999267578125,12348.6103515625,128.13648986816406
2018-06-28,5346.43994140625,83.53852844238281,29.953454971313477,258.7650146484375,12177.23046875,128.2042999267578
2018-06-29,5350.830078125,83.47335815429688,30.193628311157227,259.614990234375,12306.0,128.26763916015625
2018-07-02,5367.490234375,83.41627502441406,29.921430587768555,259.9200134277344,12238.169921875,128.35812377929688
2018-07-03,5340.93017578125,83.62834167480469,30.165597915649418,260.1050109863281,12349.1396484375,128.39430236816406
2018-07-04,,,30.20162582397461,259.94500732421875,12317.6103515625,128.28125
2018-07-05,5388.27978515625,83.63655090332031,30.345726013183594,259.5950012207031,12464.2900390625,128.31063842773438
2018-07-06,5434.35986328125,83.70997619628906,30.38174819946289,259.7449951171875,12496.169921875,128.3830108642578
2018-07-09,5483.89013671875,83.49787139892578,30.557886123657227,259.92498779296875,12543.8896484375,128.28353881835938
2018-07-10,5503.0498046875,83.4325942993164,30.68598365783691,259.80499267578125,12609.849609375,128.10031127929688
2018-07-11,5464.009765625,83.60392761230469,30.28168678283691,259.80499267578125,12417.1298828125,128.2111358642578
2018-07-12,5512.35986328125,83.5712890625,30.533864974975582,260.125,12492.9697265625,128.32879638671875
2018-07-13,5518.330078125,83.70997619628906,30.613929748535156,260.6300048828125,12540.73046875,128.4395751953125
2018-07-16,5512.919921875,83.5712890625,30.501840591430664,260.1000061035156,12561.01953125,128.2134246826172
2018-07-17,5534.91015625,83.52233123779297,30.57790184020996,261.0,12661.5400390625,128.3852081298828
2018-07-18,5546.85986328125,83.45703887939453,30.746023178100582,260.70001220703125,12765.9404296875,128.3852081298828
2018-07-19,5525.509765625,83.68547821044922,30.681974411010746,260.8699951171875,12686.2900390625,128.48928833007812
2018-07-20,5520.5,83.39179229736328,30.62593650817871,259.94000244140625,12561.419921875,128.13201904296875
2018-07-23,5530.66015625,82.98395538330078,30.573894500732425,259.3699951171875,12548.5703125,127.8380126953125
2018-07-24,5557.3701171875,83.04100799560547,30.834087371826172,259.3800048828125,12689.3896484375,127.9827117919922
2018-07-25,5607.990234375,82.98395538330078,30.76202392578125,259.5799865722656,12579.330078125,128.01895141601562
2018-07-26,5590.990234375,82.89418029785156,31.01820373535156,259.32000732421875,12809.23046875,127.89681243896484
2018-07-27,5554.31005859375,83.02466583251953,31.134302139282227,259.0299987792969,12860.400390625,127.89681243896484
2018-07-30,5522.81005859375,82.91862487792969,31.046239852905273,258.0799865722656,12798.2001953125,127.46260833740234
2018-07-31,5549.9599609375,83.03282928466797,31.17432975769043,258.510009765625,12805.5,127.51239013671876
2018-08-01,5544.18994140625,82.83667755126953,30.982196807861328,257.5299987792969,12737.0498046875,127.10086822509766
2018-08-02,5572.080078125,82.93472290039062,30.746023178100582,257.1400146484375,12546.330078125,127.33600616455078
2018-08-03,5598.7099609375,83.14730072021484,30.95816421508789,257.75,12615.759765625,127.8244171142578
2018-08-06,5619.0498046875,83.18814849853516,30.914152145385746,258.239990234375,12598.2099609375,127.99181365966795
2018-08-07,5634.97998046875,83.01652526855469,31.042236328125,258.1000061035156,12648.1904296875,127.79733276367188
2018-08-08,5633.669921875,83.09004211425781,30.97418975830078,258.1600036621094,12633.5400390625,127.90130615234376
2018-08-09,5627.0,83.31890869140625,31.05824279785156,258.45001220703125,12676.1103515625,128.10487365722656
2018-08-10,5588.66015625,83.6785888671875,30.74201774597168,258.69000244140625,12424.349609375,128.62496948242188
2018-08-13,5566.35986328125,83.65403747558594,30.649951934814453,257.989990234375,12358.740234375,128.64761352539062
2018-08-14,5602.41015625,83.57234191894531,30.641948699951172,258.29998779296875,12358.8701171875,128.55712890625
2018-08-15,5560.85009765625,83.77670288085938,30.165597915649418,257.9700012207031,12163.009765625,128.82395935058594
2018-08-16,5606.56005859375,83.75215148925781,30.373756408691406,258.1300048828125,12237.169921875,128.74453735351562
2018-08-17,5625.66015625,83.78485870361328,30.361740112304688,258.17999267578125,12210.5498046875,128.8262481689453
2018-08-20,5639.52978515625,84.04638671875,30.54987335205078,258.8500061035156,12331.2998046875,128.86703491210938
2018-08-21,5651.39013671875,83.93196868896484,30.62993431091309,259.0,12384.490234375,128.58578491210938
2018-08-22,5649.31005859375,84.0873031616211,30.609928131103516,258.3900146484375,12385.7001953125,128.36802673339844
2018-08-23,5640.10009765625,84.0791244506836,30.56989097595215,258.3699951171875,12365.580078125,128.41793823242188
2018-08-24,5675.1201171875,84.10366821289062,30.5819034576416,258.0799865722656,12394.51953125,128.3589324951172
2018-08-27,5719.2998046875,83.91568756103516,30.766035079956055,257.5299987792969,12538.3095703125,128.10948181152344
2018-08-28,5720.89013671875,83.72762298583984,30.71800422668457,257.20001220703125,12527.419921875,128.07769775390625
2018-08-29,5754.0,83.70313262939453,30.806074142456055,257.0,12561.6796875,127.82813262939452
2018-08-30,5729.4501953125,83.85841369628906,30.73801040649414,257.3999938964844,12494.240234375,128.34072875976562
2018-08-31,5730.7998046875,83.87479400634766,30.47782516479492,257.3399963378906,12364.0595703125,128.51316833496094
2018-09-03,,,30.517850875854492,257.57000732421875,12346.41015625,128.4950714111328
2018-09-04,5721.85986328125,83.68312072753906,30.27767562866211,258.17999267578125,12210.2099609375,128.25009155273438
2018-09-05,5705.85986328125,83.67491149902344,29.945446014404297,258.0899963378906,12040.4599609375,127.99598693847656
2018-09-06,5686.7001953125,83.846923828125,29.81734848022461,258.5799865722656,11955.25,128.27728271484375
2018-09-07,5674.580078125,83.47016143798828,29.81335830688477,258.20001220703125,11959.6298828125,127.95064544677734
2018-09-10,5685.33984375,83.51934814453125,29.921430587768555,258.67999267578125,11986.33984375,127.78733825683594
2018-09-11,5706.990234375,83.21625518798828,29.897422790527344,258.2799987792969,11970.26953125,127.6376495361328
2018-09-12,5709.080078125,83.31456756591797,30.033512115478516,258.3699951171875,12032.2998046875,127.74650573730467
2018-09-13,5740.75,83.30636596679688,30.013490676879883,258.2799987792969,12055.5498046875,127.6557846069336
2018-09-14,5743.18994140625,83.15070343017578,30.10556983947754,257.7300109863281,12124.330078125,127.42440795898438
2018-09-17,5711.2900390625,83.16712188720703,30.15186309814453,258.0799865722656,12096.41015625,127.36090850830078
2018-09-18,5742.18017578125,82.82312774658203,30.196348190307617,258.0299987792969,12157.669921875,127.12953186035156
2018-09-19,5749.39013671875,82.68387603759766,30.281269073486328,257.5400085449219,12219.01953125,127.04338836669922
2018-09-20,5794.72021484375,82.69205474853516,30.51578140258789,257.6199951171875,12326.48046875,127.17040252685548
2018-09-21,5792.72021484375,82.72480010986328,30.645172119140625,258.05999755859375,12430.8798828125,127.27467346191406
2018-09-24,5772.35986328125,82.63472747802734,30.46725845336914,256.8500061035156,12350.8203125,126.77570343017578
2018-09-25,5765.25,82.5528335571289,30.637086868286133,256.75,12374.66015625,126.50350952148438
2018-09-26,5746.27001953125,82.82312774658203,30.726036071777344,257.1400146484375,12385.8896484375,126.59424591064452
2018-09-27,5763.22021484375,82.82312774658203,30.81094741821289,256.989990234375,12435.58984375,126.5488739013672
2018-09-28,5763.419921875,82.86405944824219,30.580472946166992,256.5299987792969,12246.73046875,127.10235595703124
2018-10-01,5784.4501953125,82.65393829345703,30.65730094909668,255.72999572753903,12339.0302734375,127.05693817138672
2018-10-02,5782.3701171875,82.86734008789062,30.430870056152344,255.88999938964844,12287.580078125,127.05693817138672
2018-10-03,5786.47998046875,82.25181579589844,,,,
2018-10-04,5740.56005859375,82.03840637207031,30.26103782653809,254.91000366210935,12244.1396484375,126.48988342285156
2018-10-05,5708.89990234375,81.84147644042969,30.01844024658203,254.2400054931641,12111.900390625,126.2811508178711
2018-10-08,5706.66015625,81.8742904663086,29.650487899780273,253.88999938964844,11947.16015625,126.57606506347656
2018-10-09,5700.22998046875,82.03023529052734,29.751569747924805,254.02999877929688,11977.2197265625,126.5125732421875
2018-10-10,5512.93994140625,82.07123565673828,29.25423812866211,253.8500061035156,11712.5,126.4671401977539
2018-10-11,5399.5400390625,82.40775299072266,28.6477108001709,253.82000732421875,11539.349609375,126.73030853271484
2018-10-12,5476.830078125,82.30925750732422,28.62750244140625,253.8300018310547,11523.8095703125,126.89366149902344
2018-10-15,5444.60986328125,82.35853576660156,28.68410301208496,253.80999755859375,11614.16015625,126.8482666015625
2018-10-16,5561.7998046875,82.35029602050781,29.08440399169922,254.6499938964844,11776.5498046875,126.99797058105467
2018-10-17,5560.6201171875,82.1123046875,29.01567268371582,254.6300048828125,11715.0302734375,127.25656127929688
2018-10-18,5481.1298828125,82.260009765625,28.801362991333008,254.1000061035156,11589.2099609375,127.6376495361328
2018-10-19,5479.2998046875,82.16155242919922,28.821582794189453,254.27999877929688,11553.830078125,127.51969909667967
2018-10-22,5455.8798828125,82.17793273925781,28.748794555664062,254.8300018310547,11524.33984375,127.36090850830078
2018-10-23,5426.080078125,82.39132690429688,28.24741554260254,255.0099945068359,11274.2802734375,127.7374496459961
2018-10-24,5258.60986328125,82.83450317382812,28.190807342529297,255.3300018310547,11191.6298828125,127.7374496459961
2018-10-25,5356.5400390625,82.63754272460938,28.348499298095703,255.8699951171875,11307.1201171875,127.86448669433594
2018-10-26,5263.740234375,83.00685119628906,28.11802673339844,256.5799865722656,11200.6201171875,128.25457763671875
2018-10-29,5229.27978515625,82.99864959716797,28.376808166503903,256.94000244140625,11335.48046875,128.0550079345703
2018-10-30,5311.669921875,82.81806945800781,28.376808166503903,256.3900146484375,11287.3896484375,128.1366729736328
2018-10-31,5369.490234375,82.61293029785156,28.862016677856445,256.54998779296875,11447.509765625,127.973388671875
2018-11-01,5426.330078125,82.68363952636719,28.975231170654297,256.6099853515625,11468.5400390625,127.91436004638672
2018-11-02,5392.52978515625,82.22305297851562,29.03588104248047,256.54998779296875,11518.990234375,127.66939544677734
2018-11-05,5422.8798828125,82.2724380493164,29.02375030517578,256.5400085449219,11494.9599609375,127.7101821899414
2018-11-06,5457.25,82.1819076538086,28.93883514404297,256.0799865722656,11484.33984375,127.61946868896484
2018-11-07,5573.06005859375,82.1819076538086,29.2663516998291,256.0899963378906,11579.099609375,127.45618438720705
2018-11-08,5562.0,82.06678771972656,29.306804656982425,255.7400054931641,11527.3203125,127.36090850830078
2018-11-09,5511.7900390625,82.38755798339844,29.193574905395508,256.1700134277344,11529.16015625,127.36090850830078
2018-11-12,5403.18994140625,82.63432312011719,28.930744171142575,256.2200012207031,11325.4404296875,127.97786712646484
2018-11-13,5395.3701171875,82.70011138916016,29.12079429626465,256.07000732421875,11472.2197265625,127.79640197753906
2018-11-14,5355.93994140625,82.87284088134766,28.93883514404297,256.07000732421875,11412.5302734375,127.89620208740234
2018-11-15,5414.43017578125,82.9303970336914,28.623455047607425,256.32000732421875,11353.669921875,128.27212524414062
2018-11-16,5426.85986328125,83.18534851074219,28.570892333984375,256.32000732421875,11341.0,128.20384216308594
2018-11-19,5336.7001953125,83.3087158203125,28.376808166503903,255.6000061035156,11244.5400390625,128.19476318359375
2018-11-20,5240.22998046875,83.29227447509766,28.057382583618164,255.83999633789065,11066.41015625,128.4086151123047
2018-11-21,5256.60986328125,83.27583312988281,28.356584548950195,255.83999633789065,11244.169921875,128.19931030273438
2018-11-22,,,28.186758041381836,256.5899963378906,11138.490234375,128.19476318359375
2018-11-23,5222.43017578125,83.3251953125,28.291887283325195,256.5899963378906,11192.6904296875,128.4586181640625
2018-11-26,5304.169921875,83.25938415527344,28.60727882385254,257.6199951171875,11354.7197265625,128.2630157470703
2018-11-27,5321.52001953125,83.34161376953125,28.57897567749023,257.7099914550781,11309.1103515625,128.38128662109375
2018-11-28,5444.1201171875,83.33340454101562,28.554712295532227,257.7099914550781,11298.8798828125,128.3858184814453
2018-11-29,5433.490234375,83.5472640991211,28.623455047607425,257.7099914550781,11298.23046875,128.68153381347656
2018-11-30,5478.91015625,83.71175384521484,28.59515380859375,257.7099914550781,11257.240234375,128.75889587402344
2018-12-03,5538.85986328125,83.89473724365234,28.857975006103516,259.1099853515625,11465.4599609375,128.84986877441406
2018-12-04,5359.91015625,84.2820816040039,28.66388702392578,259.489990234375,11335.3203125,129.13192749023438
2018-12-05,,,28.32019424438477,259.489990234375,11200.240234375,129.04092407226562
2018-12-06,5353.43017578125,84.49637603759766,27.48724937438965,259.9100036621094,10810.98046875,129.51405334472656
2018-12-07,5229.43994140625,84.74362182617188,27.596426010131836,259.7200012207031,10788.08984375,129.24566650390625
2018-12-10,5238.7001953125,84.79310607910156,27.13142967224121,259.7900085449219,10622.0703125,129.27301025390625
2018-12-11,5237.10009765625,84.57884979248047,27.531726837158203,259.7099914550781,10780.509765625,129.34121704101562
2018-12-12,5265.52978515625,84.34805297851562,27.976505279541016,259.8800048828125,10929.4296875,129.04092407226562
2018-12-13,5265.4599609375,84.39746856689453,27.94415283203125,260.0199890136719,10924.7001953125,128.95901489257812
2018-12-14,5165.60009765625,84.52935791015625,27.77836799621582,260.4700012207031,10865.76953125,129.23204040527344
2018-12-17,5058.580078125,84.77661895751953,27.42987060546875,260.3599853515625,10772.2001953125,129.1865234375
2018-12-18,5059.33984375,84.98554992675781,27.247085571289062,260.6700134277344,10740.8896484375,129.26837158203125
2018-12-19,4981.919921875,85.28286743164062,27.33237648010254,261.3299865722656,10766.2099609375,129.26837158203125
2018-12-20,4903.4599609375,85.175537109375,26.922136306762695,261.739990234375,10611.099609375,129.37306213378906
2018-12-21,4802.509765625,85.24983978271484,26.98712158203125,261.739990234375,10633.8203125,129.22743225097656
2018-12-24,4672.66015625,85.46463012695312,,,,
2018-12-26,4904.490234375,85.0599136352539,,,,
2018-12-27,4946.93994140625,85.27467346191406,26.455015182495117,261.5400085449219,10381.509765625,129.48226928710938
2018-12-28,4941.60986328125,85.73712921142578,26.938379287719727,261.510009765625,10558.9599609375,129.4003448486328
2018-12-31,4984.22021484375,86.05924987792969,,,,
2019-01-02,4990.56005859375,86.24093627929688,27.023681640625,262.29998779296875,10580.1904296875,130.00538635253906
2019-01-03,4868.2998046875,86.92642974853516,26.792152404785156,261.82000732421875,10416.66015625,130.22830200195312
2019-01-04,5035.4501953125,86.22441864013672,27.48267364501953,261.0,10767.6904296875,129.66421508789062
2019-01-07,5070.759765625,85.9848861694336,27.507043838500977,260.6400146484375,10747.8095703125,129.61412048339844
2019-01-08,5120.0400390625,85.77018737792969,27.71013641357422,260.17999267578125,10803.98046875,129.4685821533203
2019-01-09,5142.66015625,85.81977844238281,27.84417724609375,260.6700134277344,10893.3203125,129.51866149902344
2019-01-10,5165.89013671875,85.77845001220703,27.966033935546875,260.6700134277344,10921.58984375,129.71426391601562
2019-01-11,5165.14990234375,86.03443908691406,27.998531341552734,261.54998779296875,10887.4599609375,129.81887817382812
2019-01-14,5138.580078125,85.9848861694336,27.83199119567871,261.8999938964844,10855.91015625,129.8961944580078
2019-01-15,5193.77978515625,85.90233612060547,27.9538516998291,262.2900085449219,10891.7900390625,130.15553283691406
2019-01-16,5205.4501953125,85.85275268554688,28.108200073242188,262.5,10931.240234375,129.94625854492188
2019-01-17,5245.47998046875,85.69583129882812,28.128509521484375,262.4100036621094,10918.6201171875,129.76881408691406
2019-01-18,5314.77978515625,85.42329406738281,28.61187171936035,262.3800048828125,11205.5400390625,129.58230590820312
2019-01-21,,,28.58344078063965,262.25,11136.2001953125,129.63687133789062
2019-01-22,5239.75,85.72061920166016,28.469707489013672,262.6000061035156,11090.1103515625,129.81887817382812
2019-01-23,5251.2900390625,85.67932891845703,28.43315315246582,262.8299865722656,11071.5400390625,129.9281005859375
2019-01-24,5258.68994140625,85.95187377929688,28.481897354125977,264.1000061035156,11130.1796875,130.32388305664062
2019-01-25,5303.509765625,85.75363159179688,28.640308380126953,264.0400085449219,11281.7900390625,130.09640502929688
2019-01-28,5261.8798828125,85.77845001220703,28.347850799560547,263.9100036621094,11210.3095703125,130.0645294189453
2019-01-29,5254.31005859375,86.02623748779297,28.567195892333984,264.0,11218.830078125,130.11459350585938
2019-01-30,5336.60009765625,86.22441864013672,28.701234817504883,264.0,11181.66015625,130.20101928710938
2019-01-31,5383.6298828125,86.62086486816406,28.733726501464844,264.8999938964844,11173.099609375,130.37391662597656
2019-02-01,5389.18994140625,86.15740203857422,28.78653335571289,264.1199951171875,11180.66015625,130.41937255859375
2019-02-04,5425.7998046875,85.9670639038086,28.839338302612305,263.739990234375,11176.580078125,130.23289489746094
2019-02-05,5451.39990234375,86.11600494384766,29.23741149902344,263.6400146484375,11367.98046875,130.32388305664062
2019-02-06,5439.7998046875,86.18218231201172,29.241464614868164,263.5199890136719,11324.7197265625,130.32388305664062
2019-02-07,5389.68994140625,86.46359252929688,28.8109073638916,263.69000244140625,11022.01953125,130.84698486328125
2019-02-08,5395.1201171875,86.5794677734375,28.680917739868164,263.9100036621094,10906.7802734375,131.07904052734375
2019-02-11,5399.0,86.44705200195312,28.896203994750977,263.82000732421875,11014.58984375,130.83338928222656
2019-02-12,5468.97998046875,86.33118438720703,29.038368225097656,263.8999938964844,11126.080078125,130.6877899169922
2019-02-13,5485.97021484375,86.11600494384766,29.204914093017575,264.2699890136719,11167.2197265625,130.815185546875
2019-02-14,5473.330078125,86.52156066894531,29.13180160522461,264.44000244140625,11089.7900390625,130.88790893554688
2019-02-15,5533.27001953125,86.43881225585938,29.550168991088867,264.44000244140625,11299.7998046875,130.91151428222656
2019-02-18,,,29.62734031677246,264.44000244140625,11299.2001953125,130.86593627929688
2019-02-19,5541.97998046875,86.58776092529297,29.57047462463379,264.67999267578125,11309.2099609375,131.00730895996094
2019-02-20,5552.89990234375,86.57117462158203,29.73700714111328,264.3900146484375,11401.9697265625,130.93434143066406
2019-02-21,5533.7998046875,86.31461334228516,29.69639015197754,264.25,11423.2802734375,130.64703369140625
2019-02-22,5569.4501953125,86.57117462158203,29.789817810058594,264.6300048828125,11457.7001953125,130.92974853515625
2019-02-25,5577.08984375,86.43881225585938,29.85074234008789,264.8900146484375,11505.3896484375,130.8203125
2019-02-26,5572.740234375,86.69534301757812,29.940114974975582,265.19000244140625,11540.7900390625,130.747314453125
2019-02-27,5570.56982421875,86.38912200927734,29.866989135742188,264.4100036621094,11487.330078125,130.40525817871094
2019-02-28,5556.490234375,86.16561889648438,29.891361236572266,264.0799865722656,11515.6396484375,130.10426330566406
2019-03-01,5595.10986328125,85.88287353515625,30.001033782958984,264.05999755859375,11601.6796875,130.0131072998047
2019-03-04,5573.52978515625,86.14824676513672,30.110708236694336,264.5299987792969,11592.66015625,130.332275390625
2019-03-05,5567.39990234375,86.19795227050781,30.187885284423828,264.6300048828125,11620.740234375,130.27304077148438
2019-03-06,5531.33984375,86.4384765625,30.13102149963379,265.7099914550781,11587.6298828125,130.65158081054688
2019-03-07,5487.56005859375,86.72870635986328,30.053850173950195,267.4700012207031,11517.7998046875,131.23077392578125
2019-03-08,5476.39013671875,86.85306549072266,29.781688690185547,267.3500061035156,11457.83984375,131.11676025390625
2019-03-11,5556.77001953125,86.78668975830078,30.009153366088867,267.2799987792969,11543.48046875,131.20343017578125
2019-03-12,5556.77001953125,87.02722930908203,29.952287673950195,267.2300109863281,11524.169921875,131.23989868164062
2019-03-13,5612.56005859375,86.99402618408203,30.179758071899418,267.1199951171875,11572.41015625,131.23989868164062
2019-03-14,5609.58984375,86.86968231201172,30.411287307739254,267.1600036621094,11587.4697265625,130.9480438232422
2019-03-15,5637.77001953125,87.143310546875,30.66036605834961,267.2300109863281,11685.6904296875,130.9753875732422
2019-03-18,5658.72998046875,87.02722930908203,30.713348388671875,267.760009765625,11657.0595703125,131.01641845703125
2019-03-19,5658.14990234375,86.96915435791016,30.892641067504883,267.1600036621094,11788.41015625,130.8203125
2019-03-20,5641.740234375,87.57452392578125,30.607393264770508,267.32000732421875,11603.8896484375,131.00730895996094
2019-03-21,5703.27978515625,87.53305053710938,30.574800491333008,268.42999267578125,11549.9599609375,131.36758422851562
2019-03-22,5595.5,88.17987060546875,30.228431701660156,269.2900085449219,11364.169921875,131.92855834960938
2019-03-25,5591.22998046875,88.40372467041016,30.102096557617188,268.8599853515625,11346.650390625,131.9376983642578
2019-03-26,5631.39013671875,88.3291244506836,30.346595764160156,268.95001220703125,11419.48046875,131.8236846923828
2019-03-27,5605.31982421875,88.586181640625,30.399559020996097,270.0799865722656,11419.0400390625,132.45761108398438
2019-03-28,5626.31982421875,88.59444427490234,30.338451385498047,269.54998779296875,11428.16015625,132.34361267089844
2019-03-29,5664.4599609375,88.45349884033203,30.566646575927734,269.5400085449219,11526.0400390625,132.35275268554688
2019-04-01,5730.0400390625,87.84524536132812,30.90894317626953,268.6600036621094,11681.990234375,132.02432250976562
2019-04-02,5730.35009765625,87.99481964111328,31.03934860229492,268.9599914550781,11754.7900390625,132.19308471679688
2019-04-03,5742.669921875,87.72065734863281,31.308290481567383,268.2699890136719,11954.400390625,131.75071716308594
2019-04-04,5755.9599609375,87.81201934814453,31.247175216674805,268.6700134277344,11988.009765625,131.7963104248047
2019-04-05,5782.7001953125,87.85356140136719,31.29199981689453,268.7699890136719,12009.75,131.7324676513672
2019-04-08,5788.85986328125,87.71234130859375,31.234952926635746,268.8599853515625,11963.400390625,131.72337341308594
2019-04-09,5755.490234375,87.87020111083984,31.076019287109375,268.8599853515625,11850.5703125,131.7963104248047
2019-04-10,5775.990234375,88.07791137695312,31.169748306274418,269.7699890136719,11905.91015625,132.04714965820312
2019-04-11,5776.27978515625,87.87848663330078,31.218660354614254,269.9200134277344,11935.2001953125,131.8236846923828
2019-04-12,5815.0400390625,87.47132873535156,31.279783248901367,268.8299865722656,11999.9296875,131.23077392578125
2019-04-15,5811.509765625,87.58765411376953,31.332740783691406,268.3900146484375,12020.2802734375,131.2261962890625
2019-04-16,5814.4599609375,87.2885513305664,31.438697814941406,268.3699951171875,12101.3203125,131.22166442871094
2019-04-17,5801.830078125,87.30514526367188,31.438697814941406,268.17999267578125,12153.0703125,131.04832458496094
2019-04-18,5811.1298828125,87.51285552978516,31.573171615600582,268.94000244140625,12222.3896484375,131.536376953125
2019-04-22,5817.16015625,87.38825225830078,,,,
2019-04-23,5868.8798828125,87.54612731933594,31.64653587341309,268.1400146484375,12235.509765625,131.3949432373047
2019-04-24,5856.02978515625,87.87848663330078,31.622079849243164,268.1400146484375,12313.16015625,131.90121459960938
2019-04-25,5853.8701171875,87.77046203613281,31.57724952697754,268.70001220703125,12282.599609375,131.88748168945312
2019-04-26,5881.47998046875,88.00313568115234,31.638378143310547,269.5400085449219,12315.1796875,131.97415161132812
2019-04-29,5888.0498046875,87.82032012939453,31.7076473236084,269.4700012207031,12328.01953125,131.77349853515625
2019-04-30,5893.81005859375,87.99481964111328,31.736186981201172,269.4800109863281,12344.080078125,131.63214111328125
2019-05-01,5849.64990234375,87.95482635498047,,,,
2019-05-02,5837.4599609375,87.705078125,31.536497116088867,269.4200134277344,12345.419921875,131.5819549560547
2019-05-03,5894.2998046875,87.82164001464844,31.679115295410156,269.5799865722656,12412.75,131.5591278076172
2019-05-06,5868.4501953125,88.04644775390625,31.336822509765625,269.70001220703125,12286.8798828125,131.7005157470703
2019-05-07,5771.58984375,88.34619140625,30.99452781677246,270.1400146484375,12092.740234375,132.1110382080078
2019-05-08,5762.47998046875,88.17964172363281,31.014902114868164,270.1400146484375,12179.9296875,132.206787109375
2019-05-09,5747.080078125,88.41281127929688,30.59109687805176,269.6499938964844,11973.919921875,132.2752227783203
2019-05-10,5770.43994140625,88.35453033447266,30.68075180053711,269.69000244140625,12059.830078125,132.206787109375
2019-05-13,5631.41015625,88.79574584960938,30.27324485778809,269.8399963378906,11876.650390625,132.45306396484375
2019-05-14,5677.2001953125,88.71253204345703,30.66852569580078,269.7200012207031,11991.6201171875,132.3253631591797
2019-05-15,5711.490234375,88.99556732177734,30.770397186279297,270.1400146484375,12099.5703125,132.6748809814453
2019-05-16,5763.9501953125,88.82071685791016,31.20235252380371,270.6300048828125,12310.3701171875,132.6474609375
2019-05-17,5730.89013671875,88.8624038696289,31.09231758117676,270.92999267578125,12238.9404296875,132.69313049316406
2019-05-20,5692.2998046875,88.71253204345703,30.76225852966309,270.510009765625,12041.2900390625,132.58346557617188
2019-05-21,5740.81005859375,88.61258697509766,30.98638343811035,270.42999267578125,12143.4697265625,132.34115600585938
2019-05-22,5724.7099609375,88.87903594970703,30.941551208496097,270.8999938964844,12168.740234375,132.53770446777344
2019-05-23,5657.10009765625,89.42019653320312,30.50960350036621,271.3699951171875,11952.41015625,132.8577423095703
2019-05-24,5665.60009765625,89.39527130126953,30.72150230407715,271.8399963378906,12011.0400390625,132.83030700683594
2019-05-27,,,30.811145782470703,271.70001220703125,12071.1796875,133.05430603027344
2019-05-28,5618.18017578125,89.78654479980469,30.705188751220703,271.7300109863281,12027.0498046875,133.2462921142578
2019-05-29,5579.509765625,89.75326538085938,30.305849075317383,272.3900146484375,11837.8095703125,133.3468475341797
2019-05-30,5591.97021484375,90.07795715332033,30.485145568847656,272.1499938964844,11902.080078125,133.3468475341797
2019-05-31,5519.27001953125,90.67745208740234,30.212114334106445,272.1499938964844,11726.83984375,133.57540893554688
2019-06-03,5504.0498046875,91.11373138427734,30.285470962524418,273.1400146484375,11792.8095703125,133.58457946777344
2019-06-04,5622.31005859375,90.78001403808594,30.47700309753418,273.57000732421875,11971.169921875,133.55255126953125
2019-06-05,5668.89013671875,90.78001403808594,30.60331153869629,274.1499938964844,11980.8095703125,133.72174072265625
2019-06-06,5705.22021484375,90.7633285522461,30.587024688720703,274.5799865722656,11953.1396484375,133.79029846191406
2019-06-07,5765.66015625,91.12206268310548,30.87635040283203,275.69000244140625,12045.3798828125,134.0279541015625
2019-06-10,5792.56005859375,90.67159271240234,,,,
2019-06-11,5790.830078125,90.67159271240234,31.165681838989254,275.3299865722656,12155.8095703125,133.739990234375
2019-06-12,5779.1201171875,90.90518951416016,31.08417701721191,274.8599853515625,12115.6796875,133.86343383789062
2019-06-13,5804.52978515625,91.1304168701172,31.19826889038086,275.2900085449219,12169.0498046875,133.84510803222656
2019-06-14,5795.9599609375,91.19715118408205,31.047504425048828,275.82000732421875,12096.400390625,133.9456787109375
2019-06-17,5801.39990234375,91.18045806884766,31.0264892578125,275.7099914550781,12085.8203125,133.86801147460938
2019-06-18,5857.9501953125,91.35563659667967,31.571033477783203,278.30999755859375,12331.75,134.6816864013672
2019-06-19,5875.4501953125,91.6059112548828,31.538021087646484,277.6000061035156,12308.5302734375,134.2611541748047
2019-06-20,5931.66015625,91.7560806274414,31.70716667175293,278.04998779296875,12355.3896484375,134.5445556640625
2019-06-21,5924.5400390625,91.38070678710938,31.595775604248047,277.1700134277344,12339.919921875,134.1970977783203
2019-06-24,5914.2900390625,91.69767761230467,31.488515853881836,277.6499938964844,12274.5703125,134.43026733398438
2019-06-25,5858.1298828125,91.83953857421876,31.451385498046875,278.04998779296875,12228.4404296875,134.60401916503906
2019-06-26,5850.89990234375,91.46405029296876,31.368892669677734,277.69000244140625,12245.3203125,134.34341430664062
2019-06-27,5874.14990234375,91.73937225341795,31.377140045166016,277.9599914550781,12271.0302734375,134.4119873046875
2019-06-28,5908.25,91.78105926513672,31.5875301361084,278.2699890136719,12398.7998046875,134.599365234375
2019-07-01,5953.6298828125,91.66580963134766,31.835046768188477,279.54998779296875,12521.3798828125,134.95143127441406
2019-07-02,5971.2900390625,91.99166107177734,31.95467758178711,280.2099914550781,12526.7197265625,134.91941833496094
2019-07-03,5982.89990234375,92.16718292236328,32.25995635986328,281.79998779296875,12616.240234375,135.052001953125
2019-07-04,,,32.280582427978516,281.5899963378906,12629.900390625,135.1479949951172
2019-07-05,6008.31005859375,91.58220672607422,32.03306579589844,280.3800048828125,12568.5302734375,134.7548828125
2019-07-08,5979.33984375,91.4902801513672,31.99592399597168,280.0799865722656,12543.509765625,134.91941833496094
2019-07-09,5988.47998046875,91.43180847167967,31.83917236328125,280.0299987792969,12436.5498046875,134.78688049316406
2019-07-10,6015.56005859375,91.48194122314452,31.77316665649414,279.3599853515625,12373.41015625,134.3343048095703
2019-07-11,6029.330078125,91.03068542480467,31.740175247192383,278.739990234375,12332.1201171875,133.96397399902344
2019-07-12,6057.77001953125,91.13092041015624,31.78554344177246,277.9599914550781,12323.3203125,133.86343383789062
2019-07-15,6058.830078125,91.32315826416016,31.86803436279297,279.0899963378906,12387.33984375,134.24742126464844
2019-07-16,6038.39990234375,91.12258911132812,31.95467758178711,279.3699951171875,12430.9697265625,134.320556640625
2019-07-17,5999.0498046875,91.5488510131836,31.84329605102539,280.1099853515625,12341.0302734375,134.58570861816406
2019-07-18,6021.14990234375,91.7744140625,31.756671905517575,280.8399963378906,12227.849609375,134.7639923095703
2019-07-19,5984.2001953125,91.60726928710938,31.802045822143555,280.8800048828125,12260.0703125,134.90570068359375
2019-07-22,6001.27978515625,91.64906311035156,31.847431182861328,280.82000732421875,12289.400390625,135.0885772705078
2019-07-23,6042.47998046875,91.4986343383789,32.15681838989258,280.82000732421875,12490.740234375,135.22569274902344
2019-07-24,6071.0498046875,91.6323699951172,32.18982696533203,282.1099853515625,12522.8896484375,135.3628387451172
2019-07-25,6039.1298828125,91.4736099243164,31.97117805480957,281.82000732421875,12362.099609375,135.27142333984375
2019-07-26,6083.81982421875,91.45686340332033,32.10319137573242,281.70001220703125,12419.900390625,135.26223754882812
2019-07-29,6074.009765625,91.5404281616211,32.1114387512207,281.94000244140625,12417.4697265625,135.38575744628906
2019-07-30,6058.9599609375,91.58220672607422,31.632904052734375,281.8999938964844,12147.240234375,135.42230224609375
2019-07-31,5993.169921875,91.8161849975586,31.63702392578125,282.94000244140625,12189.0400390625,135.78797912597656
2019-08-01,5939.830078125,92.85765838623048,31.83091735839844,282.8399963378906,12253.150390625,135.961669921875
2019-08-02,5897.10009765625,93.05018615722656,30.964611053466797,283.6400146484375,11872.4404296875,136.18565368652344
2019-08-05,5721.7998046875,93.85383605957033,30.312803268432617,283.82000732421875,11658.509765625,136.38221740722656
2019-08-06,5796.72021484375,94.00457000732422,30.106538772583008,284.45001220703125,11567.9599609375,136.6702880859375
2019-08-07,5801.31982421875,94.00457000732422,30.23442649841309,285.739990234375,11650.150390625,137.04054260253906
2019-08-08,5911.66015625,94.01290893554688,30.791343688964844,284.7099914550781,11845.41015625,136.84397888183594
2019-08-09,5873.47021484375,93.87059783935548,30.514951705932617,283.3999938964844,11693.7998046875,137.01307678222656
2019-08-12,5802.14013671875,94.46498107910156,30.399429321289062,284.1600036621094,11679.6796875,137.17312622070312
2019-08-13,5890.16015625,94.1301040649414,30.59745407104492,284.9100036621094,11750.1298828125,137.28736877441406
2019-08-14,5719.2998046875,94.7579574584961,30.0817813873291,286.1600036621094,11492.66015625,137.63023376464844
2019-08-15,5734.490234375,95.36073303222656,30.0199031829834,288.0,11412.669921875,138.1376495361328
2019-08-16,5818.169921875,95.10961151123048,30.407695770263672,287.1000061035156,11562.740234375,137.89678955078125
2019-08-19,5888.93017578125,94.65752410888672,30.74184226989746,287.1000061035156,11715.3701171875,137.60816955566406
2019-08-20,5842.759765625,95.07608795166016,30.539703369140625,287.45001220703125,11651.1796875,137.9655303955078
2019-08-21,5891.18994140625,94.82493591308594,30.915109634399418,287.2099914550781,11802.849609375,137.7730712890625
2019-08-22,5888.3701171875,94.61565399169922,30.78309440612793,286.55999755859375,11747.0400390625,137.38827514648438
2019-08-23,5735.6298828125,95.2519073486328,30.486066818237305,286.8800048828125,11611.509765625,137.7547149658203
2019-08-26,5799.33984375,95.15982055664062,30.564453125,286.8599853515625,11658.0400390625,137.6952362060547
2019-08-27,5780.7900390625,95.57003784179688,30.76659393310547,288.2300109863281,11730.01953125,137.9380340576172
2019-08-28,5818.83984375,95.603515625,30.671707153320312,288.95001220703125,11701.01953125,138.11209106445312
2019-08-29,5893.64990234375,95.4193344116211,31.00173568725586,288.6400146484375,11838.8798828125,137.85096740722656
2019-08-30,5898.22998046875,95.44442749023438,31.249248504638672,288.55999755859375,11939.2802734375,138.08460998535156
2019-09-02,,,31.315258026123047,288.5299987792969,11953.7802734375,138.06631469726562
2019-09-03,5857.9501953125,95.65411376953124,31.25338554382324,289.3500061035156,11910.8603515625,138.05714416503906
2019-09-04,5921.9599609375,95.80503845214844,31.529775619506836,288.7799987792969,12025.0400390625,137.75933837890625
2019-09-05,6000.3798828125,95.03358459472656,31.769039154052734,286.8800048828125,12126.7802734375,136.95301818847656
2019-09-06,6006.06982421875,95.09225463867188,31.86803436279297,287.9599914550781,12191.73046875,137.38827514648438
2019-09-09,6005.990234375,94.50528717041016,31.78141975402832,286.7799987792969,12226.099609375,136.93470764160156
2019-09-10,6008.1201171875,93.81765747070312,31.77729225158691,285.7699890136719,12268.7099609375,136.60484313964844
2019-09-11,6051.8701171875,93.72541809082033,32.07430648803711,286.3999938964844,12359.0703125,136.81097412109375
2019-09-12,6070.22998046875,93.51579284667967,32.14032745361328,286.5299987792969,12410.25,136.25668334960938
2019-09-13,6067.5,92.6604461669922,32.21870803833008,285.0299987792969,12468.5302734375,135.51904296875
2019-09-16,6048.669921875,93.0629653930664,32.07991409301758,285.5799865722656,12380.3095703125,135.73431396484375
2019-09-17,6064.31005859375,93.30615234375,32.04238510131836,284.9800109863281,12372.6103515625,135.75267028808594
2019-09-18,6066.419921875,93.33968353271484,32.059059143066406,285.9700012207031,12389.6201171875,135.9909210205078
2019-09-19,6066.89990234375,93.3816146850586,32.246681213378906,285.6600036621094,12457.7001953125,135.83058166503906
2019-09-20,6037.5,93.91828155517578,32.321739196777344,285.6400146484375,12468.009765625,136.02296447753906
2019-09-23,6036.89990234375,94.05247497558594,32.084075927734375,287.3900146484375,12342.330078125,136.57730102539062
2019-09-24,5986.580078125,94.52206420898438,32.067413330078125,287.7099914550781,12307.150390625,136.75143432617188
2019-09-25,6023.4599609375,93.9014892578125,31.879772186279297,287.25,12234.1796875,136.55899047851562
2019-09-26,6009.18994140625,94.10275268554688,32.129940032958984,287.2300109863281,12288.5400390625,136.55899047851562
2019-09-27,5978.10986328125,94.2369155883789,32.25503921508789,287.20001220703125,12380.9404296875,136.04127502441406
2019-09-30,6008.58984375,94.3123779296875,32.34675979614258,287.2300109863281,12428.080078125,136.46737670898438
2019-10-01,5935.2001953125,94.57356262207033,31.938148498535156,287.0,12263.830078125,136.54066467285156
2019-10-02,5828.93017578125,94.901123046875,31.012535095214844,286.6000061035156,11925.25,136.3253631591797
2019-10-03,5876.85986328125,95.39662170410156,,,,
2019-10-04,5960.43017578125,95.58139038085938,31.30856132507324,287.3999938964844,12012.8095703125,136.6460723876953
2019-10-07,5933.759765625,95.26221466064452,31.54204750061035,287.1499938964844,12097.4296875,136.55441284179688
2019-10-08,5841.56982421875,95.4638214111328,31.154294967651367,287.6000061035156,11970.2001953125,136.77438354492188
2019-10-09,5896.60009765625,95.22024536132812,31.32523727416992,286.6499938964844,12094.259765625,136.35284423828125
2019-10-10,5934.56005859375,94.6239776611328,31.562891006469727,285.1499938964844,12164.2001953125,135.65647888183594
2019-10-11,6000.0400390625,93.9773178100586,32.26753616333008,284.70001220703125,12511.650390625,135.26243591308594
2019-10-14,5991.72021484375,94.23763275146484,32.10075759887695,285.2099914550781,12486.5595703125,135.40907287597656
2019-10-15,6051.39013671875,93.78414916992188,32.41345977783203,284.7900085449219,12629.7900390625,134.987548828125
2019-10-16,6039.68994140625,93.9688949584961,32.40929412841797,284.2799987792969,12670.1103515625,134.75851440429688
2019-10-17,6056.83984375,93.93531036376952,32.375946044921875,284.6600036621094,12654.9501953125,134.80435180664062
2019-10-18,6033.259765625,94.01930236816406,32.26753616333008,284.20001220703125,12633.599609375,134.73098754882812
2019-10-21,6074.89990234375,93.67498016357422,32.48017501831055,283.20001220703125,12747.9599609375,134.23623657226562
2019-10-22,6053.419921875,93.89329528808594,32.517696380615234,283.8500061035156,12754.6904296875,134.5661163330078
2019-10-23,6070.8701171875,93.9269027709961,32.534385681152344,284.20001220703125,12798.1904296875,134.68064880371094
2019-10-24,6082.5400390625,93.9101333618164,32.75120162963867,284.5199890136719,12872.099609375,134.89590454101562
2019-10-25,6107.419921875,93.70856475830078,32.80121994018555,283.8800048828125,12894.509765625,134.5752716064453
2019-10-28,6141.509765625,93.35585021972656,32.89711380004883,282.79998779296875,12941.7099609375,134.14459228515625
2019-10-29,6136.47021484375,93.43980407714844,32.842918395996094,283.25,12939.6201171875,134.36448669433594
2019-10-30,6156.93017578125,93.89329528808594,32.851261138916016,283.2799987792969,12910.23046875,134.3094940185547
2019-10-31,6138.72998046875,94.4896011352539,32.709495544433594,284.29998779296875,12866.7900390625,134.7631072998047
2019-11-01,6198.58984375,94.31129455566406,32.93882751464844,283.54998779296875,12961.0498046875,134.4652862548828
2019-11-04,6221.6298828125,93.83187866210938,33.255706787109375,283.0400085449219,13136.2802734375,134.34616088867188
2019-11-05,6214.27978515625,93.32722473144533,33.33074951171875,283.0400085449219,13148.5,133.97047424316406
2019-11-06,6219.10009765625,93.59635925292967,33.397457122802734,282.70001220703125,13179.8896484375,134.06211853027344
2019-11-07,6238.990234375,92.84783172607422,33.535064697265625,280.8299865722656,13289.4599609375,133.310791015625
2019-11-08,6256.10986328125,92.7216339111328,33.42664337158203,280.95001220703125,13228.5595703125,133.48944091796875
2019-11-11,6243.81005859375,92.82252502441406,33.40997314453125,280.2099914550781,13198.3701171875,133.3199005126953
2019-11-12,6253.91015625,92.8646240234375,33.55172348022461,280.29998779296875,13283.509765625,133.2832794189453
2019-11-13,6258.580078125,93.1169662475586,33.46000671386719,280.29998779296875,13230.0703125,133.8376007080078
2019-11-14,6265.419921875,93.58795928955078,33.35577392578125,280.7099914550781,13180.23046875,134.3094940185547
2019-11-15,6314.740234375,93.51226806640624,33.51420211791992,281.1499938964844,13241.75,134.12684631347656
2019-11-18,6318.02001953125,93.67208099365234,33.48918914794922,281.4700012207031,13207.009765625,134.09927368164062
2019-11-19,6314.66015625,93.84870147705078,33.439151763916016,281.25,13221.1201171875,134.15895080566406
2019-11-20,6292.169921875,94.19352722167967,33.318241119384766,281.6300048828125,13158.1396484375,134.23704528808594
2019-11-21,6282.58984375,93.95803833007812,33.18065643310547,281.2200012207031,13137.7001953125,133.95230102539062
2019-11-22,6296.33984375,93.94123840332033,33.33074951171875,281.82000732421875,13163.8798828125,134.3059539794922
2019-11-25,6344.35986328125,93.98326873779295,33.67265319824219,281.79998779296875,13246.4501953125,134.20948791503906
2019-11-26,6358.4599609375,94.15987396240234,33.722686767578125,282.1499938964844,13236.419921875,134.42076110839844
2019-11-27,6385.759765625,93.91600799560548,33.82274627685547,281.8299865722656,13287.0703125,134.37940979003906
2019-11-28,,,33.77688980102539,281.6000061035156,13245.580078125,134.3472900390625
2019-11-29,6361.56005859375,93.84029388427734,33.62678146362305,281.4200134277344,13236.3798828125,134.20030212402344
2019-12-02,6306.8798828125,93.5033721923828,33.076419830322266,279.8399963378906,12964.6796875,133.63079833984375
2019-12-03,6265.22021484375,94.33723449707033,32.87210464477539,281.32000732421875,12989.2900390625,134.20489501953125
2019-12-04,6305.490234375,93.97504425048828,33.289058685302734,280.6700134277344,13140.5703125,133.91552734375
2019-12-05,6316.68994140625,93.75605010986328,33.205657958984375,279.7200012207031,13054.7998046875,133.66294860839844
2019-12-06,6374.7001953125,93.4696807861328,33.614280700683594,279.7799987792969,13166.580078125,133.63079833984375
2019-12-09,6355.06982421875,93.54549407958984,33.518375396728516,280.42999267578125,13105.6103515625,133.7915802001953
2019-12-10,6348.31005859375,93.43595886230467,33.439151763916016,280.5400085449219,13070.7197265625,133.70889282226562
2019-12-11,6366.83984375,93.82347869873048,33.535064697265625,281.20001220703125,13146.740234375,133.9247283935547
2019-12-12,6422.35009765625,93.0822296142578,33.64345932006836,280.30999755859375,13221.6396484375,133.31851196289062
2019-12-13,6423.93017578125,93.62973022460938,33.98952865600586,281.239990234375,13282.7197265625,133.64915466308594
2019-12-16,6470.02978515625,93.19171142578124,34.467124938964844,280.75,13407.66015625,133.48382568359375
2019-12-17,6472.240234375,93.20015716552734,34.22419357299805,281.2300109863281,13287.830078125,133.64002990722656
2019-12-18,6470.0,92.94745635986328,34.220008850097656,280.17999267578125,13222.16015625,133.25425720214844
2019-12-19,6499.259765625,93.02001190185548,34.29540252685547,279.7699890136719,13211.9599609375,133.18988037109375
2019-12-20,6531.75,93.02001190185548,34.55508041381836,279.70001220703125,13318.900390625,133.21746826171875
2019-12-23,6537.39990234375,92.93563842773438,34.596961975097656,279.75,13300.98046875,133.15316772460938
2019-12-24,6536.580078125,93.09591674804688,,,,
2019-12-26,6570.7099609375,93.23084259033205,,,,
2019-12-27,6571.02978515625,93.3658447265625,34.7393913269043,280.25,13337.1103515625,133.1761474609375
2019-12-30,6533.91015625,93.30679321289062,34.59278106689453,279.239990234375,13249.009765625,132.675537109375
2019-12-31,6553.56982421875,92.96939086914062,,,,
2020-01-02,6609.2900390625,93.39957427978516,34.7519416809082,279.5299987792969,13385.9296875,133.04295349121094
2020-01-03,6563.31982421875,94.02374267578124,34.60953140258789,280.8900146484375,13219.1396484375,133.52059936523438
2020-01-06,6586.5400390625,93.92253112792967,34.467124938964844,280.3500061035156,13126.990234375,133.49305725097656
2020-01-07,6568.740234375,93.78758239746094,34.534149169921875,280.6000061035156,13226.830078125,133.46543884277344
2020-01-08,6601.14990234375,93.56827545166016,34.61372375488281,280.239990234375,13320.1796875,133.46543884277344
2020-01-09,6646.83984375,93.63575744628906,34.69749069213867,279.7300109863281,13495.0595703125,132.96946716308594
2020-01-10,6627.8701171875,93.83816528320312,34.61791229248047,280.0899963378906,13483.3095703125,133.04754638671875
2020-01-13,6674.1298828125,93.72854614257812,34.58440017700195,279.2300109863281,13451.51953125,132.66172790527344
2020-01-14,6664.66015625,93.91410064697266,34.67656326293945,279.3599853515625,13456.490234375,132.744384765625
2020-01-15,6677.25,94.15027618408205,34.66817855834961,279.82000732421875,13432.2998046875,133.03375244140625
2020-01-16,6733.35009765625,93.95622253417967,34.756134033203125,279.6700134277344,13429.4296875,133.13937377929688
2020-01-17,6759.509765625,93.88035583496094,35.116336822509766,279.8800048828125,13526.1298828125,133.17152404785156
2020-01-20,,,35.06607437133789,280.1000061035156,13548.9404296875,133.0934295654297
2020-01-21,6741.7099609375,94.25147247314452,34.973934173583984,280.1000061035156,13555.8701171875,133.3552703857422
2020-01-22,6743.89990234375,94.26836395263672,34.990692138671875,280.7300109863281,13515.75,133.4976043701172
2020-01-23,6752.08984375,94.50454711914062,34.73100280761719,282.0899963378906,13388.419921875,133.88339233398438
2020-01-24,6691.22021484375,94.84194946289062,35.028385162353516,282.5,13576.6796875,134.09927368164062
2020-01-27,6585.9501953125,95.48297882080078,34.24513244628906,284.260009765625,13204.76953125,134.5126190185547
2020-01-28,6652.2998046875,95.16246795654295,34.492252349853516,283.8500061035156,13323.6904296875,134.2232666015625
2020-01-29,6646.68994140625,95.61795806884766,34.64723587036133,284.42999267578125,13345.0,134.43453979492188
2020-01-30,6668.52001953125,95.71070098876952,34.316341400146484,285.0799865722656,13157.1201171875,134.73304748535156
2020-01-31,6551.0,96.1915054321289,33.98544692993164,285.7300109863281,12981.9697265625,135.05918884277344
2020-02-03,6598.6298828125,96.1095733642578,33.98544692993164,285.3900146484375,13045.1904296875,135.01324462890625
2020-02-04,6697.490234375,95.55210876464844,34.58021545410156,284.9599914550781,13281.740234375,134.6917266845703
2020-02-05,6772.97998046875,95.13826751708984,35.00325393676758,284.3599853515625,13478.330078125,134.37025451660156
2020-02-06,6796.64013671875,95.2058563232422,35.14567565917969,284.29998779296875,13574.8203125,134.3380889892578
2020-02-07,6761.259765625,95.66192626953124,35.040958404541016,284.6499938964844,13513.8095703125,134.48048400878906
2020-02-10,6811.830078125,95.84771728515624,35.091217041015625,285.17999267578125,13494.0302734375,134.7376708984375
2020-02-11,6823.58984375,95.61968994140624,35.39697265625,284.7799987792969,13627.83984375,134.57691955566406
2020-02-12,6867.919921875,95.37474060058594,35.65666198730469,284.8999938964844,13749.7802734375,134.44830322265625
2020-02-13,6858.919921875,95.45921325683594,35.669227600097656,285.1400146484375,13745.4296875,134.4574737548828
2020-02-14,6872.68017578125,95.69574737548828,35.63571548461914,285.2099914550781,13744.2099609375,134.66876220703125
2020-02-17,,,35.72786331176758,285.25,13783.8896484375,134.62579345703125
2020-02-18,6853.0400390625,95.84771728515624,35.59801483154297,285.2300109863281,13681.1904296875,134.69485473632812
2020-02-19,6886.47021484375,95.8308563232422,35.87864685058594,285.3999938964844,13789.0,134.74090576171875
2020-02-20,6860.52001953125,96.1095733642578,35.57289123535156,286.0799865722656,13664.0,134.98033142089844
2020-02-21,6788.60009765625,96.49810028076172,35.438865661621094,285.9200134277344,13579.330078125,134.83299255371094
2020-02-24,6561.93994140625,97.24978637695312,34.023155212402344,286.20001220703125,13035.240234375,135.24745178222656
2020-02-25,6363.3701171875,97.52010345458984,33.386497497558594,286.3999938964844,12790.490234375,135.56051635742188
2020-02-26,6339.3798828125,97.46942138671876,33.399051666259766,286.0299987792969,12774.8798828125,135.35791015625
2020-02-27,6060.669921875,97.94239807128906,32.23466110229492,285.8999938964844,12367.4599609375,135.81842041015625
2020-02-28,6011.72998046875,99.0403823852539,31.212663650512695,286.4100036621094,11890.349609375,136.40777587890625
2020-03-02,6288.64013671875,98.97279357910156,31.158212661743164,286.3399963378906,11857.8701171875,136.6932830810547
2020-03-03,6112.06982421875,100.1228485107422,31.59800910949707,288.05999755859375,11985.3896484375,137.01559448242188
2020-03-04,6370.35009765625,99.90298461914062,32.050357818603516,287.8800048828125,12127.6904296875,136.73931884765625
2020-03-05,6155.580078125,100.7908706665039,31.54775047302246,287.8800048828125,11944.7197265625,137.25961303710938
2020-03-06,6050.7998046875,101.8140869140625,30.42523193359375,288.29998779296875,11541.8701171875,137.60496520996094
2020-03-09,5591.740234375,102.7273941040039,28.033597946166992,287.6099853515625,10625.01953125,138.857421875
2020-03-10,5868.10986328125,100.84165954589844,27.794858932495117,286.1000061035156,10475.490234375,138.44761657714844
2020-03-11,5581.759765625,99.83528900146484,27.639881134033203,287.19000244140625,10438.6796875,137.73391723632812
2020-03-12,5051.97021484375,99.88605499267578,24.251384735107425,274.3399963378906,9161.1298828125,137.7983856201172
2020-03-13,5522.85009765625,99.23493194580078,24.94667625427246,277.79998779296875,9232.080078125,136.1131134033203
2020-03-16,4861.22021484375,101.85640716552734,23.74233627319336,264.2799987792969,8742.25,135.50527954101562
2020-03-17,5152.830078125,99.30257415771484,24.13727378845215,268.8299865722656,8939.099609375,135.24281311035156
2020-03-18,4885.77978515625,97.92418670654295,23.07010078430176,266.54998779296875,8441.7099609375,132.91746520996094
2020-03-19,4909.1298828125,98.2455062866211,23.990215301513672,270.6300048828125,8610.4296875,132.0426025390625
2020-03-20,4697.08984375,100.74858856201172,24.212892532348633,274.25,8928.9501953125,133.99960327148438
2020-03-23,4559.5,101.9409408569336,23.326393127441406,277.54998779296875,8741.150390625,134.59353637695312
2020-03-24,4987.7998046875,101.24752044677734,25.317867279052734,276.0799865722656,9700.5703125,133.52529907226562
2020-03-25,5045.35009765625,101.30672454833984,26.103540420532227,275.8500061035156,9874.259765625,133.22140502929688
2020-03-26,5360.490234375,101.55194854736328,26.725353240966797,280.3500061035156,10000.9599609375,134.0732421875
2020-03-27,5179.919921875,102.3045425415039,25.939685821533203,281.94000244140625,9632.51953125,135.1552734375
2020-03-30,5354.39013671875,102.54134368896484,26.258996963500977,281.2799987792969,9815.9697265625,135.25201416015625
2020-03-31,5269.2001953125,102.7273941040039,26.64552116394043,279.8800048828125,9935.83984375,134.92507934570312
2020-04-01,5036.64013671875,103.14563751220705,25.91027450561523,279.4800109863281,9544.75,135.1737060546875
2020-04-02,5152.47021484375,103.16254425048828,25.927082061767575,279.19000244140625,9570.8203125,135.02178955078125
2020-04-03,5075.16015625,103.2387466430664,25.704404830932617,278.6000061035156,9525.76953125,134.93431091308594
2020-04-06,5432.169921875,102.77313995361328,26.674938201904297,278.6000061035156,10075.169921875,134.59353637695312
2020-04-07,5423.52001953125,102.31593322753906,27.187515258789062,276.5799865722656,10356.7001953125,133.54367065429688
2020-04-08,5609.5498046875,102.1889190673828,27.288345336914062,276.2900085449219,10332.8896484375,133.51605224609375
2020-04-09,5691.5400390625,102.40906524658205,27.60765266418457,277.29998779296875,10564.740234375,133.7554931640625
2020-04-13,5634.14990234375,102.1889190673828,,,,
2020-04-14,5807.10009765625,102.32440948486328,27.81352424621582,276.57000732421875,10696.5595703125,134.16070556640625
2020-04-15,5679.52978515625,103.2387466430664,26.897613525390625,276.75,10279.759765625,134.86985778808594
2020-04-16,5712.60009765625,103.34882354736328,27.11188507080078,277.1400146484375,10301.5400390625,134.9711456298828
2020-04-17,5865.89990234375,103.07787322998048,27.80512428283691,277.6499938964844,10625.7802734375,134.9895477294922
2020-04-20,5761.0,103.34882354736328,28.01939582824707,276.1199951171875,10675.900390625,134.6764373779297
2020-04-21,5584.43994140625,103.63666534423828,26.94803047180176,274.9700012207031,10249.849609375,135.0816192626953
2020-04-22,5712.64990234375,103.31491088867188,27.4774112701416,273.9100036621094,10415.0302734375,134.56588745117188
2020-04-23,5710.0400390625,103.3826675415039,27.691680908203125,275.19000244140625,10513.7900390625,134.5751190185547
2020-04-24,5789.64990234375,103.40806579589844,27.42699432373047,276.3699951171875,10336.08984375,134.9619140625
2020-04-27,5874.93994140625,102.85777282714844,28.031997680664062,277.1700134277344,10659.990234375,134.34945678710938
2020-04-28,5844.18017578125,103.30646514892578,28.414337158203125,277.70001220703125,10795.6298828125,134.9526824951172
2020-04-29,5999.740234375,103.25567626953124,28.91851043701172,278.4700012207031,11107.740234375,135.0447998046875
2020-04-30,5944.68017578125,103.01018524169922,28.33450698852539,280.29998779296875,10861.6396484375,136.00257873535156
2020-05-01,5778.52978515625,103.1525650024414,,,,
2020-05-04,5803.1201171875,103.16949462890624,27.44379997253418,279.6300048828125,10466.7998046875,135.89207458496094
2020-05-05,5855.580078125,103.09320831298828,28.010988235473633,279.05999755859375,10729.4599609375,135.97491455078125
2020-05-06,5815.169921875,102.71183776855467,27.851346969604492,277.54998779296875,10606.2001953125,135.32107543945312
2020-05-07,5884.14013671875,103.3389663696289,28.23366928100586,278.29998779296875,10759.26953125,135.7815704345703
2020-05-08,5984.5498046875,102.99994659423828,28.540376663208008,278.92999267578125,10904.48046875,135.5881805419922
2020-05-11,5985.66015625,102.71183776855467,28.355514526367188,278.3800048828125,10824.990234375,135.4085693359375
2020-05-12,5863.68017578125,103.05081176757812,28.43954086303711,278.6000061035156,10819.5,135.37631225585938
2020-05-13,5761.7001953125,103.2626953125,27.905960083007812,279.239990234375,10542.66015625,135.49606323242188
2020-05-14,5829.330078125,103.4237060546875,27.389184951782227,279.1499938964844,10337.01953125,135.6157684326172
2020-05-15,5852.83984375,103.35594940185548,27.47321128845215,278.6600036621094,10465.169921875,135.4612579345703
2020-05-18,6037.89990234375,102.72030639648438,28.57818031311035,278.9700012207031,11058.8701171875,135.01820373535156
2020-05-19,5975.14990234375,103.00843048095705,28.410131454467773,279.69000244140625,11075.2900390625,134.85198974609375
2020-05-20,6075.759765625,103.0339126586914,28.70423126220703,280.2099914550781,11223.7099609375,134.9073944091797
2020-05-21,6028.93017578125,103.10166931152344,28.43533706665039,280.2099914550781,11065.9296875,135.12896728515625
2020-05-22,6044.16015625,103.29662322998048,28.443744659423828,280.0,11073.8701171875,135.0274200439453
2020-05-25,,,29.023542404174805,280.45001220703125,11391.2802734375,135.03665161132812
2020-05-26,6118.5400390625,103.02542114257812,29.191604614257812,279.7300109863281,11504.650390625,134.41818237304688
2020-05-27,6209.3798828125,103.11016082763672,29.27982711791992,280.3999938964844,11657.6904296875,134.34434509277344
2020-05-28,6197.02001953125,103.01693725585938,29.784011840820312,281.260009765625,11781.1298828125,134.36277770996094
2020-05-29,6227.81005859375,103.34746551513672,29.296634674072266,281.25,11586.849609375,134.5658416748047
2020-06-01,6251.47998046875,103.3067398071289,,,,
2020-06-02,6303.0,103.1370849609375,30.09070205688477,280.95001220703125,12021.2802734375,134.37200927734375
2020-06-03,6389.669921875,102.52627563476562,30.855369567871097,279.7799987792969,12487.3603515625,133.7765350341797
2020-06-04,6369.5400390625,102.11902618408205,30.662109375,280.6300048828125,12430.5595703125,133.5780792236328
2020-06-05,6536.580078125,101.60997772216795,31.426759719848633,280.1000061035156,12847.6796875,133.07958984375
2020-06-08,6615.39990234375,101.72028350830078,31.317527770996097,280.8500061035156,12819.58984375,133.5042266845703
2020-06-09,6564.27001953125,102.08506774902344,30.905778884887695,280.29998779296875,12617.990234375,133.41195678710938
2020-06-10,6529.419921875,102.8486099243164,30.762939453125,279.6499938964844,12530.16015625,133.61038208007812
2020-06-11,6145.2998046875,103.21343994140624,29.494102478027344,281.17999267578125,11970.2900390625,134.34890747070312
2020-06-12,6227.419921875,102.98435974121094,29.68316650390625,281.8500061035156,11949.2802734375,134.62124633789062
2020-06-15,6279.39990234375,102.89956665039062,29.54269027709961,282.0799865722656,11911.349609375,134.60276794433594
2020-06-16,6398.580078125,102.68744659423828,30.381547927856445,282.3500061035156,12315.66015625,134.46432495117188
2020-06-17,6375.5400390625,102.8486099243164,30.656951904296875,282.07000732421875,12382.1396484375,134.46432495117188
2020-06-18,6379.56005859375,103.07769775390624,30.411224365234375,282.75,12281.5302734375,134.64892578125
2020-06-19,6344.7001953125,103.1116180419922,30.5806827545166,282.8500061035156,12330.759765625,134.64892578125
2020-06-22,6385.91015625,103.01830291748048,30.390045166015625,283.8299865722656,12262.9697265625,134.9258575439453
2020-06-23,6413.43994140625,102.98435974121094,30.754396438598633,283.3999938964844,12523.759765625,134.5381622314453
2020-06-24,6247.66015625,103.17948150634766,29.89009666442871,283.8800048828125,12093.9404296875,134.51048278808594
2020-06-25,6316.4501953125,103.19646453857422,30.135833740234375,284.20001220703125,12177.8701171875,135.21206665039062
2020-06-26,6163.5,103.4764175415039,30.004499435424805,284.25,12089.3896484375,135.285888671875
2020-06-29,6254.77978515625,103.57820892333984,30.144302368164062,284.17999267578125,12232.1201171875,135.22125244140625
2020-06-30,6351.669921875,103.3915557861328,30.16548538208008,284.44000244140625,12310.9296875,135.1658935546875
2020-07-01,6383.759765625,103.2302703857422,30.292579650878903,283.1000061035156,12260.5703125,134.5750732421875
2020-07-02,6414.16015625,103.35758209228516,30.906917572021484,284.1400146484375,12608.4599609375,134.9258575439453
2020-07-03,,,30.669662475585938,283.9200134277344,12528.1796875,134.86122131347656
2020-07-06,6516.0498046875,103.2047348022461,31.12298583984375,284.1499938964844,12733.4501953125,134.85198974609375
2020-07-07,6445.58984375,103.53592681884766,30.9281063079834,284.2300109863281,12616.7998046875,134.76893615722656
2020-07-08,6496.14013671875,103.37462615966795,30.72897148132324,284.5299987792969,12494.8095703125,134.9073944091797
2020-07-09,6461.31005859375,103.7057647705078,30.525609970092773,284.7699890136719,12489.4599609375,135.1058807373047
2020-07-10,6528.9599609375,103.50196838378906,30.80099868774414,284.7699890136719,12633.7099609375,135.20278930664062
2020-07-13,6467.83984375,103.61234283447266,31.110275268554688,283.7300109863281,12799.9697265625,134.60276794433594
2020-07-14,6555.39990234375,103.60383605957033,30.847597122192383,284.5199890136719,12697.3603515625,134.88890075683594
2020-07-15,6615.06982421875,103.56988525390624,31.35601806640625,284.5,12930.98046875,134.9073944091797
2020-07-16,6592.75,103.6463394165039,31.22891616821289,285.05999755859375,12874.9697265625,135.13819885253906
2020-07-17,6611.85986328125,103.62083435058594,31.30093002319336,284.760009765625,12919.6103515625,134.9535675048828
2020-07-20,6667.4501953125,103.68879699707033,31.50005531311035,285.5799865722656,13046.919921875,135.03665161132812
2020-07-21,6678.740234375,103.79914855957033,31.601741790771484,285.6600036621094,13171.830078125,135.01820373535156
2020-07-22,6717.2900390625,103.8331298828125,31.351760864257812,286.2699890136719,13104.25,135.3227996826172
2020-07-23,6635.0400390625,103.93504333496094,31.3475341796875,286.3900146484375,13103.3896484375,135.15667724609375
2020-07-24,6594.10009765625,103.88408660888672,30.80523681640625,285.6300048828125,12838.0595703125,134.8335418701172
2020-07-27,6642.89013671875,103.72272491455078,30.73321533203125,286.32000732421875,12838.66015625,135.31356811523438
2020-07-28,6599.97021484375,103.96900939941406,30.873018264770508,286.32000732421875,12835.2802734375,135.479736328125
2020-07-29,6682.009765625,104.10486602783205,30.847597122192383,286.17999267578125,12822.259765625,135.35975646972656
2020-07-30,6658.02001953125,104.24919891357422,30.292579650878903,287.1499938964844,12379.650390625,135.77517700195312
2020-07-31,6709.81005859375,104.2747039794922,29.89858055114746,286.29998779296875,12313.3603515625,135.69668579101562
2020-08-03,6758.2001953125,104.22371673583984,30.572219848632812,286.54998779296875,12646.98046875,135.5905303955078
2020-08-04,6782.60009765625,104.5806121826172,30.559499740600582,287.42999267578125,12600.8701171875,135.86288452148438
2020-08-05,6826.22021484375,104.23223114013672,30.673900604248047,286.70001220703125,12660.25,135.3920440673828
2020-08-06,6870.85986328125,104.35114288330078,30.491714477539062,287.32000732421875,12591.6796875,135.71978759765625
2020-08-07,6876.64990234375,104.13019561767578,30.576454162597656,287.1000061035156,12674.8798828125,135.38746643066406
2020-08-10,6895.58984375,104.0197296142578,30.673900604248047,287.3599853515625,12687.5302734375,135.6274871826172
2020-08-11,6840.669921875,103.66280364990234,31.203481674194336,286.5400085449219,12946.8896484375,135.1105194091797
2020-08-12,6937.43994140625,103.35687255859376,31.52971076965332,286.1199951171875,13058.6298828125,134.9073944091797
2020-08-13,6924.9599609375,103.1444320678711,31.364482879638672,284.94000244140625,12993.7099609375,134.47354125976562
2020-08-14,6924.27978515625,103.19540405273438,30.995893478393555,285.1000061035156,12901.33984375,134.46432495117188
2020-08-17,6943.22021484375,103.36536407470705,31.084857940673828,285.94000244140625,12920.66015625,134.8279266357422
2020-08-18,6960.2998046875,103.54383087158205,30.92386054992676,286.3599853515625,12881.759765625,134.8834228515625
2020-08-19,6930.7998046875,103.4078598022461,31.114521026611328,286.739990234375,12977.330078125,135.05923461914062
2020-08-20,6952.919921875,103.70526885986328,30.839126586914062,286.9700012207031,12830.0,135.2350616455078
2020-08-21,6977.27001953125,103.78179931640624,30.724729537963867,286.75,12764.7998046875,135.3738555908203
2020-08-24,7048.169921875,103.63729858398438,31.241619110107425,286.5,13066.5400390625,135.2350616455078
2020-08-25,7073.60009765625,103.39087677001952,31.118751525878903,284.9800109863281,13061.6201171875,134.6335906982422
2020-08-26,7145.77001953125,103.34839630126952,31.41956329345703,285.0199890136719,13190.150390625,134.5318145751953
2020-08-27,7158.18017578125,102.98296356201172,31.22043800354004,285.0799865722656,13096.3603515625,134.476318359375
2020-08-28,7207.10009765625,103.15289306640624,31.067914962768555,285.07000732421875,13033.2001953125,134.4947967529297
2020-08-31,7192.10986328125,103.2633819580078,30.83489418029785,284.4800109863281,12945.3798828125,134.35597229003906
2020-09-01,7246.3701171875,103.60187530517578,30.77557945251465,285.1499938964844,12974.25,134.52256774902344
2020-09-02,7358.490234375,103.74645233154295,31.275514602661133,286.6499938964844,13243.4296875,135.14710998535156
2020-09-03,7101.3798828125,103.88249969482422,30.771343231201172,286.7799987792969,13057.76953125,135.2720489501953
2020-09-04,7043.6201171875,103.3041763305664,30.479005813598633,286.2099914550781,12842.66015625,135.1332550048828
2020-09-07,,,30.94081115722656,285.8299865722656,13100.2802734375,134.9944610595703
2020-09-08,6848.419921875,103.5252914428711,30.576454162597656,286.3599853515625,12968.330078125,135.3183135986328
2020-09-09,6986.759765625,103.47431182861328,31.1018009185791,285.9599914550781,13237.2099609375,134.89266967773438
2020-09-10,6864.22998046875,103.60187530517578,30.894203186035156,285.5,13208.8896484375,134.6243438720703
2020-09-11,6868.22021484375,103.76344299316406,30.957759857177734,286.5199890136719,13202.83984375,135.12399291992188
2020-09-14,6957.91015625,103.6699447631836,31.01706886291504,286.7900085449219,13193.66015625,135.10545349121094
2020-09-15,6994.330078125,103.6188735961914,31.21005630493164,286.9599914550781,13217.669921875,135.10545349121094
2020-09-16,6962.2900390625,103.55934143066406,31.36774253845215,287.2200012207031,13255.3701171875,135.11476135253906
2020-09-17,6903.81982421875,103.59332275390624,31.218578338623047,287.2200012207031,13208.1201171875,135.18411254882812
2020-09-18,6826.72021484375,103.49980926513672,31.035308837890625,287.1300048828125,13116.25,135.10086059570312
2020-09-21,6748.080078125,103.68689727783205,30.02949905395508,288.0,12542.4404296875,135.5218505859375
2020-09-22,6819.080078125,103.68689727783205,30.025239944458008,288.07000732421875,12594.3896484375,135.3275604248047
2020-09-23,6657.81982421875,103.68689727783205,30.25537872314453,288.20001220703125,12642.9697265625,135.3183135986328
2020-09-24,6678.0400390625,103.73793029785156,29.9613037109375,287.8900146484375,12606.5703125,135.29518127441406
2020-09-25,6784.9501953125,103.8229751586914,29.922948837280273,287.989990234375,12469.2001953125,135.4663848876953
2020-09-28,6894.27001953125,103.80596923828124,30.600601196289062,288.1499938964844,12870.8701171875,135.45252990722656
2020-09-29,6861.9599609375,103.88249969482422,30.4088077545166,288.5299987792969,12825.8203125,135.57740783691406
2020-09-30,6918.830078125,103.60187530517578,30.37471580505371,287.9599914550781,12760.73046875,135.3738555908203
2020-10-01,6956.2001953125,103.66057586669922,30.45995330810547,288.3299865722656,12730.76953125,135.50338745117188
2020-10-02,6889.60009765625,103.55845642089844,30.52814292907715,288.7799987792969,12689.0400390625,135.59588623046875
2020-10-05,7014.169921875,102.9031982421875,30.79238510131836,288.2200012207031,12828.3095703125,135.29978942871094
2020-10-06,6916.43017578125,103.14146423339844,30.8008975982666,288.2699890136719,12906.01953125,135.24891662597656
2020-10-07,7036.89013671875,102.8436279296875,30.75829315185547,288.1099853515625,12928.5703125,135.06387329101562
2020-10-08,7095.39990234375,103.03083038330078,31.013999938964844,288.8299865722656,13042.2099609375,135.42010498046875
2020-10-09,7157.93994140625,102.97976684570312,31.188743591308594,289.2799987792969,13051.23046875,135.48486328125
2020-10-12,7275.43017578125,103.09040832519533,31.41463279724121,289.70001220703125,13138.41015625,135.56814575195312
2020-10-13,7229.5498046875,103.32017517089844,31.235626220703125,289.8800048828125,13018.990234375,135.6976776123047
2020-10-14,7182.3798828125,103.354248046875,31.21005630493164,290.1499938964844,13028.0595703125,135.90127563476562
2020-10-15,7171.60986328125,103.24361419677734,30.583555221557617,290.3800048828125,12703.75,136.21127319335938
2020-10-16,7172.7001953125,103.18402099609376,30.958595275878903,290.8500061035156,12908.990234375,136.33615112304688
2020-10-19,7055.580078125,103.01380157470705,30.91171646118164,290.45001220703125,12854.66015625,136.41941833496094
2020-10-20,7089.06005859375,102.79254150390624,30.75829315185547,290.0,12736.9501953125,136.1788787841797
2020-10-21,7073.64990234375,102.6563949584961,30.387495040893555,289.6199951171875,12557.6396484375,136.04930114746094
2020-10-22,7111.169921875,102.29896545410156,30.32783889770508,289.07000732421875,12543.0595703125,135.79945373535156
2020-10-23,7135.81005859375,102.44364166259766,30.545190811157227,289.4800109863281,12645.75,135.85499572753906
2020-10-26,7003.2099609375,102.71598815917967,29.978357315063477,289.5799865722656,12177.1796875,135.8827362060547
2020-10-27,6982.14013671875,102.94576263427734,29.688541412353516,290.3599853515625,12063.5703125,136.22509765625
2020-10-28,6735.75,102.9372329711914,28.814851760864254,290.05999755859375,11560.509765625,136.38246154785156
2020-10-29,6816.7900390625,102.5032196044922,28.844690322875977,290.80999755859375,11598.0703125,136.4287109375
2020-10-30,6734.83984375,102.17134857177734,28.853206634521484,290.510009765625,11556.48046875,136.36390686035156
2020-11-02,6817.89013671875,102.34674072265624,29.33481216430664,290.8500061035156,11788.2802734375,136.4842529296875
2020-11-03,6939.2998046875,102.1168212890625,30.003931045532227,290.7300109863281,12088.98046875,136.28065490722656
2020-11-04,7092.2998046875,102.97686004638672,30.65172958374023,291.2699890136719,12324.2197265625,136.4842529296875
2020-11-05,7231.669921875,102.95984649658205,30.933032989501953,291.30999755859375,12568.08984375,136.3500213623047
2020-11-06,7230.509765625,102.6106948852539,30.894678115844727,291.0899963378906,12480.01953125,136.18809509277344
2020-11-09,7315.77001953125,101.85285949707033,32.09653854370117,288.82000732421875,13095.9697265625,135.19801330566406
2020-11-10,7306.75,101.56330108642578,32.369285583496094,288.55999755859375,13163.1103515625,134.98519897460938
2020-11-11,7362.64990234375,101.72508239746094,32.76991271972656,289.010009765625,13216.1796875,135.11935424804688
2020-11-12,7290.68994140625,102.3041534423828,32.497161865234375,289.6600036621094,13052.9501953125,135.40159606933594
2020-11-13,7390.60986328125,102.16793823242188,32.4843635559082,290.07000732421875,13076.7197265625,135.5126495361328
2020-11-16,7476.7900390625,102.09124755859376,32.8338508605957,290.25,13138.6103515625,135.51101684570312
2020-11-17,7442.0400390625,102.35523986816406,32.79548645019531,290.6600036621094,13133.4697265625,135.6455841064453
2020-11-18,7357.33984375,102.3211898803711,32.944671630859375,290.5299987792969,13201.8896484375,135.5852813720703
2020-11-19,7386.85986328125,102.4319076538086,32.69746017456055,290.7200012207031,13086.16015625,135.68272399902344
2020-11-20,7336.759765625,102.6106948852539,32.855159759521484,291.010009765625,13137.25,135.84039306640625
2020-11-23,7378.93994140625,102.40637969970705,32.7741813659668,290.95001220703125,13126.9697265625,135.79405212402344
2020-11-24,7498.2900390625,102.24457550048828,33.11087417602539,290.8299865722656,13292.4404296875,135.65948486328125
2020-11-25,7486.68017578125,102.27862548828124,33.0767822265625,290.9100036621094,13289.7998046875,135.6780548095703
2020-11-26,,,33.072505950927734,291.20001220703125,13286.5703125,135.8218994140625
2020-11-27,7505.3798828125,102.58514404296876,33.18758773803711,291.1600036621094,13335.6796875,135.8218994140625
2020-11-30,7472.06005859375,102.51705169677734,32.82532501220703,290.7099914550781,13291.16015625,135.6687774658203
2020-12-01,7556.509765625,101.9717254638672,33.11512756347656,289.69000244140625,13382.2998046875,135.26052856445312
2020-12-02,7570.759765625,101.80127716064452,33.072505950927734,289.8399963378906,13313.240234375,135.23269653320312
2020-12-03,7567.43994140625,102.07398223876952,33.08103942871094,290.5299987792969,13252.8603515625,135.45538330078125
2020-12-04,7634.77001953125,101.6734390258789,33.242984771728516,290.2900085449219,13298.9599609375,135.42752075195312
2020-12-07,7620.0,101.98875427246094,33.17479705810547,291.1000061035156,13271.0,135.81256103515625
2020-12-08,7641.43017578125,102.09098815917967,33.213157653808594,291.70001220703125,13278.490234375,136.03062438964844
2020-12-09,7581.06005859375,101.9461441040039,33.3154296875,291.6499938964844,13340.259765625,135.9935302734375
2020-12-10,7571.8701171875,102.17623138427734,33.18331527709961,291.5799865722656,13295.73046875,135.9425048828125
2020-12-11,7562.4599609375,102.38072204589844,32.90629959106445,292.20001220703125,13114.2998046875,136.23941040039062
2020-12-14,7530.8701171875,102.3210906982422,33.059722900390625,291.9700012207031,13223.16015625,136.09561157226562
2020-12-15,7628.27978515625,102.21881866455078,33.186283111572266,292.1199951171875,13362.8701171875,136.0074462890625
2020-12-16,7641.81982421875,102.13359832763672,33.45143508911133,291.17999267578125,13565.98046875,135.61776733398438
2020-12-17,7686.18017578125,102.05944061279295,33.541236877441406,291.29998779296875,13667.25,135.6733856201172
2020-12-18,7659.75,101.97415924072266,33.4257698059082,291.0299987792969,13630.509765625,135.6223602294922
2020-12-21,7630.06982421875,102.04239654541016,32.68592071533203,291.17999267578125,13246.2998046875,135.7522735595703
2020-12-22,7614.830078125,102.2129135131836,33.07508850097656,291.3999938964844,13418.1103515625,135.8264923095703
2020-12-23,7620.6298828125,101.99974822998048,33.39582824707031,290.3599853515625,13587.23046875,135.29299926757812
2020-12-24,7648.39013671875,102.14468383789062,,,,
2020-12-28,7715.10009765625,102.15323638916016,33.776458740234375,290.95001220703125,13790.2900390625,135.42752075195312
2020-12-29,7697.93017578125,102.13617706298828,33.99455642700195,291.2099914550781,13761.3798828125,135.63629150390625
2020-12-30,7709.10009765625,102.2043914794922,33.96889877319336,290.9800109863281,13718.7802734375,135.43679809570312
2020-12-31,7759.35009765625,102.27257537841795,,,,
2021-01-04,7645.27001953125,102.29816436767578,33.947513580322266,291.4800109863281,13726.740234375,135.91465759277344
2021-01-05,7700.33984375,102.05944061279295,33.947513580322266,291.1300048828125,13651.2197265625,135.6641387939453
2021-01-06,7744.43017578125,101.4626007080078,34.40082931518555,290.6300048828125,13891.9697265625,135.38113403320312
2021-01-07,7861.10009765625,101.10446166992188,34.56333923339844,290.6300048828125,13968.240234375,135.35794067382812
2021-01-08,7905.27978515625,100.81459045410156,34.768611907958984,290.94000244140625,14049.5302734375,135.3858184814453
2021-01-11,7853.4501953125,100.61846923828124,34.541961669921875,290.2799987792969,13936.66015625,135.15843200683594
2021-01-12,7856.72021484375,100.6014404296875,34.52912902832031,289.1499938964844,13925.0595703125,134.9032745361328
2021-01-13,7874.75,100.95101165771484,34.5932731628418,290.29998779296875,13939.7099609375,135.34861755371094
2021-01-14,7846.10009765625,100.72077941894533,34.82421112060547,290.5799865722656,13988.7001953125,135.63168334960938
2021-01-15,7789.7900390625,100.99362182617188,34.452152252197266,290.45001220703125,13787.73046875,135.5342559814453
2021-01-18,,,34.51201629638672,290.0799865722656,13848.349609375,135.37648010253906
2021-01-19,7853.47021484375,101.0533447265625,34.43503952026367,290.2799987792969,13815.0595703125,135.334716796875
2021-01-20,7962.919921875,101.0959701538086,34.71730041503906,290.239990234375,13921.3701171875,135.38113403320312
2021-01-21,7966.10986328125,100.95101165771484,34.66597366333008,289.25,13906.669921875,135.11666870117188
2021-01-22,7942.2001953125,101.10446166992188,34.49491882324219,289.1300048828125,13873.9697265625,135.23728942871094
2021-01-25,7970.919921875,101.51374816894533,34.1912727355957,290.3900146484375,13643.9501953125,135.6130828857422
2021-01-26,7959.10009765625,101.47965240478516,34.40938186645508,290.19000244140625,13870.990234375,135.47390747070312
2021-01-27,7754.740234375,101.59903717041016,34.037322998046875,290.57000732421875,13620.4599609375,135.5806121826172
2021-01-28,7831.22021484375,101.33465576171876,34.080081939697266,290.3500061035156,13665.9296875,135.55276489257812
2021-01-29,7681.009765625,101.15562438964844,33.39155197143555,290.0899963378906,13432.8701171875,135.34861755371094
2021-02-01,7804.31005859375,101.28186798095705,33.85770034790039,289.79998779296875,13622.01953125,135.24659729003906
2021-02-02,7912.8701171875,101.02594757080078,34.319576263427734,289.54998779296875,13835.16015625,135.0517120361328
2021-02-03,7920.85009765625,100.77854919433594,34.37089538574219,289.45001220703125,13933.6298828125,134.89402770996094
2021-02-04,8007.6201171875,100.74436950683594,34.614662170410156,289.5899963378906,14060.2900390625,134.7826385498047
2021-02-05,8039.669921875,100.53113555908205,34.584720611572266,289.2799987792969,14056.7197265625,134.6898651123047
2021-02-08,8099.330078125,100.57376861572266,34.683082580566406,289.3500061035156,14059.91015625,134.74554443359375
2021-02-09,8091.7001953125,100.65055084228516,34.69591522216797,289.45001220703125,14011.7998046875,134.74554443359375
2021-02-10,8089.10986328125,100.90650939941406,34.580448150634766,289.29998779296875,13932.9697265625,134.6852569580078
2021-02-11,8104.18994140625,100.82972717285156,34.75578308105469,289.739990234375,14040.91015625,134.84762573242188
2021-02-12,8142.7900390625,100.49697875976562,35.00810241699219,289.0899963378906,14049.8896484375,134.5877685546875
2021-02-15,,,35.45714569091797,288.2099914550781,14109.48046875,134.21546936035156
2021-02-16,8139.16015625,99.77178955078124,35.401554107666016,287.5299987792969,14064.599609375,133.96409606933594
2021-02-17,8137.8798828125,99.8400421142578,35.089359283447266,287.5299987792969,13909.26953125,134.08511352539062
2021-02-18,8102.240234375,99.83148193359376,34.87125778198242,286.5,13886.9296875,133.88963317871094
2021-02-19,8087.68017578125,99.43051147460938,35.055145263671875,286.3800048828125,13993.23046875,133.6290283203125
2021-02-22,8025.81005859375,99.26839447021484,34.914024353027344,287.1300048828125,13950.0400390625,133.88037109375
2021-02-23,8036.06005859375,99.34515380859376,34.772884368896484,286.2699890136719,13864.8095703125,133.684814453125
2021-02-24,8127.3798828125,99.20866394042967,34.94395446777344,285.75,13976.0,133.51734924316406
2021-02-25,7929.56005859375,97.88619232177734,34.76434326171875,283.8800048828125,13879.330078125,132.8564453125
2021-02-26,7892.81005859375,98.76500701904295,34.27681350708008,284.4800109863281,13786.2900390625,133.0519256591797
2021-03-01,8080.77978515625,98.6540069580078,34.88835906982422,286.6099853515625,14012.8203125,133.74537658691406
2021-03-02,8015.5400390625,98.8332977294922,34.94395446777344,286.739990234375,14039.7998046875,133.91293334960938
2021-03-03,7911.2099609375,98.30400848388672,34.995269775390625,285.489990234375,14080.0302734375,133.4661102294922
2021-03-04,7806.4501953125,97.81741333007812,34.88835906982422,285.7200012207031,14056.33984375,133.61972045898438
2021-03-05,7958.97998046875,97.6808090209961,34.62748718261719,285.44000244140625,13920.6904296875,133.56387329101562
2021-03-08,7916.41015625,97.29662322998048,35.316017150878906,285.2799987792969,14380.91015625,133.35911560058594
2021-03-09,8029.2001953125,97.75767517089844,35.593990325927734,285.8699951171875,14437.9404296875,133.51734924316406
2021-03-10,8078.0498046875,97.9625473022461,35.713748931884766,286.0400085449219,14540.25,133.61036682128906
2021-03-11,8162.580078125,97.9283676147461,35.92330551147461,287.05999755859375,14569.3896484375,133.7593536376953
2021-03-12,8172.89990234375,97.21980285644533,35.80354690551758,286.2200012207031,14502.3896484375,133.47543334960938
2021-03-15,8226.3203125,97.33931732177734,35.827579498291016,287.0799865722656,14461.419921875,133.8617401123047
2021-03-16,8213.6298828125,97.3222198486328,36.13182830810547,286.989990234375,14557.580078125,133.85707092285156
2021-03-17,8237.349609375,97.16001892089844,35.98184585571289,285.7200012207031,14596.6103515625,133.51734924316406
2021-03-18,8116.169921875,96.55393981933594,36.144676208496094,285.5299987792969,14775.51953125,133.3218994140625
2021-03-19,8112.1298828125,96.4941635131836,35.83186340332031,286.0899963378906,14621.0,133.5731658935547
2021-03-22,8169.14013671875,96.80999755859376,35.93471145629883,286.4200134277344,14657.2099609375,133.73141479492188
2021-03-23,8106.830078125,97.28809356689452,35.883277893066406,287.2699890136719,14662.01953125,133.99667358398438
2021-03-24,8063.0,97.41616821289062,35.89613342285156,287.6099853515625,14610.3896484375,134.0990753173828
2021-03-25,8105.509765625,97.28809356689452,35.87042999267578,288.04998779296875,14621.3603515625,134.3643798828125
2021-03-26,8240.3798828125,96.96369171142578,36.23465347290039,287.42999267578125,14748.9404296875,134.0758056640625
2021-03-29,8233.240234375,96.63076782226562,36.29893493652344,286.7300109863281,14817.7197265625,133.81053161621094
2021-03-30,8208.099609375,96.5453872680664,36.55603790283203,285.80999755859375,15008.6103515625,133.4196319580078
2021-03-31,8238.48046875,96.40876007080078,36.496055603027344,286.17999267578125,15008.33984375,133.53594970703125
2021-04-01,8335.91015625,96.83590698242188,36.73173141479492,286.739990234375,15107.169921875,133.85707092285156
2021-04-05,8457.400390625,96.56253814697266,,,,
2021-04-06,8449.5400390625,97.03240203857422,36.980262756347656,286.2699890136719,15212.6796875,133.76402282714844
2021-04-07,8462.1796875,96.97256469726562,36.86456298828125,286.3299865722656,15176.3603515625,133.78262329101562
2021-04-08,8499.849609375,97.30572509765624,37.100250244140625,286.7200012207031,15202.6796875,133.9036407470703
2021-04-09,8565.5703125,97.04944610595705,37.117393493652344,285.6300048828125,15234.16015625,133.53594970703125
2021-04-12,8564.0302734375,96.9896240234375,36.95456314086914,285.55999755859375,15215.0,133.5452423095703
2021-04-13,8592.25,97.3911361694336,37.00597381591797,285.42999267578125,15234.3603515625,133.51266479492188
2021-04-14,8558.16015625,97.27154541015624,37.091678619384766,284.8299865722656,15209.150390625,133.24737548828125
2021-04-15,8653.2900390625,97.89513397216795,37.288795471191406,285.6499938964844,15255.330078125,133.5080108642578
2021-04-16,8684.509765625,97.63031005859376,37.63159942626953,285.1400146484375,15459.75,133.2567138671875
2021-04-19,8638.419921875,97.52783203125,37.61874008178711,284.42999267578125,15368.3896484375,132.9867401123047
2021-04-20,8579.9501953125,97.81829071044922,36.9288444519043,284.8800048828125,15129.509765625,133.2101593017578
2021-04-21,8659.7998046875,97.8695068359375,37.1688117980957,285.0799865722656,15195.9697265625,133.2567138671875
2021-04-22,8580.73046875,97.94640350341795,37.430198669433594,284.9800109863281,15320.51953125,133.15896606445312
2021-04-23,8674.7998046875,97.81829071044922,37.39162826538086,284.8800048828125,15279.6201171875,133.1915283203125
2021-04-26,8690.259765625,97.71575927734376,37.46876525878906,284.760009765625,15296.33984375,133.14962768554688
2021-04-27,8688.4501953125,97.33137512207033,37.451629638671875,284.5799865722656,15249.26953125,133.1309814453125
2021-04-28,8681.169921875,97.45947265625,37.460182189941406,284.1499938964844,15292.1796875,132.9635009765625
2021-04-29,8740.349609375,97.28865051269533,37.37449645996094,283.3500061035156,15154.2001953125,132.65634155273438
2021-04-30,8678.16015625,97.3740463256836,37.25879669189453,283.3999938964844,15135.91015625,132.74472045898438
2021-05-03,8702.01953125,97.53986358642578,37.56304168701172,283.6499938964844,15236.4697265625,132.8098907470703
2021-05-04,8643.91015625,97.66809844970705,36.95027542114258,284.29998779296875,14856.48046875,133.07521057128906
2021-05-05,8650.0400390625,97.78778076171876,37.68730163574219,283.94000244140625,15170.7802734375,133.02398681640625
2021-05-06,8722.0400390625,97.8305435180664,37.67445373535156,283.8599853515625,15196.740234375,133.03794860839844
2021-05-07,8787.8203125,97.86473846435548,38.00868606567383,283.25,15399.650390625,132.9076385498047
2021-05-10,8696.2900390625,97.66809844970705,38.051536560058594,283.3800048828125,15400.41015625,132.8564453125
2021-05-11,8620.98046875,97.50569152832033,37.3402099609375,282.2300109863281,15119.75,132.40968322753906
2021-05-12,8437.240234375,97.03556060791016,37.451629638671875,281.3800048828125,15150.2197265625,132.08383178710938
2021-05-13,8541.3896484375,97.3603973388672,37.464473724365234,281.010009765625,15199.6796875,132.0047607421875
2021-05-14,8669.490234375,97.57406616210938,37.897274017333984,280.95001220703125,15416.6396484375,132.07456970214844
2021-05-17,8647.5703125,97.48004150390624,37.85870742797851,280.45001220703125,15396.6201171875,132.0221405029297
2021-05-18,8574.98046875,97.48004150390624,37.910125732421875,280.57000732421875,15386.580078125,131.9568328857422
2021-05-19,8550.9501953125,97.18942260742188,37.39591598510742,280.5299987792969,15113.5595703125,132.0221405029297
2021-05-20,8641.98046875,97.59117889404295,37.90156173706055,281.0,15370.259765625,131.91943359375
2021-05-21,8635.5498046875,97.6253662109375,38.0858154296875,281.4800109863281,15437.509765625,132.15289306640625
2021-05-24,8722.0,97.7193603515625,,,,
2021-05-25,8703.58984375,98.0783920288086,38.1715202331543,282.6300048828125,15465.08984375,132.4844207763672
2021-05-26,8720.0400390625,97.96727752685548,38.18008804321289,283.54998779296875,15450.7197265625,132.78794860839844
2021-05-27,8730.9697265625,97.7963409423828,38.31720733642578,282.9800109863281,15406.73046875,132.5311279296875
2021-05-28,8738.76953125,97.78778076171876,38.531463623046875,283.29998779296875,15519.98046875,132.63851928710938
2021-05-31,,,38.36005783081055,283.30999755859375,15421.1298828125,132.63851928710938
2021-06-01,8734.740234375,97.76982879638672,38.65572738647461,283.260009765625,15567.3603515625,132.55917358398438
2021-06-02,8748.2998046875,97.88107299804688,38.75,283.67999267578125,15602.7099609375,132.73655700683594
2021-06-03,8717.9697265625,97.6329574584961,38.702884674072266,283.4100036621094,15632.669921875,132.65719604492188
2021-06-04,8795.080078125,98.17183685302734,38.86141586303711,283.8800048828125,15692.900390625,132.8533172607422
2021-06-07,8788.2802734375,98.09489440917967,38.89997482299805,283.3800048828125,15677.150390625,132.71791076660156
2021-06-08,8790.0,98.37715911865234,38.955684661865234,284.20001220703125,15640.599609375,132.918701171875
2021-06-09,8774.3095703125,98.6850814819336,39.015682220458984,284.8299865722656,15581.1396484375,133.14283752441406
2021-06-10,8815.5595703125,99.0357894897461,39.04566955566406,285.0,15571.2197265625,133.1521759033203
2021-06-11,8832.9404296875,98.89034271240234,39.298484802246094,285.67999267578125,15693.26953125,133.32960510253906
2021-06-14,8851.169921875,98.58242797851562,39.362770080566406,285.1300048828125,15673.6396484375,133.18017578125
2021-06-15,8833.6796875,98.59951782226562,39.40511322021485,284.70001220703125,15729.51953125,133.03077697753906
2021-06-16,8786.1796875,97.92382049560548,39.504600524902344,285.0,15710.5703125,133.16619873046875
2021-06-17,8782.580078125,98.27448272705078,39.478641510009766,284.3800048828125,15727.669921875,132.99342346191406
2021-06-18,8667.759765625,98.83049774169922,38.86009216308594,284.0799865722656,15448.0400390625,133.07276916503906
2021-06-21,8789.51953125,98.5140151977539,39.12395095825195,283.6700134277344,15603.240234375,132.75057983398438
2021-06-22,8834.5595703125,98.69361114501952,39.210453033447266,283.42999267578125,15636.330078125,132.65719604492188
2021-06-23,8825.009765625,98.49694061279295,38.89469909667969,283.7300109863281,15456.3896484375,132.79727172851562
2021-06-24,8877.0595703125,98.4797592163086,39.30561447143555,283.989990234375,15589.23046875,132.806640625
2021-06-25,8906.7900390625,98.27448272705078,39.35320281982422,283.07000732421875,15607.9697265625,132.5965118408203
2021-06-28,8927.400390625,98.58242797851562,39.07636642456055,283.8800048828125,15554.1796875,132.84864807128906
2021-06-29,8930.669921875,98.6337661743164,39.232086181640625,283.69000244140625,15690.58984375,132.7272491455078
2021-06-30,8942.7802734375,98.78773498535156,38.94660186767578,284.6000061035156,15531.0400390625,133.01206970214844
2021-07-01,8990.080078125,98.71664428710938,39.18450546264648,284.739990234375,15603.8095703125,132.98406982421875
2021-07-02,9058.66015625,99.07618713378906,39.29264068603515,285.42999267578125,15650.08984375,133.19888305664062
2021-07-05,,,39.41375350952149,284.8500061035156,15661.9697265625,132.99342346191406
2021-07-06,9040.759765625,99.59829711914062,39.22344207763672,286.17999267578125,15511.3798828125,133.474365234375
2021-07-07,9071.1396484375,99.88933563232422,39.48295974731445,286.3599853515625,15692.7099609375,133.6097869873047
2021-07-08,8995.259765625,100.1460952758789,38.77791213989258,286.45001220703125,15420.6396484375,133.7965545654297
2021-07-09,9096.83984375,99.64110565185548,39.30561447143555,286.2200012207031,15687.9296875,133.6564178466797
2021-07-12,9128.2197265625,99.5897445678711,39.534873962402344,286.489990234375,15790.509765625,133.70314025878906
2021-07-13,9096.150390625,99.28160858154295,39.547847747802734,286.7900085449219,15789.6396484375,133.69381713867188
2021-07-14,9107.849609375,99.70960998535156,39.48295974731445,286.9700012207031,15788.98046875,133.78720092773438
2021-07-15,9078.330078125,100.12899780273438,39.17152786254883,287.1600036621094,15629.66015625,133.8992919921875
2021-07-16,9009.8896484375,100.11188507080078,39.03744125366211,287.67999267578125,15540.3095703125,134.05332946777344
2021-07-19,8867.0703125,100.9678192138672,38.15504455566406,287.989990234375,15133.2001953125,134.29615783691406
2021-07-20,9001.76953125,100.83944702148438,38.293453216552734,288.5,15216.26953125,134.55767822265625
2021-07-21,9075.9697265625,100.2573699951172,38.94227600097656,288.2300109863281,15422.5,134.4222412109375
2021-07-22,9094.9501953125,100.48848724365234,39.15855026245117,289.0,15514.5400390625,134.60435485839844
2021-07-23,9187.6396484375,100.33443450927734,39.59543228149414,289.2200012207031,15669.2900390625,134.59500122070312
2021-07-26,9209.6298828125,100.2659683227539,39.58678436279297,289.1499938964844,15618.98046875,134.60435485839844
2021-07-27,9166.26953125,100.69393157958984,39.32724380493164,289.5299987792969,15519.1298828125,134.8331298828125
2021-07-28,9164.6201171875,100.77952575683594,39.630027770996094,289.57000732421875,15570.3603515625,134.9078826904297
2021-07-29,9204.25,100.47135162353516,39.78142547607422,289.70001220703125,15640.4697265625,134.9078826904297
2021-07-30,9155.2099609375,100.75383758544922,39.630027770996094,289.7300109863281,15544.3896484375,134.9639129638672
2021-08-02,9138.3603515625,101.1957778930664,39.88090515136719,290.45001220703125,15568.73046875,135.16468811035156
2021-08-03,9213.349609375,101.22148895263672,39.993370056152344,290.5299987792969,15555.080078125,135.14596557617188
2021-08-04,9170.759765625,101.1957778930664,40.218292236328125,290.7300109863281,15692.1298828125,135.2440185546875
2021-08-05,9226.490234375,100.82750701904295,40.382667541503906,290.9800109863281,15744.669921875,135.1926727294922
2021-08-06,9243.0302734375,100.23648834228516,40.37400817871094,290.1499938964844,15761.4501953125,134.851806640625
2021-08-09,9235.0498046875,100.02236938476562,40.43024063110352,290.2300109863281,15745.41015625,134.8331298828125
2021-08-10,9244.2197265625,99.8339385986328,40.60758972167969,290.2799987792969,15770.7099609375,134.8284912109375
2021-08-11,9267.400390625,99.94529724121094,40.780616760253906,290.1000061035156,15826.08984375,134.8284912109375
2021-08-12,9297.2001953125,99.84253692626952,40.86712265014648,290.3800048828125,15937.509765625,134.8611602783203
2021-08-13,9312.509765625,100.41636657714844,40.94930648803711,290.3299865722656,15977.4404296875,134.851806640625
2021-08-16,9337.1796875,100.63906860351562,40.7546501159668,290.19000244140625,15925.73046875,134.86773681640625
2021-08-17,9271.830078125,100.58767700195312,40.763309478759766,290.1499938964844,15921.9501953125,134.87710571289062
2021-08-18,9173.9296875,100.53628540039062,40.83683776855469,290.5400085449219,15965.9697265625,134.99888610839844
2021-08-19,9186.0703125,100.75895690917967,40.1966667175293,290.5799865722656,15765.8095703125,135.03634643554688
2021-08-20,9261.3095703125,100.66473388671876,40.34806442260742,290.80999755859375,15808.0400390625,135.0832061767578
2021-08-23,9341.08984375,100.69044494628906,40.61624526977539,290.3299865722656,15852.7900390625,134.98013305664062
2021-08-24,9355.1103515625,100.41636657714844,40.61190414428711,290.3500061035156,15905.849609375,134.94737243652344
2021-08-25,9376.0,100.02236938476562,40.5946159362793,288.7799987792969,15860.66015625,134.51168823242188
2021-08-26,9321.740234375,100.02236938476562,40.50810241699219,288.67999267578125,15793.6201171875,134.4555206298828
2021-08-27,9404.150390625,100.3478775024414,40.70707321166992,288.8999938964844,15851.75,134.50238037109375
2021-08-30,9445.240234375,100.54483795166016,40.73735427856445,289.42999267578125,15887.3095703125,134.6382293701172
2021-08-31,9433.580078125,100.3564224243164,40.5729866027832,287.9599914550781,15835.08984375,134.19790649414062
2021-09-01,9437.150390625,100.39929962158205,40.728702545166016,287.95001220703125,15824.2900390625,134.11825561523438
2021-09-02,9465.4697265625,100.5192642211914,40.85414123535156,288.3500061035156,15840.58984375,134.21192932128906
2021-09-03,9462.5400390625,100.2792739868164,40.603271484375,287.7699890136719,15781.2001953125,134.0152130126953
2021-09-06,,,40.89306640625,288.07000732421875,15932.1201171875,134.07142639160156
2021-09-07,9430.6796875,99.88501739501952,40.68111801147461,286.67999267578125,15843.08984375,133.6170654296875
2021-09-08,9418.5703125,100.15928649902344,40.304805755615234,286.7900085449219,15610.2802734375,133.65919494628906
2021-09-09,9375.990234375,100.44214630126952,40.28749465942383,288.20001220703125,15623.150390625,133.96836853027344
2021-09-10,9304.0302734375,100.1250228881836,40.1274528503418,287.3699951171875,15609.8095703125,133.7060546875
2021-09-13,9325.2900390625,100.2450180053711,40.218292236328125,287.4800109863281,15701.419921875,133.72479248046875
2021-09-14,9273.990234375,100.62212371826172,40.25722122192383,287.94000244140625,15722.990234375,133.781005859375
2021-09-15,9352.830078125,100.45072174072266,39.91597366333008,287.1300048828125,15616.0,133.55613708496094
2021-09-16,9338.6103515625,100.13361358642578,40.142147064208984,287.0799865722656,15651.75,133.4999542236328
2021-09-17,9253.5703125,99.84219360351562,39.80724334716797,286.54998779296875,15490.169921875,133.29383850097656
2021-09-20,9096.51953125,100.34786224365234,39.085205078125,287.07000732421875,15132.0595703125,133.59361267089844
2021-09-21,9089.5498046875,100.28783416748048,39.58541488647461,287.489990234375,15348.5302734375,133.65919494628906
2021-09-22,9176.080078125,100.3821258544922,39.911624908447266,287.6499938964844,15506.740234375,133.6264190673828
2021-09-23,9287.7998046875,99.4736099243164,40.29438781738281,286.1400146484375,15643.9697265625,133.05026245117188
2021-09-24,9301.490234375,99.17365264892578,39.894229888916016,285.25,15531.75,132.8066864013672
2021-09-27,9275.8701171875,98.90792846679688,39.82463455200195,285.1400146484375,15573.8798828125,132.78326416015625
2021-09-28,9087.4697265625,98.5308074951172,38.9677734375,284.30999755859375,15248.5595703125,132.5818328857422
2021-09-29,9102.6201171875,98.63367462158205,39.19830322265625,284.6499938964844,15365.26953125,132.70364379882812
2021-09-30,8994.830078125,98.75366973876952,39.1678581237793,284.1600036621094,15260.6904296875,132.5631103515625
2021-10-01,9098.25,99.15677642822266,39.08955764770508,284.8800048828125,15156.4404296875,132.8066864013672
2021-10-04,8980.6396484375,99.03671264648438,38.84163284301758,284.7699890136719,15036.5498046875,132.77854919433594
2021-10-05,9076.1904296875,98.72791290283205,39.35923385620117,284.1000061035156,15194.490234375,132.52561950683594
2021-10-06,9113.4501953125,98.75367736816406,38.90253829956055,283.8900146484375,14973.330078125,132.50222778320312
2021-10-07,9191.1904296875,98.35913848876952,39.554962158203125,284.2099914550781,15250.8603515625,132.53970336914062
2021-10-08,9173.740234375,98.1447296142578,39.41142654418945,283.45001220703125,15206.1298828125,132.225830078125
2021-10-11,9110.759765625,97.90455627441406,39.45058059692383,282.8800048828125,15199.1396484375,132.01971435546875
2021-10-12,9088.73046875,98.35055541992188,39.42881774902344,282.3999938964844,15146.8701171875,131.73870849609375
2021-10-13,9116.3896484375,98.53923797607422,39.685455322265625,282.9700012207031,15249.3798828125,131.94479370117188
2021-10-14,9272.9697265625,98.77082061767578,40.19435119628906,284.29998779296875,15462.7197265625,132.42259216308594
2021-10-15,9342.150390625,98.2819595336914,40.47272491455078,283.79998779296875,15587.3603515625,132.2866973876953
2021-10-18,9373.6796875,98.1447296142578,40.263938903808594,283.04998779296875,15474.4697265625,131.96353149414062
2021-10-19,9443.1201171875,97.7930679321289,40.42921829223633,282.25,15515.830078125,131.7105712890625
2021-10-20,9477.8203125,97.75018310546876,40.56841278076172,282.67999267578125,15522.919921875,131.8604736328125
2021-10-21,9506.91015625,97.49288177490234,40.52491760253906,282.010009765625,15472.5595703125,131.56069946289062
2021-10-22,9496.8603515625,97.74160766601562,40.69455337524414,281.80999755859375,15542.98046875,131.4951171875
2021-10-25,9541.990234375,97.86164855957033,40.74239730834961,282.4800109863281,15599.23046875,131.7574462890625
2021-10-26,9559.3896484375,97.98174285888672,41.025115966796875,282.3699951171875,15757.0595703125,131.7620849609375
2021-10-27,9511.26953125,98.53069305419922,40.82503509521485,283.3999938964844,15705.8095703125,132.12277221679688
2021-10-28,9605.23046875,98.27336120605467,40.96857452392578,282.29998779296875,15696.330078125,131.88856506347656
2021-10-29,9625.01953125,98.31629180908205,40.96857452392578,280.2900085449219,15688.76953125,131.36863708496094
2021-11-01,9642.4404296875,98.30854034423828,41.307830810546875,280.07000732421875,15806.2900390625,131.4763641357422
2021-11-02,9677.9501953125,98.54884338378906,41.36873626708984,282.1499938964844,15954.4501953125,132.09469604492188
2021-11-03,9740.4697265625,98.23987579345705,41.51226806640625,282.5199890136719,15959.98046875,132.1368408203125
2021-11-04,9782.48046875,98.77200317382812,41.67319869995117,284.3999938964844,16029.650390625,132.77854919433594
2021-11-05,9819.98046875,99.31273651123048,41.703643798828125,285.6199951171875,16054.3603515625,133.18141174316406
2021-11-08,9828.8095703125,98.88357543945312,41.703643798828125,285.0199890136719,16046.51953125,132.94253540039062
2021-11-09,9795.1201171875,99.33848571777344,41.62970352172851,286.07000732421875,16040.4697265625,133.31256103515625
2021-11-10,9716.7197265625,98.48880004882812,41.725399017333984,284.5299987792969,16067.830078125,132.84417724609375
2021-11-11,9722.080078125,98.1711654663086,41.87763214111328,284.19000244140625,16083.1103515625,132.73641967773438
2021-11-12,9793.2197265625,98.377197265625,41.98637390136719,284.6300048828125,16094.0703125,133.0220947265625
2021-11-15,9793.5302734375,97.99095916748048,42.16905975341797,284.2900085449219,16148.6396484375,132.90484619140625
2021-11-16,9831.91015625,97.90512084960938,42.229949951171875,284.510009765625,16247.8603515625,132.9612579345703
2021-11-17,9808.26953125,98.25704193115234,42.28213882446289,284.3800048828125,16251.1298828125,132.91893005371094
2021-11-18,9842.349609375,98.3170928955078,42.12120056152344,285.32000732421875,16221.73046875,133.16810607910156
2021-11-19,9828.7998046875,98.58319854736328,41.96027374267578,286.6400146484375,16159.9697265625,133.6946563720703
2021-11-22,9798.2900390625,97.86221313476562,41.91242599487305,285.5199890136719,16115.6904296875,133.3279571533203
2021-11-23,9814.650390625,97.45883178710938,41.32958221435547,283.7900085449219,15937.0,132.84841918945312
2021-11-24,9837.599609375,97.75922393798828,41.40787506103515,283.5,15878.3896484375,132.8248748779297
2021-11-25,,,41.5775032043457,283.9200134277344,15917.98046875,132.9612579345703
2021-11-26,9614.25,99.02090454101562,40.0073127746582,285.7699890136719,15257.0400390625,133.6946563720703
2021-11-29,9741.7802734375,98.79773712158205,40.32917785644531,285.5799865722656,15280.8603515625,133.4971923828125
2021-11-30,9558.330078125,99.38996124267578,39.95512390136719,285.79998779296875,15100.1298828125,133.6053466796875
2021-12-01,9446.2099609375,99.57722473144533,40.69889068603515,285.239990234375,15472.669921875,133.44076538085938
2021-12-02,9581.7900390625,99.36251068115234,40.19435119628906,286.4599914550781,15263.1103515625,133.74636840820312
2021-12-03,9501.2802734375,99.94656372070312,39.98992156982422,286.70001220703125,15169.98046875,133.74636840820312
2021-12-06,9613.01953125,99.44837951660156,40.5379638671875,287.1300048828125,15380.7900390625,133.77928161621094
2021-12-07,9812.2001953125,99.0704345703125,41.5296630859375,286.8599853515625,15813.9404296875,133.6570587158203
2021-12-08,9842.6796875,98.75264739990234,41.28173828125,285.010009765625,15687.08984375,133.1445770263672
2021-12-09,9773.1904296875,99.00177001953124,41.207801818847656,285.8699951171875,15639.259765625,133.48779296875
2021-12-10,9866.6201171875,99.0704345703125,41.07731628417969,286.1199951171875,15623.3095703125,133.4172821044922
2021-12-13,9776.6904296875,99.54285430908205,40.946834564208984,286.9800109863281,15621.7197265625,133.67115783691406
2021-12-14,9705.0595703125,99.3710708618164,40.50752258300781,286.54998779296875,15453.5595703125,133.53009033203125
2021-12-15,9863.919921875,99.2250747680664,40.66103744506836,286.57000732421875,15476.349609375,133.50660705566406
2021-12-16,9778.08984375,99.51393127441406,41.13387680053711,285.8800048828125,15636.400390625,133.40316772460938
2021-12-17,9678.0302734375,99.73746490478516,40.86243438720703,286.82000732421875,15531.6904296875,133.6805419921875
2021-12-20,9567.91015625,99.65149688720705,40.337032318115234,286.5,15239.669921875,133.6053466796875
2021-12-21,9738.73046875,99.25598907470705,41.01567840576172,284.9100036621094,15447.4404296875,133.1258087158203
2021-12-22,9838.900390625,99.3505859375,41.357177734375,284.489990234375,15593.4697265625,133.00355529785156
2021-12-23,9900.2998046875,99.14425659179688,41.724952697753906,283.42999267578125,15756.3095703125,132.65565490722656
2021-12-27,10037.669921875,99.17863464355467,42.005157470703125,283.20001220703125,15835.25,132.5662841796875
2021-12-28,10027.5302734375,99.16144561767578,42.39045715332031,283.2200012207031,15963.7001953125,132.5145721435547
2021-12-29,10041.6103515625,98.65420532226562,42.18029022216797,281.8699951171875,15852.25,132.1243896484375
2021-12-30,10012.509765625,98.98090362548828,42.31602478027344,282.25,15884.8603515625,132.1996307373047
2021-12-31,9986.7001953125,98.869140625,,,,
2022-01-03,10050.41015625,97.94920349121094,42.407962799072266,280.8900146484375,16020.73046875,131.658935546875
2022-01-04,10044.75,97.89762878417967,42.71443939208984,280.8900146484375,16152.6103515625,131.6307373046875
2022-01-05,9850.7001953125,97.48497009277344,42.75384521484375,280.75,16271.75,131.64952087402344
2022-01-06,9841.919921875,97.24422454833984,42.206565856933594,280.20001220703125,16052.0302734375,131.47560119628906
2022-01-07,9803.849609375,96.92613983154295,42.097110748291016,279.3699951171875,15947.740234375,131.2123260498047
2022-01-10,9789.7197265625,96.90032196044922,41.414100646972656,279.6300048828125,15768.26953125,131.20289611816406
2022-01-11,9879.3896484375,97.1324691772461,41.80813980102539,279.30999755859375,15941.8095703125,131.09945678710938
2022-01-12,9907.3798828125,97.14967346191406,42.06207275390625,279.9599914550781,16010.3203125,131.2969207763672
2022-01-13,9767.349609375,97.45916748046876,42.05770492553711,280.70001220703125,16031.58984375,131.50381469726562
2022-01-14,9775.5302734375,96.78857421875,41.65489959716797,279.7699890136719,15883.240234375,131.19821166992188
2022-01-17,,,41.935115814208984,279.1400146484375,15933.7197265625,130.9772491455078
2022-01-18,9595.9296875,96.05780029296876,41.51041793823242,278.8500061035156,15772.5595703125,130.9584197998047
2022-01-19,9503.1396484375,96.2899398803711,41.593605041503906,278.6300048828125,15809.7197265625,130.90199279785156
2022-01-20,9398.9599609375,96.49625396728516,41.81251907348633,279.0899963378906,15912.330078125,130.96786499023438
2022-01-21,9221.2802734375,97.05509948730467,41.01567840576172,279.69000244140625,15603.8798828125,131.27340698242188
2022-01-24,9246.83984375,96.96916961669922,39.40447235107422,280.2300109863281,15011.1298828125,131.6260528564453
2022-01-25,9134.330078125,96.84017944335938,39.741600036621094,279.9200134277344,15123.8701171875,131.51791381835938
2022-01-26,9120.75,96.15237426757812,40.45525741577149,279.4200134277344,15459.3896484375,131.49436950683594
2022-01-27,9072.240234375,96.55645751953124,40.76173400878906,279.45001220703125,15524.26953125,131.21701049804688
2022-01-28,9294.2099609375,96.7799835205078,40.32390975952149,279.1099853515625,15318.9501953125,131.0853729248047
2022-01-31,9469.919921875,96.7799835205078,40.61725616455078,278.0299987792969,15471.2001953125,130.4929656982422
2022-02-01,9534.9501953125,96.649169921875,41.14702606201172,277.3299865722656,15619.3896484375,130.30023193359375
2022-02-02,9624.8896484375,96.84711456298828,41.25210189819336,277.25,15613.76953125,130.1826934814453
2022-02-03,9390.5703125,96.4340362548828,40.50341796875,273.5299987792969,15368.4697265625,128.9085693359375
2022-02-04,9440.580078125,95.69397735595705,40.026180267333984,271.739990234375,15099.5595703125,128.37261962890625
2022-02-07,9405.83984375,95.71975708007812,40.25822830200195,270.9100036621094,15206.6396484375,128.1986541748047
2022-02-08,9484.9501953125,95.40996551513672,40.28012466430664,269.989990234375,15242.3798828125,127.8037567138672
2022-02-09,9623.83984375,95.53905487060548,40.97189712524414,271.1600036621094,15482.009765625,128.2692108154297
2022-02-10,9450.7197265625,94.66130828857422,40.85367965698242,268.9100036621094,15490.4404296875,127.55457305908205
2022-02-11,9271.7998046875,95.64229583740234,40.6041145324707,268.69000244140625,15425.1201171875,127.65802001953124
2022-02-14,9236.8603515625,94.97970581054688,39.92548751831055,268.7900085449219,15113.9697265625,127.874267578125
2022-02-15,9383.5703125,94.69572448730467,40.50341796875,268.29998779296875,15412.7099609375,127.63478088378906
2022-02-16,9393.08984375,94.89363861083984,40.4421272277832,269.3999938964844,15396.0703125,127.96521759033205
2022-02-17,9195.349609375,95.4013671875,40.16191101074219,270.42999267578125,15267.6298828125,128.35702514648438
2022-02-18,9130.8095703125,95.711181640625,39.894832611083984,270.8699951171875,15042.509765625,128.7252197265625
2022-02-21,,,39.325660705566406,270.239990234375,14731.1201171875,128.67324829101562
2022-02-22,9038.3203125,95.70257568359376,39.30813980102539,269.70001220703125,14693.0,128.295654296875
2022-02-23,8871.9501953125,95.20343017578124,39.251224517822266,269.7799987792969,14631.3603515625,128.3758544921875
2022-02-24,9005.3701171875,95.4272003173828,37.937747955322266,271.44000244140625,14052.099609375,128.88096618652344
2022-02-25,9207.849609375,95.4013671875,39.27310943603515,270.5799865722656,14567.23046875,128.33340454101562
2022-02-28,9186.3701171875,96.48570251464844,39.18116760253906,272.5,14461.01953125,129.22555541992188
2022-03-01,9044.4697265625,97.42539978027344,38.21358871459961,278.8800048828125,13904.849609375,131.4913330078125
2022-03-02,9213.3896484375,95.96112060546876,38.53319549560547,276.2099914550781,14000.1103515625,130.4434051513672
2022-03-03,9166.1298828125,96.37454986572266,37.82828140258789,275.80999755859375,13698.400390625,130.5000762939453
2022-03-04,9094.0400390625,97.33061981201172,36.4316291809082,277.82000732421875,13094.5400390625,131.65655517578125
2022-03-07,8825.7197265625,96.9172134399414,35.98503494262695,276.1499938964844,12834.650390625,130.8540802001953
2022-03-08,8762.1103515625,96.28842163085938,35.98503494262695,274.760009765625,12831.509765625,129.72119140625
2022-03-09,8988.650390625,95.69410705566406,37.81077575683594,272.989990234375,13847.9296875,128.890380859375
2022-03-10,8950.900390625,95.2548370361328,37.0139274597168,269.7799987792969,13442.099609375,128.0501708984375
2022-03-11,8835.400390625,95.22899627685548,37.403587341308594,269.95001220703125,13628.1103515625,128.05490112304688
2022-03-14,8771.75,94.02312469482422,37.81077575683594,267.80999755859375,13929.1103515625,127.10138702392578
2022-03-15,8959.740234375,93.98007202148438,37.79924392700195,269.0199890136719,13917.26953125,127.62062072753906
2022-03-16,9160.509765625,93.85084533691406,38.926856994628906,268.1700134277344,14440.740234375,126.98809814453124
2022-03-17,9274.169921875,93.66996002197266,39.08919906616211,268.239990234375,14388.0595703125,126.9644546508789
2022-03-18,9382.4296875,93.94559478759766,39.50164031982422,268.69000244140625,14413.08984375,127.2052230834961
2022-03-21,9378.83984375,92.72248840332033,39.44458770751953,266.7799987792969,14326.9697265625,126.3791732788086
2022-03-22,9484.8603515625,92.21434783935548,39.84386444091797,265.75,14473.2001953125,125.9543228149414
2022-03-23,9368.98046875,92.83446502685548,39.38754653930664,266.45001220703125,14283.650390625,126.18563079833984
2022-03-24,9504.1904296875,92.31766510009766,39.330509185791016,265.4200134277344,14273.7900390625,125.6710968017578
2022-03-25,9552.400390625,91.37020874023438,39.38754653930664,264.6600036621094,14305.759765625,125.19904327392578
2022-03-28,9620.66015625,91.57693481445312,39.43143081665039,264.1700134277344,14417.3701171875,124.96305084228516
2022-03-29,9738.599609375,92.03343963623048,40.1466178894043,262.8900146484375,14820.330078125,124.28802490234376
2022-03-30,9678.2998046875,92.39521026611328,39.95794677734375,262.2300109863281,14606.0498046875,124.02369689941406
2022-03-31,9527.4599609375,92.56748962402344,39.67714309692383,264.6099853515625,14414.75,125.09046173095705
2022-04-01,9559.9501953125,91.9647216796875,39.81753921508789,263.7099914550781,14446.48046875,124.91111755371094
2022-04-04,9637.3701171875,91.90435791015624,40.17732620239258,264.45001220703125,14518.16015625,125.33592987060548
2022-04-05,9517.9404296875,90.80923461914062,40.18609619140625,261.75,14424.3603515625,124.55236053466795
2022-04-06,9425.490234375,90.49018096923828,39.62887954711914,260.8399963378906,14151.6904296875,124.3493881225586
2022-04-07,9466.759765625,90.26596069335938,39.6157112121582,260.32000732421875,14078.150390625,124.06616973876952
2022-04-08,9441.83984375,89.8089599609375,40.11150741577149,259.4700012207031,14283.669921875,123.65547943115234
2022-04-11,9282.48046875,89.37781524658203,39.93600082397461,257.80999755859375,14192.7802734375,122.74916076660156
2022-04-12,9251.0703125,89.8089599609375,39.7561149597168,258.6000061035156,14124.9501953125,123.0654296875
2022-04-13,9356.2099609375,90.00729370117188,39.77806091308594,258.9800109863281,14076.4404296875,123.14569854736328
2022-04-14,9242.580078125,89.19673919677734,40.050086975097656,257.6499938964844,14163.849609375,122.73499298095705
2022-04-18,9240.6904296875,88.93801879882812,,,,
2022-04-19,9389.2099609375,88.35166931152344,39.77806091308594,256.3999938964844,14153.4599609375,122.18273162841795
2022-04-20,9383.5400390625,89.04151916503906,40.1422233581543,257.42999267578125,14362.0302734375,122.59810638427734
2022-04-21,9245.8603515625,88.54999542236328,40.22119903564453,255.9600067138672,14502.41015625,121.8853530883789
2022-04-22,8989.509765625,88.59309387207031,39.466529846191406,254.92999267578125,14142.08984375,121.57379150390624
2022-04-25,9040.8603515625,89.16223907470703,38.839107513427734,257.29998779296875,13924.169921875,122.7822036743164
2022-04-26,8786.4697265625,89.7572250366211,38.466156005859375,257.8299865722656,13756.400390625,122.9615707397461
2022-04-27,8805.0,89.25707244873047,38.73818588256836,257.70001220703125,13793.9404296875,123.04182434082033
2022-04-28,9023.419921875,89.12776184082031,39.03654098510742,255.57000732421875,13979.83984375,122.2535171508789
2022-04-29,8696.650390625,88.65349578857422,39.35245895385742,254.3500061035156,14097.8798828125,121.89005279541016
2022-05-02,8746.0498046875,87.99301147460938,38.6679801940918,253.72999572753903,13939.0703125,121.79092407226562
2022-05-03,8788.3603515625,88.09659576416016,39.04093170166016,253.8800048828125,14039.4697265625,121.78148651123048
2022-05-04,9050.900390625,88.66639709472656,38.584625244140625,252.7400054931641,13970.8203125,121.60210418701172
2022-05-05,8729.2099609375,87.77716827392578,38.32575607299805,251.5099945068359,13902.51953125,121.07341766357422
2022-05-06,8680.9697265625,87.27641296386719,37.593017578125,249.3999938964844,13674.2900390625,120.30873107910156
2022-05-09,8403.5,87.92391967773438,36.526832580566406,250.3300018310547,13380.669921875,120.80435943603516
2022-05-10,8424.2001953125,88.21749877929688,36.8164176940918,252.38999938964844,13534.740234375,121.50299072265624
2022-05-11,8285.8203125,88.76138305664062,37.46578598022461,253.27000427246097,13828.6396484375,121.5832290649414
2022-05-12,8278.0400390625,89.05493927001953,37.17620086669922,256.3599853515625,13739.6396484375,122.7680435180664
2022-05-13,8476.5703125,88.58869934082031,38.075660705566406,254.52000427246097,14027.9296875,122.12606048583984
2022-05-16,8443.5498046875,88.9599838256836,37.97036361694336,254.6999969482422,13964.3798828125,122.23480224609376
2022-05-17,8614.3095703125,88.28653717041016,38.55391311645508,252.16000366210935,14185.9404296875,121.12713623046876
2022-05-18,8268.3203125,88.91681671142578,38.06249237060547,252.66000366210935,14007.759765625,121.28805541992188
2022-05-19,8220.9697265625,89.2362060546875,37.663230895996094,253.94000244140625,13882.2998046875,121.9271240234375
2022-05-20,8222.3095703125,89.65064239501953,37.88699722290039,253.3800048828125,13981.91015625,122.0123291015625
2022-05-23,8375.8701171875,89.10672760009766,38.40034103393555,252.0500030517578,14175.400390625,121.36856079101562
2022-05-24,8307.9697265625,89.8751220703125,37.93526077270508,253.3999938964844,13919.75,121.97447204589844
2022-05-25,8386.6201171875,90.05641174316406,38.19412612915039,253.67999267578125,14007.9296875,122.02652740478516
2022-05-26,8553.6796875,90.01325225830078,38.57585144042969,253.4499969482422,14231.2900390625,121.70938110351562
2022-05-27,8766.830078125,90.1427764892578,39.155006408691406,253.97000122070312,14462.1904296875,121.98394012451172
2022-05-30,,,39.339298248291016,252.1999969482422,14575.98046875,121.16973114013672
2022-05-31,8712.599609375,89.20170593261719,39.05847930908203,250.2599945068359,14388.349609375,120.5211944580078
2022-06-01,8648.2802734375,88.69945526123047,38.64166641235352,249.16000366210935,14340.4697265625,120.085693359375
2022-06-02,8809.1796875,88.82911682128906,38.91807556152344,247.5399932861328,14485.169921875,119.51290130615234
2022-06-03,8665.7998046875,88.65623474121094,38.773292541503906,246.63999938964844,14460.08984375,119.26203155517578
2022-06-06,8693.0595703125,87.9906234741211,39.19450378417969,245.75,14653.8095703125,118.73657989501952
2022-06-07,8776.08984375,88.34500885009766,39.014617919921875,246.9600067138672,14556.6201171875,119.06793975830078
2022-06-08,8681.6796875,88.01655578613281,38.77767562866211,245.61000061035156,14445.990234375,118.54249572753906
2022-06-09,8475.91015625,87.93875885009766,38.26871109008789,242.82000732421875,14198.7998046875,117.74722290039062
2022-06-10,8229.4296875,87.07433319091797,37.18497085571289,240.5500030517578,13761.830078125,117.06082916259766
2022-06-13,7910.43017578125,85.5270004272461,36.3688850402832,236.80999755859375,13427.0302734375,115.8726577758789
2022-06-14,7883.33984375,84.84410095214844,35.855525970458984,234.22999572753903,13304.3896484375,114.88330841064452
2022-06-15,7998.6201171875,86.02836608886719,36.42333984375,238.08999633789065,13485.2900390625,115.8537368774414
2022-06-16,7739.39013671875,86.59022521972656,35.464134216308594,237.8500061035156,13038.490234375,115.37562561035156
2022-06-17,7756.58984375,86.61618041992188,35.526302337646484,239.8999938964844,13126.259765625,115.83007049560548
2022-06-20,,,35.890445709228516,238.1999969482422,13265.599609375,115.247802734375
2022-06-21,7946.89013671875,86.1666488647461,36.01478576660156,237.97000122070312,13292.400390625,115.0347900390625
2022-06-22,7936.669921875,87.255859375,35.74834060668945,240.7400054931641,13144.2802734375,116.18035888671876
2022-06-23,8012.68017578125,87.74857330322266,35.46857833862305,244.3999938964844,12912.58984375,117.85611724853516
2022-06-24,8257.7197265625,87.43733978271484,36.458866119384766,244.13999938964844,13118.1298828125,117.93184661865234
2022-06-27,8233.419921875,86.94469451904297,36.57432174682617,242.0800018310547,13186.0703125,116.9566879272461
2022-06-28,8067.56005859375,87.0570297241211,36.65427017211914,240.47000122070312,13231.8203125,116.19456481933594
2022-06-29,8062.72021484375,87.75724029541016,36.46775436401367,243.3300018310547,13003.349609375,117.32118225097656
2022-06-30,7993.43017578125,88.43148040771484,35.89488983154297,245.77999877929688,12783.76953125,118.62297058105467
2022-07-01,8077.89013671875,89.37946319580078,35.95262145996094,249.4199981689453,12813.0302734375,120.06675720214844
2022-07-04,,,36.068084716796875,246.66000366210935,12773.3798828125,119.0348129272461
2022-07-05,8092.14990234375,89.7084732055664,35.32202911376953,249.02999877929688,12401.2001953125,120.3413314819336
2022-07-06,8121.2099609375,88.94660186767578,35.92597579956055,249.7899932861328,12594.51953125,120.65373992919922
2022-07-07,8243.6904296875,88.40116882324219,36.62762069702149,247.5399932861328,12843.2197265625,119.76380157470705
2022-07-08,8237.5,87.8644027709961,36.77861022949219,247.0500030517578,13015.23046875,119.48450469970705
2022-07-11,8142.68017578125,88.55697631835938,36.636497497558594,248.9900054931641,12832.4404296875,120.3839111328125
2022-07-12,8067.56005859375,88.76477813720703,36.765281677246094,251.2899932861328,12905.48046875,121.31173706054688
2022-07-13,8031.759765625,89.14572143554688,36.43667221069336,250.92999267578125,12756.3203125,121.09871673583984
2022-07-14,8008.7099609375,88.65225219726562,35.85492706298828,249.17999267578125,12519.66015625,120.78155517578124
2022-07-15,8162.5,88.95526885986328,36.516605377197266,250.19000244140625,12864.7197265625,121.16973114013672
2022-07-18,8094.22998046875,88.69552612304688,36.88517761230469,248.86000061035156,12959.8095703125,120.42652893066406
2022-07-19,8318.2001953125,88.28864288330078,37.37810516357422,247.8000030517578,13308.41015625,119.73065948486328
2022-07-20,8367.3701171875,88.20206451416016,37.29817581176758,247.69000244140625,13281.98046875,119.90109252929688
2022-07-21,8450.6396484375,89.20633697509766,37.466922760009766,247.47999572753903,13246.6396484375,120.05256652832033
2022-07-22,8371.8701171875,90.2279052734375,37.55130386352539,251.55999755859375,13253.6796875,121.94133758544922
2022-07-25,8382.8798828125,89.90757751464844,37.62679672241211,251.82000732421875,13210.3203125,121.9271240234375
2022-07-26,8286.1904296875,89.94219207763672,37.600154876708984,253.77000427246097,13096.9296875,122.77920532226562
2022-07-27,8503.01953125,90.1240234375,37.786659240722656,253.08999633789065,13166.3798828125,122.55671691894533
2022-07-28,8607.240234375,91.01571655273438,38.23073959350586,256.29998779296875,13282.1103515625,123.92949676513672
2022-07-29,8730.4599609375,91.05035400390624,38.7325439453125,257.19000244140625,13484.0498046875,123.78275299072266
2022-08-01,8705.8701171875,91.58287811279295,38.617095947265625,258.9599914550781,13479.6298828125,124.32716369628906
2022-08-02,8647.91015625,90.31663513183594,38.55048370361328,258.17999267578125,13449.2001953125,124.25139617919922
2022-08-03,8783.2802734375,90.68958282470705,38.7325439453125,256.760009765625,13587.5595703125,123.3141098022461
2022-08-04,8777.23046875,91.14923095703124,38.776954650878906,258.30999755859375,13662.6796875,123.90583801269533
2022-08-05,8764.080078125,89.83100128173828,38.48830795288086,255.55999755859375,13573.9296875,122.50936889648438
2022-08-08,8753.3896484375,90.36003112792967,38.74143981933594,256.3900146484375,13687.6904296875,123.0206298828125
2022-08-09,8716.75,90.09117889404295,38.466102600097656,255.7899932861328,13534.9697265625,122.78392791748048
2022-08-10,8902.7197265625,90.14321899414062,38.82136917114258,256.69000244140625,13700.9296875,123.13896942138672
2022-08-11,8898.83984375,89.54479217529297,38.88797378540039,255.4199981689453,13694.509765625,122.49517822265624
2022-08-12,9054.1396484375,89.90037536621094,38.9767951965332,254.6999969482422,13795.849609375,122.2111587524414
2022-08-15,9090.3603515625,90.1865692138672,39.10557174682617,256.6000061035156,13816.6103515625,123.02535247802734
2022-08-16,9107.8701171875,90.08253479003906,39.17219161987305,254.61000061035156,13910.1201171875,122.40302276611328
2022-08-17,9043.58984375,89.47541046142578,38.77252197265625,251.83999633789065,13626.7099609375,121.32611846923828
2022-08-18,9065.490234375,89.64885711669922,39.00344467163086,251.4199981689453,13697.41015625,121.12687683105467
2022-08-19,8948.8203125,88.87702941894531,38.67481994628906,248.6999969482422,13544.51953125,120.04046630859376
2022-08-22,8758.240234375,88.48674011230469,38.3106803894043,247.0800018310547,13230.5703125,119.43795776367188
2022-08-23,8738.759765625,88.26990509033203,38.17301177978515,246.58999633789065,13194.23046875,119.36679077148438
2022-08-24,8764.419921875,87.97506713867188,38.23073959350586,245.67999267578125,13220.0595703125,118.9018783569336
2022-08-25,8888.1298828125,88.53878021240234,38.31512069702149,246.97000122070312,13271.9599609375,119.31935119628906
2022-08-26,8588.9501953125,88.43470764160156,37.675636291503906,245.25,12971.4697265625,118.71212005615234
2022-08-29,8532.099609375,87.93170928955078,37.32038879394531,242.9600067138672,12892.990234375,117.68737030029295
2022-08-30,8438.6904296875,87.90570068359375,37.089454650878906,242.86000061035156,12961.1396484375,117.63042449951172
2022-08-31,8374.419921875,87.54141998291016,36.70311737060547,242.0,12834.9599609375,117.26041412353516
2022-09-01,8400.9599609375,86.84552001953125,36.103607177734375,241.1999969482422,12630.23046875,117.05640411376952
2022-09-02,8311.419921875,87.33204650878906,36.81857681274414,242.5800018310547,13050.26953125,117.51658630371094
2022-09-05,,,36.56988525390625,241.4900054931641,12760.7802734375,117.17501068115234
2022-09-06,8277.8095703125,86.35897827148438,36.66315460205078,240.8300018310547,12871.4404296875,116.75277709960938
2022-09-07,8429.8701171875,86.92369079589844,36.472190856933594,241.9900054931641,12915.9697265625,117.05640411376952
2022-09-08,8486.6298828125,86.60224914550781,36.67646408081055,239.55999755859375,12904.3203125,115.84191131591795
2022-09-09,8616.98046875,86.61096954345703,37.22269058227539,239.5099945068359,13088.2099609375,116.01744842529295
2022-09-12,8708.169921875,86.40241241455078,37.80886459350586,240.4900054931641,13402.26953125,116.39698028564452
2022-09-13,8331.900390625,85.91588592529297,37.24933624267578,239.1699981689453,13188.9501953125,115.6758804321289
2022-09-14,8362.400390625,85.95931243896484,36.90738677978515,239.3699951171875,13028.0,115.7897491455078
2022-09-15,8268.599609375,85.6639404296875,36.69512176513672,238.22000122070312,12956.66015625,115.2821044921875
2022-09-16,8209.349609375,85.7334213256836,36.09421920776367,238.25,12741.259765625,115.22992706298828
2022-09-19,8265.73046875,85.49018859863281,36.10318756103515,237.69000244140625,12803.240234375,114.93578338623048
2022-09-20,8172.64013671875,84.9602279663086,35.70857620239258,235.02999877929688,12670.830078125,113.79244995117188
2022-09-21,8033.2900390625,85.2990493774414,36.058349609375,235.92999267578125,12767.150390625,114.04388427734376
2022-09-22,7965.9599609375,84.01321411132812,35.35879135131836,234.22000122070312,12531.6298828125,113.1804656982422
2022-09-23,7828.8701171875,84.11747741699219,34.583011627197266,232.82000732421875,12284.1904296875,112.8720932006836
2022-09-26,7747.93017578125,82.71869659423828,34.435020446777344,231.07000732421875,12227.919921875,112.31703186035156
2022-09-27,7731.990234375,82.15399169921875,34.29153060913086,227.80999755859375,12139.6796875,111.16419982910156
2022-09-28,7884.5498046875,84.00456237792969,34.45743942260742,230.2100067138672,12183.2802734375,112.0561065673828
2022-09-29,7719.08984375,83.61357879638672,33.91484069824219,229.1999969482422,11975.5498046875,111.72401428222656
2022-09-30,7603.14013671875,83.39639282226562,34.331878662109375,231.2100067138672,12114.3603515625,112.45935821533205
2022-10-03,7800.0,84.3861312866211,34.569557189941406,235.52999877929688,12209.48046875,114.10558319091795
2022-10-04,8039.25,84.5602035522461,35.69062423706055,236.1199951171875,12670.48046875,114.35225677490234
2022-10-05,8023.81005859375,83.75938415527344,35.38121795654297,232.88999938964844,12517.1796875,113.31806182861328
2022-10-06,7943.6298828125,83.29801177978516,35.107666015625,231.3999938964844,12470.7802734375,112.56847381591795
2022-10-07,7721.43994140625,82.88887786865234,34.69062805175781,229.13999938964844,12273.0,111.79993438720705
2022-10-10,7663.580078125,82.40139770507812,34.569557189941406,228.2100067138672,12272.9404296875,110.87482452392578
2022-10-11,7613.75,82.61032104492188,34.38570022583008,228.0800018310547,12220.25,111.11677551269533
2022-10-12,7588.89990234375,82.88015747070312,34.1435432434082,227.1000061035156,12172.259765625,110.8510971069336
2022-10-13,7786.9599609375,82.53197479248047,34.578521728515625,228.3300018310547,12355.580078125,111.2543716430664
2022-10-14,7602.990234375,82.07062530517578,34.6323356628418,226.8500061035156,12437.8095703125,110.7325210571289
2022-10-17,7804.330078125,82.15765380859375,35.29153060913086,228.6699981689453,12649.0302734375,111.3824462890625
2022-10-18,7893.68017578125,82.36656951904297,35.3946647644043,228.4199981689453,12765.6103515625,111.30178833007812
2022-10-19,7840.990234375,81.50474548339844,35.215301513671875,226.97000122070312,12741.41015625,110.52376556396484
2022-10-20,7779.52978515625,80.89541625976562,35.31843185424805,226.9600067138672,12767.41015625,110.42887115478516
2022-10-21,7964.25,81.0782241821289,35.15251541137695,226.3000030517578,12730.900390625,110.15373992919922
2022-10-24,8058.8798828125,80.97379302978516,35.65475845336914,228.4199981689453,12931.4501953125,110.8368682861328
2022-10-25,8190.02001953125,81.98355102539062,36.1435432434082,231.83999633789065,13052.9599609375,112.1794662475586
2022-10-26,8129.6201171875,82.40139770507812,36.30946731567383,232.42999267578125,13195.8095703125,112.44512939453124
2022-10-27,8080.31982421875,82.98461151123047,36.367767333984375,236.7100067138672,13211.23046875,113.76873016357422
2022-10-28,8280.1103515625,82.55806732177734,36.39466857910156,234.0099945068359,13243.330078125,112.6443862915039
2022-10-31,8218.7001953125,82.18375396728516,36.511260986328125,232.5399932861328,13253.740234375,112.25061798095705
2022-11-01,8185.06982421875,82.16893005371094,36.722023010253906,232.83999633789065,13338.740234375,112.3929443359375
2022-11-02,7980.47021484375,82.02935791015625,36.62785339355469,232.69000244140625,13256.740234375,112.30280303955078
2022-11-03,7897.009765625,81.67168426513672,36.30498123168945,230.52999877929688,13130.1904296875,111.33025360107422
2022-11-04,8006.240234375,81.49718475341797,36.914852142333984,229.75,13459.849609375,110.99816131591795
2022-11-07,8083.3798828125,81.20931243896484,37.04938507080078,229.4600067138672,13533.51953125,110.77520751953124
2022-11-08,8128.7001953125,81.75017547607422,37.3812141418457,230.4600067138672,13688.75,111.0977783203125
2022-11-09,7961.52001953125,82.02935791015625,37.22426223754883,232.19000244140625,13666.3203125,111.84735870361328
2022-11-10,8403.48046875,83.87008666992188,38.30946731567383,236.17999267578125,14146.08984375,113.28010559082033
2022-11-11,8481.1298828125,83.69559478759766,38.30946731567383,232.9499969482422,14224.8603515625,112.01341247558594
2022-11-14,8407.25,83.49495697021484,38.376731872558594,232.9600067138672,14313.2998046875,112.0086669921875
2022-11-15,8481.1396484375,84.11430358886719,38.50678253173828,234.47000122070312,14378.509765625,112.40032196044922
2022-11-16,8413.08984375,84.73370361328125,38.17046356201172,236.25,14234.0302734375,113.12297821044922
2022-11-17,8388.83984375,84.15795135498047,38.04042053222656,235.8800048828125,14266.3798828125,112.89476776123048
2022-11-18,8429.009765625,83.86133575439453,38.47986602783203,236.47999572753903,14431.8603515625,113.0421371459961
2022-11-21,8397.23046875,83.80897521972656,38.46642303466797,236.72999572753903,14379.9296875,113.27985382080078
2022-11-22,8511.48046875,84.288818359375,38.71305465698242,236.80999755859375,14422.349609375,113.26084899902344
2022-11-23,8562.26953125,84.74241638183594,38.92382049560547,238.1000061035156,14427.58984375,113.65069580078124
2022-11-24,,,39.12112808227539,239.7599945068359,14539.5595703125,114.20694732666016
2022-11-25,8560.08984375,84.71626281738281,39.15252304077149,237.0099945068359,14541.3798828125,113.1847686767578
2022-11-28,8427.9501953125,84.75115203857422,38.87000274658203,236.4499969482422,14383.3603515625,113.09445190429688
2022-11-29,8415.26953125,84.39348602294922,38.78032302856445,238.0500030517578,14355.4501953125,113.7933120727539
2022-11-30,8678.0,85.15245056152344,39.07628631591797,237.4199981689453,14397.0400390625,113.57939910888672
2022-12-01,8671.900390625,86.0824966430664,39.443992614746094,240.0500030517578,14490.2998046875,114.6443328857422
2022-12-02,8662.23046875,86.25733184814453,39.36328125,239.27000427246097,14529.3896484375,114.31153106689452
2022-12-05,8507.33984375,85.38322448730469,39.1794319152832,238.91000366210935,14447.6103515625,114.06905364990234
2022-12-06,8385.16015625,85.90768432617188,38.977630615234375,240.5399932861328,14343.1904296875,114.76795196533205
2022-12-07,8369.740234375,86.6594467163086,38.74444961547851,241.22999572753903,14261.1904296875,114.96287536621094
2022-12-08,8433.900390625,86.16990661621094,38.686161041259766,240.25,14264.5595703125,114.65383911132812
2022-12-09,8372.259765625,85.53179931640625,39.06731414794922,238.11000061035156,14370.7197265625,113.79806518554688
2022-12-12,8491.8603515625,85.4094467163086,38.85655212402344,237.80999755859375,14306.6298828125,113.6364288330078
2022-12-13,8554.099609375,86.17864227294922,39.345340728759766,238.38999938964844,14497.8896484375,113.98822784423828
2022-12-14,8503.9697265625,86.41466522216797,39.36328125,237.6300048828125,14460.2001953125,113.74578094482422
2022-12-15,8292.6396484375,86.58282470703125,38.23982620239258,233.61000061035156,13986.23046875,112.28146362304688
2022-12-16,8200.900390625,86.3638687133789,37.767059326171875,232.13999938964844,13893.0703125,111.80127716064452
2022-12-19,8127.56982421875,85.66324615478516,37.83910369873047,231.27000427246097,13942.8701171875,111.53504943847656
2022-12-20,8136.2998046875,85.04139709472656,37.73554992675781,229.3300018310547,13884.66015625,110.80289459228516
2022-12-21,8258.4296875,85.1465072631836,38.37490463256836,229.47000122070312,14097.8203125,110.76483917236328
2022-12-22,8139.06982421875,85.12020111083984,38.03721618652344,228.6699981689453,13914.0703125,110.44156646728516
2022-12-23,8187.06005859375,84.73485565185547,38.03721618652344,228.13999938964844,13940.9296875,110.08499908447266
2022-12-27,8154.56982421875,84.02546691894531,38.12726211547851,225.8999938964844,13995.099609375,109.21971893310548
2022-12-28,8056.6201171875,83.82401275634766,38.032711029052734,226.0,13925.599609375,109.3195571899414
2022-12-29,8198.3603515625,84.23564910888672,38.31637191772461,227.33999633789065,14071.7197265625,109.70940399169922
2022-12-30,8178.02001953125,83.88533020019531,37.94265365600586,226.16000366210935,13923.58984375,109.3670883178711
2023-01-02,,,38.38841247558594,227.5099945068359,14069.259765625,109.8567886352539
2023-01-03,8145.60009765625,84.54218292236328,38.586517333984375,228.66000366210935,14181.669921875,110.33222198486328
2023-01-04,8207.419921875,85.19027709960938,39.1988639831543,231.3999938964844,14490.7802734375,111.20700073242188
2023-01-05,8113.14990234375,85.06768035888672,39.08629608154297,230.47000122070312,14436.3095703125,110.8742218017578
2023-01-06,8298.6103515625,86.16243743896484,39.581573486328125,232.27000427246097,14610.01953125,111.62538146972656
2023-01-09,8293.7998046875,86.38137817382812,39.83821868896485,232.32000732421875,14792.830078125,111.53028106689452
2023-01-10,8351.6796875,85.83840942382812,39.63560485839844,231.11000061035156,14774.599609375,110.90271759033205
2023-01-11,8459.1796875,86.39014434814453,39.82020950317383,233.5500030517578,14947.91015625,111.76799774169922
2023-01-12,8489.080078125,87.16085052490234,40.03633499145508,234.55999755859375,15058.2998046875,112.25767517089844
2023-01-13,8523.3203125,86.69666290283203,40.27496337890625,234.6499938964844,15086.51953125,112.34803009033205
2023-01-16,,,40.45506286621094,234.55999755859375,15134.0400390625,112.262451171875
2023-01-17,8506.0302734375,86.42518615722656,40.608154296875,236.42999267578125,15187.0703125,113.0136260986328
2023-01-18,8373.66015625,87.5987319946289,40.68018341064453,238.38999938964844,15181.7998046875,113.47954559326172
2023-01-19,8310.75,87.43236541748047,40.067848205566406,237.75,14920.3603515625,113.12297821044922
2023-01-20,8468.150390625,86.85433197021484,40.20743179321289,235.02000427246097,15033.5595703125,112.27671813964844
2023-01-23,8568.76953125,86.57405853271484,40.42805480957031,234.36000061035156,15102.9501953125,112.0342254638672
2023-01-24,8562.8701171875,87.07328796386719,40.36501693725586,235.5399932861328,15093.1103515625,112.3813018798828
2023-01-25,8561.400390625,87.16960144042969,40.27046203613281,235.11000061035156,15081.6396484375,112.35276794433594
2023-01-26,8656.259765625,86.85433197021484,40.40103530883789,234.07000732421875,15132.849609375,112.02473449707033
2023-01-27,8678.009765625,86.72294616699219,40.54962158203125,233.38999938964844,15150.0302734375,111.84406280517578
2023-01-30,8566.2802734375,86.45146179199219,40.4505615234375,231.6499938964844,15126.080078125,111.14520263671876
2023-01-31,8691.8798828125,86.88937377929688,40.35599899291992,232.5,15128.26953125,111.50174713134766
2023-02-01,8782.76953125,87.5142822265625,40.2974739074707,232.25,15180.740234375,111.43045043945312
2023-02-02,8912.349609375,87.47916412353516,40.88280487060547,237.77999877929688,15509.1904296875,113.29886627197266
2023-02-03,8820.4697265625,86.54003143310547,41.035888671875,235.42999267578125,15476.4296875,112.2671890258789
2023-02-06,8766.900390625,85.79398345947266,40.693695068359375,233.5399932861328,15345.91015625,111.52079010009766
2023-02-07,8879.91015625,85.58333587646484,40.78375244140625,232.88999938964844,15320.8798828125,111.31159210205078
2023-02-08,8781.7900390625,85.89933013916016,40.89630889892578,231.97000122070312,15412.0498046875,110.9407730102539
2023-02-09,8705.580078125,85.51314544677734,41.14393615722656,233.1499938964844,15523.419921875,111.32585144042967
2023-02-10,8726.4697265625,85.10061645507812,40.76123809814453,231.82000732421875,15307.98046875,110.85992431640624
2023-02-13,8827.7197265625,85.30250549316406,41.13945007324219,231.83999633789065,15397.33984375,110.7173080444336
2023-02-14,8826.3203125,84.91631317138672,41.14845275878906,230.63999938964844,15380.5595703125,110.1515655517578
2023-02-15,8853.01953125,84.66179656982422,41.337554931640625,229.57000732421875,15506.33984375,109.92483520507812
2023-02-16,8731.75,84.38091278076172,41.396087646484375,229.7100067138672,15533.6396484375,109.91529083251952
2023-02-17,8709.2099609375,84.61791229248047,41.31504440307617,230.02000427246097,15482.0,110.07727813720705
2023-02-20,,,41.38258361816406,229.82000732421875,15477.5498046875,110.00105285644533
2023-02-21,8534.73046875,83.69633483886719,41.27001953125,228.1699981689453,15397.6201171875,109.45316314697266
2023-02-22,8521.4501953125,83.8455581665039,41.17097091674805,228.44000244140625,15399.8896484375,109.65802764892578
2023-02-23,8567.5703125,84.17027282714844,41.17546463012695,229.57000732421875,15475.6904296875,109.95816802978516
2023-02-24,8477.66015625,83.66121673583984,40.70720291137695,228.33999633789065,15209.740234375,109.43411254882812
2023-02-27,8504.759765625,83.915771484375,41.24299621582031,227.80999755859375,15381.4296875,109.07678985595705
2023-02-28,8479.7998046875,84.04737854003906,41.06740951538086,226.69000244140625,15365.1396484375,108.56224060058594
2023-03-01,8440.25,83.37548065185547,40.819766998291016,225.0800018310547,15305.01953125,108.0239028930664
2023-03-02,8505.5498046875,83.03248596191406,41.03139114379883,224.52999877929688,15327.6396484375,107.77139282226562
2023-03-03,8643.6103515625,83.70088195800781,41.418601989746094,225.3800048828125,15578.3896484375,107.89051818847656
2023-03-06,8649.8798828125,83.55138397216797,41.36907958984375,224.9900054931641,15653.580078125,107.73802947998048
2023-03-07,8517.5400390625,83.56015014648438,41.044898986816406,225.4900054931641,15559.5302734375,108.02865600585938
2023-03-08,8530.330078125,83.53377532958984,41.08991622924805,226.47000122070312,15631.8701171875,108.24781799316406
2023-03-09,8374.25,84.05267333984375,40.99986267089844,227.0500030517578,15633.2099609375,108.4622039794922
2023-03-10,8253.650390625,85.60057830810547,40.46855926513672,228.80999755859375,15427.9697265625,109.51988220214844
2023-03-13,8241.3896484375,86.63837432861328,39.41498565673828,232.4600067138672,14959.4697265625,111.50176239013672
2023-03-14,8379.16015625,85.8204574584961,40.067848205566406,229.9499969482422,15232.830078125,110.18685913085938
2023-03-15,8320.9599609375,87.06056213378906,38.86191177368164,235.1300048828125,14735.259765625,113.01204681396484
2023-03-16,8468.330078125,86.27777862548828,39.40385055541992,233.30999755859375,14967.099609375,112.00202178955078
2023-03-17,8375.2099609375,87.2979965209961,38.95675277709961,235.6699981689453,14768.2001953125,113.1930923461914
2023-03-20,8449.98046875,86.94620513916016,39.28643035888672,236.3500061035156,14933.3798828125,113.27407836914062
2023-03-21,8560.3095703125,86.1898422241211,39.7832145690918,233.5399932861328,15195.33984375,111.7876434326172
2023-03-22,8420.01953125,87.32437896728516,39.8825798034668,232.4600067138672,15216.1904296875,111.30644989013672
2023-03-23,8445.8701171875,87.82568359375,39.81032180786133,235.1199951171875,15210.3896484375,112.60232543945312
2023-03-24,8493.5498046875,87.8520736694336,39.33612060546875,236.33999633789065,14957.23046875,113.25025939941406
2023-03-27,8507.5400390625,86.77030944824219,39.72450256347656,234.75,15127.6796875,112.29741668701172
2023-03-28,8494.349609375,86.717529296875,39.71095657348633,233.61000061035156,15142.01953125,111.90673065185548
2023-03-29,8615.2900390625,86.56800842285156,40.23032760620117,233.38999938964844,15328.7802734375,111.66375732421876
2023-03-30,8665.7001953125,86.699951171875,40.66387939453125,232.02999877929688,15522.400390625,111.12539672851562
2023-03-31,8791.1298828125,87.17488098144531,40.90776062011719,233.4900054931641,15628.83984375,111.70662689208984
2023-04-03,8823.66015625,87.58550262451172,40.898719787597656,234.33999633789065,15580.919921875,112.2021255493164
2023-04-04,8773.3095703125,88.14949035644531,40.83097839355469,234.1300048828125,15603.4697265625,112.13541412353516
2023-04-05,8752.5400390625,88.51961517333984,40.89420318603515,235.6199951171875,15520.169921875,112.75477600097656
2023-04-06,8785.7001953125,88.54605102539062,41.12904739379883,235.5399932861328,15597.8896484375,112.80241394042967
2023-04-10,8794.650390625,87.67362213134766,,,,
2023-04-11,8794.2900390625,87.63839721679688,41.318721771240234,233.32000732421875,15655.169921875,111.8400421142578
2023-04-12,8758.1103515625,87.89393615722656,41.41356658935547,232.1199951171875,15703.599609375,111.2254638671875
2023-04-13,8875.650390625,87.60314178466797,41.61228561401367,232.0500030517578,15729.4599609375,111.2159194946289
2023-04-14,8857.3095703125,87.17134857177734,41.85163497924805,230.97999572753903,15807.5,110.70614624023438
2023-04-17,8886.759765625,86.61614990234375,41.80648040771485,230.4199981689453,15789.5302734375,110.42029571533205
2023-04-18,8894.349609375,86.75713348388672,42.02326202392578,230.4499969482422,15882.669921875,110.38694763183594
2023-04-19,8893.599609375,86.57211303710938,41.96905517578125,229.6699981689453,15895.2001953125,110.05823516845705
2023-04-20,8841.6201171875,87.07441711425781,41.89228820800781,230.6499938964844,15795.9697265625,110.5870590209961
2023-04-21,8849.759765625,86.86290740966797,42.063907623291016,230.0800018310547,15881.66015625,110.30596160888672
2023-04-24,8857.2998046875,87.28590393066406,42.10003280639648,229.92999267578125,15863.9501953125,110.27738189697266
2023-04-25,8717.6298828125,88.14949035644531,41.97809600830078,232.02999877929688,15872.1298828125,111.2445068359375
2023-04-26,8684.1904296875,87.80581665039062,41.643898010253906,232.02000427246097,15795.73046875,111.22068786621094
2023-04-27,8854.3203125,87.23304748535156,41.69808197021485,230.6300048828125,15800.4501953125,110.67757415771484
2023-04-28,8928.349609375,87.8851547241211,42.000675201416016,233.2899932861328,15922.3798828125,111.79239654541016
2023-05-01,8924.919921875,86.85073852539062,,,,
2023-05-02,8821.58984375,87.98139190673828,41.49937438964844,234.1300048828125,15726.9404296875,112.3974609375
2023-05-03,8759.9501953125,88.55558013916016,41.70711898803711,234.44000244140625,15815.0595703125,112.34981536865234
2023-05-04,8697.6796875,88.53792572021484,41.50389862060547,235.42999267578125,15734.240234375,113.0692138671875
2023-05-05,8858.8603515625,88.06092071533203,41.97357940673828,233.72000122070312,15961.01953125,112.2116470336914
2023-05-08,8863.009765625,87.52206420898438,42.15873718261719,233.0500030517578,15952.830078125,111.95914459228516
2023-05-09,8823.0498046875,87.41605377197266,41.996150970458984,232.6300048828125,15955.48046875,111.82575225830078
2023-05-10,8862.849609375,88.06974029541016,41.82003402709961,233.61000061035156,15896.23046875,112.22117614746094
2023-05-11,8849.6904296875,88.3966064453125,41.86518478393555,235.0800018310547,15834.91015625,112.7976303100586
2023-05-12,8837.6796875,87.86656188964844,42.077449798583984,234.16000366210935,15913.8203125,112.44032287597656
2023-05-15,8865.0302734375,87.67223358154297,42.18584060668945,233.6699981689453,15917.240234375,112.21918487548828
2023-05-16,8808.9501953125,87.38957977294922,41.996150970458984,232.80999755859375,15897.9296875,111.75613403320312
2023-05-17,8915.4296875,87.10691833496094,41.94197082519531,233.1300048828125,15951.2998046875,111.77044677734376
2023-05-18,9001.25,86.56804656982422,42.14518356323242,231.08999633789065,16163.3603515625,110.9875946044922
2023-05-19,8988.4599609375,86.24122619628906,42.425201416015625,231.77999877929688,16275.3798828125,111.25012969970705
2023-05-22,8990.8896484375,86.08222198486328,42.438751220703125,231.08999633789065,16223.990234375,110.92076110839844
2023-05-23,8890.16015625,86.22356414794922,42.19939422607422,230.88999938964844,16152.8603515625,110.80142211914062
2023-05-24,8825.259765625,86.00271606445312,41.43614959716797,230.9900054931641,15842.1298828125,110.9350814819336
2023-05-25,8902.83984375,85.4638671875,41.2690544128418,230.1499938964844,15793.7998046875,110.5245361328125
2023-05-26,9019.6396484375,85.62287902832031,41.783897399902344,229.75,15983.9697265625,110.20948791503906
2023-05-29,,,41.71615982055664,231.58999633789065,15952.73046875,111.02579498291016
2023-05-30,9020.3896484375,86.29421997070312,41.332275390625,233.4900054931641,15908.91015625,111.77523040771484
2023-05-31,8967.16015625,86.62103271484375,40.88517379760742,234.77000427246097,15664.01953125,112.33374786376952
2023-06-01,9057.169921875,86.86190032958984,41.250980377197266,235.6699981689453,15853.66015625,112.65837097167967
2023-06-02,9189.33984375,86.17127227783203,41.84260940551758,234.97000122070312,16051.23046875,112.06166076660156
2023-06-05,9171.08984375,86.14469909667969,41.65292739868164,233.72999572753903,15963.8896484375,111.56040954589844
2023-06-06,9192.91015625,86.19779968261719,41.83808135986328,233.9199981689453,15992.4404296875,111.67498779296876
2023-06-07,9158.1396484375,85.56913757324219,41.761322021484375,232.25,15960.5595703125,110.96849060058594
2023-06-08,9215.8603515625,86.14469909667969,41.765838623046875,232.9199981689453,15989.9599609375,111.1928482055664
2023-06-09,9226.7001953125,85.83479309082031,41.68905258178711,233.9499969482422,15949.83984375,111.5126953125
2023-06-12,9312.7197265625,85.97645568847656,41.72970199584961,234.3699951171875,16097.8701171875,111.5317840576172
2023-06-13,9377.650390625,85.36551666259766,42.00519180297851,233.57000732421875,16230.6796875,111.06394958496094
2023-06-14,9387.5400390625,85.48060607910156,42.16325759887695,233.19000244140625,16310.7900390625,110.95416259765624
2023-06-15,9503.5302734375,86.14469909667969,42.099700927734375,232.19000244140625,16290.1201171875,110.4004364013672
2023-06-16,9468.8095703125,85.77278137207031,42.323524475097656,233.22000122070312,16357.6298828125,110.67251586914062
2023-06-19,,,41.89873504638672,231.9900054931641,16201.2001953125,110.23811340332033
2023-06-20,9424.01953125,86.02959442138672,41.629241943359375,233.8699951171875,16111.3203125,111.07350158691406
2023-06-21,9375.2099609375,86.10929107666016,41.42826461791992,233.38999938964844,16023.1298828125,110.88256072998048
2023-06-22,9410.830078125,85.6222915649414,41.250125885009766,232.13999938964844,15988.16015625,110.38611602783205
2023-06-23,9338.83984375,85.97645568847656,41.07198715209961,234.5800018310547,15829.9404296875,111.47449493408205
2023-06-26,9297.1201171875,86.18898010253906,41.06285858154297,235.52999877929688,15813.0595703125,111.79432678222656
2023-06-27,9403.6201171875,85.88788604736328,41.094825744628906,234.52999877929688,15846.8603515625,111.3742446899414
2023-06-28,9400.2998046875,86.23321533203125,41.38258743286133,235.17999267578125,15949.0,111.77044677734376
2023-06-29,9443.4599609375,85.34778594970703,41.43282699584961,233.3000030517578,15946.7197265625,110.99712371826172
2023-06-30,9559.669921875,85.53375244140625,41.9170036315918,233.7400054931641,16147.900390625,111.202392578125
2023-07-03,9571.349609375,85.1627197265625,41.83479309082031,232.6300048828125,16081.0400390625,110.84915161132812
2023-07-04,,,41.87588882446289,232.13999938964844,16039.169921875,110.72502899169922
2023-07-05,9553.6904296875,84.75442504882812,41.55159759521485,232.17999267578125,15937.580078125,110.6056900024414
2023-07-06,9478.73046875,84.06212615966797,40.56498718261719,229.08999633789065,15528.5400390625,109.34066772460938
2023-07-07,9453.099609375,83.95561981201172,40.65177917480469,229.5500030517578,15603.400390625,109.52684020996094
2023-07-10,9475.900390625,84.39051818847656,40.752254486083984,229.2599945068359,15673.16015625,109.345458984375
2023-07-11,9539.9501953125,84.56804656982422,41.021751403808594,228.8500061035156,15790.33984375,109.3502197265625
2023-07-12,9610.8701171875,85.39350891113281,41.656646728515625,230.94000244140625,16023.0,110.1283187866211
2023-07-13,9693.2998046875,86.10353088378906,41.92156219482422,232.7599945068359,16141.0302734375,110.87779235839844
2023-07-14,9683.6904296875,85.67749786376953,41.88045883178711,232.38999938964844,16105.0703125,110.66297149658205
2023-07-17,9721.0302734375,85.81954956054688,41.606407165527344,232.6699981689453,16068.650390625,110.86345672607422
2023-07-18,9790.2001953125,85.91716766357422,41.88959503173828,234.86000061035156,16125.490234375,111.63680267333984
2023-07-19,9813.4599609375,86.21005249023438,41.96723937988281,233.8699951171875,16108.9296875,111.25492095947266
2023-07-20,9748.099609375,85.52664947509766,42.1773567199707,233.19000244140625,16204.2197265625,110.92552185058594
2023-07-21,9751.259765625,85.59766387939453,42.28697967529297,233.6999969482422,16177.2197265625,111.15943145751952
2023-07-24,9790.759765625,85.39350891113281,42.32808303833008,234.4499969482422,16190.9501953125,111.46971893310548
2023-07-25,9818.490234375,85.23372650146484,42.551910400390625,234.1199951171875,16211.58984375,111.4267578125
2023-07-26,9817.1103515625,85.52664947509766,42.28697967529297,233.17999267578125,16131.4599609375,110.89688873291016
2023-07-27,9754.7197265625,84.59468078613281,42.8442268371582,233.6699981689453,16406.029296875,111.15943145751952
2023-07-28,9852.009765625,84.86982727050781,42.793983459472656,233.30999755859375,16469.75,111.04009246826172
2023-07-31,9866.76953125,84.97636413574219,42.82139205932617,233.32000732421875,16446.830078125,111.0687255859375
2023-08-01,9840.7099609375,84.47981262207031,42.38747024536133,232.05999755859375,16240.400390625,110.54840850830078
2023-08-02,9704.6298828125,84.31075286865234,41.90330123901367,232.3500061035156,16020.01953125,110.7202606201172
2023-08-03,9680.3603515625,83.68787384033203,41.652076721191406,231.72000122070312,15893.3798828125,110.44816589355467
2023-08-04,9629.76953125,84.57769775390625,41.77083587646485,232.0099945068359,15951.8603515625,110.58660125732422
2023-08-07,9716.91015625,84.3730239868164,41.82108688354492,231.5800018310547,15950.759765625,110.47679901123048
2023-08-08,9676.0,84.80015563964844,41.697757720947266,233.6999969482422,15774.9296875,111.31696319580078
2023-08-09,9608.73046875,84.85355377197266,41.894168853759766,233.22000122070312,15852.580078125,111.12600708007812
2023-08-10,9612.3603515625,84.20396423339844,42.245872497558594,232.88999938964844,15996.51953125,110.89688873291016
2023-08-11,9603.4501953125,83.75908660888672,41.76170349121094,231.2599945068359,15832.169921875,110.2142562866211
2023-08-14,9659.259765625,83.62557983398438,41.83479309082031,230.8699951171875,15904.25,110.0662612915039
2023-08-15,9549.169921875,83.4654312133789,41.43282699584961,230.0,15767.2802734375,109.77986145019533
2023-08-16,9478.5400390625,83.1451187133789,41.423702239990234,230.3699951171875,15789.4501953125,109.92321014404295
2023-08-17,9407.26953125,83.03827667236328,41.04458236694336,229.4499969482422,15676.900390625,109.6217803955078
2023-08-18,9406.5,83.28743743896484,40.82077407836914,230.9499969482422,15574.259765625,110.16725158691406
2023-08-21,9471.3896484375,82.77136993408203,40.86644744873047,229.44000244140625,15603.2802734375,109.57391357421876
2023-08-22,9445.2197265625,82.80694580078125,41.11766815185547,230.72999572753903,15705.6201171875,110.00456237792967
2023-08-23,9549.73046875,83.7056655883789,41.27753448486328,233.0399932861328,15728.41015625,111.01895141601562
2023-08-24,9421.4697265625,83.39421844482422,41.11766815185547,233.1699981689453,15621.490234375,111.0859375
2023-08-25,9485.8896484375,83.36752319335938,41.13593673706055,232.47000122070312,15631.8203125,110.84190368652344
2023-08-28,9545.4404296875,83.5988998413086,41.588134765625,232.3500061035156,15792.6103515625,110.6744384765625
2023-08-29,9684.2197265625,84.19506072998047,41.88502883911133,233.52999877929688,15930.8798828125,111.17206573486328
2023-08-30,9722.9599609375,84.18617248535156,41.80280685424805,232.9600067138672,15891.9296875,110.94717407226562
2023-08-31,9709.6796875,84.3552474975586,41.716026306152344,234.16000366210935,15947.080078125,111.47351837158205
2023-09-01,9727.6396484375,83.83960723876953,41.72515869140625,232.83999633789065,15840.33984375,110.96631622314452
2023-09-04,,,41.68861770629883,232.08999633789065,15824.849609375,110.76056671142578
2023-09-05,9687.259765625,83.33111572265625,41.606407165527344,231.47999572753903,15771.7099609375,110.49261474609376
2023-09-06,9619.98046875,83.11700439453125,41.368892669677734,230.41000366210935,15741.3701171875,110.0380630493164
2023-09-07,9590.400390625,83.4024658203125,41.35974884033203,231.3800048828125,15718.66015625,110.40648651123048
2023-09-08,9604.76953125,83.4203109741211,41.446533203125,231.63999938964844,15740.2998046875,110.48783111572266
2023-09-11,9669.3603515625,83.27758026123047,41.57899856567383,230.92999267578125,15800.990234375,110.28206634521484
2023-09-12,9614.66015625,83.39356231689453,41.46480941772461,230.75,15715.5302734375,110.19596099853516
2023-09-13,9626.6796875,83.49169921875,41.35974884033203,230.32000732421875,15654.0302734375,110.09068298339844
2023-09-14,9710.5400390625,83.30437469482422,41.96723937988281,231.6499938964844,15805.2900390625,110.54524230957033
2023-09-15,9592.8603515625,83.0456314086914,42.0822639465332,230.0800018310547,15893.5302734375,110.05719757080078
2023-09-18,9599.9296875,83.12594604492188,41.625701904296875,229.3300018310547,15727.1201171875,109.65048217773438
2023-09-19,9579.26953125,82.8226089477539,41.59341812133789,228.92999267578125,15664.48046875,109.37297058105467
2023-09-20,9489.919921875,82.76017761230469,42.00848007202149,229.77999877929688,15781.58984375,109.7126693725586
2023-09-21,9334.58984375,82.14460754394531,41.43201446533203,228.9499969482422,15571.8603515625,109.4925765991211
2023-09-22,9313.2998046875,82.46577453613281,41.289039611816406,228.92999267578125,15557.2900390625,109.57869720458984
2023-09-25,9350.900390625,81.85916900634766,41.035396575927734,228.11000061035156,15405.490234375,109.25812530517578
2023-09-26,9213.7197265625,81.83238220214844,40.74946975708008,227.6499938964844,15255.8701171875,109.28683471679688
2023-09-27,9216.01953125,81.46663665771484,40.69413375854492,226.94000244140625,15217.4501953125,108.93753814697266
2023-09-28,9271.5498046875,81.68965148925781,40.86937713623047,224.88999938964844,15323.5,108.06189727783205
2023-09-29,9246.740234375,81.70748138427734,41.00773620605469,226.8699951171875,15386.580078125,108.99494171142578
2023-10-02,9247.509765625,81.04472351074219,40.60189056396485,226.0,15247.2099609375,108.49253845214844
2023-10-03,9121.1396484375,80.37388610839844,40.12688064575195,224.80999755859375,15085.2099609375,108.2054443359375
2023-10-04,9195.1396484375,80.88373565673828,40.07615280151367,225.30999755859375,15099.919921875,108.35856628417967
2023-10-05,9184.8095703125,81.0357666015625,40.21450424194336,226.0099945068359,15070.2197265625,108.8131332397461
2023-10-06,9294.8203125,80.56172180175781,40.57883834838867,225.8699951171875,15229.76953125,108.83705139160156
2023-10-09,9353.41015625,81.59033966064453,40.445091247558594,227.7400054931641,15128.1103515625,109.78923797607422
2023-10-10,9402.3095703125,81.4293212890625,41.25675964355469,228.16000366210935,15423.51953125,109.65525817871094
2023-10-11,9443.1298828125,81.87652587890625,41.27521133422851,229.36000061035156,15460.009765625,110.05240631103516
2023-10-12,9385.16015625,81.08943176269531,41.335166931152344,227.94000244140625,15425.0302734375,109.52606964111328
2023-10-13,9338.08984375,81.60820007324219,40.910888671875,228.61000061035156,15186.66015625,109.95191192626952
2023-10-16,9437.3095703125,81.12519073486328,41.05384826660156,227.97999572753903,15237.990234375,109.58348083496094
2023-10-17,9436.3603515625,80.32915496826172,41.00773620605469,226.3000030517578,15251.6904296875,108.8801040649414
2023-10-18,9309.919921875,79.95349884033203,40.54194259643555,225.47000122070312,15094.91015625,108.63128662109376
2023-10-19,9231.73046875,79.5599365234375,40.07615280151367,225.63999938964844,15045.23046875,108.57867431640624
2023-10-20,9115.83984375,80.02505493164062,39.53197479248047,226.27000427246097,14798.4697265625,108.93274688720705
2023-10-23,9100.490234375,80.40070343017578,39.504302978515625,227.1999969482422,14800.7197265625,109.10501098632812
2023-10-24,9166.7998046875,80.54383850097656,39.64264678955078,227.27000427246097,14879.9404296875,109.34903717041016
2023-10-25,9035.400390625,79.83722686767578,39.647254943847656,226.3500061035156,14892.1796875,108.9997329711914
2023-10-26,8928.6298828125,80.44544219970703,39.48584747314453,227.17999267578125,14731.0498046875,109.30118560791016
2023-10-27,8885.9404296875,80.5706558227539,39.149192810058594,227.7899932861328,14687.41015625,109.53084564208984
2023-10-30,8993.4599609375,80.30232238769531,39.324440002441406,228.2599945068359,14716.5400390625,109.5930404663086
2023-10-31,9052.3095703125,80.13236999511719,39.5688591003418,228.5800018310547,14810.33984375,109.76531982421876
2023-11-01,9147.4501953125,81.05532836914062,39.854793548583984,229.5,14923.26953125,110.12896728515624
2023-11-02,9320.5595703125,81.55760955810547,40.51426696777344,230.6699981689453,15143.599609375,110.4591293334961
2023-11-03,9408.5595703125,82.18545532226562,40.564998626708984,232.05999755859375,15189.25,110.9567413330078
2023-11-06,9425.33984375,81.71007537841797,40.44970703125,230.2599945068359,15135.9697265625,110.25816345214844
2023-11-07,9452.2802734375,82.17647552490234,40.39897537231445,231.47999572753903,15152.6396484375,110.72228240966795
2023-11-08,9462.25,82.50834655761719,40.51426696777344,232.3699951171875,15229.599609375,110.99980926513672
2023-11-09,9387.58984375,81.69215393066406,40.878604888916016,231.86000061035156,15352.5400390625,110.79885864257812
2023-11-10,9535.6298828125,81.78182220458984,40.458927154541016,230.77999877929688,15234.3896484375,110.3203582763672
2023-11-13,9528.25,81.73697662353516,40.76791763305664,230.6999969482422,15345.0,110.26293182373048
2023-11-14,9712.009765625,82.96578216552734,41.30287170410156,233.1499938964844,15614.4296875,111.16251373291016
2023-11-15,9729.3095703125,82.31999969482422,41.45967483520508,232.4499969482422,15748.169921875,110.88290405273438
2023-11-16,9743.2197265625,82.93888092041016,41.206031799316406,233.7899932861328,15786.6103515625,111.35791015625
2023-11-17,9755.919921875,82.99267578125,41.63031005859375,233.52000427246097,15919.16015625,111.28594970703124
2023-11-20,9829.01953125,83.10929107666016,41.7271614074707,233.30999755859375,15901.330078125,111.05563354492188
2023-11-21,9809.3896484375,83.21691131591797,41.6856575012207,234.3000030517578,15900.5302734375,111.5642547607422
2023-11-22,9849.740234375,83.18998718261719,41.81478500366211,234.2599945068359,15957.8203125,111.49227142333984
2023-11-23,,,41.9531364440918,233.0800018310547,15994.73046875,111.02205657958984
2023-11-24,9855.83984375,82.7594985961914,42.08687973022461,232.7899932861328,16029.490234375,110.88290405273438
2023-11-27,9836.75,83.38732147216797,41.94391632080078,234.42999267578125,15966.3701171875,111.55945587158205
2023-11-28,9846.4296875,83.7551040649414,41.80556106567383,235.4900054931641,15992.669921875,112.13044738769533
2023-11-29,9838.8203125,84.19457244873047,41.98542785644531,236.8999938964844,16166.4501953125,112.72062683105467
2023-11-30,9879.01953125,83.781982421875,42.17911911010742,236.1999969482422,16215.4296875,112.51431274414062
2023-12-01,9937.8896484375,84.57249450683594,42.644901275634766,238.38999938964844,16397.51953125,113.31560516357422
2023-12-04,9884.169921875,84.22174072265625,42.644901275634766,238.38999938964844,16404.759765625,113.31560516357422
2023-12-05,9878.9697265625,84.81532287597656,42.644901275634766,238.38999938964844,16533.109375,113.31560516357422
2023-12-06,9840.650390625,85.16604614257812,42.644901275634766,238.38999938964844,16656.439453125,113.31560516357422
2023-12-07,9920.6396484375,85.0401611328125,42.90315628051758,241.4900054931641,16628.990234375,114.61593627929688
2023-12-08,9961.5,84.49152374267578,43.23982238769531,239.72000122070312,16759.220703125,113.83863067626952
2023-12-11,10000.6396484375,84.50053405761719,43.33205795288086,239.69000244140625,16794.4296875,113.8674087524414
2023-12-12,10047.0400390625,84.68040466308594,43.2536506652832,240.6000061035156,16791.740234375,114.15530395507812
2023-12-13,10184.3798828125,85.93944549560547,43.21675491333008,241.6699981689453,16766.05078125,114.56315612792967
2023-12-14,10213.6904296875,86.65381622314453,43.59031295776367,243.4499969482422,16752.23046875,115.17733001708984
2023-12-15,10213.48046875,86.5816879272461,43.63163375854492,245.25,16751.439453125,115.8538818359375
2023-12-18,10259.849609375,86.39225769042969,43.46501922607422,244.16000366210935,16650.55078125,115.3644561767578
2023-12-19,10320.8603515625,86.55461883544922,43.63163375854492,245.7100067138672,16744.41015625,115.92105865478516
2023-12-20,10170.509765625,86.97854614257812,43.74272155761719,246.3999938964844,16733.05078125,116.22335052490234
2023-12-21,10275.2998046875,86.84325408935547,43.636268615722656,247.0800018310547,16687.419921875,116.48246002197266
2023-12-22,10292.3701171875,86.76210021972656,43.710323333740234,247.19000244140625,16706.1796875,116.3577117919922
2023-12-26,10335.98046875,86.81619262695312,,,,
2023-12-27,10351.599609375,87.49268341064453,43.79363632202149,248.2599945068359,16742.0703125,116.9670867919922
2023-12-28,10356.58984375,87.158935546875,43.710323333740234,247.1699981689453,16701.55078125,116.7223663330078
2023-12-29,10327.830078125,86.94246673583984,43.807525634765625,246.07000732421875,16751.640625,116.20897674560548
2024-01-02,10269.6904296875,86.61774444580078,43.77974319458008,244.72999572753903,16769.359375,115.64276123046876
2024-01-03,10187.7900390625,86.82522583007812,43.37245178222656,245.63999938964844,16538.390625,116.10338592529295
2024-01-04,10154.2001953125,86.30207824707031,43.70106506347656,243.94000244140625,16617.2890625,115.46043395996094
2024-01-05,10172.75,85.98637390136719,43.57610321044922,243.22999572753903,16594.2109375,115.13414001464844
2024-01-08,10316.51953125,86.2750015258789,43.72883605957031,243.5399932861328,16716.470703125,115.2685089111328
2024-01-09,10302.73046875,86.2389144897461,43.63163375854492,242.4900054931641,16688.359375,114.75988006591795
2024-01-10,10361.26953125,86.10359954833984,43.55759048461914,242.22999572753903,16689.810546875,114.53916931152344
2024-01-11,10354.6904296875,86.56362915039062,43.18269348144531,242.4199981689453,16547.029296875,114.61113739013672
2024-01-12,10363.349609375,86.79814910888672,43.58998489379883,244.07000732421875,16704.560546875,115.2301254272461
2024-01-15,,,43.367820739746094,242.82000732421875,16622.220703125,114.62073516845705
2024-01-16,10324.830078125,86.09458923339844,43.256736755371094,242.5099945068359,16571.6796875,114.66392517089844
2024-01-17,10267.0498046875,85.81500244140625,42.79389953613281,241.1300048828125,16431.689453125,114.0257568359375
2024-01-18,10358.2900390625,85.62554931640625,43.03458023071289,240.7599945068359,16567.349609375,113.82423400878906
2024-01-19,10486.4404296875,85.63459014892578,42.91424179077149,241.0800018310547,16555.130859375,113.80984497070312
2024-01-22,10509.4404296875,85.89616394042969,43.28450775146485,241.7899932861328,16683.359375,114.15530395507812
2024-01-23,10540.3798828125,85.67970275878906,43.1595458984375,240.72000122070312,16627.08984375,113.75704956054688
2024-01-24,10549.0400390625,85.43614959716797,43.69643783569336,240.9199981689453,16889.919921875,113.81463623046876
2024-01-25,10605.1298828125,85.80597686767578,43.80289077758789,242.2100067138672,16906.919921875,114.3040542602539
2024-01-26,10598.23046875,85.65263366699219,44.28424072265625,242.1199951171875,16961.390625,114.2704620361328
2024-01-29,10678.5,86.166748046875,44.3629264831543,243.3999938964844,16941.7109375,114.76949310302734
2024-01-30,10672.9501953125,86.2840347290039,44.46011734008789,242.55999755859375,16972.33984375,114.49597930908205
2024-01-31,10501.3798828125,87.005615234375,44.45549011230469,244.3300018310547,16903.759765625,115.35487365722656
2024-02-01,10633.1396484375,87.54451751708984,44.2610969543457,244.69000244140625,16859.0390625,115.58039855957033
2024-02-02,10747.25,86.40520477294922,44.27960968017578,242.94000244140625,16918.2109375,114.71671295166016
2024-02-05,10713.1103515625,85.5643310546875,44.27035140991211,241.52000427246097,16904.060546875,114.04495239257812
2024-02-06,10738.169921875,86.02548217773438,44.56194305419922,241.8000030517578,17033.240234375,114.19368743896484
2024-02-07,10826.8095703125,85.87173461914062,44.423091888427734,241.52999877929688,16921.9609375,114.1073226928711
2024-02-08,10834.3603515625,85.59144592285156,44.39994812011719,240.69000244140625,16963.830078125,113.73785400390624
2024-02-09,10897.6103515625,85.43770599365234,44.3629264831543,240.11000061035156,16926.5,113.48355102539062
2024-02-12,10887.41015625,85.51908874511719,44.631370544433594,240.6999969482422,17037.349609375,113.64669799804688
2024-02-13,10739.8095703125,84.57874298095703,44.19630432128906,240.2100067138672,16880.830078125,113.38279724121094
2024-02-14,10844.7197265625,84.89521789550781,44.423091888427734,241.4199981689453,16945.48046875,113.75226593017578
2024-02-15,10910.3095703125,85.13030242919922,44.71931076049805,241.38999938964844,17046.689453125,113.59777069091795
2024-02-16,10859.6298828125,84.75959014892578,45.02477264404297,240.69000244140625,17117.439453125,113.2319793701172
2024-02-19,,,45.08494186401367,240.3999938964844,17092.259765625,113.17902374267578
2024-02-20,10794.7998046875,84.90426635742188,45.010894775390625,241.16000366210935,17068.4296875,113.48706817626952
2024-02-21,10808.9296875,84.63298034667969,44.93684005737305,239.72999572753903,17118.119140625,112.9335708618164
2024-02-22,11037.8203125,84.64204406738281,45.3533935546875,240.0,17370.44921875,113.0057601928711
2024-02-23,11041.900390625,85.03083801269531,45.501495361328125,241.57000732421875,17419.330078125,113.5352020263672
2024-02-26,11000.5,84.90426635742188,45.33487701416016,240.1999969482422,17423.23046875,112.98651885986328
2024-02-27,11019.4404296875,84.71436309814453,45.43207550048828,239.8699951171875,17556.490234375,112.81324005126952
2024-02-28,11002.2001953125,85.02181243896484,45.27008056640625,239.88999938964844,17601.220703125,112.81805419921876
2024-02-29,11062.1103515625,85.19359588623047,45.26544952392578,240.8800048828125,17678.189453125,113.24161529541016
2024-03-01,11151.33984375,85.58251953125,45.5662956237793,240.47999572753903,17735.0703125,113.1694107055664
2024-03-04,11138.4296875,85.39212799072266,45.55704116821289,241.1300048828125,17716.169921875,113.28010559082033
2024-03-05,11025.16015625,85.9179458618164,45.464473724365234,242.72000122070312,17698.400390625,113.88655090332033
2024-03-06,11082.650390625,86.12647247314453,45.65423583984375,243.0800018310547,17716.7109375,113.83843231201172
2024-03-07,11198.3896484375,86.27154541015625,46.17724609375,243.7899932861328,17842.849609375,114.0405731201172
2024-03-08,11126.0703125,86.33499908447266,46.14484024047851,244.5800018310547,17814.509765625,114.43042755126952
2024-03-11,11113.6103515625,86.22620391845703,46.010623931884766,243.7400054931641,17746.26953125,114.10794830322266
2024-03-12,11238.4599609375,85.87264251708984,46.4503173828125,243.57000732421875,17965.109375,113.8721160888672
2024-03-13,11217.2998046875,85.68225860595703,46.56139373779297,243.2899932861328,17961.380859375,113.60259246826172
2024-03-14,11187.849609375,85.0476303100586,46.46883392333984,241.9900054931641,17942.0390625,113.1694107055664
2024-03-15,11115.6904296875,84.90257263183594,46.306861877441406,241.75,17936.650390625,113.03465270996094
2024-03-18,11186.0400390625,84.8028564453125,46.269737243652344,241.52999877929688,17932.6796875,112.87580871582033
2024-03-19,11249.23046875,85.0476303100586,46.38111114501953,241.47999572753903,17987.490234375,112.95764923095705
2024-03-20,11350.8896484375,85.24707794189453,46.37647247314453,241.75,18015.130859375,113.09239196777344
2024-03-21,11387.8896484375,85.25615692138672,46.849796295166016,242.4499969482422,18179.25,113.40042877197266
2024-03-22,11372.490234375,85.67318725585938,46.859073638916016,243.52999877929688,18205.939453125,114.02131652832033
2024-03-25,11337.740234375,85.44652557373047,46.89619445800781,242.52000427246097,18261.310546875,113.59294891357422
2024-03-26,11306.009765625,85.57345581054688,46.951881408691406,243.1199951171875,18384.349609375,113.82878875732422
2024-03-27,11404.9501953125,85.89982604980469,47.03540802001953,244.02000427246097,18477.08984375,114.30046844482422
2024-03-28,11418.0302734375,85.81825256347656,47.17462158203125,243.5800018310547,18492.490234375,114.22347259521484
2024-04-01,11395.080078125,85.04175567626953,,,,
2024-04-02,11312.900390625,84.8598861694336,46.756988525390625,241.52999877929688,18283.130859375,113.51593780517578
2024-04-03,11325.7802734375,84.95992279052734,46.905479431152344,241.6300048828125,18367.720703125,113.58815002441406
2024-04-04,11187.490234375,85.25086212158203,46.97971725463867,242.77999877929688,18403.130859375,113.8432388305664
2024-04-05,11311.7001953125,84.68712615966797,46.56208419799805,241.8800048828125,18175.0390625,113.57852172851562
2024-04-08,11307.66015625,84.49618530273438,46.83122634887695,241.3699951171875,18318.970703125,113.25604248046876
2024-04-09,11325.6298828125,84.83261108398438,46.52496337890625,242.83999633789065,18076.689453125,113.7566146850586
2024-04-10,11218.73046875,83.70516204833984,46.58993148803711,241.7599945068359,18097.30078125,113.3089828491211
2024-04-11,11302.5302734375,83.58695983886719,46.432151794433594,240.6499938964844,17954.48046875,112.95764923095705
2024-04-12,11139.3798828125,83.93244171142578,46.54352951049805,242.77999877929688,17930.3203125,113.8961944580078
2024-04-15,11005.6103515625,83.39599609375,46.57136917114258,241.1999969482422,18026.580078125,113.2656707763672
2024-04-16,10982.990234375,83.06867980957031,45.87065505981445,240.33999633789065,17766.23046875,112.9335708618164
2024-04-17,10919.490234375,83.59603881835938,45.87529754638672,240.6199951171875,17770.01953125,113.03946685791016
2024-04-18,10896.0703125,83.30508422851562,46.0377082824707,240.44000244140625,17837.400390625,112.87580871582033
2024-04-19,10801.16015625,83.41419982910156,45.98667526245117,240.32000732421875,17737.359375,112.80842590332033
2024-04-22,10895.4697265625,83.42330932617188,46.362552642822266,240.97000122070312,17860.80078125,112.89025115966795
2024-04-23,11026.0595703125,83.5323715209961,46.905479431152344,240.8300018310547,18137.650390625,112.7891845703125
2024-04-24,11028.4599609375,83.2778091430664,46.71058654785156,239.0399932861328,18088.69921875,112.19236755371094
2024-04-25,10978.2001953125,82.95955657958984,46.38111114501953,238.42999267578125,17917.279296875,111.89875030517578
2024-04-26,11090.4599609375,83.18689727783203,46.94260787963867,239.7100067138672,18161.009765625,112.25972747802734
2024-04-29,11126.2802734375,83.52330017089844,46.98900604248047,240.75,18118.3203125,112.6496124267578
2024-04-30,10951.66015625,83.13230895996094,46.747703552246094,239.6699981689453,17932.169921875,112.1875457763672
2024-05-01,10914.1103515625,83.46155548095703,,,,
2024-05-02,11013.91015625,83.85365295410156,46.627052307128906,240.4600067138672,17896.5,112.48596954345705
2024-05-03,11152.759765625,84.31878662109375,46.849796295166016,241.2599945068359,18001.599609375,112.88544464111328
2024-05-06,11268.23046875,84.39171600341797,47.18390274047851,241.6999969482422,18175.2109375,113.14054107666016
2024-05-07,11283.9599609375,84.610595703125,47.66650390625,242.61000061035156,18430.05078125,113.50633239746094
2024-05-08,11283.91015625,84.37349700927734,47.84284591674805,241.8999938964844,18498.380859375,113.20791625976562
2024-05-09,11343.5498046875,84.62882995605469,48.02845764160156,241.3500061035156,18686.599609375,112.92394256591795
2024-05-10,11364.0400390625,84.3552474975586,48.38113784790039,240.8699951171875,18772.849609375,112.80362701416016
2024-05-13,11361.4599609375,84.45555114746094,48.39970397949219,241.11000061035156,18742.220703125,112.8613739013672
2024-05-14,11418.1201171875,84.70179748535156,48.49250411987305,240.47999572753903,18716.419921875,112.577392578125
2024-05-15,11554.0400390625,85.34016418457031,48.798770904541016,243.02999877929688,18869.359375,113.55624389648438
2024-05-16,11532.3603515625,85.17601013183594,48.73380661010742,242.57000732421875,18738.810546875,113.25191497802734
2024-05-17,11546.2802734375,84.91154479980469,48.687400817871094,241.42999267578125,18704.419921875,112.85098266601562
2024-05-20,11557.83984375,84.78387451171875,48.873023986816406,241.27999877929688,18768.9609375,112.70606994628906
2024-05-21,11587.0498046875,85.00273895263672,48.75237274169922,241.6000061035156,18726.759765625,112.92827606201172
2024-05-22,11555.83984375,84.89328002929688,48.603878021240234,241.1000061035156,18680.19921875,112.6819305419922
2024-05-23,11470.98046875,84.59235382080078,48.622440338134766,239.9499969482422,18691.3203125,112.19403839111328
2024-05-24,11551.5595703125,84.70179748535156,48.52962875366211,240.11000061035156,18693.369140625,112.2906494140625
2024-05-27,,,48.74308776855469,240.9900054931641,18774.7109375,112.61429595947266
2024-05-28,11554.4501953125,84.22756958007812,48.39970397949219,240.11000061035156,18677.869140625,112.30514526367188
2024-05-29,11469.4599609375,83.81719970703125,47.89853286743164,238.61000061035156,18473.2890625,111.5998764038086
2024-05-30,11402.099609375,84.23668670654297,48.18623733520508,239.1499938964844,18496.7890625,111.87039184570312
2024-05-31,11494.7001953125,84.62882995605469,48.34401321411133,239.1699981689453,18497.939453125,111.79792785644533
2024-06-03,11508.8896484375,85.18314361572266,48.53891372680664,240.5399932861328,18608.16015625,112.4259033203125
2024-06-04,11526.8095703125,85.64958953857422,48.28832244873047,241.1000061035156,18405.640625,112.74954223632812
2024-06-05,11663.5498046875,85.96058654785156,48.78949737548828,241.94000244140625,18575.939453125,112.93792724609376
2024-06-06,11661.3701171875,85.92402648925781,49.06791687011719,241.1499938964844,18652.669921875,112.70123291015624
2024-06-07,11650.490234375,85.01846313476562,48.947269439697266,239.69000244140625,18557.26953125,112.13124084472656
2024-06-10,11681.5400390625,84.8355484008789,48.780216217041016,238.02999877929688,18494.890625,111.68199920654295
2024-06-11,11713.2998046875,85.28373718261719,48.33473205566406,238.5800018310547,18369.939453125,112.12640380859376
2024-06-12,11813.169921875,85.75936889648438,48.77092742919922,240.4600067138672,18630.859375,112.8558120727539
2024-06-13,11841.01953125,86.32644653320312,48.17695617675781,240.57000732421875,18265.6796875,113.35336303710938
2024-06-14,11839.26953125,86.52767944335938,47.68506622314453,241.77000427246097,18002.01953125,114.43539428710938
2024-06-17,11931.48046875,86.1252670288086,47.75386047363281,241.3300018310547,18068.2109375,113.97650146484376
2024-06-18,11961.9296875,86.500244140625,48.08255386352539,241.91000366210935,18131.970703125,114.08759307861328
2024-06-19,,,48.02620315551758,241.3699951171875,18067.91015625,114.07310485839844
2024-06-20,11931.7998046875,86.28072357177734,48.43002700805664,241.2400054931641,18254.1796875,113.91371154785156
2024-06-21,11913.7802734375,86.29901123046875,48.05437469482422,241.38999938964844,18163.51953125,114.08277130126952
2024-06-24,11878.0400390625,86.37218475341797,48.458194732666016,241.5099945068359,18325.580078125,113.94751739501952
2024-06-25,11924.75,86.44539642333984,48.31732940673828,241.72000122070312,18177.619140625,114.01514434814452
2024-06-26,11943.5302734375,85.92402648925781,48.04499053955078,240.69000244140625,18155.240234375,113.73497772216795
2024-06-27,11954.5,86.1160888671875,47.85716247558594,240.42999267578125,18210.55078125,113.78810119628906
2024-06-28,11907.150390625,85.65875244140625,47.77264022827149,240.08999633789065,18235.44921875,113.54657745361328
2024-07-01,11939.3798828125,85.0210952758789,47.90412139892578,238.67999267578125,18290.66015625,112.63360595703124
2024-07-02,12013.400390625,85.34220886230469,47.70690155029297,238.97000122070312,18164.060546875,112.58531188964844
2024-07-03,12074.830078125,85.91102600097656,48.04499053955078,240.13999938964844,18374.529296875,112.94760131835938
2024-07-04,,,48.35489654541016,239.7400054931641,18450.48046875,112.73988342285156
2024-07-05,12142.5400390625,86.3881607055664,48.279762268066406,240.82000732421875,18475.44921875,113.17947387695312
2024-07-08,12155.26953125,86.41564178466797,48.260982513427734,241.52000427246097,18472.05078125,113.271240234375
2024-07-09,12164.5703125,86.29637908935547,47.800819396972656,240.36000061035156,18236.189453125,112.9765853881836
2024-07-10,12290.2099609375,86.37896728515625,48.279762268066406,241.6199951171875,18407.220703125,113.3437042236328
2024-07-11,12182.9697265625,86.92943572998047,48.52393341064453,242.9600067138672,18534.560546875,113.89920806884766
2024-07-12,12250.1904296875,87.11292266845703,48.984100341796875,242.57000732421875,18748.1796875,113.72531127929688
2024-07-15,12286.0498046875,86.83768463134766,48.458194732666016,243.22999572753903,18590.890625,113.95233917236328
2024-07-16,12364.5595703125,87.22303771972656,48.33611297607422,243.8800048828125,18518.029296875,114.2373504638672
2024-07-17,12192.490234375,87.29642486572266,48.1295051574707,243.9600067138672,18437.30078125,114.30979919433594
2024-07-18,12097.25,87.04872131347656,47.98863983154297,244.22999572753903,18354.759765625,114.4547348022461
2024-07-19,12011.6103515625,86.77348327636719,47.641170501708984,243.1000061035156,18171.9296875,114.0586166381836
2024-07-22,12141.75,86.69087219238281,48.10133743286133,242.86000061035156,18407.0703125,113.81708526611328
2024-07-23,12122.830078125,86.75511169433594,48.18585968017578,243.4600067138672,18557.69921875,114.26150512695312
2024-07-24,11842.3603515625,86.56244659423828,47.875953674316406,243.1999969482422,18387.4609375,114.26150512695312
2024-07-25,11781.5703125,86.75511169433594,47.5566520690918,243.77000427246097,18298.720703125,114.5754852294922
2024-07-26,11913.0400390625,87.16796112060547,47.94168472290039,244.02000427246097,18417.55078125,114.70591735839844
2024-07-29,11922.8896484375,87.31476593017578,47.81020736694336,244.9199981689453,18320.669921875,114.95709991455078
2024-07-30,11863.7998046875,87.4982681274414,48.01681137084961,245.1000061035156,18411.1796875,115.15998077392578
2024-07-31,12052.08984375,88.14047241210938,48.41123962402344,245.94000244140625,18508.650390625,115.47879791259766
2024-08-01,11887.5400390625,88.51685333251953,47.697513580322266,246.6000061035156,18083.05078125,116.01498413085938
2024-08-02,11669.1796875,89.88800048828125,46.551795959472656,247.5500030517578,17661.220703125,116.6912612915039
2024-08-05,11319.9599609375,89.98003387451172,45.523468017578125,246.9600067138672,17339.0,116.44973754882812
2024-08-06,11437.3203125,89.17943572998047,45.65494155883789,247.07000732421875,17354.3203125,116.40625
2024-08-07,11349.240234375,88.85731506347656,46.35458755493164,246.1000061035156,17615.150390625,115.8410873413086
2024-08-08,11610.83984375,88.59046173095703,46.425018310546875,246.2400054931641,17680.400390625,115.9763412475586
2024-08-09,11666.490234375,88.94934844970703,46.71144485473633,247.1300048828125,17722.880859375,116.26616668701172
2024-08-12,11668.58984375,89.19783782958984,46.68327713012695,247.07000732421875,17726.470703125,116.2275390625
2024-08-13,11865.2900390625,89.59352111816406,46.94622421264648,248.0800018310547,17812.05078125,116.60914611816406
2024-08-14,11911.01953125,89.71315002441406,47.181007385253906,248.22999572753903,17885.599609375,116.62362670898438
2024-08-15,12106.6796875,89.15180969238281,47.819602966308594,246.8500061035156,18183.240234375,115.92804718017578
2024-08-16,12132.48046875,89.32666778564453,47.90412139892578,246.86000061035156,18322.400390625,115.8994598388672
2024-08-19,12251.740234375,89.4462890625,48.21402740478515,247.1000061035156,18421.689453125,115.97220611572266
2024-08-20,12227.7998046875,89.80516815185547,47.96985626220703,247.77999877929688,18357.51953125,116.32135009765624
2024-08-21,12280.1796875,89.98922729492188,48.1295051574707,248.22000122070312,18448.94921875,116.38923645019533
2024-08-22,12170.7099609375,89.5750961303711,48.29853820800781,247.5,18493.390625,116.15162658691406
2024-08-23,12310.6298828125,89.98922729492188,48.5521125793457,248.0500030517578,18633.099609375,116.27285766601562
2024-08-26,12272.080078125,89.8787841796875,48.54271697998047,247.6199951171875,18617.01953125,116.10797882080078
2024-08-27,12292.6396484375,89.84200286865234,48.58967208862305,246.7899932861328,18681.810546875,115.89460754394533
2024-08-28,12219.23046875,89.79595947265625,48.76810073852539,247.1199951171875,18782.2890625,116.0061492919922
2024-08-29,12219.3798828125,89.63953399658203,49.18131637573242,247.02000427246097,18912.5703125,115.9818878173828
2024-08-30,12344.4296875,89.32666778564453,49.20009231567383,246.5800018310547,18906.919921875,115.83641815185548
2024-09-02,,,49.20009231567383,246.0500030517578,18930.849609375,115.49696350097656
2024-09-03,12084.5703125,89.91551208496094,48.74932098388672,246.97999572753903,18747.109375,116.0158462524414
2024-09-04,12065.6904296875,90.44159698486328,48.25159454345703,248.3300018310547,18591.849609375,116.5250244140625
2024-09-05,12029.7197265625,90.65390014648438,47.98863983154297,248.6000061035156,18576.5,116.48138427734376
2024-09-06,11823.5703125,90.78309631347656,47.472129821777344,249.1199951171875,18301.900390625,116.93238067626952
2024-09-09,11961.740234375,90.9123077392578,47.885345458984375,249.27999877929688,18443.560546875,116.8790283203125
2024-09-10,12015.5703125,91.29997253417967,47.594215393066406,249.80999755859375,18265.919921875,117.20877075195312
2024-09-11,12143.849609375,91.23535919189452,47.5754280090332,250.75,18330.26953125,117.65007781982422
2024-09-12,12235.0595703125,91.0876922607422,47.98863983154297,250.0500030517578,18518.390625,117.15542602539062
2024-09-13,12303.259765625,91.2630386352539,48.33611297607422,250.25,18699.400390625,117.22332763671876
2024-09-16,12321.2099609375,91.50302124023438,48.26176834106445,250.7400054931641,18633.109375,117.46094512939452
2024-09-17,12324.75,91.33688354492188,48.44185256958008,250.2400054931641,18726.080078125,117.22332763671876
2024-09-18,12289.259765625,90.94001007080078,48.20490646362305,249.25,18711.490234375,116.7626495361328
2024-09-19,12498.58984375,90.86617279052734,48.877838134765625,249.4499969482422,19002.380859375,116.92267608642578
2024-09-20,12474.4404296875,90.8384780883789,48.13855743408203,248.97999572753903,18720.009765625,116.69960021972656
2024-09-23,12509.6103515625,90.78309631347656,48.384979248046875,249.67999267578125,18846.7890625,117.0196533203125
2024-09-24,12541.08984375,90.8846435546875,48.66931915283203,250.4600067138672,18996.630859375,117.50944519042967
2024-09-25,12517.8203125,90.51544952392578,48.650367736816406,249.4199981689453,18918.5,117.14574432373048
2024-09-26,12569.1298828125,90.45083618164062,49.24747467041016,250.0099945068359,19238.359375,117.286376953125
2024-09-27,12553.7802734375,90.810791015625,49.50337600708008,250.63999938964844,19473.630859375,117.51428985595705
2024-09-30,12608.0703125,90.56157684326172,49.01052474975586,250.6000061035156,19324.9296875,117.45610809326172
2024-10-01,12490.8701171875,90.89112854003906,48.79253387451172,252.3500061035156,19213.140625,118.29988861083984
2024-10-02,12493.349609375,90.6319351196289,48.83992767333984,251.47999572753903,19164.75,117.8876953125
2024-10-03,12472.3896484375,90.16909790039062,48.384979248046875,250.61000061035156,19015.41015625,117.4948959350586
2024-10-04,12586.91015625,89.29898834228516,48.584014892578125,249.5500030517578,19120.9296875,116.90813446044922
2024-10-07,12466.41015625,88.97501373291016,48.70723342895508,248.7100067138672,19104.099609375,116.54927825927734
2024-10-08,12587.25,89.04904174804688,48.432376861572266,248.8000030517578,19066.470703125,116.5589599609375
2024-10-09,12677.16015625,88.7157974243164,48.74513626098633,248.66000366210935,19254.9296875,116.47167205810548
2024-10-10,12652.83984375,88.7065658569336,48.66931915283203,248.91000366210935,19210.900390625,116.4571304321289
2024-10-11,12729.51953125,88.73433685302734,48.92522811889648,248.4900054931641,19373.830078125,116.39409637451172
2024-10-14,12827.6298828125,88.57696533203125,49.209564208984375,248.6000061035156,19508.2890625,116.36984252929688
2024-10-15,12731.099609375,89.03052520751953,48.82096862792969,249.8999938964844,19486.189453125,116.76749420166016
2024-10-16,12790.83984375,89.16938781738281,48.7261848449707,250.80999755859375,19432.810546875,117.1942367553711
2024-10-17,12788.7802734375,88.7065658569336,49.124271392822266,250.72999572753903,19583.390625,117.0681610107422
2024-10-18,12840.2998046875,88.80838775634766,49.21904373168945,251.3800048828125,19657.369140625,117.30091094970705
2024-10-21,12817.3896484375,88.12338256835938,48.877838134765625,249.1499938964844,19461.189453125,116.49592590332033
2024-10-22,12811.3603515625,88.04008483886719,48.77358627319336,248.5500030517578,19421.91015625,116.20982360839844
2024-10-23,12693.8203125,87.83643341064453,48.63140869140625,248.77000427246097,19377.619140625,116.15162658691406
2024-10-24,12721.0498046875,88.03081512451172,48.63140869140625,249.8699951171875,19443.0,116.72870635986328
2024-10-25,12717.33984375,87.83643341064453,48.65984725952149,249.0399932861328,19463.58984375,116.4425811767578
2024-10-28,12751.2197265625,87.63279724121094,48.85887908935547,249.3500061035156,19531.619140625,116.52017974853516
2024-10-29,12771.7998046875,87.66980743408203,48.5366325378418,248.22000122070312,19478.0703125,116.083740234375
2024-10-30,12729.73046875,87.54020690917969,47.94899368286133,247.5,19257.33984375,115.70548248291016
2024-10-31,12493.740234375,87.49392700195312,47.427711486816406,246.8999938964844,19077.5390625,115.33694458007812
2024-11-01,12545.400390625,86.9758071899414,47.93003845214844,246.6499938964844,19254.970703125,115.32723236083984
2024-11-04,12510.73046875,87.44009399414062,47.740478515625,246.97999572753903,19147.849609375,115.55030822753906
2024-11-05,12664.3203125,87.48651885986328,47.75944137573242,246.4600067138672,19256.26953125,115.28844451904295
2024-11-06,12984.73046875,86.58583068847656,47.541446685791016,246.5099945068359,19039.310546875,115.62789154052734
2024-11-07,13081.5302734375,87.2822494506836,47.854225158691406,245.97999572753903,19362.51953125,115.28844451904295
2024-11-08,13133.4697265625,87.46792602539062,47.541446685791016,247.27999877929688,19215.48046875,115.84610748291016
2024-11-11,13146.2001953125,87.22651672363281,48.0627326965332,248.2400054931641,19448.599609375,116.20011138916016
2024-11-12,13108.9501953125,86.67868041992188,47.08649826049805,247.63999938964844,19033.640625,116.0449447631836
2024-11-13,13112.5703125,86.62295532226562,47.095985412597656,247.44000244140625,19003.109375,115.80248260498048
2024-11-14,13034.7900390625,86.61368560791016,47.62675094604492,248.4600067138672,19263.69921875,116.06432342529295
2024-11-15,12864.419921875,86.65084075927734,47.20024108886719,248.3300018310547,19210.810546875,116.0330047607422
2024-11-18,12916.7998046875,86.84581756591797,47.228668212890625,247.97999572753903,19189.189453125,115.87721252441406
2024-11-19,12968.16015625,87.03153991699219,47.03911209106445,248.42999267578125,19060.310546875,116.12550354003906
2024-11-20,12968.849609375,86.90152740478516,46.98224258422851,248.1999969482422,19004.779296875,116.0330047607422
2024-11-21,13040.080078125,86.85511016845703,47.204978942871094,248.4900054931641,19146.169921875,116.33971405029295
2024-11-22,13085.8603515625,86.91080474853516,47.77839279174805,249.69000244140625,19322.58984375,116.7827377319336
2024-11-25,13125.4599609375,87.8486328125,47.768917083740234,250.4199981689453,19405.19921875,117.25496673583984
2024-11-26,13201.4697265625,87.66292572021484,47.50353240966797,250.38999938964844,19295.98046875,117.30851745605467
2024-11-27,13152.080078125,88.01579284667969,47.43718338012695,251.1000061035156,19261.75,117.49352264404295
2024-11-28,,,47.655181884765625,252.27999877929688,19425.73046875,117.81482696533205
2024-11-29,13227.1298828125,88.38720703125,47.920562744140625,253.0399932861328,19626.44921875,118.14100646972656
2024-12-02,13261.080078125,88.37973022460938,48.24281311035156,253.44000244140625,19933.619140625,118.58403778076172
2024-12-03,13267.330078125,88.1282730102539,48.42289352416992,253.57000732421875,20016.75,118.41851043701172
2024-12-04,13347.8798828125,88.46356201171875,48.63140869140625,253.7400054931641,20232.140625,118.54022216796876
2024-12-05,13323.740234375,88.45426940917969,48.80202102661133,253.17999267578125,20358.80078125,117.90733337402344
2024-12-06,13358.5,88.7336654663086,48.906272888183594,253.4499969482422,20384.609375,118.07771301269533
2024-12-09,13278.2900390625,88.42630004882812,48.963138580322266,253.4900054931641,20345.9609375,117.90733337402344
2024-12-10,13239.2099609375,88.26795196533203,48.68827819824219,253.5,20329.16015625,117.9560089111328
2024-12-11,13347.509765625,88.00718688964844,48.811485290527344,253.38999938964844,20399.16015625,117.84890747070312
2024-12-12,13275.240234375,87.67186737060547,48.7261848449707,251.72999572753903,20426.26953125,117.36207580566406
2024-12-13,13276.5595703125,87.2620849609375,48.49871444702149,250.82000732421875,20405.919921875,116.89956665039062
2024-12-16,13328.7802734375,87.28998565673828,48.47971725463867,250.6199951171875,20313.810546875,117.09918212890624
2024-12-17,13277.5498046875,87.28998565673828,48.289459228515625,250.7599945068359,20246.369140625,117.1673355102539
2024-12-18,12886.2099609375,86.6153335571289,48.32750701904297,250.5,20242.5703125,116.953125
2024-12-19,12875.08984375,86.22283935546875,47.67109298706055,249.42999267578125,19969.859375,116.54418182373048
2024-12-20,13015.66015625,86.54056549072266,47.30007553100586,249.8500061035156,19884.75,116.81681060791016
2024-12-23,13111.2998046875,86.15741729736328,47.3381233215332,249.0,19848.76953125,116.3835220336914
2024-12-24,13256.0703125,86.20414733886719,,,,
2024-12-26,13251.759765625,86.26956176757812,,,,
2024-12-27,13106.3896484375,86.04529571533203,47.728172302246094,248.02999877929688,19984.3203125,115.98918914794922
2024-12-30,12966.2197265625,86.54991149902344,47.53315353393555,248.36000061035156,19909.140625,116.16444396972656
2024-12-31,12911.8203125,86.39105224609375,,,,
2025-01-02,12883.580078125,86.4377670288086,48.17529296875,248.3800048828125,20024.66015625,116.24234771728516
2025-01-03,13046.8798828125,86.297607421875,47.82330703735352,247.25,19906.080078125,115.69222259521484
2025-01-06,13120.1396484375,86.21351623535156,48.37507629394531,247.2899932861328,20216.189453125,115.5899658203125
2025-01-07,12974.58984375,85.8210220336914,48.413124084472656,246.75,20340.5703125,115.40984344482422
2025-01-08,12995.1298828125,85.9705581665039,48.35605239868164,245.91000366210935,20329.939453125,115.13236236572266
2025-01-09,,,48.54631423950195,245.6199951171875,20317.099609375,115.03498077392578
2025-01-10,12797.3896484375,85.34446716308594,48.108699798583984,244.6699981689453,20214.7890625,114.68446350097656
2025-01-13,12817.5595703125,85.19493865966797,47.84233093261719,244.02999877929688,20132.849609375,114.4653778076172
2025-01-14,12832.2900390625,85.22296142578125,47.81378555297851,243.77999877929688,20271.330078125,114.20249938964844
2025-01-15,13068.5595703125,86.12007141113281,48.43215560913086,245.86000061035156,20574.6796875,114.96195220947266
2025-01-16,13041.1904296875,86.32563781738281,48.92683792114258,246.1699981689453,20655.390625,115.09827423095705
2025-01-17,13171.75,86.39105224609375,49.24078369140625,246.57000732421875,20903.390625,115.1810302734375
2025-01-20,,,49.250301361083984,246.8000030517578,20990.310546875,115.2735366821289
2025-01-21,13287.580078125,86.68073272705078,49.478614807128906,247.2899932861328,21042.0,115.4001007080078
2025-01-22,13369.3603515625,86.45646667480469,49.66888046264648,247.1499938964844,21254.26953125,115.12747192382812
2025-01-23,13440.6103515625,86.2322006225586,49.878177642822266,246.77000427246097,21411.529296875,115.03011322021484
2025-01-24,13403.509765625,86.40973663330078,49.86865997314453,246.36000061035156,21394.9296875,114.8840560913086
2025-01-27,13208.1904296875,86.9704360961914,49.878177642822266,247.0099945068359,21282.1796875,115.1080093383789
2025-01-28,13329.9501953125,86.9797592163086,50.03038787841797,246.6199951171875,21430.580078125,115.01065063476562
2025-01-29,13267.650390625,86.87696838378906,50.32529830932617,246.47000122070312,21637.529296875,114.94734954833984
2025-01-30,13337.849609375,87.06385803222656,50.753395080566406,247.52999877929688,21727.19921875,115.31734466552734
2025-01-31,13271.3798828125,86.92369079589844,50.81047821044922,248.44000244140625,21732.05078125,115.882080078125
2025-02-03,13171.2099609375,86.98555755615234,50.401405334472656,249.92999267578125,21428.240234375,116.40299987792967
2025-02-04,13266.4501953125,87.20116424560547,50.49654006958008,249.80999755859375,21505.69921875,116.48575592041016
2025-02-05,13318.4296875,87.70740509033203,50.73436737060547,250.61000061035156,21585.9296875,116.5782699584961
2025-02-06,13366.9599609375,87.60428619384766,51.31467819213867,250.4900054931641,21902.419921875,116.51982879638672
2025-02-07,13241.33984375,87.31366729736328,51.114898681640625,250.3000030517578,21787.0,116.4662857055664
2025-02-10,13332.150390625,87.29491424560547,51.447872161865234,250.58999633789065,21911.740234375,116.72918701171876
2025-02-11,13337.0,87.06993865966797,51.56202697753906,249.27999877929688,22037.830078125,116.18879699707033
2025-02-12,13302.099609375,86.46996307373047,51.5810546875,248.5399932861328,22148.029296875,115.70682525634766
2025-02-13,13440.9296875,87.11680603027344,52.189903259277344,249.82000732421875,22612.01953125,116.26668548583984
2025-02-14,13443.099609375,87.48241424560547,52.06623077392578,249.6199951171875,22513.419921875,116.11576080322266
2025-02-17,,,52.35162734985352,248.7899932861328,22798.08984375,115.80400848388672
2025-02-18,13478.01953125,87.01368713378906,52.51335144042969,248.8300018310547,22844.5,115.63291931152344
2025-02-19,13510.2900390625,87.15431213378906,52.01866149902344,247.5099945068359,22433.630859375,115.28583526611328
2025-02-20,13453.5400390625,87.33242797851562,51.95207595825195,247.8999938964844,22314.650390625,115.43737030029295
2025-02-21,13224.4501953125,87.84801483154297,52.23747253417969,248.8800048828125,22287.560546875,115.8479995727539
2025-02-24,13159.2099609375,88.03550720214844,52.189903259277344,248.9499969482422,22425.9296875,115.91644287109376
2025-02-25,13097.849609375,88.72921752929688,52.23747253417969,249.4499969482422,22410.26953125,116.16574096679688
2025-02-26,13099.91015625,88.97295379638672,52.779727935791016,250.02999877929688,22794.109375,116.19507598876952
2025-02-27,12892.2001953125,88.86984252929688,52.56092071533203,250.4600067138672,22550.890625,116.48348236083984
2025-02-28,13098.2197265625,89.35729217529297,52.57994842529297,250.5500030517578,22551.4296875,116.61058044433594
2025-03-03,12868.9501953125,89.68167114257812,53.1507453918457,249.1499938964844,23147.01953125,115.97021484375
2025-03-04,12711.8603515625,89.39961242675781,51.99012756347656,249.19000244140625,22326.810546875,116.00442504882812
2025-03-05,12853.990234375,88.90133666992188,52.44676208496094,244.19000244140625,23081.029296875,113.59449768066406
2025-03-06,12625.3095703125,88.85433197021484,52.408714294433594,242.5399932861328,23419.48046875,112.8465805053711
2025-03-07,12696.900390625,88.74150085449219,52.24697494506836,243.3000030517578,23008.939453125,113.33052825927734
2025-03-10,12356.6904296875,89.36201477050781,51.56202697753906,243.41000366210935,22620.94921875,113.30120086669922
2025-03-11,12263.3095703125,89.04236602783203,50.66777420043945,242.6000061035156,22328.76953125,112.85147094726562
2025-03-12,12323.5,88.77909851074219,51.1529541015625,243.0,22676.41015625,112.99323272705078
2025-03-13,12153.330078125,89.13636779785156,51.0292854309082,243.30999755859375,22567.140625,113.17410278320312
2025-03-14,12414.2802734375,88.82612609863281,51.65715789794922,243.07000732421875,22986.8203125,113.01278686523438
2025-03-17,12494.8203125,88.90133666992188,52.07476043701172,244.4600067138672,23154.5703125,113.56027221679688
2025-03-18,12362.16015625,89.00474548339844,52.35139465332031,244.27999877929688,23380.69921875,113.50161743164062
2025-03-19,12495.740234375,89.27738952636719,52.44678497314453,244.63999938964844,23288.060546875,113.75580596923828
2025-03-20,12469.9697265625,89.40901184082031,52.20830535888672,244.77000427246097,22999.150390625,113.76068878173828
2025-03-21,12480.58984375,89.33378601074219,51.88396835327149,245.1699981689453,22891.6796875,114.0490951538086
2025-03-24,12700.91015625,88.81672668457031,51.855350494384766,245.19000244140625,22852.66015625,113.96112823486328
2025-03-25,12721.41015625,88.9671401977539,52.21784591674805,244.8999938964844,23109.7890625,113.74602508544922
2025-03-26,12579.48046875,88.76032257080078,51.88396835327149,244.9600067138672,22839.029296875,113.86334228515624
2025-03-27,12537.9296875,88.68508911132812,51.64549255371094,245.42999267578125,22678.740234375,113.97579193115234
2025-03-28,12290.8603515625,89.39961242675781,51.27345657348633,246.0399932861328,22461.51953125,114.41573333740234
2025-03-31,12360.2099609375,89.66287231445312,50.50077819824219,245.86000061035156,22163.490234375,114.38151550292967
2025-04-01,12407.259765625,89.97787475585938,51.015899658203125,246.9199981689453,22539.98046875,114.72857666015624
2025-04-02,12491.099609375,89.89299774169922,50.79649353027344,246.57000732421875,22390.83984375,114.46460723876952
2025-04-03,11887.150390625,90.81729888916016,49.44192886352539,247.75,21717.390625,115.16852569580078
2025-04-04,11178.48046875,91.07193756103516,46.84247970581055,248.6499938964844,20641.720703125,115.9262237548828
2025-04-07,11152.5595703125,89.98731231689453,44.91555404663086,247.4600067138672,19789.619140625,115.5253677368164
2025-04-08,10977.5,89.53458404541016,46.21765899658203,247.33999633789065,20280.259765625,115.38361358642578
2025-04-09,12022.2099609375,89.25164031982422,44.47197341918945,247.6999969482422,19670.880859375,115.87244415283205
2025-04-10,11608.2197265625,88.69517517089844,46.19380187988281,247.4900054931641,20562.73046875,115.81378173828124
2025-04-11,11818.5302734375,88.19529724121094,46.18904113769531,248.33999633789065,20374.099609375,116.20484161376952
2025-04-14,11912.4501953125,88.90266418457031,47.43391036987305,249.5399932861328,20954.830078125,116.27328491210938
2025-04-15,11892.990234375,89.16676330566406,48.25905227661133,249.1300048828125,21253.69921875,116.24884033203124
2025-04-16,11626.7900390625,89.55345153808594,48.13504409790039,249.8999938964844,21311.01953125,116.57146453857422
2025-04-17,11642.400390625,89.2988052368164,47.99196243286133,250.7400054931641,21205.859375,116.79632568359376
2025-04-21,11368.98046875,88.81778717041016,,,,
2025-04-22,11654.830078125,88.88381958007812,48.31629180908203,251.16000366210935,21293.529296875,117.07496643066406
2025-04-23,11849.25,88.97811126708984,49.165283203125,250.6300048828125,21961.970703125,116.59102630615234
2025-04-24,12089.3095703125,89.4591293334961,49.36561584472656,251.97999572753903,22064.509765625,117.03097534179688
2025-04-25,12178.490234375,89.7986831665039,49.54685592651367,251.30999755859375,22242.44921875,116.85987854003906
2025-04-28,12186.51953125,90.15707397460938,49.766258239746094,250.80999755859375,22271.669921875,116.55191040039062
2025-04-29,12257.26953125,90.46833038330078,49.99519729614258,251.0099945068359,22425.830078125,116.6692352294922
2025-04-30,12276.3896484375,90.60980987548828,50.25276184082031,251.8999938964844,22496.98046875,117.07496643066406
2025-05-01,12353.8701171875,90.21520233154295,,,,
2025-05-02,12536.2001953125,89.60958862304688,51.130367279052734,250.69000244140625,23086.650390625,116.40038299560548
2025-05-05,12456.83984375,89.44874572753906,51.32115936279297,250.8000030517578,23344.5390625,116.4932632446289
2025-05-06,12361.16015625,89.67583465576172,51.15898895263672,250.57000732421875,23249.650390625,116.40038299560548
2025-05-07,12414.98046875,89.91239166259766,50.93004608154297,251.6499938964844,23115.9609375,116.84521484375
2025-05-08,12487.0,89.21219635009766,51.16852569580078,251.1000061035156,23352.689453125,116.4932632446289
2025-05-09,12480.3095703125,89.27842712402344,51.41654586791992,250.58999633789065,23499.3203125,116.2292938232422
2025-05-12,12888.1298828125,88.71068572998047,52.112918853759766,248.9199981689453,23566.5390625,115.43737030029295
2025-05-13,12981.8896484375,88.6444320678711,52.160606384277344,248.61000061035156,23638.560546875,115.23208618164062
2025-05-14,12995.7802734375,88.31326293945312,52.036598205566406,248.33999633789065,23527.009765625,115.08053588867188
2025-05-15,13052.7197265625,88.8904800415039,52.38001251220703,249.6999969482422,23695.58984375,115.72199249267578
2025-05-16,13145.8798828125,88.91883850097656,52.62803649902344,250.27999877929688,23767.4296875,115.91341400146484
2025-05-19,13159.3095703125,88.87154388427734,52.78066635131836,250.52999877929688,23934.98046875,116.0361328125
2025-05-20,13108.51953125,88.75800323486328,53.20038986206055,250.4499969482422,24036.109375,116.02141571044922
2025-05-21,12897.419921875,88.1429443359375,53.1622314453125,249.83999633789065,24122.400390625,115.63855743408205
2025-05-22,12891.9501953125,88.47411346435547,52.847434997558594,249.7899932861328,23999.169921875,115.8250732421875
2025-05-23,12806.240234375,88.7295913696289,52.360931396484375,250.67999267578125,23629.580078125,116.25210571289062
2025-05-26,,,52.961910247802734,251.1699981689453,24027.650390625,116.29137420654295
2025-05-27,13069.3203125,89.09864807128906,53.07637405395508,251.6999969482422,24226.490234375,116.46808624267578
2025-05-28,12996.669921875,88.85261535644531,52.704349517822266,251.5800018310547,24038.189453125,116.36009216308594
2025-05-29,13049.009765625,89.22164916992188,52.65665054321289,252.32000732421875,23933.23046875,116.75768280029295
2025-05-30,13049.1298828125,89.4865951538086,52.78066635131836,252.3800048828125,23997.48046875,116.7135009765625
2025-06-02,13104.240234375,89.18279266357422,52.65665054321289,252.13999938964844,23930.669921875,116.58097076416016
2025-06-03,13180.4501953125,89.09735870361328,52.75204086303711,252.4499969482422,24091.619140625,116.80186462402344
2025-06-04,13181.9697265625,89.75243377685547,52.99052429199219,252.19000244140625,24276.48046875,116.69387817382812
2025-06-05,13113.4697265625,89.48660278320312,53.06684112548828,251.0,24323.580078125,116.11467742919922
2025-06-06,13249.8095703125,88.77458953857422,53.23854446411133,251.52000427246097,24304.4609375,116.21775817871094
2025-06-09,13263.1298828125,88.93598175048828,53.17176818847656,251.47999572753903,24174.3203125,116.22756958007812
2025-06-10,13336.2900390625,89.08788299560547,53.19084548950195,252.2599945068359,23987.560546875,116.5711669921875
2025-06-11,13299.8701171875,89.4581298828125,53.05730056762695,252.0,23948.900390625,116.46808624267578
2025-06-12,13350.849609375,89.84735870361328,52.87605285644531,252.97999572753903,23771.44921875,116.95402526855467
2025-06-13,13202.259765625,89.51507568359375,52.38001251220703,251.66000366210935,23516.23046875,116.52207946777344
2025-06-16,13328.4296875,89.2587661743164,52.60593795776367,252.07000732421875,23699.119140625,116.6595230102539
2025-06-17,13217.51953125,89.69546508789062,52.14296340942383,251.77000427246097,23434.650390625,116.54661560058594
2025-06-18,13213.8798828125,89.75243377685547,51.94040298461914,252.3699951171875,23317.810546875,116.8558578491211
2025-06-19,,,51.51601028442383,251.52000427246097,23057.380859375,116.74295043945312
2025-06-20,13185.83984375,89.80938720703125,51.63175201416016,251.97999572753903,23350.55078125,116.70368957519533
2025-06-23,13312.75,90.1226577758789,51.438846588134766,252.17999267578125,23269.009765625,116.83130645751952
2025-06-24,13461.099609375,90.43597412109376,52.0175666809082,252.0500030517578,23641.580078125,116.65461730957033
2025-06-25,13461.169921875,90.47394561767578,51.63175201416016,251.8500061035156,23498.330078125,116.38954162597656
2025-06-26,13569.2900390625,90.79670715332033,51.66068649291992,252.08999633789065,23649.30078125,116.50244903564452
2025-06-27,13641.099609375,90.55939483642578,52.30692672729492,251.6499938964844,24033.220703125,116.1784896850586
2025-06-30,13712.7099609375,90.92012786865234,52.0272102355957,251.52999877929688,23909.609375,116.12449645996094
2025-07-01,13697.6796875,90.7515640258789,51.93075942993164,252.1300048828125,23673.2890625,116.50735473632812
2025-07-02,13763.0400390625,90.5610809326172,52.036861419677734,251.0800018310547,23790.109375,116.14411926269533
2025-07-03,13879.98046875,90.24678802490234,52.35515594482422,251.92999267578125,23934.130859375,116.34536743164062
2025-07-04,,,52.085086822509766,252.02000427246097,23787.44921875,116.50735473632812
2025-07-07,13771.1103515625,89.96109771728516,52.33586883544922,251.2400054931641,24073.669921875,116.30609893798828
2025-07-08,13761.330078125,89.82777404785156,52.56735610961914,250.69000244140625,24206.91015625,116.00668334960938
2025-07-09,13844.919921875,90.2944107055664,52.97245788574219,250.82000732421875,24549.560546875,115.9919662475586
2025-07-10,13884.8896484375,90.24678802490234,53.25217819213867,250.22999572753903,24456.810546875,115.85452270507812
2025-07-11,13839.1103515625,89.82777404785156,52.6638069152832,250.02999877929688,24255.310546875,115.64836883544922
2025-07-14,13858.6201171875,89.7896728515625,52.65416717529297,249.8699951171875,24160.640625,115.58946990966795
2025-07-15,13805.080078125,89.43728637695312,52.43231964111328,250.1699981689453,24060.2890625,115.7612533569336
2025-07-16,13849.169921875,89.68489837646484,52.036861419677734,250.58999633789065,24009.380859375,115.987060546875
2025-07-17,13923.75,89.65634155273438,52.6445198059082,250.8999938964844,24370.9296875,116.11467742919922
2025-07-18,13923.349609375,89.90396118164062,52.6445198059082,250.6699981689453,24289.509765625,115.9379653930664
2025-07-21,13943.16015625,90.21823120117188,52.61558151245117,252.22000122070312,24307.80078125,116.66442108154295
2025-07-22,13952.349609375,90.47537231445312,52.39373397827149,252.75,24041.900390625,116.76749420166016
2025-07-23,14061.51953125,90.1515655517578,52.96281814575195,252.77000427246097,24240.8203125,116.71841430664062
2025-07-24,14071.4501953125,90.01824188232422,53.06892013549805,250.92999267578125,24295.9296875,115.91341400146484
2025-07-25,14128.1201171875,90.22774505615234,52.96281814575195,250.5399932861328,24217.5,115.73181915283205
2025-07-28,14130.6103515625,90.02774047851562,52.87601089477539,251.22999572753903,23970.359375,116.04104614257812
2025-07-29,14088.8603515625,90.61824035644533,53.00140380859375,251.2100067138672,24217.369140625,115.97233581542967
2025-07-30,14071.33984375,90.30394744873048,53.00140380859375,250.9199981689453,24262.220703125,115.8447036743164
2025-07-31,14020.4599609375,90.38013458251952,52.60593795776367,251.22999572753903,24065.470703125,115.96251678466795
2025-08-01,13796.830078125,91.420654296875,51.34239196777344,251.30999755859375,23425.970703125,116.06067657470705
2025-08-04,14000.6904296875,91.54484558105467,52.05615234375,252.52000427246097,23757.689453125,116.54661560058594
2025-08-05,13932.8798828125,91.47799682617188,52.0947265625,252.63999938964844,23846.0703125,116.64969635009766
2025-08-06,14034.349609375,91.4111099243164,52.1333122253418,252.27000427246097,23924.359375,116.4042739868164
2025-08-07,14023.349609375,91.34423065185548,52.6252326965332,252.57000732421875,24192.5,116.47789764404295
2025-08-08,14134.01953125,91.13401794433594,52.731327056884766,251.55999755859375,24162.859375,116.14411926269533
2025-08-11,14100.0302734375,91.16268920898438,52.68309783935547,251.38999938964844,24081.33984375,115.94778442382812
2025-08-12,14260.4296875,91.14359283447266,52.78919982910156,250.6499938964844,24024.779296875,115.59928131103516
2025-08-13,14306.9599609375,91.46842956542967,53.06892013549805,251.97000122070312,24185.58984375,116.20301818847656
2025-08-14,14311.8095703125,91.17224884033205,53.45472717285156,251.4499969482422,24377.5,115.96741485595705
2025-08-15,14273.5703125,90.9906997680664,53.44508743286133,250.08999633789065,24359.30078125,115.46675872802734
2025-08-18,14273.2197265625,90.90469360351562,53.45472717285156,250.1999969482422,24314.76953125,115.5132293701172
2025-08-19,14190.7998046875,91.13401794433594,53.81161117553711,250.47999572753903,24423.0703125,115.76468658447266
2025-08-20,14156.650390625,91.2677764892578,53.9370002746582,251.07000732421875,24276.970703125,116.08026885986328
2025-08-21,14101.7900390625,91.00023651123048,53.95629119873047,250.3800048828125,24293.33984375,115.7449722290039
2025-08-22,14316.5498046875,91.50664520263672,54.16849136352539,251.19000244140625,24363.08984375,115.98165130615234
2025-08-25,14255.759765625,91.32513427734376,53.87913513183594,250.0800018310547,24273.119140625,115.64634704589844
2025-08-26,14315.599609375,91.5639877319336,53.47401809692383,250.6499938964844,24152.869140625,116.11970520019533
2025-08-27,14349.8603515625,91.73597717285156,53.52225112915039,250.66000366210935,24046.2109375,116.32679748535156
2025-08-28,14395.509765625,91.94617462158205,53.44508743286133,251.17999267578125,24039.919921875,116.2972183227539
2025-08-29,14304.6796875,91.86974334716795,53.08820724487305,250.5399932861328,23902.2109375,116.03588104248048
2025-09-01,,,53.23288345336914,250.2100067138672,24037.330078125,115.93233489990234
2025-09-02,14208.5,91.5955810546875,52.364803314208984,249.27999877929688,23487.330078125,115.65128326416016
2025-09-03,14281.23046875,91.91191864013672,52.740970611572266,250.22999572753903,23594.80078125,116.04080963134766
2025-09-04,14401.7099609375,92.32410430908205,53.04962158203125,250.8500061035156,23770.330078125,116.20352935791016
2025-09-05,14358.1103515625,92.7746810913086,53.01103973388672,251.94000244140625,23596.98046875,116.69660949707033
2025-09-08,14389.1298828125,93.062255859375,53.25217819213867,252.52000427246097,23807.130859375,116.74592590332033
2025-09-09,14428.25,92.84178161621094,53.28112030029297,252.2100067138672,23718.44921875,116.64237213134766
2025-09-10,14471.7099609375,93.09102630615234,53.26182174682617,252.41000366210935,23632.94921875,116.76071166992188
2025-09-11,14594.6396484375,93.2348175048828,53.58012008666992,252.55999755859375,23703.650390625,116.56842041015624
2025-09-12,14588.1796875,92.96640014648438,53.52225112915039,251.42999267578125,23698.150390625,116.21338653564452
2025-09-15,14660.1298828125,93.1197738647461,53.776485443115234,251.9499969482422,23748.859375,116.37117767333984
2025-09-16,14641.76953125,93.17727661132812,53.15310287475586,251.88999938964844,23329.240234375,116.28241729736328
2025-09-17,14627.7998046875,92.9759750366211,53.143367767333984,252.19000244140625,23359.1796875,116.52403259277344
2025-09-18,14698.080078125,92.66922760009766,53.56220245361328,251.5800018310547,23674.529296875,116.1394271850586
2025-09-19,14769.9296875,92.63088989257812,53.49401092529297,251.07000732421875,23639.41015625,115.93233489990234
2025-09-22,14836.26953125,92.47750091552734,53.37713623046875,251.08999633789065,23527.05078125,116.0210952758789
2025-09-23,14754.6298828125,92.736328125,53.542720794677734,250.97999572753903,23611.330078125,115.91754913330078
2025-09-24,14712.7197265625,92.4870834350586,53.42583084106445,250.9900054931641,23666.810546875,116.03588104248048
2025-09-25,14639.1796875,92.28578186035156,53.0751838684082,250.38999938964844,23534.830078125,115.79427337646484
2025-09-26,14725.98046875,92.23784637451172,53.52324295043945,251.02000427246097,23739.470703125,115.99150848388672
2025-09-29,14764.919921875,92.50625610351562,53.62063980102539,251.72999572753903,23745.060546875,116.25777435302734
2025-09-30,14826.7998046875,92.46791076660156,53.844669342041016,251.69000244140625,23880.720703125,116.19860076904295
2025-10-01,14877.9599609375,92.7794418334961,54.49727249145508,251.8300018310547,24113.619140625,116.19860076904295
2025-10-02,14887.3203125,92.87560272216795,54.79922103881836,252.0099945068359,24422.560546875,116.38103485107422
2025-10-03,14889.83984375,92.6929168701172,55.06221389770508,252.1300048828125,24378.80078125,116.4648666381836
2025-10-06,14945.23046875,92.42369079589844,55.04273223876953,251.6000061035156,24378.2890625,116.3021469116211
2025-10-07,14888.3701171875,92.65445709228516,54.97454452514648,251.69000244140625,24385.779296875,116.33172607421876
2025-10-08,14975.1298828125,92.67369079589844,55.40312576293945,252.5500030517578,24597.130859375,116.56346893310548
2025-10-09,14934.3798828125,92.60636138916016,55.15961456298828,252.1499938964844,24611.25,116.42540740966795
2025-10-10,14531.41015625,93.18331146240234,54.42909240722656,253.1999969482422,24241.4609375,117.03190612792967
2025-10-13,14758.0703125,93.23137664794922,54.74078369140625,253.47999572753903,24387.9296875,117.08614349365234
2025-10-14,14735.2099609375,93.47177124023438,54.536231994628906,254.17999267578125,24236.939453125,117.2636489868164
2025-10-15,14795.66015625,93.3659896850586,54.81870651245117,255.33999633789065,24181.369140625,117.60880279541016
2025-10-16,14702.5703125,93.7986831665039,55.257022857666016,255.27999877929688,24272.189453125,117.6630401611328
2025-10-17,14780.3603515625,93.64485168457033,54.682334899902344,255.0,23830.990234375,117.60880279541016
2025-10-20,14938.2900390625,93.76985168457033,55.257022857666016,254.97000122070312,24258.80078125,117.4214324951172
2025-10-21,14938.830078125,93.94293212890624,55.40312576293945,255.41000366210935,24330.029296875,117.6876983642578
2025-10-22,14859.330078125,93.96215057373048,55.27650451660156,255.33999633789065,24151.130859375,117.63346099853516
2025-10-23,14946.1298828125,93.65446472167967,55.471309661865234,255.0099945068359,24207.7890625,117.59400939941406
2025-10-24,15064.91015625,93.74100494384766,,253.8845062255859,24239.890625,
2025-10-27,15250.1396484375,93.74100494384766,55.75377655029297,254.3000030517578,24308.779296875,117.19461059570312
2025-10-28,15285.099609375,93.82754516601562,55.63689041137695,254.25,24278.630859375,117.20447540283205
2025-10-29,15284.5302734375,93.22175598144533,55.588191986083984,254.55999755859375,24124.2109375,117.22419738769533
2025-10-30,15133.23046875,93.08714294433594,55.529747009277344,254.3300018310547,24118.890625,117.11572265625
2025-10-31,15173.9501953125,93.12560272216795,55.29598617553711,254.41000366210935,23958.30078125,117.21926879882812
2025-11-03,15201.0,93.08124542236328,55.32520294189453,253.9900054931641,24132.41015625,116.94806671142578
2025-11-04,15022.75,93.19699096679688,55.16935729980469,254.22999572753903,23949.109375,117.0171127319336
2025-11-05,15077.7099609375,92.7532958984375,55.27650451660156,253.86000061035156,24049.740234375,116.87903594970705
2025-11-06,14909.2802734375,93.22593688964844,54.86740493774414,254.0500030517578,23734.01953125,117.04669189453124
2025-11-07,14929.6298828125,93.2645263671875,54.584938049316406,253.80999755859375,23569.9609375,117.02696990966795
2025-11-10,15161.4697265625,93.13912200927734,55.383644104003906,254.1000061035156,23959.990234375,116.95301055908205
2025-11-11,15192.9404296875,93.4284896850586,56.10443115234375,254.3500061035156,24088.060546875,117.04669189453124
2025-11-12,15203.1298828125,93.44776916503906,56.52326202392578,254.80999755859375,24381.4609375,117.18968200683594
2025-11-13,14951.8701171875,93.17770385742188,56.14339447021485,254.05999755859375,24041.619140625,116.73112487792967
2025-11-14,14947.51953125,93.02337646484376,55.60767364501953,253.3699951171875,23876.55078125,116.56346893310548
2025-11-17,14812.01953125,93.12947082519533,55.305721282958984,253.63999938964844,23590.51953125,116.59632110595705
2025-11-18,14690.8095703125,93.28380584716795,54.341426849365234,253.47000122070312,23180.529296875,116.62604522705078
2025-11-19,14746.4404296875,93.2162857055664,54.292724609375,253.6499938964844,23162.919921875,116.7448959350586
2025-11-20,14518.9501953125,93.43815612792967,54.48753356933594,253.38999938964844,23278.849609375,116.59137725830078
2025-11-21,14662.6796875,93.74678802490234,54.351165771484375,253.58999633789065,23091.869140625,116.8092803955078
2025-11-24,14889.669921875,93.8914794921875,54.41934585571289,253.94000244140625,23239.1796875,116.83899688720705
2025-11-25,15025.5400390625,94.1326141357422,54.87714767456055,254.52999877929688,23464.630859375,116.97766876220705
2025-11-26,15129.5703125,94.20977783203124,55.529747009277344,254.72999572753903,23726.220703125,117.0569076538086
2025-11-27,,,55.56870651245117,254.5500030517578,23767.9609375,116.9479522705078
2025-11-28,15211.1396484375,94.04580688476562,55.75377655029297,254.52000427246097,23836.7890625,116.94300079345705
2025-12-01,15132.0,93.54082489013672,55.56870651245117,253.3000030517578,23589.439453125,116.38832092285156
2025-12-02,15169.6298828125,93.6182098388672,55.63689041137695,253.3500061035156,23710.859375,116.4031753540039
2025-12-03,15215.33984375,93.81169891357422,55.72455978393555,253.4600067138672,23693.7109375,116.4031753540039
2025-12-04,15232.8095703125,93.52145385742188,55.95833206176758,252.97000122070312,23882.029296875,116.29918670654295
2025-12-05,15264.6396484375,93.3279800415039,55.987545013427734,252.61000061035156,24028.140625,115.98717498779295
2025-12-08,15212.83984375,93.13449096679688,55.899879455566406,251.47999572753903,24046.009765625,115.4225845336914
2025-12-09,15199.66015625,92.9990463256836,55.8414421081543,251.7899932861328,24162.650390625,115.52659606933594
2025-12-10,15302.75,93.2989730834961,55.87066650390625,251.72999572753903,24130.140625,115.49687957763672
2025-12-11,15334.740234375,93.30863189697266,56.172611236572266,251.97999572753903,24294.609375,115.5662078857422
2025-12-12,15172.1298828125,93.05709838867188,55.8511848449707,251.6999969482422,24186.490234375,115.52659606933594
2025-12-15,15150.4599609375,93.13449096679688,56.29487228393555,251.9199981689453,24229.91015625,115.55630493164062
2025-12-16,15114.919921875,93.39569854736328,56.06031036376953,252.22999572753903,24076.869140625,115.62564086914062
2025-12-17,14940.009765625,93.3763427734375,55.99189758300781,251.92999267578125,23960.58984375,115.52163696289062
2025-12-18,15058.7099609375,93.6182098388672,56.55875778198242,252.3699951171875,24199.5,115.69002532958984
2025-12-19,15191.849609375,93.40760040283205,56.78354263305664,251.4199981689453,24288.400390625,115.2690658569336
2025-12-22,15290.5498046875,93.31053924560548,56.67604064941406,251.2899932861328,24283.970703125,115.20468139648438
2025-12-23,15360.1796875,93.27171325683594,56.89105224609375,252.1999969482422,24340.060546875,115.52163696289062
2025-12-24,15409.7001953125,93.51435089111328,,,,
2025-12-26,15406.48046875,93.60171508789062,,,,
2025-12-29,15353.16015625,93.73757934570312,56.96924591064453,253.1999969482422,24351.119140625,115.86335754394533
2025-12-30,15332.0703125,93.64053344726562,57.272216796875,252.63999938964844,24490.41015625,115.71974182128906
2025-12-31,15220.4501953125,93.32994842529295,,,,
